list_id,subject,price,body,regdate,mileage_v2,region_name,area_name,body_clean,battery_status,brand,model,benchmark_msrp,depreciation_pct
134623797,Xe Điện Xmen,5000000,Cần bán 5 triệu xe đầy đủ giấy tờ đăng ký,2026,10000.0,Hà Nội,Huyện Phú Xuyên,Cần bán 5 triệu xe đầy đủ giấy tờ đăng ký,Cần xác minh,Khác,Không phân loại,,
134160705,VinFast Feliz 2025 Xanh oliu - Chính chủ - BSTP,21500000,"🔥 FELIZ 2025 1 PIN – XANH OLIU – CHÍNH CHỦ
📌 Date T6/2026
📌 Odo 12.000 km
📌 BSTP - Chính chủ
📌 Chính chủ, ủy quyền, sang tên công chứng nhanh gọn
💰 Giá: 2x
-----------------------
💚 Xe Điện Lướt Sài Gòn – Chuyên mua bán xe máy điện đã qua sử dụng tại TP.HCM
✅ Có trả góp – Cà thẻ – Giao tận nhà
📍 118A Chiến Lược, P. Bình Trị Đông, TP.HCM",2025,12000.0,Tp Hồ Chí Minh,Quận Bình Tân,"🔥 FELIZ 2025 1 PIN – XANH OLIU – CHÍNH CHỦ
📌 Date T6/2026
📌 Odo 12.000 km
📌 BSTP - Chính chủ
📌 Chính chủ, ủy quyền, sang tên công chứng nhanh gọn
💰 Giá: 2x
-----------------------
💚 Xe Điện Lướt Sài Gòn – Chuyên mua bán xe máy điện đã qua sử dụng tại TP.HCM
✅ Có trả góp – Cà thẻ – Giao tận nhà
📍 118A Chiến Lược, P. Bình Trị Đông, TP.HCM",Cần xác minh,VinFast,Feliz,27000000.0,20.4
134537840,Xe máy điện Yadea thể thao Cam đen,7500000,"Xe máy điện màu cam đen, kiểu dáng thể thao, phù hợp cho cả nam và nữ. 
- Xe chính chủ, có thể ký giấy sang tên. 
- Thích hợp cho học sinh, sinh viên không cần bằng lái. 
- Xe đang sử dụng tốt.",2023,123.0,Tp Hồ Chí Minh,Quận 12,"Xe máy điện màu cam đen, kiểu dáng thể thao, phù hợp cho cả nam và nữ. 
- Xe chính chủ, có thể ký giấy sang tên. 
- Thích hợp cho học sinh, sinh viên không cần bằng lái. 
- Xe đang sử dụng tốt.",Cần xác minh,Yadea,Yadea (Khác),14990000.0,50.0
134623423,Xe điện VinFast Klara màu Đen,10000000,"Tôi có 1 xe điện vinfast Klara màu đen như hình muốn bán do không có nhu cầu sử dụng. Xe còn đi tốt, vẫn chạy bình thường, vỏ còn nguyên vẹn, ko va chạm hay trầy xước. Xe tôi đi ít nên giữ gìn rất cẩn thận.",2020,19903.0,Hà Nội,Quận Ba Đình,"Tôi có 1 xe điện vinfast Klara màu đen như hình muốn bán do không có nhu cầu sử dụng. Xe còn đi tốt, vẫn chạy bình thường, vỏ còn nguyên vẹn, ko va chạm hay trầy xước. Xe tôi đi ít nên giữ gìn rất cẩn thận.",Cần xác minh,VinFast,Klara,35000000.0,71.4
133934022,Vinfast Evo200 Vàng zin 100% chính chủ,21900000,"     
 ✅ Vinfast Evo200 siêu đẹp ko một vết trầy 2025 
✅ Xe chính chủ Bstp ký mua bán ủy quyền đều được nhé 
✅ Pin 3.5 mua đứt bảo hành 8 năm ,sạc đầy đi được 200km
✅ Giá bán : 21,9tr
✅ Dt : 
✅ Xem xe Q6, Ship toàn quốc
",2025,14000.0,Tp Hồ Chí Minh,Quận 6,"     
 ✅ Vinfast Evo200 siêu đẹp ko một vết trầy 2025 
✅ Xe chính chủ Bstp ký mua bán ủy quyền đều được nhé 
✅ Pin 3.5 mua đứt bảo hành 8 năm ,sạc đầy đi được 200km
✅ Giá bán : 21,9tr
✅ Dt : 
✅ Xem xe Q6, Ship toàn quốc
",Kèm pin,VinFast,Evo 200,18000000.0,-21.7
134623388,Xe máy điện VinFast Feliz Đen 14000 km,19500000,Xe odo 14 ngàn xe hoạt động bình thường không lỗi làm gì chỉ việc mua về là chạy không cần suy nghĩ gì hết,2026,14000.0,Đồng Nai,Huyện Xuân Lộc,Xe odo 14 ngàn xe hoạt động bình thường không lỗi làm gì chỉ việc mua về là chạy không cần suy nghĩ gì hết,Cần xác minh,VinFast,Feliz,27000000.0,27.8
134623383,Xe máy điện VinFast Feliz Trắng 300 km,26000000,Xe mới mua về không đi như mới odo mới 300km xe sẵn 2 pin chỉ việc mua về là chạy không khác gì xe mới đầy đủ phụ kiện,2026,300.0,Đồng Nai,Huyện Xuân Lộc,Xe mới mua về không đi như mới odo mới 300km xe sẵn 2 pin chỉ việc mua về là chạy không khác gì xe mới đầy đủ phụ kiện,Cần xác minh,VinFast,Feliz,27000000.0,3.7
134623365,Xe máy điện  2026 Hồng Đã sử dụng,9500000,Xe mới mua được 4 ngày không có nhu cầu đi nữa bán lại mới 99% kh vết trầy xe hoạt động bình thường không lỗi chỉ việc về cắm sạc là chạy,2026,10.0,Đồng Nai,Huyện Xuân Lộc,Xe mới mua được 4 ngày không có nhu cầu đi nữa bán lại mới 99% kh vết trầy xe hoạt động bình thường không lỗi chỉ việc về cắm sạc là chạy,Cần xác minh,Khác,Không phân loại,,
134596908,Quantum S1 2025 lướt đẹp,38500000,"Xe máy điện màu trắng, pin 100% cho quãng đường di chuyển xa. 
- Thiết kế hiện đại, trẻ trung. 
- Vận hành êm ái, tiết kiệm năng lượng. 
- Phù hợp di chuyển trong thành phố.",2025,10.0,Tp Hồ Chí Minh,Quận Bình Tân,"Xe máy điện màu trắng, pin 100% cho quãng đường di chuyển xa. 
- Thiết kế hiện đại, trẻ trung. 
- Vận hành êm ái, tiết kiệm năng lượng. 
- Phù hợp di chuyển trong thành phố.",Cần xác minh,Dat Bike,Quantum,34900000.0,-10.3
134509389,Xe máy điện VinFast Evo200 2025 Đen,20900000,"Evo200  - Bstp 9 Chủ ĐK 2025
- Dàn áo dán keng 98%
- Óc tán 7 màu keng 98%
- Còn đủ phụ kiện theo xe
❤️Xe keng 98% so với xe new 
⛔️ Nợ xấu đưa 0đ có LÃI SUẤT hoặc 11tr KO LÃI SUẤT
--------------------
✅ 𝗛𝗼̂̃ 𝗧𝗿𝗼̛̣ 𝗔𝗲 𝗟𝗲̂𝗻 𝗛𝗼̂̀ 𝗦𝗼̛ 𝗕𝗮𝗻𝗸 𝗡𝗵𝗮̣̂𝗻 𝗫𝗲 𝗩𝗮̀ 𝗖𝗮𝘃𝗲𝘁 𝗚𝗼̂́𝗰
✅ 𝗡𝗼̛̣ 𝗫𝗮̂́𝘂 – 𝗛𝗼̂̃ 𝗧𝗿𝗼̛̣ 𝟬 Đ𝗼̂̀𝗻𝗴 – 𝗞𝗵𝗼̂𝗻𝗴 𝗫𝗮́𝗰 𝗠𝗶𝗻𝗵
✅ 𝗡𝗼̛̣ 𝗫𝗮̂́𝘂 – 𝗛𝗼̂̃ 𝗧𝗿𝗼̛̣ Đ𝘂̛𝗮 𝟯𝟬% – 𝗞𝗵𝗼̂𝗻𝗴 𝗟𝗮̃𝗶
✅ Đ𝗼̂̉𝗶 𝗣𝗶𝗻 𝗞𝗵𝗼̂𝗻𝗴 𝗖𝗵𝗼̛̀ 𝗦𝗮̣c 𝗡𝗵𝗶𝗲̂̀𝘂 𝗖𝗵𝗶 𝗡𝗵𝗮́𝗻𝗵
✅ 𝗛ỗ 𝗧𝗿𝗼̛̣ 𝟮 𝗡𝗮̆𝗺 𝗫𝗲 𝗛𝘂̛ – 𝗖𝗼́ 𝗫𝗲 𝗞𝗵𝗮́𝗰 𝗗𝘂̀𝗻𝗴
✅ Đ𝗮̆𝗻𝗴 𝗞𝘆́ 𝗔𝗽𝗽 𝗫𝗮𝗻𝗵 𝗣𝗹𝗮𝘁𝗳𝗼𝗿𝗺 – 𝗧𝗮̣𝗶 𝗖𝗵𝗼̂̃
--------------------
🏠𝟮𝟴𝟴 𝗧𝗿𝘂̛𝗼̛̀𝗻𝗴 𝗖𝗵𝗶𝗻𝗵 - 𝗣𝗵ư𝗼̛̀𝗻𝗴 Đ𝗼̂𝗻𝗴 𝗛𝘂̛𝗻𝗴 𝗧𝗵𝘂𝗮̣̂𝗻 - 𝗛𝗖𝗠 (𝗤𝘂𝗮̣̂𝗻𝟭𝟮 𝗰𝘂̃)",2025,0.0,Tp Hồ Chí Minh,Quận 12,"Evo200  - Bstp 9 Chủ ĐK 2025
- Dàn áo dán keng 98%
- Óc tán 7 màu keng 98%
- Còn đủ phụ kiện theo xe
❤️Xe keng 98% so với xe new 
⛔️ Nợ xấu đưa 0đ có LÃI SUẤT hoặc 11tr KO LÃI SUẤT
--------------------
✅ 𝗛𝗼̂̃ 𝗧𝗿𝗼̛̣ 𝗔𝗲 𝗟𝗲̂𝗻 𝗛𝗼̂̀ 𝗦𝗼̛ 𝗕𝗮𝗻𝗸 𝗡𝗵𝗮̣̂𝗻 𝗫𝗲 𝗩𝗮̀ 𝗖𝗮𝘃𝗲𝘁 𝗚𝗼̂́𝗰
✅ 𝗡𝗼̛̣ 𝗫𝗮̂́𝘂 – 𝗛𝗼̂̃ 𝗧𝗿𝗼̛̣ 𝟬 Đ𝗼̂̀𝗻𝗴 – 𝗞𝗵𝗼̂𝗻𝗴 𝗫𝗮́𝗰 𝗠𝗶𝗻𝗵
✅ 𝗡𝗼̛̣ 𝗫𝗮̂́𝘂 – 𝗛𝗼̂̃ 𝗧𝗿𝗼̛̣ Đ𝘂̛𝗮 𝟯𝟬% – 𝗞𝗵𝗼̂𝗻𝗴 𝗟𝗮̃𝗶
✅ Đ𝗼̂̉𝗶 𝗣𝗶𝗻 𝗞𝗵𝗼̂𝗻𝗴 𝗖𝗵𝗼̛̀ 𝗦𝗮̣c 𝗡𝗵𝗶𝗲̂̀𝘂 𝗖𝗵𝗶 𝗡𝗵𝗮́𝗻𝗵
✅ 𝗛ỗ 𝗧𝗿𝗼̛̣ 𝟮 𝗡𝗮̆𝗺 𝗫𝗲 𝗛𝘂̛ – 𝗖𝗼́ 𝗫𝗲 𝗞𝗵𝗮́𝗰 𝗗𝘂̀𝗻𝗴
✅ Đ𝗮̆𝗻𝗴 𝗞𝘆́ 𝗔𝗽𝗽 𝗫𝗮𝗻𝗵 𝗣𝗹𝗮𝘁𝗳𝗼𝗿𝗺 – 𝗧𝗮̣𝗶 𝗖𝗵𝗼̂̃
--------------------
🏠𝟮𝟴𝟴 𝗧𝗿𝘂̛𝗼̛̀𝗻𝗴 𝗖𝗵𝗶𝗻𝗵 - 𝗣𝗵ư𝗼̛̀𝗻𝗴 Đ𝗼̂𝗻𝗴 𝗛𝘂̛𝗻𝗴 𝗧𝗵𝘂𝗮̣̂𝗻 - 𝗛𝗖𝗠 (𝗤𝘂𝗮̣̂𝗻𝟭𝟮 𝗰𝘂̃)",Cần xác minh,VinFast,Evo 200,18000000.0,-16.1
134622598,Xe máy điện Quantum s1 2025 Đen,43000000,"Xe máy điện Quantum s1  màu đen, kiểu dáng hiện đại, vận hành êm ái. 
- Xe mới, ít sử dụng. 
- Thiết kế thời trang, phù hợp di chuyển trong phố. 
- Tiết kiệm năng lượng, thân thiện môi trường.
Năm 12.2025",2025,6000.0,Tp Hồ Chí Minh,Thành phố Thủ Đức,"Xe máy điện Quantum s1  màu đen, kiểu dáng hiện đại, vận hành êm ái. 
- Xe mới, ít sử dụng. 
- Thiết kế thời trang, phù hợp di chuyển trong phố. 
- Tiết kiệm năng lượng, thân thiện môi trường.
Năm 12.2025",Cần xác minh,Dat Bike,Quantum,34900000.0,-23.2
134558900,Xe Điện 3sGo - EvoMax BST 65 Trắng 8000 km,20900000,"EvoMax BST 65 Chính Chủ
- Odo 8k
- Sẵn 2 pin thuê
- Óc tán 7 màu keng 
- Còn đủ phụ kiện theo xe
- Bảo hành Vinfats toàn quốc
⛔️ Nợ xấu đưa 0đ có LÃI SUẤT hoặc 12tr KO LÃI SUẤT
--------------------
✅ 𝗛𝗼̂̃ 𝗧𝗿𝗼̛̣ 𝗔𝗲 𝗟𝗲̂𝗻 𝗛𝗼̂̀ 𝗦𝗼̛ 𝗕𝗮𝗻𝗸 𝗡𝗵𝗮̣̂𝗻 𝗫𝗲 𝗩𝗮̀ 𝗖𝗮𝘃𝗲𝘁 𝗚𝗼̂́𝗰
✅ 𝗡𝗼̛̣ 𝗫𝗮̂́𝘂 – 𝗛𝗼̂̃ 𝗧𝗿𝗼̛̣ 𝟬 Đ𝗼̂̀𝗻𝗴 – 𝗞𝗵𝗼̂𝗻𝗴 𝗫𝗮́𝗰 𝗠𝗶𝗻𝗵
✅ 𝗡𝗼̛̣ 𝗫𝗮̂́𝘂 – 𝗛𝗼̂̃ 𝗧𝗿𝗼̛̣ Đ𝘂̛𝗮 𝟯𝟬% – 𝗞𝗵𝗼̂𝗻𝗴 𝗟𝗮̃𝗶
✅ Đ𝗼̂̉𝗶 𝗣𝗶𝗻 𝗞𝗵𝗼̂𝗻𝗴 𝗖𝗵𝗼̛̀ 𝗦𝗮̣c 𝗡𝗵𝗶𝗲̂̀𝘂 𝗖𝗵𝗶 𝗡𝗵𝗮́𝗻𝗵
✅ 𝗛ỗ 𝗧𝗿𝗼̛̣ 𝟮 𝗡𝗮̆𝗺 𝗫𝗲 𝗛𝘂̛ – 𝗖𝗼́ 𝗫𝗲 𝗞𝗵𝗮́𝗰 𝗗𝘂̀𝗻𝗴
✅ Đ𝗮̆𝗻𝗴 𝗞𝘆́ 𝗔𝗽𝗽 𝗫𝗮𝗻𝗵 𝗣𝗹𝗮𝘁𝗳𝗼𝗿𝗺 – 𝗧𝗮̣𝗶 𝗖𝗵𝗼̂̃
--------------------
🏠𝟮𝟴𝟴 𝗧𝗿𝘂̛𝗼̛̀𝗻𝗴 𝗖𝗵𝗶𝗻𝗵 - 𝗣𝗵ư𝗼̛̀𝗻𝗴 Đ𝗼̂𝗻𝗴 𝗛𝘂̛𝗻𝗴 𝗧𝗵𝘂𝗮̣̂𝗻 - 𝗛𝗖𝗠 (𝗤𝘂𝗮̣̂𝗻𝟭𝟮 𝗰𝘂̃)",2026,8000.0,Tp Hồ Chí Minh,Quận 12,"EvoMax BST 65 Chính Chủ
- Odo 8k
- Sẵn 2 pin thuê
- Óc tán 7 màu keng 
- Còn đủ phụ kiện theo xe
- Bảo hành Vinfats toàn quốc
⛔️ Nợ xấu đưa 0đ có LÃI SUẤT hoặc 12tr KO LÃI SUẤT
--------------------
✅ 𝗛𝗼̂̃ 𝗧𝗿𝗼̛̣ 𝗔𝗲 𝗟𝗲̂𝗻 𝗛𝗼̂̀ 𝗦𝗼̛ 𝗕𝗮𝗻𝗸 𝗡𝗵𝗮̣̂𝗻 𝗫𝗲 𝗩𝗮̀ 𝗖𝗮𝘃𝗲𝘁 𝗚𝗼̂́𝗰
✅ 𝗡𝗼̛̣ 𝗫𝗮̂́𝘂 – 𝗛𝗼̂̃ 𝗧𝗿𝗼̛̣ 𝟬 Đ𝗼̂̀𝗻𝗴 – 𝗞𝗵𝗼̂𝗻𝗴 𝗫𝗮́𝗰 𝗠𝗶𝗻𝗵
✅ 𝗡𝗼̛̣ 𝗫𝗮̂́𝘂 – 𝗛𝗼̂̃ 𝗧𝗿𝗼̛̣ Đ𝘂̛𝗮 𝟯𝟬% – 𝗞𝗵𝗼̂𝗻𝗴 𝗟𝗮̃𝗶
✅ Đ𝗼̂̉𝗶 𝗣𝗶𝗻 𝗞𝗵𝗼̂𝗻𝗴 𝗖𝗵𝗼̛̀ 𝗦𝗮̣c 𝗡𝗵𝗶𝗲̂̀𝘂 𝗖𝗵𝗶 𝗡𝗵𝗮́𝗻𝗵
✅ 𝗛ỗ 𝗧𝗿𝗼̛̣ 𝟮 𝗡𝗮̆𝗺 𝗫𝗲 𝗛𝘂̛ – 𝗖𝗼́ 𝗫𝗲 𝗞𝗵𝗮́𝗰 𝗗𝘂̀𝗻𝗴
✅ Đ𝗮̆𝗻𝗴 𝗞𝘆́ 𝗔𝗽𝗽 𝗫𝗮𝗻𝗵 𝗣𝗹𝗮𝘁𝗳𝗼𝗿𝗺 – 𝗧𝗮̣𝗶 𝗖𝗵𝗼̂̃
--------------------
🏠𝟮𝟴𝟴 𝗧𝗿𝘂̛𝗼̛̀𝗻𝗴 𝗖𝗵𝗶𝗻𝗵 - 𝗣𝗵ư𝗼̛̀𝗻𝗴 Đ𝗼̂𝗻𝗴 𝗛𝘂̛𝗻𝗴 𝗧𝗵𝘂𝗮̣̂𝗻 - 𝗛𝗖𝗠 (𝗤𝘂𝗮̣̂𝗻𝟭𝟮 𝗰𝘂̃)",Cần xác minh,Khác,Không phân loại,,
134366874,"Xe máy điện Typer 2 Trắng, Cam đã sử dụng",7800000,"Typer 2 đi ít còn như mới bán nửa giá mới

🛵TRẺ TRUNG - PHONG CÁCH - NĂNG ĐỘNG 
✴️ thanh lý xe typer2 
💸💸 giá bán 7tr800
☑️ màu sắc trung tính, thời trang (bảo hành 6 tháng) 
☑️ máy móc nguyên zin, an toàn tiết kiệm điện , Xanh, sạch không ồn 
☎️ Zalo *** (free ship Hà Nội, hỗ trợ ship toàn quốc  )
🏠 389 đội cấn -Hà Nội",2025,10000.0,Hà Nội,Quận Ba Đình,"Typer 2 đi ít còn như mới bán nửa giá mới

🛵TRẺ TRUNG - PHONG CÁCH - NĂNG ĐỘNG 
✴️ thanh lý xe typer2 
💸💸 giá bán 7tr800
☑️ màu sắc trung tính, thời trang (bảo hành 6 tháng) 
☑️ máy móc nguyên zin, an toàn tiết kiệm điện , Xanh, sạch không ồn 
☎️ Zalo *** (free ship Hà Nội, hỗ trợ ship toàn quốc  )
🏠 *** đội cấn -Hà Nội",Kèm pin,Khác,Không phân loại,,
134508320,Xe Điện 3sGo - Datbike S1 2026 Đen 10000 km,44900000,"DatbikeS1 BSTP ĐK 2026 Chính Chủ 1 Lần sạc đi 285km
- Odo 10k hơn
- Óc tán 7 màu keng 
- Còn đủ phụ kiện theo xe 
- Bảo hành Datbike toàn quốc
⛔️ Nợ xấu đưa 5tr8 có LÃI SUẤT hoặc 23tr KO LÃI SUẤT
--------------------
✅ 𝗛𝗼̂̃ 𝗧𝗿𝗼̛̣ 𝗔𝗲 𝗟𝗲̂𝗻 𝗛𝗼̂̀ 𝗦𝗼̛ 𝗕𝗮𝗻𝗸 𝗡𝗵𝗮̣̂𝗻 𝗫𝗲 𝗩𝗮̀ 𝗖𝗮𝘃𝗲𝘁 𝗚𝗼̂́𝗰
✅ 𝗡𝗼̛̣ 𝗫𝗮̂́𝘂 – 𝗛𝗼̂̃ 𝗧𝗿𝗼̛̣ 𝟬 Đ𝗼̂̀𝗻𝗴 – 𝗞𝗵𝗼̂𝗻𝗴 𝗫𝗮́𝗰 𝗠𝗶𝗻𝗵
✅ 𝗡𝗼̛̣ 𝗫𝗮̂́𝘂 – 𝗛𝗼̂̃ 𝗧𝗿𝗼̛̣ Đ𝘂̛𝗮 𝟯𝟬% – 𝗞𝗵𝗼̂𝗻𝗴 𝗟𝗮̃𝗶
✅ Đ𝗼̂̉𝗶 𝗣𝗶𝗻 𝗞𝗵𝗼̂𝗻𝗴 𝗖𝗵𝗼̛̀ 𝗦𝗮̣c 𝗡𝗵𝗶𝗲̂̀𝘂 𝗖𝗵𝗶 𝗡𝗵𝗮́𝗻𝗵
✅ 𝗛ỗ 𝗧𝗿𝗼̛̣ 𝟮 𝗡𝗮̆𝗺 𝗫𝗲 𝗛𝘂̛ – 𝗖𝗼́ 𝗫𝗲 𝗞𝗵𝗮́𝗰 𝗗𝘂̀𝗻𝗴
✅ Đ𝗮̆𝗻𝗴 𝗞𝘆́ 𝗔𝗽𝗽 𝗫𝗮𝗻𝗵 𝗣𝗹𝗮𝘁𝗳𝗼𝗿𝗺 – 𝗧𝗮̣𝗶 𝗖𝗵𝗼̂̃
--------------------
🏠𝟮𝟴𝟴 𝗧𝗿𝘂̛𝗼̛̀𝗻𝗴 𝗖𝗵𝗶𝗻𝗵 - 𝗣𝗵ư𝗼̛̀𝗻𝗴 Đ𝗼̂𝗻𝗴 𝗛𝘂̛𝗻𝗴 𝗧𝗵𝘂𝗮̣̂𝗻 - 𝗛𝗖𝗠 (𝗤𝘂𝗮̣̂𝗻𝟭𝟮 𝗰𝘂̃)",2025,10000.0,Tp Hồ Chí Minh,Quận 12,"DatbikeS1 BSTP ĐK 2026 Chính Chủ 1 Lần sạc đi 285km
- Odo 10k hơn
- Óc tán 7 màu keng 
- Còn đủ phụ kiện theo xe 
- Bảo hành Datbike toàn quốc
⛔️ Nợ xấu đưa 5tr8 có LÃI SUẤT hoặc 23tr KO LÃI SUẤT
--------------------
✅ 𝗛𝗼̂̃ 𝗧𝗿𝗼̛̣ 𝗔𝗲 𝗟𝗲̂𝗻 𝗛𝗼̂̀ 𝗦𝗼̛ 𝗕𝗮𝗻𝗸 𝗡𝗵𝗮̣̂𝗻 𝗫𝗲 𝗩𝗮̀ 𝗖𝗮𝘃𝗲𝘁 𝗚𝗼̂́𝗰
✅ 𝗡𝗼̛̣ 𝗫𝗮̂́𝘂 – 𝗛𝗼̂̃ 𝗧𝗿𝗼̛̣ 𝟬 Đ𝗼̂̀𝗻𝗴 – 𝗞𝗵𝗼̂𝗻𝗴 𝗫𝗮́𝗰 𝗠𝗶𝗻𝗵
✅ 𝗡𝗼̛̣ 𝗫𝗮̂́𝘂 – 𝗛𝗼̂̃ 𝗧𝗿𝗼̛̣ Đ𝘂̛𝗮 𝟯𝟬% – 𝗞𝗵𝗼̂𝗻𝗴 𝗟𝗮̃𝗶
✅ Đ𝗼̂̉𝗶 𝗣𝗶𝗻 𝗞𝗵𝗼̂𝗻𝗴 𝗖𝗵𝗼̛̀ 𝗦𝗮̣c 𝗡𝗵𝗶𝗲̂̀𝘂 𝗖𝗵𝗶 𝗡𝗵𝗮́𝗻𝗵
✅ 𝗛ỗ 𝗧𝗿𝗼̛̣ 𝟮 𝗡𝗮̆𝗺 𝗫𝗲 𝗛𝘂̛ – 𝗖𝗼́ 𝗫𝗲 𝗞𝗵𝗮́𝗰 𝗗𝘂̀𝗻𝗴
✅ Đ𝗮̆𝗻𝗴 𝗞𝘆́ 𝗔𝗽𝗽 𝗫𝗮𝗻𝗵 𝗣𝗹𝗮𝘁𝗳𝗼𝗿𝗺 – 𝗧𝗮̣𝗶 𝗖𝗵𝗼̂̃
--------------------
🏠𝟮𝟴𝟴 𝗧𝗿𝘂̛𝗼̛̀𝗻𝗴 𝗖𝗵𝗶𝗻𝗵 - 𝗣𝗵ư𝗼̛̀𝗻𝗴 Đ𝗼̂𝗻𝗴 𝗛𝘂̛𝗻𝗴 𝗧𝗵𝘂𝗮̣̂𝗻 - 𝗛𝗖𝗠 (𝗤𝘂𝗮̣̂𝗻𝟭𝟮 𝗰𝘂̃)",Cần xác minh,Khác,Không phân loại,,
134197994,CỬA HÀNG THU MUA XE MÁY ĐIỆN CŨ,35999000,"⭐️ CỬA HÀNG PHẠM TUẤN XE ĐIỆN CŨ 
CHUYÊN THU MUA XE ĐIỆN CŨ - GIÁ CAO - BAO MỌI GIẤY TỜ LIÊN QUAN
📌 Địa chỉ: 244 Thoại Ngọc Hầu . Phú Thạnh , Q .Tân Phú . TP HCM.
⭐️ ĐỊNH GIÁ MIỄN PHÍ XE MÁY ⭐️

❤️ Chuyên Thu Mua Xe Điện Cũ với các dòng như sau, Giá Bao Thị Trường
( VINFAST . YADEA . DATBIKE . PEGA...)

Giá thu từ: 1tr - 99tr

Dịch vụ đặc biệt:
❤️ Bấm Giá Trong Vòng 30s Để Khách Hàng Tham Khảo Giá
❤️ Hỗ Trợ Mua Tận Nơi ( Sài Gòn và những chỗ lân cận)


😍😍😍 CẦN KẾT NỐI VỚI SHOWROOM CÁC HÃNG XE ĐIỆN NEW THU CŨ ĐỔI MỚI CHO KHÁCH HÀNG

code: #thumuaxe #26003663_1",2025,1.0,Tp Hồ Chí Minh,Quận Tân Phú,"⭐️ CỬA HÀNG PHẠM TUẤN XE ĐIỆN CŨ 
CHUYÊN THU MUA XE ĐIỆN CŨ - GIÁ CAO - BAO MỌI GIẤY TỜ LIÊN QUAN
📌 Địa chỉ: 244 Thoại Ngọc Hầu . Phú Thạnh , Q .Tân Phú . TP HCM.
⭐️ ĐỊNH GIÁ MIỄN PHÍ XE MÁY ⭐️

❤️ Chuyên Thu Mua Xe Điện Cũ với các dòng như sau, Giá Bao Thị Trường
( VINFAST . YADEA . DATBIKE . PEGA...)

Giá thu từ: 1tr - 99tr

Dịch vụ đặc biệt:
❤️ Bấm Giá Trong Vòng 30s Để Khách Hàng Tham Khảo Giá
❤️ Hỗ Trợ Mua Tận Nơi ( Sài Gòn và những chỗ lân cận)


😍😍😍 CẦN KẾT NỐI VỚI SHOWROOM CÁC HÃNG XE ĐIỆN NEW THU CŨ ĐỔI MỚI CHO KHÁCH HÀNG

code: #thumuaxe #26003663_1",Cần xác minh,Khác,Không phân loại,,
134558870,Xe Điện 3sGo - Feliz II Trắng 700km,25900000,"Feliz II BSTP Chính Chủ 
- Odo 700km
- 2pin (free thuê 2pin 1 năm)
- Óc tán 7 màu keng 
- Còn đủ phụ kiện theo xe 
- Bảo hành Vinfast toàn quốc
⛔️ Nợ xấu đưa 0đ có LÃI SUẤT hoặc 15tr KO LÃI SUẤT
--------------------
✅ 𝗛𝗼̂̃ 𝗧𝗿𝗼̛̣ 𝗔𝗲 𝗟𝗲̂𝗻 𝗛𝗼̂̀ 𝗦𝗼̛ 𝗕𝗮𝗻𝗸 𝗡𝗵𝗮̣̂𝗻 𝗫𝗲 𝗩𝗮̀ 𝗖𝗮𝘃𝗲𝘁 𝗚𝗼̂́𝗰
✅ 𝗡𝗼̛̣ 𝗫𝗮̂́𝘂 – 𝗛𝗼̂̃ 𝗧𝗿𝗼̛̣ 𝟬 Đ𝗼̂̀𝗻𝗴 – 𝗞𝗵𝗼̂𝗻𝗴 𝗫𝗮́𝗰 𝗠𝗶𝗻𝗵
✅ 𝗡𝗼̛̣ 𝗫𝗮̂́𝘂 – 𝗛𝗼̂̃ 𝗧𝗿𝗼̛̣ Đ𝘂̛𝗮 𝟯𝟬% – 𝗞𝗵𝗼̂𝗻𝗴 𝗟𝗮̃𝗶
✅ Đ𝗼̂̉𝗶 𝗣𝗶𝗻 𝗞𝗵𝗼̂𝗻𝗴 𝗖𝗵𝗼̛̀ 𝗦𝗮̣c 𝗡𝗵𝗶𝗲̂̀𝘂 𝗖𝗵𝗶 𝗡𝗵𝗮́𝗻𝗵
✅ 𝗛ỗ 𝗧𝗿𝗼̛̣ 𝟮 𝗡𝗮̆𝗺 𝗫𝗲 𝗛𝘂̛ – 𝗖𝗼́ 𝗫𝗲 𝗞𝗵𝗮́𝗰 𝗗𝘂̀𝗻𝗴
✅ Đ𝗮̆𝗻𝗴 𝗞𝘆́ 𝗔𝗽𝗽 𝗫𝗮𝗻𝗵 𝗣𝗹𝗮𝘁𝗳𝗼𝗿𝗺 – 𝗧𝗮̣𝗶 𝗖𝗵𝗼̂̃
--------------------
🏠𝟮𝟴𝟴 𝗧𝗿𝘂̛𝗼̛̀𝗻𝗴 𝗖𝗵𝗶𝗻𝗵 - 𝗣𝗵ư𝗼̛̀𝗻𝗴 Đ𝗼̂𝗻𝗴 𝗛𝘂̛𝗻𝗴 𝗧𝗵𝘂𝗮̣̂𝗻 - 𝗛𝗖𝗠 (𝗤𝘂𝗮̣̂𝗻𝟭𝟮 𝗰𝘂̃)",2026,700.0,Tp Hồ Chí Minh,Quận 12,"Feliz II BSTP Chính Chủ 
- Odo 700km
- 2pin (free thuê 2pin 1 năm)
- Óc tán 7 màu keng 
- Còn đủ phụ kiện theo xe 
- Bảo hành Vinfast toàn quốc
⛔️ Nợ xấu đưa 0đ có LÃI SUẤT hoặc 15tr KO LÃI SUẤT
--------------------
✅ 𝗛𝗼̂̃ 𝗧𝗿𝗼̛̣ 𝗔𝗲 𝗟𝗲̂𝗻 𝗛𝗼̂̀ 𝗦𝗼̛ 𝗕𝗮𝗻𝗸 𝗡𝗵𝗮̣̂𝗻 𝗫𝗲 𝗩𝗮̀ 𝗖𝗮𝘃𝗲𝘁 𝗚𝗼̂́𝗰
✅ 𝗡𝗼̛̣ 𝗫𝗮̂́𝘂 – 𝗛𝗼̂̃ 𝗧𝗿𝗼̛̣ 𝟬 Đ𝗼̂̀𝗻𝗴 – 𝗞𝗵𝗼̂𝗻𝗴 𝗫𝗮́𝗰 𝗠𝗶𝗻𝗵
✅ 𝗡𝗼̛̣ 𝗫𝗮̂́𝘂 – 𝗛𝗼̂̃ 𝗧𝗿𝗼̛̣ Đ𝘂̛𝗮 𝟯𝟬% – 𝗞𝗵𝗼̂𝗻𝗴 𝗟𝗮̃𝗶
✅ Đ𝗼̂̉𝗶 𝗣𝗶𝗻 𝗞𝗵𝗼̂𝗻𝗴 𝗖𝗵𝗼̛̀ 𝗦𝗮̣c 𝗡𝗵𝗶𝗲̂̀𝘂 𝗖𝗵𝗶 𝗡𝗵𝗮́𝗻𝗵
✅ 𝗛ỗ 𝗧𝗿𝗼̛̣ 𝟮 𝗡𝗮̆𝗺 𝗫𝗲 𝗛𝘂̛ – 𝗖𝗼́ 𝗫𝗲 𝗞𝗵𝗮́𝗰 𝗗𝘂̀𝗻𝗴
✅ Đ𝗮̆𝗻𝗴 𝗞𝘆́ 𝗔𝗽𝗽 𝗫𝗮𝗻𝗵 𝗣𝗹𝗮𝘁𝗳𝗼𝗿𝗺 – 𝗧𝗮̣𝗶 𝗖𝗵𝗼̂̃
--------------------
🏠𝟮𝟴𝟴 𝗧𝗿𝘂̛𝗼̛̀𝗻𝗴 𝗖𝗵𝗶𝗻𝗵 - 𝗣𝗵ư𝗼̛̀𝗻𝗴 Đ𝗼̂𝗻𝗴 𝗛𝘂̛𝗻𝗴 𝗧𝗵𝘂𝗮̣̂𝗻 - 𝗛𝗖𝗠 (𝗤𝘂𝗮̣̂𝗻𝟭𝟮 𝗰𝘂̃)",Cần xác minh,VinFast,Feliz,27000000.0,4.1
134621837,Xe máy điện Xmen 2019 Đen Việt Nam,4900000,"BÁN XE MÁY ĐIỆN cũ :  Xmen 
Giá:4tr900  bình khỏe 30/35km/1 lần sạc 
Đk 2019 biển số 74 
xe ở Cầu Vượt Sóng Thần  Qlộ 1A 
LH: ***
Có nhan đổi xe điện cũ các loại",2019,8978.0,Tp Hồ Chí Minh,Thành phố Thủ Đức,"BÁN XE MÁY ĐIỆN cũ :  Xmen 
Giá:4tr900  bình khỏe 30/35km/1 lần sạc 
Đk 2019 biển số 74 
xe ở Cầu Vượt Sóng Thần  Qlộ 1A 
LH: ***
Có nhan đổi xe điện cũ các loại",Cần xác minh,Khác,Không phân loại,,
134621834,Xe máy điện VinFast Vento Neo Trắng 9.000KM,29500000,"Vento Neo 9.000KM Cập Bến 😍😍😍

Giá..29.5Tr

☎️*** Em bi",2025,9000.0,Tp Hồ Chí Minh,Quận Tân Phú,"Vento Neo 9.000KM Cập Bến 😍😍😍

Giá..29.5Tr

☎️*** Em bi",Cần xác minh,VinFast,Vento,50000000.0,41.0
134621825,"VinFast Feliz Neo 2025 Xám 38,900km",28000000,"Feliz Ne***


- ODO : 38,900km
- Pin : 72v 105Ah . Quãng đường đi được từ 200km 1 lần sạc
- Ngoại hình : 95%
- Thủ tục mua bán : công chứng mua bán ra tên mới. Chủ xe hỗ trợ rút hồ sơ
- Năm đăng ký : 10/2025
- Giá bán :  28,000,000
- Có hỗ trợ trả góp, nợ xấu
- Có cho thuê xe, trao đổi mua bán xe, ký gửi xe",2025,38900.0,Tp Hồ Chí Minh,Quận Tân Bình,"Feliz Ne***


- ODO : 38,900km
- Pin : 72v 105Ah . Quãng đường đi được từ 200km 1 lần sạc
- Ngoại hình : 95%
- Thủ tục mua bán : công chứng mua bán ra tên mới. Chủ xe hỗ trợ rút hồ sơ
- Năm đăng ký : 10/2025
- Giá bán :  28,000,000
- Có hỗ trợ trả góp, nợ xấu
- Có cho thuê xe, trao đổi mua bán xe, ký gửi xe",Cần xác minh,VinFast,Feliz,27000000.0,-3.7
134621821,Xe điện gogo,5200000,"bán xe điện còn rất tốt nhập khẩu nguyên chiếc giá vừa tầm ai mua cho con đi hoc câp 3 đỡ đươc bao nhiêu tiền nhà nhiêu xe lên bán nhanh cho gọn
ai thiên chí mua hoăc nhăn tin nêu ko nghe may kip",2019,5252.0,Hải Phòng,Quận Ngô Quyền,"bán xe điện còn rất tốt nhập khẩu nguyên chiếc giá vừa tầm ai mua cho con đi hoc câp 3 đỡ đươc bao nhiêu tiền nhà nhiêu xe lên bán nhanh cho gọn
ai thiên chí mua hoăc nhăn tin nêu ko nghe may kip",Cần xác minh,Dibao,Gogo,14500000.0,64.1
134621813,Quantum S3 odo 10k xe đẹp ken biển sg,32500000,"Quantum s3 xe đẹp ken 9 chủ ký 
Có gop nợ xấu tay đôi",2025,10412.0,Tp Hồ Chí Minh,Quận Tân Phú,"Quantum s3 xe đẹp ken 9 chủ ký 
Có gop nợ xấu tay đôi",Cần xác minh,Dat Bike,Quantum,34900000.0,6.9
133165398,Xe máy điện VinFast Feliz 2 Trắng,17500000,"Xe máy điện VinFast Feliz 2 màu trắng, thiết kế hiện đại, phù hợp cho cả nam và nữ. 
- Xe vận hành êm ái, tiết kiệm năng lượng. 
- Trang bị nhiều tính năng thông minh. 
- Xe mới, ít sử dụng.
- chuyển nhượng hợp đồng thuê 2 pin vinfast 1,5kw
",2026,1589.0,Đồng Nai,Huyện Trảng Bom,"Xe máy điện VinFast Feliz 2 màu trắng, thiết kế hiện đại, phù hợp cho cả nam và nữ. 
- Xe vận hành êm ái, tiết kiệm năng lượng. 
- Trang bị nhiều tính năng thông minh. 
- Xe mới, ít sử dụng.
- chuyển nhượng hợp đồng thuê 2 pin vinfast 1,5kw
",Cần xác minh,VinFast,Feliz,27000000.0,35.2
134536690,Xe Điện 3sGo -  Evo200Lite 2025 Đen,22900000,"Evo200Lite  - Bstp 9 Chủ ĐK 2025
- 2 Chìa khoá đầy đủ
- Dàn áo dán keng 98%
- Óc tán 7 màu keng 98%
- Còn đủ phụ kiện theo xe
❤️Xe keng 98% so với xe new 
⛔️ Nợ xấu đưa 3tr2 có LÃI SUẤT hoặc 12tr KO LÃI SUẤT
--------------------
✅ 𝗛𝗼̂̃ 𝗧𝗿𝗼̛̣ 𝗔𝗲 𝗟𝗲̂𝗻 𝗛𝗼̂̀ 𝗦𝗼̛ 𝗕𝗮𝗻𝗸 𝗡𝗵𝗮̣̂𝗻 𝗫𝗲 𝗩𝗮̀ 𝗖𝗮𝘃𝗲𝘁 𝗚𝗼̂́𝗰
✅ 𝗡𝗼̛̣ 𝗫𝗮̂́𝘂 – 𝗛𝗼̂̃ 𝗧𝗿𝗼̛̣ 𝟬 Đ𝗼̂̀𝗻𝗴 – 𝗞𝗵𝗼̂𝗻𝗴 𝗫𝗮́𝗰 𝗠𝗶𝗻𝗵
✅ 𝗡𝗼̛̣ 𝗫𝗮̂́𝘂 – 𝗛𝗼̂̃ 𝗧𝗿𝗼̛̣ Đ𝘂̛𝗮 𝟯𝟬% – 𝗞𝗵𝗼̂𝗻𝗴 𝗟𝗮̃𝗶
✅ Đ𝗼̂̉𝗶 𝗣𝗶𝗻 𝗞𝗵𝗼̂𝗻𝗴 𝗖𝗵𝗼̛̀ 𝗦𝗮̣c 𝗡𝗵𝗶𝗲̂̀𝘂 𝗖𝗵𝗶 𝗡𝗵𝗮́𝗻𝗵
✅ 𝗛ỗ 𝗧𝗿𝗼̛̣ 𝟮 𝗡𝗮̆𝗺 𝗫𝗲 𝗛𝘂̛ – 𝗖𝗼́ 𝗫𝗲 𝗞𝗵𝗮́𝗰 𝗗𝘂̀𝗻𝗴
✅ Đ𝗮̆𝗻𝗴 𝗞𝘆́ 𝗔𝗽𝗽 𝗫𝗮𝗻𝗵 𝗣𝗹𝗮𝘁𝗳𝗼𝗿𝗺 – 𝗧𝗮̣𝗶 𝗖𝗵𝗼̂̃
--------------------
🏠𝟮𝟴𝟴 𝗧𝗿𝘂̛𝗼̛̀𝗻𝗴 𝗖𝗵𝗶𝗻𝗵 - 𝗣𝗵ư𝗼̛̀𝗻𝗴 Đ𝗼̂𝗻𝗴 𝗛𝘂̛𝗻𝗴 𝗧𝗵𝘂𝗮̣̂𝗻 - 𝗛𝗖𝗠 (𝗤𝘂𝗮̣̂𝗻𝟭𝟮 𝗰𝘂̃)",2025,0.0,Tp Hồ Chí Minh,Quận 12,"Evo200Lite  - Bstp 9 Chủ ĐK 2025
- 2 Chìa khoá đầy đủ
- Dàn áo dán keng 98%
- Óc tán 7 màu keng 98%
- Còn đủ phụ kiện theo xe
❤️Xe keng 98% so với xe new 
⛔️ Nợ xấu đưa 3tr2 có LÃI SUẤT hoặc 12tr KO LÃI SUẤT
--------------------
✅ 𝗛𝗼̂̃ 𝗧𝗿𝗼̛̣ 𝗔𝗲 𝗟𝗲̂𝗻 𝗛𝗼̂̀ 𝗦𝗼̛ 𝗕𝗮𝗻𝗸 𝗡𝗵𝗮̣̂𝗻 𝗫𝗲 𝗩𝗮̀ 𝗖𝗮𝘃𝗲𝘁 𝗚𝗼̂́𝗰
✅ 𝗡𝗼̛̣ 𝗫𝗮̂́𝘂 – 𝗛𝗼̂̃ 𝗧𝗿𝗼̛̣ 𝟬 Đ𝗼̂̀𝗻𝗴 – 𝗞𝗵𝗼̂𝗻𝗴 𝗫𝗮́𝗰 𝗠𝗶𝗻𝗵
✅ 𝗡𝗼̛̣ 𝗫𝗮̂́𝘂 – 𝗛𝗼̂̃ 𝗧𝗿𝗼̛̣ Đ𝘂̛𝗮 𝟯𝟬% – 𝗞𝗵𝗼̂𝗻𝗴 𝗟𝗮̃𝗶
✅ Đ𝗼̂̉𝗶 𝗣𝗶𝗻 𝗞𝗵𝗼̂𝗻𝗴 𝗖𝗵𝗼̛̀ 𝗦𝗮̣c 𝗡𝗵𝗶𝗲̂̀𝘂 𝗖𝗵𝗶 𝗡𝗵𝗮́𝗻𝗵
✅ 𝗛ỗ 𝗧𝗿𝗼̛̣ 𝟮 𝗡𝗮̆𝗺 𝗫𝗲 𝗛𝘂̛ – 𝗖𝗼́ 𝗫𝗲 𝗞𝗵𝗮́𝗰 𝗗𝘂̀𝗻𝗴
✅ Đ𝗮̆𝗻𝗴 𝗞𝘆́ 𝗔𝗽𝗽 𝗫𝗮𝗻𝗵 𝗣𝗹𝗮𝘁𝗳𝗼𝗿𝗺 – 𝗧𝗮̣𝗶 𝗖𝗵𝗼̂̃
--------------------
🏠𝟮𝟴𝟴 𝗧𝗿𝘂̛𝗼̛̀𝗻𝗴 𝗖𝗵𝗶𝗻𝗵 - 𝗣𝗵ư𝗼̛̀𝗻𝗴 Đ𝗼̂𝗻𝗴 𝗛𝘂̛𝗻𝗴 𝗧𝗵𝘂𝗮̣̂𝗻 - 𝗛𝗖𝗠 (𝗤𝘂𝗮̣̂𝗻𝟭𝟮 𝗰𝘂̃)",Cần xác minh,Khác,Không phân loại,,
134621561,Xe máy điện VinFast Feliz 2025 Trắng 2 pin 2.4kW,25000000,"FELIZ 2025 – 2 PIN ZIN – GIÁ 25 TRIỆU 🔥
Biển số: 50AD-256.57

🛵 Feliz 2025 – xe đẹp, 2 pin zin, sẵn sàng chạy ngay!

✨ Thông tin xe:

📍 ODO: 10.000 km
🔋 2 pin 2.4kW zin hãng
💎 Ngoại hình: 95%
📅 Đăng ký: 12/2025
📄 Công chứng mua bán
💰 Giá bán: 25.000.000đ

💳 HỖ TRỢ TRẢ GÓP – HỖ TRỢ HỒ SƠ NỢ XẤU
🛵 Có cho thuê xe
🔄 Nhận trao đổi – mua bán xe
📦 Nhận ký gửi xe

🔥 Điểm đáng tiền: 2 pin zin + đời 2025 + giấy tờ mua bán rõ ràng. Mua về đi hằng ngày hoặc chạy dịch vụ đều tiện.

📩 Quan tâm inbox ngay – xe đẹp, giá tốt, chốt sớm kẻo hết!",2025,10000.0,Tp Hồ Chí Minh,Quận Tân Bình,"FELIZ 2025 – 2 PIN ZIN – GIÁ 25 TRIỆU 🔥
Biển số: 50AD-256.57

🛵 Feliz 2025 – xe đẹp, 2 pin zin, sẵn sàng chạy ngay!

✨ Thông tin xe:

📍 ODO: 10.000 km
🔋 2 pin 2.4kW zin hãng
💎 Ngoại hình: 95%
📅 Đăng ký: 12/2025
📄 Công chứng mua bán
💰 Giá bán: 25.000.000đ

💳 HỖ TRỢ TRẢ GÓP – HỖ TRỢ HỒ SƠ NỢ XẤU
🛵 Có cho thuê xe
🔄 Nhận trao đổi – mua bán xe
📦 Nhận ký gửi xe

🔥 Điểm đáng tiền: 2 pin zin + đời 2025 + giấy tờ mua bán rõ ràng. Mua về đi hằng ngày hoặc chạy dịch vụ đều tiện.

📩 Quan tâm inbox ngay – xe đẹp, giá tốt, chốt sớm kẻo hết!",Kèm pin,VinFast,Feliz,27000000.0,7.4
134621518,Xe máy điện VinFast Feliz Neo 2025 Xám 39000 km,20500000,"Feliz Neo màu xám BS : 50-AC 735.12


- ODO : 39000
- Pin : 1 Pin zin 67v 30Ah + 1 pin song song sàn chân 67v 30Ah . Quãng đường đi được từ 130 - 150km 1 lần sạc
- Ngoại hình : 90%
- Thủ tục mua bán : công chứng mua bán
- Năm đăng ký : 09/2025
- Giá bán :  20,500,000
- Có hỗ trợ trả góp, nợ xấu
- Có cho thuê xe, trao đổi mua bán xe, ký gửi xe",2025,39000.0,Tp Hồ Chí Minh,Quận Tân Bình,"Feliz Neo màu xám BS : 50-AC 735.12


- ODO : 39000
- Pin : 1 Pin zin 67v 30Ah + 1 pin song song sàn chân 67v 30Ah . Quãng đường đi được từ 130 - 150km 1 lần sạc
- Ngoại hình : 90%
- Thủ tục mua bán : công chứng mua bán
- Năm đăng ký : 09/2025
- Giá bán :  20,500,000
- Có hỗ trợ trả góp, nợ xấu
- Có cho thuê xe, trao đổi mua bán xe, ký gửi xe",Kèm pin,VinFast,Feliz,27000000.0,24.1
134506458,Xe Điện 3sGo - Flazz 2026 Trắng 900 km,15900000,"Flazz BSTP ĐK 2026 Chính Chủ 
- Odo 900 cây
- Đã mua 2 pin
- Óc tán 7 màu keng 
- Còn đủ phụ kiện theo xe
- Bảo hành Vinfast toàn quốc
#Giá_15tr9 - Nậu xớ đưa 2tr1 hoặc 5tr1
⛔️ Nợ xấu đưa 2tr1 có LÃI SUẤT hoặc 8tr KO LÃI SUẤT
--------------------
✅ 𝗛𝗼̂̃ 𝗧𝗿𝗼̛̣ 𝗔𝗲 𝗟𝗲̂𝗻 𝗛𝗼̂̀ 𝗦𝗼̛ 𝗕𝗮𝗻𝗸 𝗡𝗵𝗮̣̂𝗻 𝗫𝗲 𝗩𝗮̀ 𝗖𝗮𝘃𝗲𝘁 𝗚𝗼̂́𝗰
✅ 𝗡𝗼̛̣ 𝗫𝗮̂́𝘂 – 𝗛𝗼̂̃ 𝗧𝗿𝗼̛̣ 𝟬 Đ𝗼̂̀𝗻𝗴 – 𝗞𝗵𝗼̂𝗻𝗴 𝗫𝗮́𝗰 𝗠𝗶𝗻𝗵
✅ 𝗡𝗼̛̣ 𝗫𝗮̂́𝘂 – 𝗛𝗼̂̃ 𝗧𝗿𝗼̛̣ Đ𝘂̛𝗮 𝟯𝟬% – 𝗞𝗵𝗼̂𝗻𝗴 𝗟𝗮̃𝗶
✅ Đ𝗼̂̉𝗶 𝗣𝗶𝗻 𝗞𝗵𝗼̂𝗻𝗴 𝗖𝗵𝗼̛̀ 𝗦𝗮̣c 𝗡𝗵𝗶𝗲̂̀𝘂 𝗖𝗵𝗶 𝗡𝗵𝗮́𝗻𝗵
✅ 𝗛ỗ 𝗧𝗿𝗼̛̣ 𝟮 𝗡𝗮̆𝗺 𝗫𝗲 𝗛𝘂̛ – 𝗖𝗼́ 𝗫𝗲 𝗞𝗵𝗮́𝗰 𝗗𝘂̀𝗻𝗴
✅ Đ𝗮̆𝗻𝗴 𝗞𝘆́ 𝗔𝗽𝗽 𝗫𝗮𝗻𝗵 𝗣𝗹𝗮𝘁𝗳𝗼𝗿𝗺 – 𝗧𝗮̣𝗶 𝗖𝗵𝗼̂̃
--------------------
🏠𝟮𝟴𝟴 𝗧𝗿𝘂̛𝗼̛̀𝗻𝗴 𝗖𝗵𝗶𝗻𝗵 - 𝗣𝗵ư𝗼̛̀𝗻𝗴 Đ𝗼̂𝗻𝗴 𝗛𝘂̛𝗻𝗴 𝗧𝗵𝘂𝗮̣̂𝗻 - 𝗛𝗖𝗠 (𝗤𝘂𝗮̣̂𝗻𝟭𝟮 𝗰𝘂̃)",2026,900.0,Tp Hồ Chí Minh,Quận 12,"Flazz BSTP ĐK 2026 Chính Chủ 
- Odo 900 cây
- Đã mua 2 pin
- Óc tán 7 màu keng 
- Còn đủ phụ kiện theo xe
- Bảo hành Vinfast toàn quốc
#Giá_15tr9 - Nậu xớ đưa 2tr1 hoặc 5tr1
⛔️ Nợ xấu đưa 2tr1 có LÃI SUẤT hoặc 8tr KO LÃI SUẤT
--------------------
✅ 𝗛𝗼̂̃ 𝗧𝗿𝗼̛̣ 𝗔𝗲 𝗟𝗲̂𝗻 𝗛𝗼̂̀ 𝗦𝗼̛ 𝗕𝗮𝗻𝗸 𝗡𝗵𝗮̣̂𝗻 𝗫𝗲 𝗩𝗮̀ 𝗖𝗮𝘃𝗲𝘁 𝗚𝗼̂́𝗰
✅ 𝗡𝗼̛̣ 𝗫𝗮̂́𝘂 – 𝗛𝗼̂̃ 𝗧𝗿𝗼̛̣ 𝟬 Đ𝗼̂̀𝗻𝗴 – 𝗞𝗵𝗼̂𝗻𝗴 𝗫𝗮́𝗰 𝗠𝗶𝗻𝗵
✅ 𝗡𝗼̛̣ 𝗫𝗮̂́𝘂 – 𝗛𝗼̂̃ 𝗧𝗿𝗼̛̣ Đ𝘂̛𝗮 𝟯𝟬% – 𝗞𝗵𝗼̂𝗻𝗴 𝗟𝗮̃𝗶
✅ Đ𝗼̂̉𝗶 𝗣𝗶𝗻 𝗞𝗵𝗼̂𝗻𝗴 𝗖𝗵𝗼̛̀ 𝗦𝗮̣c 𝗡𝗵𝗶𝗲̂̀𝘂 𝗖𝗵𝗶 𝗡𝗵𝗮́𝗻𝗵
✅ 𝗛ỗ 𝗧𝗿𝗼̛̣ 𝟮 𝗡𝗮̆𝗺 𝗫𝗲 𝗛𝘂̛ – 𝗖𝗼́ 𝗫𝗲 𝗞𝗵𝗮́𝗰 𝗗𝘂̀𝗻𝗴
✅ Đ𝗮̆𝗻𝗴 𝗞𝘆́ 𝗔𝗽𝗽 𝗫𝗮𝗻𝗵 𝗣𝗹𝗮𝘁𝗳𝗼𝗿𝗺 – 𝗧𝗮̣𝗶 𝗖𝗵𝗼̂̃
--------------------
🏠𝟮𝟴𝟴 𝗧𝗿𝘂̛𝗼̛̀𝗻𝗴 𝗖𝗵𝗶𝗻𝗵 - 𝗣𝗵ư𝗼̛̀𝗻𝗴 Đ𝗼̂𝗻𝗴 𝗛𝘂̛𝗻𝗴 𝗧𝗵𝘂𝗮̣̂𝗻 - 𝗛𝗖𝗠 (𝗤𝘂𝗮̣̂𝗻𝟭𝟮 𝗰𝘂̃)",Cần xác minh,Khác,Không phân loại,,
134555510,Xe Điện 3sGo - Datbike S1 Đen 10.000 km,44900000,"DatbikeS1 BSTP ĐK 2026 Chính Chủ 1 Lần sạc đi 285km
- Odo 10k hơn
- Óc tán 7 màu keng 
- Còn đủ phụ kiện theo xe 
- Bảo hành Datbike toàn quốc
⛔️ Nợ xấu đưa 5tr8 có LÃI SUẤT hoặc 24tr KO LÃI SUẤT
--------------------
✅ 𝗛𝗼̂̃ 𝗧𝗿𝗼̛̣ 𝗔𝗲 𝗟𝗲̂𝗻 𝗛𝗼̂̀ 𝗦𝗼̛ 𝗕𝗮𝗻𝗸 𝗡𝗵𝗮̣̂𝗻 𝗫𝗲 𝗩𝗮̀ 𝗖𝗮𝘃𝗲𝘁 𝗚𝗼̂́𝗰
✅ 𝗡𝗼̛̣ 𝗫𝗮̂́𝘂 – 𝗛𝗼̂̃ 𝗧𝗿𝗼̛̣ 𝟬 Đ𝗼̂̀𝗻𝗴 – 𝗞𝗵𝗼̂𝗻𝗴 𝗫𝗮́𝗰 𝗠𝗶𝗻𝗵
✅ 𝗡𝗼̛̣ 𝗫𝗮̂́𝘂 – 𝗛𝗼̂̃ 𝗧𝗿𝗼̛̣ Đ𝘂̛𝗮 𝟯𝟬% – 𝗞𝗵𝗼̂𝗻𝗴 𝗟𝗮̃𝗶
✅ Đ𝗼̂̉𝗶 𝗣𝗶𝗻 𝗞𝗵𝗼̂𝗻𝗴 𝗖𝗵𝗼̛̀ 𝗦𝗮̣c 𝗡𝗵𝗶𝗲̂̀𝘂 𝗖𝗵𝗶 𝗡𝗵𝗮́𝗻𝗵
✅ 𝗛ỗ 𝗧𝗿𝗼̛̣ 𝟮 𝗡𝗮̆𝗺 𝗫𝗲 𝗛𝘂̛ – 𝗖𝗼́ 𝗫𝗲 𝗞𝗵𝗮́𝗰 𝗗𝘂̀𝗻𝗴
✅ Đ𝗮̆𝗻𝗴 𝗞𝘆́ 𝗔𝗽𝗽 𝗫𝗮𝗻𝗵 𝗣𝗹𝗮𝘁𝗳𝗼𝗿𝗺 – 𝗧𝗮̣𝗶 𝗖𝗵𝗼̂̃
--------------------
🏠𝟮𝟴𝟴 𝗧𝗿𝘂̛𝗼̛̀𝗻𝗴 𝗖𝗵𝗶𝗻𝗵 - 𝗣𝗵ư𝗼̛̀𝗻𝗴 Đ𝗼̂𝗻𝗴 𝗛𝘂̛𝗻𝗴 𝗧𝗵𝘂𝗮̣̂𝗻 - 𝗛𝗖𝗠 (𝗤𝘂𝗮̣̂𝗻𝟭𝟮 𝗰𝘂̃)",2026,10000.0,Tp Hồ Chí Minh,Quận 12,"DatbikeS1 BSTP ĐK 2026 Chính Chủ 1 Lần sạc đi 285km
- Odo 10k hơn
- Óc tán 7 màu keng 
- Còn đủ phụ kiện theo xe 
- Bảo hành Datbike toàn quốc
⛔️ Nợ xấu đưa 5tr8 có LÃI SUẤT hoặc 24tr KO LÃI SUẤT
--------------------
✅ 𝗛𝗼̂̃ 𝗧𝗿𝗼̛̣ 𝗔𝗲 𝗟𝗲̂𝗻 𝗛𝗼̂̀ 𝗦𝗼̛ 𝗕𝗮𝗻𝗸 𝗡𝗵𝗮̣̂𝗻 𝗫𝗲 𝗩𝗮̀ 𝗖𝗮𝘃𝗲𝘁 𝗚𝗼̂́𝗰
✅ 𝗡𝗼̛̣ 𝗫𝗮̂́𝘂 – 𝗛𝗼̂̃ 𝗧𝗿𝗼̛̣ 𝟬 Đ𝗼̂̀𝗻𝗴 – 𝗞𝗵𝗼̂𝗻𝗴 𝗫𝗮́𝗰 𝗠𝗶𝗻𝗵
✅ 𝗡𝗼̛̣ 𝗫𝗮̂́𝘂 – 𝗛𝗼̂̃ 𝗧𝗿𝗼̛̣ Đ𝘂̛𝗮 𝟯𝟬% – 𝗞𝗵𝗼̂𝗻𝗴 𝗟𝗮̃𝗶
✅ Đ𝗼̂̉𝗶 𝗣𝗶𝗻 𝗞𝗵𝗼̂𝗻𝗴 𝗖𝗵𝗼̛̀ 𝗦𝗮̣c 𝗡𝗵𝗶𝗲̂̀𝘂 𝗖𝗵𝗶 𝗡𝗵𝗮́𝗻𝗵
✅ 𝗛ỗ 𝗧𝗿𝗼̛̣ 𝟮 𝗡𝗮̆𝗺 𝗫𝗲 𝗛𝘂̛ – 𝗖𝗼́ 𝗫𝗲 𝗞𝗵𝗮́𝗰 𝗗𝘂̀𝗻𝗴
✅ Đ𝗮̆𝗻𝗴 𝗞𝘆́ 𝗔𝗽𝗽 𝗫𝗮𝗻𝗵 𝗣𝗹𝗮𝘁𝗳𝗼𝗿𝗺 – 𝗧𝗮̣𝗶 𝗖𝗵𝗼̂̃
--------------------
🏠𝟮𝟴𝟴 𝗧𝗿𝘂̛𝗼̛̀𝗻𝗴 𝗖𝗵𝗶𝗻𝗵 - 𝗣𝗵ư𝗼̛̀𝗻𝗴 Đ𝗼̂𝗻𝗴 𝗛𝘂̛𝗻𝗴 𝗧𝗵𝘂𝗮̣̂𝗻 - 𝗛𝗖𝗠 (𝗤𝘂𝗮̣̂𝗻𝟭𝟮 𝗰𝘂̃)",Cần xác minh,Khác,Không phân loại,,
134620997,Xe máy điện Vespa Espero Classic 2022 Xanh ngọc,8400000,"Vespa Espero Classic 1. Đời cao 2022
Bình khoẻ. Đầy đủ giấy tờ
Ngoại hình đẹp như hình.
Giá hơn 8tr400

📍 Có thể xem xe và kiểm tra trực tiếp.
🏠 87 Máy tơ. Nam định
☎️ ***",2022,8000.0,Nam Định,Thành phố Nam Định,"Vespa Espero Classic 1. Đời cao 2022
Bình khoẻ. Đầy đủ giấy tờ
Ngoại hình đẹp như hình.
Giá hơn 8tr400

📍 Có thể xem xe và kiểm tra trực tiếp.
🏠 87 Máy tơ. Nam định
☎️ ***",Cần xác minh,Khác,Không phân loại,,
134434450,Xe đạp điện Yadea V1 Plus Đen,8500000,"Xe điện V1 Plus màu đen
- Kiểu dáng thời trang, dễ điều khiển.
- Động cơ êm ái.
- Pin bền bỉ, di chuyển quãng đường xa.",2025,1.0,Tp Hồ Chí Minh,Quận Tân Bình,"Xe điện V1 Plus màu đen
- Kiểu dáng thời trang, dễ điều khiển.
- Động cơ êm ái.
- Pin bền bỉ, di chuyển quãng đường xa.",Cần xác minh,Yadea,Yadea (Khác),9990000.0,14.9
134620393,Xe máy điện VinFast Vento Neo Trắng 9.000KM,29500000,"Vento Neo 9.000KM Cập Bến 😍😍😍

Giá..29.5Tr

☎️*** Minh Khờ",2025,9000.0,Tp Hồ Chí Minh,Quận Tân Phú,"Vento Neo 9.000KM Cập Bến 😍😍😍

Giá..29.5Tr

☎️*** Minh Khờ",Cần xác minh,VinFast,Vento,50000000.0,41.0
134620294,Vinfast Ludo Xe điện,6600000,Bán xe điện vinfast ludo acquy mới bảo hành 1 năm,2020,10.0,Hà Nội,Quận Tây Hồ,Bán xe điện vinfast ludo acquy mới bảo hành 1 năm,Cần xác minh,VinFast,Ludo,12900000.0,48.8
134620154,Xe máy điện VinFast Vento ABS Đen 7.000km,28800000,"Vento ABS lướt 7.000km
Chính chủ ký
-  Liền lạc đẹp keng
- 2 chìa 2 kính theo xe còn đủ
- Đã úp phuộc sau

Giá: 28tr8
☎️ ***",2025,7000.0,Tp Hồ Chí Minh,Quận 5,"Vento ABS lướt 7.000km
Chính chủ ký
-  Liền lạc đẹp keng
- 2 chìa 2 kính theo xe còn đủ
- Đã úp phuộc sau

Giá: 28tr8
☎️ ***",Cần xác minh,VinFast,Vento,50000000.0,42.4
134620115,Xe máy điện VinFast Vento Neo 2025 Trắng,29500000,"Khách lên đời để lại 
Vento neo siêu lướt
- Biển Tp chính chủ ký
- Pin 3.5, sạc 1000w đời mới 
- Liền lạc đẹp ken
- Góp đưa trước 30% nhận xe

Giá 29tr5
☎️***",2025,9000.0,Tp Hồ Chí Minh,Quận 5,"Khách lên đời để lại 
Vento neo siêu lướt
- Biển Tp chính chủ ký
- Pin 3.5, sạc 1000w đời mới 
- Liền lạc đẹp ken
- Góp đưa trước 30% nhận xe

Giá 29tr5
☎️***",Cần xác minh,VinFast,Vento,50000000.0,41.0
134620037,Xe máy điện Yadea Omee Trắng Ắc quy Graphene,14500000,"Xe máy điện Yadea Omee trắng, mới mua hơn 1 tuần, còn bảo hành hãng. 
 - Xe mới ra mắt 2026, thiết kế hiện đại. 
 - Pin ắc quy Graphene 48V22Ah, tốc độ tối đa 40km/h, công suất 400W. 
 - Phù hợp cho học sinh, sinh viên từ 16 tuổi trở lên hoặc người không có bằng lái. 
 - Giá 14.500.000 đồng.",2026,150.0,Tp Hồ Chí Minh,Thành phố Thủ Đức,"Xe máy điện Yadea Omee trắng, mới mua hơn 1 tuần, còn bảo hành hãng. 
 - Xe mới ra mắt 2026, thiết kế hiện đại. 
 - Pin ắc quy Graphene 48V22Ah, tốc độ tối đa 40km/h, công suất 400W. 
 - Phù hợp cho học sinh, sinh viên từ 16 tuổi trở lên hoặc người không có bằng lái. 
 - Giá 14.500.000 đồng.",Cần xác minh,Yadea,Yadea (Khác),9990000.0,-45.1
134599987,Xe điện Vespa Vision 2026 Xám Đã sử dụng,18500000,"Xe điện vision mới mua 2026 mới 98%

🔥🔥🔥 Siêu Phẩm Mới Về Ạ 🔥🔥🔥 

Vespa Siêu Siêu Lướt 2026

Xe Mới 95%, dk đầy đủ

SmartKey Zin
Xe Điện huy lâm Bán Rẻ 7tr So Với Mới 
Mà Lại Được Xe Như Mới Ạ 

📌 Ship Hàng TOÀN QUỐC - Nhanh chóng
---- 
📞 LH tư vấn miễn phí : ***( zalo / video call ) 
🕹️ Địa chỉ: 389 đội cấn-ba đình - Hà Nội. 
❇️ Cửa Hàng Xe Điện Huy Lâm",2026,5000.0,Hà Nội,Quận Ba Đình,"Xe điện vision mới mua 2026 mới 98%

🔥🔥🔥 Siêu Phẩm Mới Về Ạ 🔥🔥🔥 

Vespa Siêu Siêu Lướt 2026

Xe Mới 95%, dk đầy đủ

SmartKey Zin
Xe Điện huy lâm Bán Rẻ 7tr So Với Mới 
Mà Lại Được Xe Như Mới Ạ 

📌 Ship Hàng TOÀN QUỐC - Nhanh chóng
---- 
📞 LH tư vấn miễn phí : ***( zalo / video call ) 
🕹️ Địa chỉ: *** đội cấn-ba đình - Hà Nội. 
❇️ Cửa Hàng Xe Điện Huy Lâm",Kèm pin,Khác,Không phân loại,,
134619125,Xe máy điện VinFast Evo200 Lite Đen Việt Nam,20000000,"Trâu bò nhất dòng xe học sinh. Ko cần bằng lái. 
Evo200 lite biển SG.
Pin 3.5 kwh, trâu bò nhất nhà Vin. Tầm 100 - 140 km/sạc.
BH hãng đến 2028.
Biển SG, sang tên nhanh chóng.
20tr bao rút hồ sơ. 

Xe điện Z48
104 Đường số 1,kdc Cityland Center Hill, phường Hạnh Thông (t7 nghỉ)
***",2023,18000.0,Tp Hồ Chí Minh,Quận Gò Vấp,"Trâu bò nhất dòng xe học sinh. Ko cần bằng lái. 
Evo200 lite biển SG.
Pin 3.5 kwh, trâu bò nhất nhà Vin. Tầm 100 - 140 km/sạc.
BH hãng đến 2028.
Biển SG, sang tên nhanh chóng.
20tr bao rút hồ sơ. 

Xe điện Z48
*** Đường số 1,kdc Cityland Center Hill, phường Hạnh Thông (t7 nghỉ)
***",Cần xác minh,VinFast,Evo 200,18000000.0,-11.1
134618992,Vinfast Motio màu đỏ - Xe học sinh,8500000,"- Motio Vinfast.  Học sinh trên 16t đi ko cần bằng lái 
- 5 Bình acquy đi 50km/lần sạc 
- Chính chủ công chứng 
- Giá 8tr500k 
- Địa chỉ : 24/6. Đ.TL44. P.thạnh lộc. Q12",2025,10484.0,Tp Hồ Chí Minh,Quận 12,"- Motio Vinfast.  Học sinh trên 16t đi ko cần bằng lái 
- 5 Bình acquy đi 50km/lần sạc 
- Chính chủ công chứng 
- Giá 8tr500k 
- Địa chỉ : 24/6. Đ.TL44. P.thạnh lộc. Q12",Cần xác minh,Khác,Không phân loại,,
134618650,Xe máy điện VinFast Ludo/ Ko Bằng Lái (Cs2),8900000,"VinFast LuDo 50 / Pin / Không Bằng Lái
Trọng Lượng: 68Kg
Công Suất: 500w
Mua mới lúc trước 24.5 Triệu ( Pin Mua )
Năm SX : 2020
Xem Xe Tại CH2 Nguyễn Thông",2020,39000.0,Cần Thơ,Quận Bình Thuỷ,"VinFast LuDo 50 / Pin / Không Bằng Lái
Trọng Lượng: 68Kg
Công Suất: 500w
Mua mới lúc trước 24.5 Triệu ( Pin Mua )
Năm SX : 2020
Xem Xe Tại CH2 Nguyễn Thông",Cần xác minh,VinFast,Ludo,12900000.0,31.0
134602241,Xe Điện 3sGo - QuantumS1 BST 2025 Xanh 30k,35900000,"QuantumS1 BST9chù
- Đăng ký 2025
- Odo 30k
- Yên kimdang 
- Dàn áo keng ko trầy 98%
- Óc tán 7 màu keng 98%
- Còn đủ phụ kiện theo xe
❤️Xe keng 99% so với xe new 
⛔️ Nợ xấu đưa 8tr1 có LÃI SUẤT hoặc 19tr5 KO LÃI SUẤT
--------------------
✅ 𝗛𝗼̂̃ 𝗧𝗿𝗼̛̣ 𝗔𝗲 𝗟𝗲̂𝗻 𝗛𝗼̂̀ 𝗦𝗼̛ 𝗕𝗮𝗻𝗸 𝗡𝗵𝗮̣̂𝗻 𝗫𝗲 𝗩𝗮̀ 𝗖𝗮𝘃𝗲𝘁 𝗚𝗼̂́𝗰
✅ 𝗡𝗼̛̣ 𝗫𝗮̂́𝘂 – 𝗛𝗼̂̃ 𝗧𝗿𝗼̛̣ 𝟬 Đ𝗼̂̀𝗻𝗴 – 𝗞𝗵𝗼̂𝗻𝗴 𝗫𝗮́𝗰 𝗠𝗶𝗻𝗵
✅ 𝗡𝗼̛̣ 𝗫𝗮̂́𝘂 – 𝗛𝗼̂̃ 𝗧𝗿𝗼̛̣ Đ𝘂̛𝗮 𝟯𝟬% – 𝗞𝗵𝗼̂𝗻𝗴 𝗟𝗮̃𝗶
✅ Đ𝗼̂̉𝗶 𝗣𝗶𝗻 𝗞𝗵𝗼̂𝗻𝗴 𝗖𝗵𝗼̛̀ 𝗦𝗮̣c 𝗡𝗵𝗶𝗲̂̀𝘂 𝗖𝗵𝗶 𝗡𝗵𝗮́𝗻𝗵
✅ 𝗛ỗ 𝗧𝗿𝗼̛̣ 𝟮 𝗡𝗮̆𝗺 𝗫𝗲 𝗛𝘂̛ – 𝗖𝗼́ 𝗫𝗲 𝗞𝗵𝗮́𝗰 𝗗𝘂̀𝗻𝗴
✅ Đ𝗮̆𝗻𝗴 𝗞𝘆́ 𝗔𝗽𝗽 𝗫𝗮𝗻𝗵 𝗣𝗹𝗮𝘁𝗳𝗼𝗿𝗺 – 𝗧𝗮̣𝗶 𝗖𝗵𝗼̂̃
--------------------
🏠 𝟭𝟭𝟱 𝗣𝗵𝗮̣𝗺 𝗧𝗵𝗲̂́ 𝗛𝗶𝗲̂̉𝗻 - 𝗖𝗵𝗮́𝗻𝗵 𝗛𝘂̛𝗻𝗴 - 𝗛𝗖𝗠 ( 𝗤𝘂𝗮̣̂𝗻 𝟴 )
☎️ 𝗛𝗼𝘁𝗹𝗶𝗻𝗲 : *** - 𝗗𝗶𝗲̣̂𝘂",2025,30.0,Tp Hồ Chí Minh,Quận 8,"QuantumS1 BST9chù
- Đăng ký 2025
- Odo 30k
- Yên kimdang 
- Dàn áo keng ko trầy 98%
- Óc tán 7 màu keng 98%
- Còn đủ phụ kiện theo xe
❤️Xe keng 99% so với xe new 
⛔️ Nợ xấu đưa 8tr1 có LÃI SUẤT hoặc 19tr5 KO LÃI SUẤT
--------------------
✅ 𝗛𝗼̂̃ 𝗧𝗿𝗼̛̣ 𝗔𝗲 𝗟𝗲̂𝗻 𝗛𝗼̂̀ 𝗦𝗼̛ 𝗕𝗮𝗻𝗸 𝗡𝗵𝗮̣̂𝗻 𝗫𝗲 𝗩𝗮̀ 𝗖𝗮𝘃𝗲𝘁 𝗚𝗼̂́𝗰
✅ 𝗡𝗼̛̣ 𝗫𝗮̂́𝘂 – 𝗛𝗼̂̃ 𝗧𝗿𝗼̛̣ 𝟬 Đ𝗼̂̀𝗻𝗴 – 𝗞𝗵𝗼̂𝗻𝗴 𝗫𝗮́𝗰 𝗠𝗶𝗻𝗵
✅ 𝗡𝗼̛̣ 𝗫𝗮̂́𝘂 – 𝗛𝗼̂̃ 𝗧𝗿𝗼̛̣ Đ𝘂̛𝗮 𝟯𝟬% – 𝗞𝗵𝗼̂𝗻𝗴 𝗟𝗮̃𝗶
✅ Đ𝗼̂̉𝗶 𝗣𝗶𝗻 𝗞𝗵𝗼̂𝗻𝗴 𝗖𝗵𝗼̛̀ 𝗦𝗮̣c 𝗡𝗵𝗶𝗲̂̀𝘂 𝗖𝗵𝗶 𝗡𝗵𝗮́𝗻𝗵
✅ 𝗛ỗ 𝗧𝗿𝗼̛̣ 𝟮 𝗡𝗮̆𝗺 𝗫𝗲 𝗛𝘂̛ – 𝗖𝗼́ 𝗫𝗲 𝗞𝗵𝗮́𝗰 𝗗𝘂̀𝗻𝗴
✅ Đ𝗮̆𝗻𝗴 𝗞𝘆́ 𝗔𝗽𝗽 𝗫𝗮𝗻𝗵 𝗣𝗹𝗮𝘁𝗳𝗼𝗿𝗺 – 𝗧𝗮̣𝗶 𝗖𝗵𝗼̂̃
--------------------
🏠 𝟭𝟭𝟱 𝗣𝗵𝗮̣𝗺 𝗧𝗵𝗲̂́ 𝗛𝗶𝗲̂̉𝗻 - 𝗖𝗵𝗮́𝗻𝗵 𝗛𝘂̛𝗻𝗴 - 𝗛𝗖𝗠 ( 𝗤𝘂𝗮̣̂𝗻 𝟴 )
☎️ 𝗛𝗼𝘁𝗹𝗶𝗻𝗲 : *** - 𝗗𝗶𝗲̣̂𝘂",Cần xác minh,Khác,Không phân loại,,
134617456,Xe máy điện BEFORE ALL Latina VI 2.0 Trắng,12000000,"Xe máy điện mới mua được 3 tháng cần bán lại  hãng: BEFORE ALL
Dòng : latina vi 2.0 
Thiết kế theo kiểu dáng vespa 
Tốc độ tối đa 50km/h 
Pin chạy được 60km
Còn bảo hành 9 tháng
giá mua mới 18tr500 
bán lại 12tr000",2026,300.0,Đà Nẵng,Quận Ngũ Hành Sơn,"Xe máy điện mới mua được 3 tháng cần bán lại  hãng: BEFORE ALL
Dòng : latina vi 2.0 
Thiết kế theo kiểu dáng vespa 
Tốc độ tối đa 50km/h 
Pin chạy được 60km
Còn bảo hành 9 tháng
giá mua mới 18tr500 
bán lại 12tr000",Cần xác minh,Khác,Không phân loại,,
134617447,Xe máy điện DK Bike 2021,7900000,"Xe máy điện Soma SX không cần bằng lái btc 
1 lần sạc đi được 60km , tốc tối đa 46km giờ 
5 bình vừa thay mới còn bảo hành 1 năm 
Áo quần sạch sẽ không bể , full chức năng 
Giá : 7tr9 bình tân",2021,40000.0,Tp Hồ Chí Minh,Quận Bình Tân,"Xe máy điện Soma SX không cần bằng lái btc 
1 lần sạc đi được 60km , tốc tối đa 46km giờ 
5 bình vừa thay mới còn bảo hành 1 năm 
Áo quần sạch sẽ không bể , full chức năng 
Giá : 7tr9 bình tân",Cần xác minh,Khác,Không phân loại,,
134602534,Xe Điện 3sGo - EvoGrand Đen 14k km,22900000,"EvoGrand ĐK 4/2026 BST 9 chủ kí
- Odo 14k
- 2 pin mua theo xe
- Dàn áo keng ko trầy 98%
- Óc tán 7 màu keng 98%
- Còn đủ phụ kiện theo xe
❤️Xe keng 98% so với xe new 
⛔️ Nợ xấu đưa 0Đ có LÃI SUẤT hoặc 13tr KO LÃI SUẤT
--------------------
✅ 𝗛𝗼̂̃ 𝗧𝗿𝗼̛̣ 𝗔𝗲 𝗟𝗲̂𝗻 𝗛𝗼̂̀ 𝗦𝗼̛ 𝗕𝗮𝗻𝗸 𝗡𝗵𝗮̣̂𝗻 𝗫𝗲 𝗩𝗮̀ 𝗖𝗮𝘃𝗲𝘁 𝗚𝗼̂́𝗰
✅ 𝗡𝗼̛̣ 𝗫𝗮̂́𝘂 – 𝗛𝗼̂̃ 𝗧𝗿𝗼̛̣ 𝟬 Đ𝗼̂̀𝗻𝗴 – 𝗞𝗵𝗼̂𝗻𝗴 𝗫𝗮́𝗰 𝗠𝗶𝗻𝗵
✅ 𝗡𝗼̛̣ 𝗫𝗮̂́𝘂 – 𝗛𝗼̂̃ 𝗧𝗿𝗼̛̣ Đ𝘂̛𝗮 𝟯𝟬% – 𝗞𝗵𝗼̂𝗻𝗴 𝗟𝗮̃𝗶
✅ Đ𝗼̂̉𝗶 𝗣𝗶𝗻 𝗞𝗵𝗼̂𝗻𝗴 𝗖𝗵𝗼̛̀ 𝗦𝗮̣c 𝗡𝗵𝗶𝗲̂̀𝘂 𝗖𝗵𝗶 𝗡𝗵𝗮́𝗻𝗵
✅ 𝗛ỗ 𝗧𝗿𝗼̛̣ 𝟮 𝗡𝗮̆𝗺 𝗫𝗲 𝗛𝘂̛ – 𝗖𝗼́ 𝗫𝗲 𝗞𝗵𝗮́𝗰 𝗗𝘂̀𝗻𝗴
✅ Đ𝗮̆𝗻𝗴 𝗞𝘆́ 𝗔𝗽𝗽 𝗫𝗮𝗻𝗵 𝗣𝗹𝗮𝘁𝗳𝗼𝗿𝗺 – 𝗧𝗮̣𝗶 𝗖𝗵𝗼̂̃
--------------------
🏠 𝟭𝟭𝟱 𝗣𝗵𝗮̣𝗺 𝗧𝗵𝗲̂́ 𝗛𝗶𝗲̂̉𝗻 - 𝗖𝗵𝗮́𝗻𝗵 𝗛𝘂̛𝗻𝗴 - 𝗛𝗖𝗠 ( 𝗤𝘂𝗮̣̂𝗻 𝟴 )
☎️ 𝗛𝗼𝘁𝗹𝗶𝗻𝗲 : *** - 𝗗𝗶𝗲̣̂𝘂",2026,14000.0,Tp Hồ Chí Minh,Quận 8,"EvoGrand ĐK 4/2026 BST 9 chủ kí
- Odo 14k
- 2 pin mua theo xe
- Dàn áo keng ko trầy 98%
- Óc tán 7 màu keng 98%
- Còn đủ phụ kiện theo xe
❤️Xe keng 98% so với xe new 
⛔️ Nợ xấu đưa 0Đ có LÃI SUẤT hoặc 13tr KO LÃI SUẤT
--------------------
✅ 𝗛𝗼̂̃ 𝗧𝗿𝗼̛̣ 𝗔𝗲 𝗟𝗲̂𝗻 𝗛𝗼̂̀ 𝗦𝗼̛ 𝗕𝗮𝗻𝗸 𝗡𝗵𝗮̣̂𝗻 𝗫𝗲 𝗩𝗮̀ 𝗖𝗮𝘃𝗲𝘁 𝗚𝗼̂́𝗰
✅ 𝗡𝗼̛̣ 𝗫𝗮̂́𝘂 – 𝗛𝗼̂̃ 𝗧𝗿𝗼̛̣ 𝟬 Đ𝗼̂̀𝗻𝗴 – 𝗞𝗵𝗼̂𝗻𝗴 𝗫𝗮́𝗰 𝗠𝗶𝗻𝗵
✅ 𝗡𝗼̛̣ 𝗫𝗮̂́𝘂 – 𝗛𝗼̂̃ 𝗧𝗿𝗼̛̣ Đ𝘂̛𝗮 𝟯𝟬% – 𝗞𝗵𝗼̂𝗻𝗴 𝗟𝗮̃𝗶
✅ Đ𝗼̂̉𝗶 𝗣𝗶𝗻 𝗞𝗵𝗼̂𝗻𝗴 𝗖𝗵𝗼̛̀ 𝗦𝗮̣c 𝗡𝗵𝗶𝗲̂̀𝘂 𝗖𝗵𝗶 𝗡𝗵𝗮́𝗻𝗵
✅ 𝗛ỗ 𝗧𝗿𝗼̛̣ 𝟮 𝗡𝗮̆𝗺 𝗫𝗲 𝗛𝘂̛ – 𝗖𝗼́ 𝗫𝗲 𝗞𝗵𝗮́𝗰 𝗗𝘂̀𝗻𝗴
✅ Đ𝗮̆𝗻𝗴 𝗞𝘆́ 𝗔𝗽𝗽 𝗫𝗮𝗻𝗵 𝗣𝗹𝗮𝘁𝗳𝗼𝗿𝗺 – 𝗧𝗮̣𝗶 𝗖𝗵𝗼̂̃
--------------------
🏠 𝟭𝟭𝟱 𝗣𝗵𝗮̣𝗺 𝗧𝗵𝗲̂́ 𝗛𝗶𝗲̂̉𝗻 - 𝗖𝗵𝗮́𝗻𝗵 𝗛𝘂̛𝗻𝗴 - 𝗛𝗖𝗠 ( 𝗤𝘂𝗮̣̂𝗻 𝟴 )
☎️ 𝗛𝗼𝘁𝗹𝗶𝗻𝗲 : *** - 𝗗𝗶𝗲̣̂𝘂",Cần xác minh,Khác,Không phân loại,,
133873833,Xe máy điện SANTOSAR VS3 Xám 240W,12300000,"🏆🏆🏆 Hót Hót mẫu xe VS3 hottrend
🎈xe có thông số động cơ 240W, cho học sinh dưới 16t, cho mẹ đị chợ, cho chị em đi làm
📙Dòng xe có cốp rộng, chạy cực kỳ êm ái. Xe có giấy tờ đăng kiểm, hoá đơn đầy đủ ( đi đường không sợ công an), đặc biệt các em học sinh dứoi 16t chạy vẫn đúng quy định
💡xe được trang bị đèn led, thắng đĩa rất an toàn
🪫 chạy bình 48V30ah chính hãng an toàn không lo cháy nổ
🧾 bảo hành 12 tháng
💰giá 12",2026,,Tp Hồ Chí Minh,Thành phố Thủ Đức,"🏆🏆🏆 Hót Hót mẫu xe VS3 hottrend
🎈xe có thông số động cơ 240W, cho học sinh dưới 16t, cho mẹ đị chợ, cho chị em đi làm
📙Dòng xe có cốp rộng, chạy cực kỳ êm ái. Xe có giấy tờ đăng kiểm, hoá đơn đầy đủ ( đi đường không sợ công an), đặc biệt các em học sinh dứoi 16t chạy vẫn đúng quy định
💡xe được trang bị đèn led, thắng đĩa rất an toàn
🪫 chạy bình 48V30ah chính hãng an toàn không lo cháy nổ
🧾 bảo hành 12 tháng
💰giá 12",Cần xác minh,Khác,Không phân loại,,
134026009,Xe máy điện VinFast EVO 200 2024 Đen mờ 11000 km,20000000,"DƯ dùng bán lại chiếc xe máy điện VinFats EVO 200, màu đen mờ sản xuất 2024 , pin mua chạy 11 000km, pin sử dụng 100km mới sạc,xe luôn bảo dưỡng định kỳ tại hãng , bảo đảm xe còn sử dụng tốt,ngay chủ đứng tên bán, cam ơn anh chị đả xem tin.",2024,11000.0,Tp Hồ Chí Minh,Thành phố Thủ Đức,"DƯ dùng bán lại chiếc xe máy điện VinFats EVO 200, màu đen mờ sản xuất 2024 , pin mua chạy 11 000km, pin sử dụng 100km mới sạc,xe luôn bảo dưỡng định kỳ tại hãng , bảo đảm xe còn sử dụng tốt,ngay chủ đứng tên bán, cam ơn anh chị đả xem tin.",Cần xác minh,VinFast,Evo 200,18000000.0,-11.1
134563221,Xe điện V1  946 TỐT 90% CÒN SỔ BH,7900000,"XE MÁY ĐIỆN KONAXOAKA TỐT 90% CÒN SỔ BH

BÌNH SẠC ĐẦY ĐỦ
BẢO HÀNH DÀI HẠN
ZALO-GỌI TRỰC TIẾP ***
XE ĐẸP NHƯ HÌNH",2026,2000.0,Tp Hồ Chí Minh,Quận 1,"XE MÁY ĐIỆN KONAXOAKA TỐT 90% CÒN SỔ BH

BÌNH SẠC ĐẦY ĐỦ
BẢO HÀNH DÀI HẠN
ZALO-GỌI TRỰC TIẾP ***
XE ĐẸP NHƯ HÌNH",Cần xác minh,Khác,Không phân loại,,
134616801,Xe điện Sundiro Xám tím,6000000,"Cần bán xe điện như hình, xe chạy còn tốt, ngoại hình còn đẹp.",2026,5000.0,Tp Hồ Chí Minh,Quận 10,"Cần bán xe điện như hình, xe chạy còn tốt, ngoại hình còn đẹp.",Cần xác minh,Khác,Không phân loại,,
134602590,Xe Điên 3sGo - Evo200 2025 Trắng 10.000 km,21900000,"Evo200 ĐK 8/2025 Pin Mua BSTP
- Odo 10.000 Cây
- Dàn áo keng ko trầy 99%
- Óc tán 7 màu keng 99%
- Còn đủ phụ kiện theo xe
❤️Xe keng 99% so với xe new 
⛔️ Nợ xấu đưa 0Đ có LÃI SUẤT hoặc 12tr5 KO LÃI SUẤT
--------------------
✅ 𝗛𝗼̂̃ 𝗧𝗿𝗼̛̣ 𝗔𝗲 𝗟𝗲̂𝗻 𝗛𝗼̂̀ 𝗦𝗼̛ 𝗕𝗮𝗻𝗸 𝗡𝗵𝗮̣̂𝗻 𝗫𝗲 𝗩𝗮̀ 𝗖𝗮𝘃𝗲𝘁 𝗚𝗼̂́𝗰
✅ 𝗡𝗼̛̣ 𝗫𝗮̂́𝘂 – 𝗛𝗼̂̃ 𝗧𝗿𝗼̛̣ 𝟬 Đ𝗼̂̀𝗻𝗴 – 𝗞𝗵𝗼̂𝗻𝗴 𝗫𝗮́𝗰 𝗠𝗶𝗻𝗵
✅ 𝗡𝗼̛̣ 𝗫𝗮̂́𝘂 – 𝗛𝗼̂̃ 𝗧𝗿𝗼̛̣ Đ𝘂̛𝗮 𝟯𝟬% – 𝗞𝗵𝗼̂𝗻𝗴 𝗟𝗮̃𝗶
✅ Đ𝗼̂̉𝗶 𝗣𝗶𝗻 𝗞𝗵𝗼̂𝗻𝗴 𝗖𝗵𝗼̛̀ 𝗦𝗮̣c 𝗡𝗵𝗶𝗲̂̀𝘂 𝗖𝗵𝗶 𝗡𝗵𝗮́𝗻𝗵
✅ 𝗛ỗ 𝗧𝗿𝗼̛̣ 𝟮 𝗡𝗮̆𝗺 𝗫𝗲 𝗛𝘂̛ – 𝗖𝗼́ 𝗫𝗲 𝗞𝗵𝗮́𝗰 𝗗𝘂̀𝗻𝗴
✅ Đ𝗮̆𝗻𝗴 𝗞𝘆́ 𝗔𝗽𝗽 𝗫𝗮𝗻𝗵 𝗣𝗹𝗮𝘁𝗳𝗼𝗿𝗺 – 𝗧𝗮̣𝗶 𝗖𝗵𝗼̂̃
--------------------
🏠 𝟭𝟭𝟱 𝗣𝗵𝗮̣𝗺 𝗧𝗵𝗲̂́ 𝗛𝗶𝗲̂̉𝗻 - 𝗖𝗵𝗮́𝗻𝗵 𝗛𝘂̛𝗻𝗴 - 𝗛𝗖𝗠 ( 𝗤𝘂𝗮̣̂𝗻 𝟴 )
☎️ 𝗛𝗼𝘁𝗹𝗶𝗻𝗲 : *** - 𝗗𝗶𝗲̣̂𝘂",2025,10000.0,Tp Hồ Chí Minh,Quận 8,"Evo200 ĐK 8/2025 Pin Mua BSTP
- Odo 10.000 Cây
- Dàn áo keng ko trầy 99%
- Óc tán 7 màu keng 99%
- Còn đủ phụ kiện theo xe
❤️Xe keng 99% so với xe new 
⛔️ Nợ xấu đưa 0Đ có LÃI SUẤT hoặc 12tr5 KO LÃI SUẤT
--------------------
✅ 𝗛𝗼̂̃ 𝗧𝗿𝗼̛̣ 𝗔𝗲 𝗟𝗲̂𝗻 𝗛𝗼̂̀ 𝗦𝗼̛ 𝗕𝗮𝗻𝗸 𝗡𝗵𝗮̣̂𝗻 𝗫𝗲 𝗩𝗮̀ 𝗖𝗮𝘃𝗲𝘁 𝗚𝗼̂́𝗰
✅ 𝗡𝗼̛̣ 𝗫𝗮̂́𝘂 – 𝗛𝗼̂̃ 𝗧𝗿𝗼̛̣ 𝟬 Đ𝗼̂̀𝗻𝗴 – 𝗞𝗵𝗼̂𝗻𝗴 𝗫𝗮́𝗰 𝗠𝗶𝗻𝗵
✅ 𝗡𝗼̛̣ 𝗫𝗮̂́𝘂 – 𝗛𝗼̂̃ 𝗧𝗿𝗼̛̣ Đ𝘂̛𝗮 𝟯𝟬% – 𝗞𝗵𝗼̂𝗻𝗴 𝗟𝗮̃𝗶
✅ Đ𝗼̂̉𝗶 𝗣𝗶𝗻 𝗞𝗵𝗼̂𝗻𝗴 𝗖𝗵𝗼̛̀ 𝗦𝗮̣c 𝗡𝗵𝗶𝗲̂̀𝘂 𝗖𝗵𝗶 𝗡𝗵𝗮́𝗻𝗵
✅ 𝗛ỗ 𝗧𝗿𝗼̛̣ 𝟮 𝗡𝗮̆𝗺 𝗫𝗲 𝗛𝘂̛ – 𝗖𝗼́ 𝗫𝗲 𝗞𝗵𝗮́𝗰 𝗗𝘂̀𝗻𝗴
✅ Đ𝗮̆𝗻𝗴 𝗞𝘆́ 𝗔𝗽𝗽 𝗫𝗮𝗻𝗵 𝗣𝗹𝗮𝘁𝗳𝗼𝗿𝗺 – 𝗧𝗮̣𝗶 𝗖𝗵𝗼̂̃
--------------------
🏠 𝟭𝟭𝟱 𝗣𝗵𝗮̣𝗺 𝗧𝗵𝗲̂́ 𝗛𝗶𝗲̂̉𝗻 - 𝗖𝗵𝗮́𝗻𝗵 𝗛𝘂̛𝗻𝗴 - 𝗛𝗖𝗠 ( 𝗤𝘂𝗮̣̂𝗻 𝟴 )
☎️ 𝗛𝗼𝘁𝗹𝗶𝗻𝗲 : *** - 𝗗𝗶𝗲̣̂𝘂",Cần xác minh,VinFast,Evo 200,18000000.0,-21.7
133937642,Xe máy điện VinFast EVO GRAND Lite 2026 Trắng,19000000,a Ai cần liên hệ nhà ở Quận 12 thành phố Hồ Chí Minh cảm ơn xem như mới,2026,506.0,Tp Hồ Chí Minh,Quận 12,a Ai cần liên hệ nhà ở Quận 12 thành phố Hồ Chí Minh cảm ơn xem như mới,Cần xác minh,Khác,Không phân loại,,
134602453,Xe Điện 3sGo - DatBike Quantum S1 Đen,37900000,"QuantumS1 BSTP
- Odo không nói đâu
- Bảo Hành Pin 10 Năm 
- Sạc 1800w 
- Dàn áo keng ko trầy 98%
- Óc tán 7 màu keng 98%
- Còn đủ phụ kiện theo xe
❤️Xe keng 99% so với xe new 
⛔️ Nợ xấu đưa 3tr7 có LÃI SUẤT hoặc 16tr4 KO LÃI SUẤT
--------------------
✅ 𝗛𝗼̂̃ 𝗧𝗿𝗼̛̣ 𝗔𝗲 𝗟𝗲̂𝗻 𝗛𝗼̂̀ 𝗦𝗼̛ 𝗕𝗮𝗻𝗸 𝗡𝗵𝗮̣̂𝗻 𝗫𝗲 𝗩𝗮̀ 𝗖𝗮𝘃𝗲𝘁 𝗚𝗼̂́𝗰
✅ 𝗡𝗼̛̣ 𝗫𝗮̂́𝘂 – 𝗛𝗼̂̃ 𝗧𝗿𝗼̛̣ 𝟬 Đ𝗼̂̀𝗻𝗴 – 𝗞𝗵𝗼̂𝗻𝗴 𝗫𝗮́𝗰 𝗠𝗶𝗻𝗵
✅ 𝗡𝗼̛̣ 𝗫𝗮̂́𝘂 – 𝗛𝗼̂̃ 𝗧𝗿𝗼̛̣ Đ𝘂̛𝗮 𝟯𝟬% – 𝗞𝗵𝗼̂𝗻𝗴 𝗟𝗮̃𝗶
✅ Đ𝗼̂̉𝗶 𝗣𝗶𝗻 𝗞𝗵𝗼̂𝗻𝗴 𝗖𝗵𝗼̛̀ 𝗦𝗮̣c 𝗡𝗵𝗶𝗲̂̀𝘂 𝗖𝗵𝗶 𝗡𝗵𝗮́𝗻𝗵
✅ 𝗛ỗ 𝗧𝗿𝗼̛̣ 𝟮 𝗡𝗮̆𝗺 𝗫𝗲 𝗛𝘂̛ – 𝗖𝗼́ 𝗫𝗲 𝗞𝗵𝗮́𝗰 𝗗𝘂̀𝗻𝗴
✅ Đ𝗮̆𝗻𝗴 𝗞𝘆́ 𝗔𝗽𝗽 𝗫𝗮𝗻𝗵 𝗣𝗹𝗮𝘁𝗳𝗼𝗿𝗺 – 𝗧𝗮̣𝗶 𝗖𝗵𝗼̂̃
--------------------
🏠 𝟭𝟭𝟱 𝗣𝗵𝗮̣𝗺 𝗧𝗵𝗲̂́ 𝗛𝗶𝗲̂̉𝗻 - 𝗖𝗵𝗮́𝗻𝗵 𝗛𝘂̛𝗻𝗴 - 𝗛𝗖𝗠 ( 𝗤𝘂𝗮̣̂𝗻 𝟴 )
☎️ 𝗛𝗼𝘁𝗹𝗶𝗻𝗲 : *** - 𝗗𝗶𝗲̣̂𝘂",2026,0.0,Tp Hồ Chí Minh,Quận 8,"QuantumS1 BSTP
- Odo không nói đâu
- Bảo Hành Pin 10 Năm 
- Sạc 1800w 
- Dàn áo keng ko trầy 98%
- Óc tán 7 màu keng 98%
- Còn đủ phụ kiện theo xe
❤️Xe keng 99% so với xe new 
⛔️ Nợ xấu đưa 3tr7 có LÃI SUẤT hoặc 16tr4 KO LÃI SUẤT
--------------------
✅ 𝗛𝗼̂̃ 𝗧𝗿𝗼̛̣ 𝗔𝗲 𝗟𝗲̂𝗻 𝗛𝗼̂̀ 𝗦𝗼̛ 𝗕𝗮𝗻𝗸 𝗡𝗵𝗮̣̂𝗻 𝗫𝗲 𝗩𝗮̀ 𝗖𝗮𝘃𝗲𝘁 𝗚𝗼̂́𝗰
✅ 𝗡𝗼̛̣ 𝗫𝗮̂́𝘂 – 𝗛𝗼̂̃ 𝗧𝗿𝗼̛̣ 𝟬 Đ𝗼̂̀𝗻𝗴 – 𝗞𝗵𝗼̂𝗻𝗴 𝗫𝗮́𝗰 𝗠𝗶𝗻𝗵
✅ 𝗡𝗼̛̣ 𝗫𝗮̂́𝘂 – 𝗛𝗼̂̃ 𝗧𝗿𝗼̛̣ Đ𝘂̛𝗮 𝟯𝟬% – 𝗞𝗵𝗼̂𝗻𝗴 𝗟𝗮̃𝗶
✅ Đ𝗼̂̉𝗶 𝗣𝗶𝗻 𝗞𝗵𝗼̂𝗻𝗴 𝗖𝗵𝗼̛̀ 𝗦𝗮̣c 𝗡𝗵𝗶𝗲̂̀𝘂 𝗖𝗵𝗶 𝗡𝗵𝗮́𝗻𝗵
✅ 𝗛ỗ 𝗧𝗿𝗼̛̣ 𝟮 𝗡𝗮̆𝗺 𝗫𝗲 𝗛𝘂̛ – 𝗖𝗼́ 𝗫𝗲 𝗞𝗵𝗮́𝗰 𝗗𝘂̀𝗻𝗴
✅ Đ𝗮̆𝗻𝗴 𝗞𝘆́ 𝗔𝗽𝗽 𝗫𝗮𝗻𝗵 𝗣𝗹𝗮𝘁𝗳𝗼𝗿𝗺 – 𝗧𝗮̣𝗶 𝗖𝗵𝗼̂̃
--------------------
🏠 𝟭𝟭𝟱 𝗣𝗵𝗮̣𝗺 𝗧𝗵𝗲̂́ 𝗛𝗶𝗲̂̉𝗻 - 𝗖𝗵𝗮́𝗻𝗵 𝗛𝘂̛𝗻𝗴 - 𝗛𝗖𝗠 ( 𝗤𝘂𝗮̣̂𝗻 𝟴 )
☎️ 𝗛𝗼𝘁𝗹𝗶𝗻𝗲 : *** - 𝗗𝗶𝗲̣̂𝘂",Cần xác minh,Dat Bike,Quantum,34900000.0,-8.6
134031255,"Vinfast Klara Pin cầm,xe đẹp biển Sài Gòn",10800000,"🍓🍓🍓 Xe bà xã đi đã đổi Evo200 nên thanh lý lại người dùng.
Xe Vinfast Klara màu hồng (Xe đẹp lắm nữ tính)
☘️ Biển Số Sài Gòn 41MĐ- chạy không cần bằng
Pin zin mua  + Sạc Zin: sạc đầy 2-3 tiếng đi được 40-50km/1 lần
- Động cơ mới thay trước tết, xe chạy mượt pin cầm tốt 40-50km, đã thay đồng hồ hiện đại + đèn led 2 tầng
🍇 Chị em mua về đưa đón con hay đi chợ vòng vòng trãi nghiệm ok nhé
🍏Ưu tiên: Học Sinh-Sinh Viên, xe chạy không cần bằng lái
🍇🍇🍇 Xem xe tại địa chỉ
Đường DN5, Đông Hưng Thuận,TPHCM( KDC AN SƯƠNG)",2020,28000.0,Tp Hồ Chí Minh,Quận 12,"🍓🍓🍓 Xe bà xã đi đã đổi Evo200 nên thanh lý lại người dùng.
Xe Vinfast Klara màu hồng (Xe đẹp lắm nữ tính)
☘️ Biển Số Sài Gòn 41MĐ- chạy không cần bằng
Pin zin mua  + Sạc Zin: sạc đầy 2-3 tiếng đi được 40-50km/1 lần
- Động cơ mới thay trước tết, xe chạy mượt pin cầm tốt 40-50km, đã thay đồng hồ hiện đại + đèn led 2 tầng
🍇 Chị em mua về đưa đón con hay đi chợ vòng vòng trãi nghiệm ok nhé
🍏Ưu tiên: Học Sinh-Sinh Viên, xe chạy không cần bằng lái
🍇🍇🍇 Xem xe tại địa chỉ
Đường DN5, Đông Hưng Thuận,TPHCM( KDC AN SƯƠNG)",Kèm pin,VinFast,Klara,35000000.0,69.1
134623797,Xe Điện Xmen,5000000,Cần bán 5 triệu xe đầy đủ giấy tờ đăng ký,2026,10000.0,Hà Nội,Huyện Phú Xuyên,Cần bán 5 triệu xe đầy đủ giấy tờ đăng ký,Cần xác minh,Khác,Không phân loại,,
134160705,VinFast Feliz 2025 Xanh oliu - Chính chủ - BSTP,21500000,"🔥 FELIZ 2025 1 PIN – XANH OLIU – CHÍNH CHỦ
📌 Date T6/2026
📌 Odo 12.000 km
📌 BSTP - Chính chủ
📌 Chính chủ, ủy quyền, sang tên công chứng nhanh gọn
💰 Giá: 2x
-----------------------
💚 Xe Điện Lướt Sài Gòn – Chuyên mua bán xe máy điện đã qua sử dụng tại TP.HCM
✅ Có trả góp – Cà thẻ – Giao tận nhà
📍 118A Chiến Lược, P. Bình Trị Đông, TP.HCM",2025,12000.0,Tp Hồ Chí Minh,Quận Bình Tân,"🔥 FELIZ 2025 1 PIN – XANH OLIU – CHÍNH CHỦ
📌 Date T6/2026
📌 Odo 12.000 km
📌 BSTP - Chính chủ
📌 Chính chủ, ủy quyền, sang tên công chứng nhanh gọn
💰 Giá: 2x
-----------------------
💚 Xe Điện Lướt Sài Gòn – Chuyên mua bán xe máy điện đã qua sử dụng tại TP.HCM
✅ Có trả góp – Cà thẻ – Giao tận nhà
📍 118A Chiến Lược, P. Bình Trị Đông, TP.HCM",Cần xác minh,VinFast,Feliz,27000000.0,20.4
134537840,Xe máy điện Yadea thể thao Cam đen,7500000,"Xe máy điện màu cam đen, kiểu dáng thể thao, phù hợp cho cả nam và nữ. 
- Xe chính chủ, có thể ký giấy sang tên. 
- Thích hợp cho học sinh, sinh viên không cần bằng lái. 
- Xe đang sử dụng tốt.",2023,123.0,Tp Hồ Chí Minh,Quận 12,"Xe máy điện màu cam đen, kiểu dáng thể thao, phù hợp cho cả nam và nữ. 
- Xe chính chủ, có thể ký giấy sang tên. 
- Thích hợp cho học sinh, sinh viên không cần bằng lái. 
- Xe đang sử dụng tốt.",Cần xác minh,Yadea,Yadea (Khác),14990000.0,50.0
134623423,Xe điện VinFast Klara màu Đen,10000000,"Tôi có 1 xe điện vinfast Klara màu đen như hình muốn bán do không có nhu cầu sử dụng. Xe còn đi tốt, vẫn chạy bình thường, vỏ còn nguyên vẹn, ko va chạm hay trầy xước. Xe tôi đi ít nên giữ gìn rất cẩn thận.",2020,19903.0,Hà Nội,Quận Ba Đình,"Tôi có 1 xe điện vinfast Klara màu đen như hình muốn bán do không có nhu cầu sử dụng. Xe còn đi tốt, vẫn chạy bình thường, vỏ còn nguyên vẹn, ko va chạm hay trầy xước. Xe tôi đi ít nên giữ gìn rất cẩn thận.",Cần xác minh,VinFast,Klara,35000000.0,71.4
133934022,Vinfast Evo200 Vàng zin 100% chính chủ,21900000,"     
 ✅ Vinfast Evo200 siêu đẹp ko một vết trầy 2025 
✅ Xe chính chủ Bstp ký mua bán ủy quyền đều được nhé 
✅ Pin 3.5 mua đứt bảo hành 8 năm ,sạc đầy đi được 200km
✅ Giá bán : 21,9tr
✅ Dt : 
✅ Xem xe Q6, Ship toàn quốc
",2025,14000.0,Tp Hồ Chí Minh,Quận 6,"     
 ✅ Vinfast Evo200 siêu đẹp ko một vết trầy 2025 
✅ Xe chính chủ Bstp ký mua bán ủy quyền đều được nhé 
✅ Pin 3.5 mua đứt bảo hành 8 năm ,sạc đầy đi được 200km
✅ Giá bán : 21,9tr
✅ Dt : 
✅ Xem xe Q6, Ship toàn quốc
",Kèm pin,VinFast,Evo 200,18000000.0,-21.7
134623388,Xe máy điện VinFast Feliz Đen 14000 km,19500000,Xe odo 14 ngàn xe hoạt động bình thường không lỗi làm gì chỉ việc mua về là chạy không cần suy nghĩ gì hết,2026,14000.0,Đồng Nai,Huyện Xuân Lộc,Xe odo 14 ngàn xe hoạt động bình thường không lỗi làm gì chỉ việc mua về là chạy không cần suy nghĩ gì hết,Cần xác minh,VinFast,Feliz,27000000.0,27.8
134623383,Xe máy điện VinFast Feliz Trắng 300 km,26000000,Xe mới mua về không đi như mới odo mới 300km xe sẵn 2 pin chỉ việc mua về là chạy không khác gì xe mới đầy đủ phụ kiện,2026,300.0,Đồng Nai,Huyện Xuân Lộc,Xe mới mua về không đi như mới odo mới 300km xe sẵn 2 pin chỉ việc mua về là chạy không khác gì xe mới đầy đủ phụ kiện,Cần xác minh,VinFast,Feliz,27000000.0,3.7
134623365,Xe máy điện  2026 Hồng Đã sử dụng,9500000,Xe mới mua được 4 ngày không có nhu cầu đi nữa bán lại mới 99% kh vết trầy xe hoạt động bình thường không lỗi chỉ việc về cắm sạc là chạy,2026,10.0,Đồng Nai,Huyện Xuân Lộc,Xe mới mua được 4 ngày không có nhu cầu đi nữa bán lại mới 99% kh vết trầy xe hoạt động bình thường không lỗi chỉ việc về cắm sạc là chạy,Cần xác minh,Khác,Không phân loại,,
134596908,Quantum S1 2025 lướt đẹp,38500000,"Xe máy điện màu trắng, pin 100% cho quãng đường di chuyển xa. 
- Thiết kế hiện đại, trẻ trung. 
- Vận hành êm ái, tiết kiệm năng lượng. 
- Phù hợp di chuyển trong thành phố.",2025,10.0,Tp Hồ Chí Minh,Quận Bình Tân,"Xe máy điện màu trắng, pin 100% cho quãng đường di chuyển xa. 
- Thiết kế hiện đại, trẻ trung. 
- Vận hành êm ái, tiết kiệm năng lượng. 
- Phù hợp di chuyển trong thành phố.",Cần xác minh,Dat Bike,Quantum,34900000.0,-10.3
134509389,Xe máy điện VinFast Evo200 2025 Đen,20900000,"Evo200  - Bstp 9 Chủ ĐK 2025
- Dàn áo dán keng 98%
- Óc tán 7 màu keng 98%
- Còn đủ phụ kiện theo xe
❤️Xe keng 98% so với xe new 
⛔️ Nợ xấu đưa 0đ có LÃI SUẤT hoặc 11tr KO LÃI SUẤT
--------------------
✅ 𝗛𝗼̂̃ 𝗧𝗿𝗼̛̣ 𝗔𝗲 𝗟𝗲̂𝗻 𝗛𝗼̂̀ 𝗦𝗼̛ 𝗕𝗮𝗻𝗸 𝗡𝗵𝗮̣̂𝗻 𝗫𝗲 𝗩𝗮̀ 𝗖𝗮𝘃𝗲𝘁 𝗚𝗼̂́𝗰
✅ 𝗡𝗼̛̣ 𝗫𝗮̂́𝘂 – 𝗛𝗼̂̃ 𝗧𝗿𝗼̛̣ 𝟬 Đ𝗼̂̀𝗻𝗴 – 𝗞𝗵𝗼̂𝗻𝗴 𝗫𝗮́𝗰 𝗠𝗶𝗻𝗵
✅ 𝗡𝗼̛̣ 𝗫𝗮̂́𝘂 – 𝗛𝗼̂̃ 𝗧𝗿𝗼̛̣ Đ𝘂̛𝗮 𝟯𝟬% – 𝗞𝗵𝗼̂𝗻𝗴 𝗟𝗮̃𝗶
✅ Đ𝗼̂̉𝗶 𝗣𝗶𝗻 𝗞𝗵𝗼̂𝗻𝗴 𝗖𝗵𝗼̛̀ 𝗦𝗮̣c 𝗡𝗵𝗶𝗲̂̀𝘂 𝗖𝗵𝗶 𝗡𝗵𝗮́𝗻𝗵
✅ 𝗛ỗ 𝗧𝗿𝗼̛̣ 𝟮 𝗡𝗮̆𝗺 𝗫𝗲 𝗛𝘂̛ – 𝗖𝗼́ 𝗫𝗲 𝗞𝗵𝗮́𝗰 𝗗𝘂̀𝗻𝗴
✅ Đ𝗮̆𝗻𝗴 𝗞𝘆́ 𝗔𝗽𝗽 𝗫𝗮𝗻𝗵 𝗣𝗹𝗮𝘁𝗳𝗼𝗿𝗺 – 𝗧𝗮̣𝗶 𝗖𝗵𝗼̂̃
--------------------
🏠𝟮𝟴𝟴 𝗧𝗿𝘂̛𝗼̛̀𝗻𝗴 𝗖𝗵𝗶𝗻𝗵 - 𝗣𝗵ư𝗼̛̀𝗻𝗴 Đ𝗼̂𝗻𝗴 𝗛𝘂̛𝗻𝗴 𝗧𝗵𝘂𝗮̣̂𝗻 - 𝗛𝗖𝗠 (𝗤𝘂𝗮̣̂𝗻𝟭𝟮 𝗰𝘂̃)",2025,,Tp Hồ Chí Minh,Quận 12,"Evo200  - Bstp 9 Chủ ĐK 2025
- Dàn áo dán keng 98%
- Óc tán 7 màu keng 98%
- Còn đủ phụ kiện theo xe
❤️Xe keng 98% so với xe new 
⛔️ Nợ xấu đưa 0đ có LÃI SUẤT hoặc 11tr KO LÃI SUẤT
--------------------
✅ 𝗛𝗼̂̃ 𝗧𝗿𝗼̛̣ 𝗔𝗲 𝗟𝗲̂𝗻 𝗛𝗼̂̀ 𝗦𝗼̛ 𝗕𝗮𝗻𝗸 𝗡𝗵𝗮̣̂𝗻 𝗫𝗲 𝗩𝗮̀ 𝗖𝗮𝘃𝗲𝘁 𝗚𝗼̂́𝗰
✅ 𝗡𝗼̛̣ 𝗫𝗮̂́𝘂 – 𝗛𝗼̂̃ 𝗧𝗿𝗼̛̣ 𝟬 Đ𝗼̂̀𝗻𝗴 – 𝗞𝗵𝗼̂𝗻𝗴 𝗫𝗮́𝗰 𝗠𝗶𝗻𝗵
✅ 𝗡𝗼̛̣ 𝗫𝗮̂́𝘂 – 𝗛𝗼̂̃ 𝗧𝗿𝗼̛̣ Đ𝘂̛𝗮 𝟯𝟬% – 𝗞𝗵𝗼̂𝗻𝗴 𝗟𝗮̃𝗶
✅ Đ𝗼̂̉𝗶 𝗣𝗶𝗻 𝗞𝗵𝗼̂𝗻𝗴 𝗖𝗵𝗼̛̀ 𝗦𝗮̣c 𝗡𝗵𝗶𝗲̂̀𝘂 𝗖𝗵𝗶 𝗡𝗵𝗮́𝗻𝗵
✅ 𝗛ỗ 𝗧𝗿𝗼̛̣ 𝟮 𝗡𝗮̆𝗺 𝗫𝗲 𝗛𝘂̛ – 𝗖𝗼́ 𝗫𝗲 𝗞𝗵𝗮́𝗰 𝗗𝘂̀𝗻𝗴
✅ Đ𝗮̆𝗻𝗴 𝗞𝘆́ 𝗔𝗽𝗽 𝗫𝗮𝗻𝗵 𝗣𝗹𝗮𝘁𝗳𝗼𝗿𝗺 – 𝗧𝗮̣𝗶 𝗖𝗵𝗼̂̃
--------------------
🏠𝟮𝟴𝟴 𝗧𝗿𝘂̛𝗼̛̀𝗻𝗴 𝗖𝗵𝗶𝗻𝗵 - 𝗣𝗵ư𝗼̛̀𝗻𝗴 Đ𝗼̂𝗻𝗴 𝗛𝘂̛𝗻𝗴 𝗧𝗵𝘂𝗮̣̂𝗻 - 𝗛𝗖𝗠 (𝗤𝘂𝗮̣̂𝗻𝟭𝟮 𝗰𝘂̃)",Cần xác minh,VinFast,Evo 200,18000000.0,-16.1
134622598,Xe máy điện Quantum s1 2025 Đen,43000000,"Xe máy điện Quantum s1  màu đen, kiểu dáng hiện đại, vận hành êm ái. 
- Xe mới, ít sử dụng. 
- Thiết kế thời trang, phù hợp di chuyển trong phố. 
- Tiết kiệm năng lượng, thân thiện môi trường.
Năm 12.2025",2025,6000.0,Tp Hồ Chí Minh,Thành phố Thủ Đức,"Xe máy điện Quantum s1  màu đen, kiểu dáng hiện đại, vận hành êm ái. 
- Xe mới, ít sử dụng. 
- Thiết kế thời trang, phù hợp di chuyển trong phố. 
- Tiết kiệm năng lượng, thân thiện môi trường.
Năm 12.2025",Cần xác minh,Dat Bike,Quantum,34900000.0,-23.2
134558900,Xe Điện 3sGo - EvoMax BST 65 Trắng 8000 km,20900000,"EvoMax BST 65 Chính Chủ
- Odo 8k
- Sẵn 2 pin thuê
- Óc tán 7 màu keng 
- Còn đủ phụ kiện theo xe
- Bảo hành Vinfats toàn quốc
⛔️ Nợ xấu đưa 0đ có LÃI SUẤT hoặc 12tr KO LÃI SUẤT
--------------------
✅ 𝗛𝗼̂̃ 𝗧𝗿𝗼̛̣ 𝗔𝗲 𝗟𝗲̂𝗻 𝗛𝗼̂̀ 𝗦𝗼̛ 𝗕𝗮𝗻𝗸 𝗡𝗵𝗮̣̂𝗻 𝗫𝗲 𝗩𝗮̀ 𝗖𝗮𝘃𝗲𝘁 𝗚𝗼̂́𝗰
✅ 𝗡𝗼̛̣ 𝗫𝗮̂́𝘂 – 𝗛𝗼̂̃ 𝗧𝗿𝗼̛̣ 𝟬 Đ𝗼̂̀𝗻𝗴 – 𝗞𝗵𝗼̂𝗻𝗴 𝗫𝗮́𝗰 𝗠𝗶𝗻𝗵
✅ 𝗡𝗼̛̣ 𝗫𝗮̂́𝘂 – 𝗛𝗼̂̃ 𝗧𝗿𝗼̛̣ Đ𝘂̛𝗮 𝟯𝟬% – 𝗞𝗵𝗼̂𝗻𝗴 𝗟𝗮̃𝗶
✅ Đ𝗼̂̉𝗶 𝗣𝗶𝗻 𝗞𝗵𝗼̂𝗻𝗴 𝗖𝗵𝗼̛̀ 𝗦𝗮̣c 𝗡𝗵𝗶𝗲̂̀𝘂 𝗖𝗵𝗶 𝗡𝗵𝗮́𝗻𝗵
✅ 𝗛ỗ 𝗧𝗿𝗼̛̣ 𝟮 𝗡𝗮̆𝗺 𝗫𝗲 𝗛𝘂̛ – 𝗖𝗼́ 𝗫𝗲 𝗞𝗵𝗮́𝗰 𝗗𝘂̀𝗻𝗴
✅ Đ𝗮̆𝗻𝗴 𝗞𝘆́ 𝗔𝗽𝗽 𝗫𝗮𝗻𝗵 𝗣𝗹𝗮𝘁𝗳𝗼𝗿𝗺 – 𝗧𝗮̣𝗶 𝗖𝗵𝗼̂̃
--------------------
🏠𝟮𝟴𝟴 𝗧𝗿𝘂̛𝗼̛̀𝗻𝗴 𝗖𝗵𝗶𝗻𝗵 - 𝗣𝗵ư𝗼̛̀𝗻𝗴 Đ𝗼̂𝗻𝗴 𝗛𝘂̛𝗻𝗴 𝗧𝗵𝘂𝗮̣̂𝗻 - 𝗛𝗖𝗠 (𝗤𝘂𝗮̣̂𝗻𝟭𝟮 𝗰𝘂̃)",2026,8000.0,Tp Hồ Chí Minh,Quận 12,"EvoMax BST 65 Chính Chủ
- Odo 8k
- Sẵn 2 pin thuê
- Óc tán 7 màu keng 
- Còn đủ phụ kiện theo xe
- Bảo hành Vinfats toàn quốc
⛔️ Nợ xấu đưa 0đ có LÃI SUẤT hoặc 12tr KO LÃI SUẤT
--------------------
✅ 𝗛𝗼̂̃ 𝗧𝗿𝗼̛̣ 𝗔𝗲 𝗟𝗲̂𝗻 𝗛𝗼̂̀ 𝗦𝗼̛ 𝗕𝗮𝗻𝗸 𝗡𝗵𝗮̣̂𝗻 𝗫𝗲 𝗩𝗮̀ 𝗖𝗮𝘃𝗲𝘁 𝗚𝗼̂́𝗰
✅ 𝗡𝗼̛̣ 𝗫𝗮̂́𝘂 – 𝗛𝗼̂̃ 𝗧𝗿𝗼̛̣ 𝟬 Đ𝗼̂̀𝗻𝗴 – 𝗞𝗵𝗼̂𝗻𝗴 𝗫𝗮́𝗰 𝗠𝗶𝗻𝗵
✅ 𝗡𝗼̛̣ 𝗫𝗮̂́𝘂 – 𝗛𝗼̂̃ 𝗧𝗿𝗼̛̣ Đ𝘂̛𝗮 𝟯𝟬% – 𝗞𝗵𝗼̂𝗻𝗴 𝗟𝗮̃𝗶
✅ Đ𝗼̂̉𝗶 𝗣𝗶𝗻 𝗞𝗵𝗼̂𝗻𝗴 𝗖𝗵𝗼̛̀ 𝗦𝗮̣c 𝗡𝗵𝗶𝗲̂̀𝘂 𝗖𝗵𝗶 𝗡𝗵𝗮́𝗻𝗵
✅ 𝗛ỗ 𝗧𝗿𝗼̛̣ 𝟮 𝗡𝗮̆𝗺 𝗫𝗲 𝗛𝘂̛ – 𝗖𝗼́ 𝗫𝗲 𝗞𝗵𝗮́𝗰 𝗗𝘂̀𝗻𝗴
✅ Đ𝗮̆𝗻𝗴 𝗞𝘆́ 𝗔𝗽𝗽 𝗫𝗮𝗻𝗵 𝗣𝗹𝗮𝘁𝗳𝗼𝗿𝗺 – 𝗧𝗮̣𝗶 𝗖𝗵𝗼̂̃
--------------------
🏠𝟮𝟴𝟴 𝗧𝗿𝘂̛𝗼̛̀𝗻𝗴 𝗖𝗵𝗶𝗻𝗵 - 𝗣𝗵ư𝗼̛̀𝗻𝗴 Đ𝗼̂𝗻𝗴 𝗛𝘂̛𝗻𝗴 𝗧𝗵𝘂𝗮̣̂𝗻 - 𝗛𝗖𝗠 (𝗤𝘂𝗮̣̂𝗻𝟭𝟮 𝗰𝘂̃)",Cần xác minh,Khác,Không phân loại,,
134366874,"Xe máy điện Typer 2 Trắng, Cam đã sử dụng",7800000,"Typer 2 đi ít còn như mới bán nửa giá mới

🛵TRẺ TRUNG - PHONG CÁCH - NĂNG ĐỘNG 
✴️ thanh lý xe typer2 
💸💸 giá bán 7tr800
☑️ màu sắc trung tính, thời trang (bảo hành 6 tháng) 
☑️ máy móc nguyên zin, an toàn tiết kiệm điện , Xanh, sạch không ồn 
☎️ Zalo *** (free ship Hà Nội, hỗ trợ ship toàn quốc  )
🏠 389 đội cấn -Hà Nội",2025,10000.0,Hà Nội,Quận Ba Đình,"Typer 2 đi ít còn như mới bán nửa giá mới

🛵TRẺ TRUNG - PHONG CÁCH - NĂNG ĐỘNG 
✴️ thanh lý xe typer2 
💸💸 giá bán 7tr800
☑️ màu sắc trung tính, thời trang (bảo hành 6 tháng) 
☑️ máy móc nguyên zin, an toàn tiết kiệm điện , Xanh, sạch không ồn 
☎️ Zalo *** (free ship Hà Nội, hỗ trợ ship toàn quốc  )
🏠 *** đội cấn -Hà Nội",Kèm pin,Khác,Không phân loại,,
134508320,Xe Điện 3sGo - Datbike S1 2026 Đen 10000 km,44900000,"DatbikeS1 BSTP ĐK 2026 Chính Chủ 1 Lần sạc đi 285km
- Odo 10k hơn
- Óc tán 7 màu keng 
- Còn đủ phụ kiện theo xe 
- Bảo hành Datbike toàn quốc
⛔️ Nợ xấu đưa 5tr8 có LÃI SUẤT hoặc 23tr KO LÃI SUẤT
--------------------
✅ 𝗛𝗼̂̃ 𝗧𝗿𝗼̛̣ 𝗔𝗲 𝗟𝗲̂𝗻 𝗛𝗼̂̀ 𝗦𝗼̛ 𝗕𝗮𝗻𝗸 𝗡𝗵𝗮̣̂𝗻 𝗫𝗲 𝗩𝗮̀ 𝗖𝗮𝘃𝗲𝘁 𝗚𝗼̂́𝗰
✅ 𝗡𝗼̛̣ 𝗫𝗮̂́𝘂 – 𝗛𝗼̂̃ 𝗧𝗿𝗼̛̣ 𝟬 Đ𝗼̂̀𝗻𝗴 – 𝗞𝗵𝗼̂𝗻𝗴 𝗫𝗮́𝗰 𝗠𝗶𝗻𝗵
✅ 𝗡𝗼̛̣ 𝗫𝗮̂́𝘂 – 𝗛𝗼̂̃ 𝗧𝗿𝗼̛̣ Đ𝘂̛𝗮 𝟯𝟬% – 𝗞𝗵𝗼̂𝗻𝗴 𝗟𝗮̃𝗶
✅ Đ𝗼̂̉𝗶 𝗣𝗶𝗻 𝗞𝗵𝗼̂𝗻𝗴 𝗖𝗵𝗼̛̀ 𝗦𝗮̣c 𝗡𝗵𝗶𝗲̂̀𝘂 𝗖𝗵𝗶 𝗡𝗵𝗮́𝗻𝗵
✅ 𝗛ỗ 𝗧𝗿𝗼̛̣ 𝟮 𝗡𝗮̆𝗺 𝗫𝗲 𝗛𝘂̛ – 𝗖𝗼́ 𝗫𝗲 𝗞𝗵𝗮́𝗰 𝗗𝘂̀𝗻𝗴
✅ Đ𝗮̆𝗻𝗴 𝗞𝘆́ 𝗔𝗽𝗽 𝗫𝗮𝗻𝗵 𝗣𝗹𝗮𝘁𝗳𝗼𝗿𝗺 – 𝗧𝗮̣𝗶 𝗖𝗵𝗼̂̃
--------------------
🏠𝟮𝟴𝟴 𝗧𝗿𝘂̛𝗼̛̀𝗻𝗴 𝗖𝗵𝗶𝗻𝗵 - 𝗣𝗵ư𝗼̛̀𝗻𝗴 Đ𝗼̂𝗻𝗴 𝗛𝘂̛𝗻𝗴 𝗧𝗵𝘂𝗮̣̂𝗻 - 𝗛𝗖𝗠 (𝗤𝘂𝗮̣̂𝗻𝟭𝟮 𝗰𝘂̃)",2025,10000.0,Tp Hồ Chí Minh,Quận 12,"DatbikeS1 BSTP ĐK 2026 Chính Chủ 1 Lần sạc đi 285km
- Odo 10k hơn
- Óc tán 7 màu keng 
- Còn đủ phụ kiện theo xe 
- Bảo hành Datbike toàn quốc
⛔️ Nợ xấu đưa 5tr8 có LÃI SUẤT hoặc 23tr KO LÃI SUẤT
--------------------
✅ 𝗛𝗼̂̃ 𝗧𝗿𝗼̛̣ 𝗔𝗲 𝗟𝗲̂𝗻 𝗛𝗼̂̀ 𝗦𝗼̛ 𝗕𝗮𝗻𝗸 𝗡𝗵𝗮̣̂𝗻 𝗫𝗲 𝗩𝗮̀ 𝗖𝗮𝘃𝗲𝘁 𝗚𝗼̂́𝗰
✅ 𝗡𝗼̛̣ 𝗫𝗮̂́𝘂 – 𝗛𝗼̂̃ 𝗧𝗿𝗼̛̣ 𝟬 Đ𝗼̂̀𝗻𝗴 – 𝗞𝗵𝗼̂𝗻𝗴 𝗫𝗮́𝗰 𝗠𝗶𝗻𝗵
✅ 𝗡𝗼̛̣ 𝗫𝗮̂́𝘂 – 𝗛𝗼̂̃ 𝗧𝗿𝗼̛̣ Đ𝘂̛𝗮 𝟯𝟬% – 𝗞𝗵𝗼̂𝗻𝗴 𝗟𝗮̃𝗶
✅ Đ𝗼̂̉𝗶 𝗣𝗶𝗻 𝗞𝗵𝗼̂𝗻𝗴 𝗖𝗵𝗼̛̀ 𝗦𝗮̣c 𝗡𝗵𝗶𝗲̂̀𝘂 𝗖𝗵𝗶 𝗡𝗵𝗮́𝗻𝗵
✅ 𝗛ỗ 𝗧𝗿𝗼̛̣ 𝟮 𝗡𝗮̆𝗺 𝗫𝗲 𝗛𝘂̛ – 𝗖𝗼́ 𝗫𝗲 𝗞𝗵𝗮́𝗰 𝗗𝘂̀𝗻𝗴
✅ Đ𝗮̆𝗻𝗴 𝗞𝘆́ 𝗔𝗽𝗽 𝗫𝗮𝗻𝗵 𝗣𝗹𝗮𝘁𝗳𝗼𝗿𝗺 – 𝗧𝗮̣𝗶 𝗖𝗵𝗼̂̃
--------------------
🏠𝟮𝟴𝟴 𝗧𝗿𝘂̛𝗼̛̀𝗻𝗴 𝗖𝗵𝗶𝗻𝗵 - 𝗣𝗵ư𝗼̛̀𝗻𝗴 Đ𝗼̂𝗻𝗴 𝗛𝘂̛𝗻𝗴 𝗧𝗵𝘂𝗮̣̂𝗻 - 𝗛𝗖𝗠 (𝗤𝘂𝗮̣̂𝗻𝟭𝟮 𝗰𝘂̃)",Cần xác minh,Khác,Không phân loại,,
134197994,CỬA HÀNG THU MUA XE MÁY ĐIỆN CŨ,35999000,"⭐️ CỬA HÀNG PHẠM TUẤN XE ĐIỆN CŨ 
CHUYÊN THU MUA XE ĐIỆN CŨ - GIÁ CAO - BAO MỌI GIẤY TỜ LIÊN QUAN
📌 Địa chỉ: 244 Thoại Ngọc Hầu . Phú Thạnh , Q .Tân Phú . TP HCM.
⭐️ ĐỊNH GIÁ MIỄN PHÍ XE MÁY ⭐️

❤️ Chuyên Thu Mua Xe Điện Cũ với các dòng như sau, Giá Bao Thị Trường
( VINFAST . YADEA . DATBIKE . PEGA...)

Giá thu từ: 1tr - 99tr

Dịch vụ đặc biệt:
❤️ Bấm Giá Trong Vòng 30s Để Khách Hàng Tham Khảo Giá
❤️ Hỗ Trợ Mua Tận Nơi ( Sài Gòn và những chỗ lân cận)


😍😍😍 CẦN KẾT NỐI VỚI SHOWROOM CÁC HÃNG XE ĐIỆN NEW THU CŨ ĐỔI MỚI CHO KHÁCH HÀNG

code: #thumuaxe #26003663_1",2025,1.0,Tp Hồ Chí Minh,Quận Tân Phú,"⭐️ CỬA HÀNG PHẠM TUẤN XE ĐIỆN CŨ 
CHUYÊN THU MUA XE ĐIỆN CŨ - GIÁ CAO - BAO MỌI GIẤY TỜ LIÊN QUAN
📌 Địa chỉ: 244 Thoại Ngọc Hầu . Phú Thạnh , Q .Tân Phú . TP HCM.
⭐️ ĐỊNH GIÁ MIỄN PHÍ XE MÁY ⭐️

❤️ Chuyên Thu Mua Xe Điện Cũ với các dòng như sau, Giá Bao Thị Trường
( VINFAST . YADEA . DATBIKE . PEGA...)

Giá thu từ: 1tr - 99tr

Dịch vụ đặc biệt:
❤️ Bấm Giá Trong Vòng 30s Để Khách Hàng Tham Khảo Giá
❤️ Hỗ Trợ Mua Tận Nơi ( Sài Gòn và những chỗ lân cận)


😍😍😍 CẦN KẾT NỐI VỚI SHOWROOM CÁC HÃNG XE ĐIỆN NEW THU CŨ ĐỔI MỚI CHO KHÁCH HÀNG

code: #thumuaxe #26003663_1",Cần xác minh,Khác,Không phân loại,,
134558870,Xe Điện 3sGo - Feliz II Trắng 700km,25900000,"Feliz II BSTP Chính Chủ 
- Odo 700km
- 2pin (free thuê 2pin 1 năm)
- Óc tán 7 màu keng 
- Còn đủ phụ kiện theo xe 
- Bảo hành Vinfast toàn quốc
⛔️ Nợ xấu đưa 0đ có LÃI SUẤT hoặc 15tr KO LÃI SUẤT
--------------------
✅ 𝗛𝗼̂̃ 𝗧𝗿𝗼̛̣ 𝗔𝗲 𝗟𝗲̂𝗻 𝗛𝗼̂̀ 𝗦𝗼̛ 𝗕𝗮𝗻𝗸 𝗡𝗵𝗮̣̂𝗻 𝗫𝗲 𝗩𝗮̀ 𝗖𝗮𝘃𝗲𝘁 𝗚𝗼̂́𝗰
✅ 𝗡𝗼̛̣ 𝗫𝗮̂́𝘂 – 𝗛𝗼̂̃ 𝗧𝗿𝗼̛̣ 𝟬 Đ𝗼̂̀𝗻𝗴 – 𝗞𝗵𝗼̂𝗻𝗴 𝗫𝗮́𝗰 𝗠𝗶𝗻𝗵
✅ 𝗡𝗼̛̣ 𝗫𝗮̂́𝘂 – 𝗛𝗼̂̃ 𝗧𝗿𝗼̛̣ Đ𝘂̛𝗮 𝟯𝟬% – 𝗞𝗵𝗼̂𝗻𝗴 𝗟𝗮̃𝗶
✅ Đ𝗼̂̉𝗶 𝗣𝗶𝗻 𝗞𝗵𝗼̂𝗻𝗴 𝗖𝗵𝗼̛̀ 𝗦𝗮̣c 𝗡𝗵𝗶𝗲̂̀𝘂 𝗖𝗵𝗶 𝗡𝗵𝗮́𝗻𝗵
✅ 𝗛ỗ 𝗧𝗿𝗼̛̣ 𝟮 𝗡𝗮̆𝗺 𝗫𝗲 𝗛𝘂̛ – 𝗖𝗼́ 𝗫𝗲 𝗞𝗵𝗮́𝗰 𝗗𝘂̀𝗻𝗴
✅ Đ𝗮̆𝗻𝗴 𝗞𝘆́ 𝗔𝗽𝗽 𝗫𝗮𝗻𝗵 𝗣𝗹𝗮𝘁𝗳𝗼𝗿𝗺 – 𝗧𝗮̣𝗶 𝗖𝗵𝗼̂̃
--------------------
🏠𝟮𝟴𝟴 𝗧𝗿𝘂̛𝗼̛̀𝗻𝗴 𝗖𝗵𝗶𝗻𝗵 - 𝗣𝗵ư𝗼̛̀𝗻𝗴 Đ𝗼̂𝗻𝗴 𝗛𝘂̛𝗻𝗴 𝗧𝗵𝘂𝗮̣̂𝗻 - 𝗛𝗖𝗠 (𝗤𝘂𝗮̣̂𝗻𝟭𝟮 𝗰𝘂̃)",2026,700.0,Tp Hồ Chí Minh,Quận 12,"Feliz II BSTP Chính Chủ 
- Odo 700km
- 2pin (free thuê 2pin 1 năm)
- Óc tán 7 màu keng 
- Còn đủ phụ kiện theo xe 
- Bảo hành Vinfast toàn quốc
⛔️ Nợ xấu đưa 0đ có LÃI SUẤT hoặc 15tr KO LÃI SUẤT
--------------------
✅ 𝗛𝗼̂̃ 𝗧𝗿𝗼̛̣ 𝗔𝗲 𝗟𝗲̂𝗻 𝗛𝗼̂̀ 𝗦𝗼̛ 𝗕𝗮𝗻𝗸 𝗡𝗵𝗮̣̂𝗻 𝗫𝗲 𝗩𝗮̀ 𝗖𝗮𝘃𝗲𝘁 𝗚𝗼̂́𝗰
✅ 𝗡𝗼̛̣ 𝗫𝗮̂́𝘂 – 𝗛𝗼̂̃ 𝗧𝗿𝗼̛̣ 𝟬 Đ𝗼̂̀𝗻𝗴 – 𝗞𝗵𝗼̂𝗻𝗴 𝗫𝗮́𝗰 𝗠𝗶𝗻𝗵
✅ 𝗡𝗼̛̣ 𝗫𝗮̂́𝘂 – 𝗛𝗼̂̃ 𝗧𝗿𝗼̛̣ Đ𝘂̛𝗮 𝟯𝟬% – 𝗞𝗵𝗼̂𝗻𝗴 𝗟𝗮̃𝗶
✅ Đ𝗼̂̉𝗶 𝗣𝗶𝗻 𝗞𝗵𝗼̂𝗻𝗴 𝗖𝗵𝗼̛̀ 𝗦𝗮̣c 𝗡𝗵𝗶𝗲̂̀𝘂 𝗖𝗵𝗶 𝗡𝗵𝗮́𝗻𝗵
✅ 𝗛ỗ 𝗧𝗿𝗼̛̣ 𝟮 𝗡𝗮̆𝗺 𝗫𝗲 𝗛𝘂̛ – 𝗖𝗼́ 𝗫𝗲 𝗞𝗵𝗮́𝗰 𝗗𝘂̀𝗻𝗴
✅ Đ𝗮̆𝗻𝗴 𝗞𝘆́ 𝗔𝗽𝗽 𝗫𝗮𝗻𝗵 𝗣𝗹𝗮𝘁𝗳𝗼𝗿𝗺 – 𝗧𝗮̣𝗶 𝗖𝗵𝗼̂̃
--------------------
🏠𝟮𝟴𝟴 𝗧𝗿𝘂̛𝗼̛̀𝗻𝗴 𝗖𝗵𝗶𝗻𝗵 - 𝗣𝗵ư𝗼̛̀𝗻𝗴 Đ𝗼̂𝗻𝗴 𝗛𝘂̛𝗻𝗴 𝗧𝗵𝘂𝗮̣̂𝗻 - 𝗛𝗖𝗠 (𝗤𝘂𝗮̣̂𝗻𝟭𝟮 𝗰𝘂̃)",Cần xác minh,VinFast,Feliz,27000000.0,4.1
134621837,Xe máy điện Xmen 2019 Đen Việt Nam,4900000,"BÁN XE MÁY ĐIỆN cũ :  Xmen 
Giá:4tr900  bình khỏe 30/35km/1 lần sạc 
Đk 2019 biển số 74 
xe ở Cầu Vượt Sóng Thần  Qlộ 1A 
LH: ***
Có nhan đổi xe điện cũ các loại",2019,8978.0,Tp Hồ Chí Minh,Thành phố Thủ Đức,"BÁN XE MÁY ĐIỆN cũ :  Xmen 
Giá:4tr900  bình khỏe 30/35km/1 lần sạc 
Đk 2019 biển số 74 
xe ở Cầu Vượt Sóng Thần  Qlộ 1A 
LH: ***
Có nhan đổi xe điện cũ các loại",Cần xác minh,Khác,Không phân loại,,
134621834,Xe máy điện VinFast Vento Neo Trắng 9.000KM,29500000,"Vento Neo 9.000KM Cập Bến 😍😍😍

Giá..29.5Tr

☎️*** Em bi",2025,9000.0,Tp Hồ Chí Minh,Quận Tân Phú,"Vento Neo 9.000KM Cập Bến 😍😍😍

Giá..29.5Tr

☎️*** Em bi",Cần xác minh,VinFast,Vento,50000000.0,41.0
134621825,"VinFast Feliz Neo 2025 Xám 38,900km",28000000,"Feliz Ne***


- ODO : 38,900km
- Pin : 72v 105Ah . Quãng đường đi được từ 200km 1 lần sạc
- Ngoại hình : 95%
- Thủ tục mua bán : công chứng mua bán ra tên mới. Chủ xe hỗ trợ rút hồ sơ
- Năm đăng ký : 10/2025
- Giá bán :  28,000,000
- Có hỗ trợ trả góp, nợ xấu
- Có cho thuê xe, trao đổi mua bán xe, ký gửi xe",2025,38900.0,Tp Hồ Chí Minh,Quận Tân Bình,"Feliz Ne***


- ODO : 38,900km
- Pin : 72v 105Ah . Quãng đường đi được từ 200km 1 lần sạc
- Ngoại hình : 95%
- Thủ tục mua bán : công chứng mua bán ra tên mới. Chủ xe hỗ trợ rút hồ sơ
- Năm đăng ký : 10/2025
- Giá bán :  28,000,000
- Có hỗ trợ trả góp, nợ xấu
- Có cho thuê xe, trao đổi mua bán xe, ký gửi xe",Cần xác minh,VinFast,Feliz,27000000.0,-3.7
134621821,Xe điện gogo,5200000,"bán xe điện còn rất tốt nhập khẩu nguyên chiếc giá vừa tầm ai mua cho con đi hoc câp 3 đỡ đươc bao nhiêu tiền nhà nhiêu xe lên bán nhanh cho gọn
ai thiên chí mua hoăc nhăn tin nêu ko nghe may kip",2019,5252.0,Hải Phòng,Quận Ngô Quyền,"bán xe điện còn rất tốt nhập khẩu nguyên chiếc giá vừa tầm ai mua cho con đi hoc câp 3 đỡ đươc bao nhiêu tiền nhà nhiêu xe lên bán nhanh cho gọn
ai thiên chí mua hoăc nhăn tin nêu ko nghe may kip",Cần xác minh,Dibao,Gogo,14500000.0,64.1
134621813,Quantum S3 odo 10k xe đẹp ken biển sg,32500000,"Quantum s3 xe đẹp ken 9 chủ ký 
Có gop nợ xấu tay đôi",2025,10412.0,Tp Hồ Chí Minh,Quận Tân Phú,"Quantum s3 xe đẹp ken 9 chủ ký 
Có gop nợ xấu tay đôi",Cần xác minh,Dat Bike,Quantum,34900000.0,6.9
133165398,Xe máy điện VinFast Feliz 2 Trắng,17500000,"Xe máy điện VinFast Feliz 2 màu trắng, thiết kế hiện đại, phù hợp cho cả nam và nữ. 
- Xe vận hành êm ái, tiết kiệm năng lượng. 
- Trang bị nhiều tính năng thông minh. 
- Xe mới, ít sử dụng.
- chuyển nhượng hợp đồng thuê 2 pin vinfast 1,5kw
",2026,1589.0,Đồng Nai,Huyện Trảng Bom,"Xe máy điện VinFast Feliz 2 màu trắng, thiết kế hiện đại, phù hợp cho cả nam và nữ. 
- Xe vận hành êm ái, tiết kiệm năng lượng. 
- Trang bị nhiều tính năng thông minh. 
- Xe mới, ít sử dụng.
- chuyển nhượng hợp đồng thuê 2 pin vinfast 1,5kw
",Cần xác minh,VinFast,Feliz,27000000.0,35.2
134536690,Xe Điện 3sGo -  Evo200Lite 2025 Đen,22900000,"Evo200Lite  - Bstp 9 Chủ ĐK 2025
- 2 Chìa khoá đầy đủ
- Dàn áo dán keng 98%
- Óc tán 7 màu keng 98%
- Còn đủ phụ kiện theo xe
❤️Xe keng 98% so với xe new 
⛔️ Nợ xấu đưa 3tr2 có LÃI SUẤT hoặc 12tr KO LÃI SUẤT
--------------------
✅ 𝗛𝗼̂̃ 𝗧𝗿𝗼̛̣ 𝗔𝗲 𝗟𝗲̂𝗻 𝗛𝗼̂̀ 𝗦𝗼̛ 𝗕𝗮𝗻𝗸 𝗡𝗵𝗮̣̂𝗻 𝗫𝗲 𝗩𝗮̀ 𝗖𝗮𝘃𝗲𝘁 𝗚𝗼̂́𝗰
✅ 𝗡𝗼̛̣ 𝗫𝗮̂́𝘂 – 𝗛𝗼̂̃ 𝗧𝗿𝗼̛̣ 𝟬 Đ𝗼̂̀𝗻𝗴 – 𝗞𝗵𝗼̂𝗻𝗴 𝗫𝗮́𝗰 𝗠𝗶𝗻𝗵
✅ 𝗡𝗼̛̣ 𝗫𝗮̂́𝘂 – 𝗛𝗼̂̃ 𝗧𝗿𝗼̛̣ Đ𝘂̛𝗮 𝟯𝟬% – 𝗞𝗵𝗼̂𝗻𝗴 𝗟𝗮̃𝗶
✅ Đ𝗼̂̉𝗶 𝗣𝗶𝗻 𝗞𝗵𝗼̂𝗻𝗴 𝗖𝗵𝗼̛̀ 𝗦𝗮̣c 𝗡𝗵𝗶𝗲̂̀𝘂 𝗖𝗵𝗶 𝗡𝗵𝗮́𝗻𝗵
✅ 𝗛ỗ 𝗧𝗿𝗼̛̣ 𝟮 𝗡𝗮̆𝗺 𝗫𝗲 𝗛𝘂̛ – 𝗖𝗼́ 𝗫𝗲 𝗞𝗵𝗮́𝗰 𝗗𝘂̀𝗻𝗴
✅ Đ𝗮̆𝗻𝗴 𝗞𝘆́ 𝗔𝗽𝗽 𝗫𝗮𝗻𝗵 𝗣𝗹𝗮𝘁𝗳𝗼𝗿𝗺 – 𝗧𝗮̣𝗶 𝗖𝗵𝗼̂̃
--------------------
🏠𝟮𝟴𝟴 𝗧𝗿𝘂̛𝗼̛̀𝗻𝗴 𝗖𝗵𝗶𝗻𝗵 - 𝗣𝗵ư𝗼̛̀𝗻𝗴 Đ𝗼̂𝗻𝗴 𝗛𝘂̛𝗻𝗴 𝗧𝗵𝘂𝗮̣̂𝗻 - 𝗛𝗖𝗠 (𝗤𝘂𝗮̣̂𝗻𝟭𝟮 𝗰𝘂̃)",2025,,Tp Hồ Chí Minh,Quận 12,"Evo200Lite  - Bstp 9 Chủ ĐK 2025
- 2 Chìa khoá đầy đủ
- Dàn áo dán keng 98%
- Óc tán 7 màu keng 98%
- Còn đủ phụ kiện theo xe
❤️Xe keng 98% so với xe new 
⛔️ Nợ xấu đưa 3tr2 có LÃI SUẤT hoặc 12tr KO LÃI SUẤT
--------------------
✅ 𝗛𝗼̂̃ 𝗧𝗿𝗼̛̣ 𝗔𝗲 𝗟𝗲̂𝗻 𝗛𝗼̂̀ 𝗦𝗼̛ 𝗕𝗮𝗻𝗸 𝗡𝗵𝗮̣̂𝗻 𝗫𝗲 𝗩𝗮̀ 𝗖𝗮𝘃𝗲𝘁 𝗚𝗼̂́𝗰
✅ 𝗡𝗼̛̣ 𝗫𝗮̂́𝘂 – 𝗛𝗼̂̃ 𝗧𝗿𝗼̛̣ 𝟬 Đ𝗼̂̀𝗻𝗴 – 𝗞𝗵𝗼̂𝗻𝗴 𝗫𝗮́𝗰 𝗠𝗶𝗻𝗵
✅ 𝗡𝗼̛̣ 𝗫𝗮̂́𝘂 – 𝗛𝗼̂̃ 𝗧𝗿𝗼̛̣ Đ𝘂̛𝗮 𝟯𝟬% – 𝗞𝗵𝗼̂𝗻𝗴 𝗟𝗮̃𝗶
✅ Đ𝗼̂̉𝗶 𝗣𝗶𝗻 𝗞𝗵𝗼̂𝗻𝗴 𝗖𝗵𝗼̛̀ 𝗦𝗮̣c 𝗡𝗵𝗶𝗲̂̀𝘂 𝗖𝗵𝗶 𝗡𝗵𝗮́𝗻𝗵
✅ 𝗛ỗ 𝗧𝗿𝗼̛̣ 𝟮 𝗡𝗮̆𝗺 𝗫𝗲 𝗛𝘂̛ – 𝗖𝗼́ 𝗫𝗲 𝗞𝗵𝗮́𝗰 𝗗𝘂̀𝗻𝗴
✅ Đ𝗮̆𝗻𝗴 𝗞𝘆́ 𝗔𝗽𝗽 𝗫𝗮𝗻𝗵 𝗣𝗹𝗮𝘁𝗳𝗼𝗿𝗺 – 𝗧𝗮̣𝗶 𝗖𝗵𝗼̂̃
--------------------
🏠𝟮𝟴𝟴 𝗧𝗿𝘂̛𝗼̛̀𝗻𝗴 𝗖𝗵𝗶𝗻𝗵 - 𝗣𝗵ư𝗼̛̀𝗻𝗴 Đ𝗼̂𝗻𝗴 𝗛𝘂̛𝗻𝗴 𝗧𝗵𝘂𝗮̣̂𝗻 - 𝗛𝗖𝗠 (𝗤𝘂𝗮̣̂𝗻𝟭𝟮 𝗰𝘂̃)",Cần xác minh,Khác,Không phân loại,,
134621561,Xe máy điện VinFast Feliz 2025 Trắng 2 pin 2.4kW,25000000,"FELIZ 2025 – 2 PIN ZIN – GIÁ 25 TRIỆU 🔥
Biển số: 50AD-256.57

🛵 Feliz 2025 – xe đẹp, 2 pin zin, sẵn sàng chạy ngay!

✨ Thông tin xe:

📍 ODO: 10.000 km
🔋 2 pin 2.4kW zin hãng
💎 Ngoại hình: 95%
📅 Đăng ký: 12/2025
📄 Công chứng mua bán
💰 Giá bán: 25.000.000đ

💳 HỖ TRỢ TRẢ GÓP – HỖ TRỢ HỒ SƠ NỢ XẤU
🛵 Có cho thuê xe
🔄 Nhận trao đổi – mua bán xe
📦 Nhận ký gửi xe

🔥 Điểm đáng tiền: 2 pin zin + đời 2025 + giấy tờ mua bán rõ ràng. Mua về đi hằng ngày hoặc chạy dịch vụ đều tiện.

📩 Quan tâm inbox ngay – xe đẹp, giá tốt, chốt sớm kẻo hết!",2025,10000.0,Tp Hồ Chí Minh,Quận Tân Bình,"FELIZ 2025 – 2 PIN ZIN – GIÁ 25 TRIỆU 🔥
Biển số: 50AD-256.57

🛵 Feliz 2025 – xe đẹp, 2 pin zin, sẵn sàng chạy ngay!

✨ Thông tin xe:

📍 ODO: 10.000 km
🔋 2 pin 2.4kW zin hãng
💎 Ngoại hình: 95%
📅 Đăng ký: 12/2025
📄 Công chứng mua bán
💰 Giá bán: 25.000.000đ

💳 HỖ TRỢ TRẢ GÓP – HỖ TRỢ HỒ SƠ NỢ XẤU
🛵 Có cho thuê xe
🔄 Nhận trao đổi – mua bán xe
📦 Nhận ký gửi xe

🔥 Điểm đáng tiền: 2 pin zin + đời 2025 + giấy tờ mua bán rõ ràng. Mua về đi hằng ngày hoặc chạy dịch vụ đều tiện.

📩 Quan tâm inbox ngay – xe đẹp, giá tốt, chốt sớm kẻo hết!",Kèm pin,VinFast,Feliz,27000000.0,7.4
134621518,Xe máy điện VinFast Feliz Neo 2025 Xám 39000 km,20500000,"Feliz Neo màu xám BS : 50-AC 735.12


- ODO : 39000
- Pin : 1 Pin zin 67v 30Ah + 1 pin song song sàn chân 67v 30Ah . Quãng đường đi được từ 130 - 150km 1 lần sạc
- Ngoại hình : 90%
- Thủ tục mua bán : công chứng mua bán
- Năm đăng ký : 09/2025
- Giá bán :  20,500,000
- Có hỗ trợ trả góp, nợ xấu
- Có cho thuê xe, trao đổi mua bán xe, ký gửi xe",2025,39000.0,Tp Hồ Chí Minh,Quận Tân Bình,"Feliz Neo màu xám BS : 50-AC 735.12


- ODO : 39000
- Pin : 1 Pin zin 67v 30Ah + 1 pin song song sàn chân 67v 30Ah . Quãng đường đi được từ 130 - 150km 1 lần sạc
- Ngoại hình : 90%
- Thủ tục mua bán : công chứng mua bán
- Năm đăng ký : 09/2025
- Giá bán :  20,500,000
- Có hỗ trợ trả góp, nợ xấu
- Có cho thuê xe, trao đổi mua bán xe, ký gửi xe",Kèm pin,VinFast,Feliz,27000000.0,24.1
134506458,Xe Điện 3sGo - Flazz 2026 Trắng 900 km,15900000,"Flazz BSTP ĐK 2026 Chính Chủ 
- Odo 900 cây
- Đã mua 2 pin
- Óc tán 7 màu keng 
- Còn đủ phụ kiện theo xe
- Bảo hành Vinfast toàn quốc
#Giá_15tr9 - Nậu xớ đưa 2tr1 hoặc 5tr1
⛔️ Nợ xấu đưa 2tr1 có LÃI SUẤT hoặc 8tr KO LÃI SUẤT
--------------------
✅ 𝗛𝗼̂̃ 𝗧𝗿𝗼̛̣ 𝗔𝗲 𝗟𝗲̂𝗻 𝗛𝗼̂̀ 𝗦𝗼̛ 𝗕𝗮𝗻𝗸 𝗡𝗵𝗮̣̂𝗻 𝗫𝗲 𝗩𝗮̀ 𝗖𝗮𝘃𝗲𝘁 𝗚𝗼̂́𝗰
✅ 𝗡𝗼̛̣ 𝗫𝗮̂́𝘂 – 𝗛𝗼̂̃ 𝗧𝗿𝗼̛̣ 𝟬 Đ𝗼̂̀𝗻𝗴 – 𝗞𝗵𝗼̂𝗻𝗴 𝗫𝗮́𝗰 𝗠𝗶𝗻𝗵
✅ 𝗡𝗼̛̣ 𝗫𝗮̂́𝘂 – 𝗛𝗼̂̃ 𝗧𝗿𝗼̛̣ Đ𝘂̛𝗮 𝟯𝟬% – 𝗞𝗵𝗼̂𝗻𝗴 𝗟𝗮̃𝗶
✅ Đ𝗼̂̉𝗶 𝗣𝗶𝗻 𝗞𝗵𝗼̂𝗻𝗴 𝗖𝗵𝗼̛̀ 𝗦𝗮̣c 𝗡𝗵𝗶𝗲̂̀𝘂 𝗖𝗵𝗶 𝗡𝗵𝗮́𝗻𝗵
✅ 𝗛ỗ 𝗧𝗿𝗼̛̣ 𝟮 𝗡𝗮̆𝗺 𝗫𝗲 𝗛𝘂̛ – 𝗖𝗼́ 𝗫𝗲 𝗞𝗵𝗮́𝗰 𝗗𝘂̀𝗻𝗴
✅ Đ𝗮̆𝗻𝗴 𝗞𝘆́ 𝗔𝗽𝗽 𝗫𝗮𝗻𝗵 𝗣𝗹𝗮𝘁𝗳𝗼𝗿𝗺 – 𝗧𝗮̣𝗶 𝗖𝗵𝗼̂̃
--------------------
🏠𝟮𝟴𝟴 𝗧𝗿𝘂̛𝗼̛̀𝗻𝗴 𝗖𝗵𝗶𝗻𝗵 - 𝗣𝗵ư𝗼̛̀𝗻𝗴 Đ𝗼̂𝗻𝗴 𝗛𝘂̛𝗻𝗴 𝗧𝗵𝘂𝗮̣̂𝗻 - 𝗛𝗖𝗠 (𝗤𝘂𝗮̣̂𝗻𝟭𝟮 𝗰𝘂̃)",2026,900.0,Tp Hồ Chí Minh,Quận 12,"Flazz BSTP ĐK 2026 Chính Chủ 
- Odo 900 cây
- Đã mua 2 pin
- Óc tán 7 màu keng 
- Còn đủ phụ kiện theo xe
- Bảo hành Vinfast toàn quốc
#Giá_15tr9 - Nậu xớ đưa 2tr1 hoặc 5tr1
⛔️ Nợ xấu đưa 2tr1 có LÃI SUẤT hoặc 8tr KO LÃI SUẤT
--------------------
✅ 𝗛𝗼̂̃ 𝗧𝗿𝗼̛̣ 𝗔𝗲 𝗟𝗲̂𝗻 𝗛𝗼̂̀ 𝗦𝗼̛ 𝗕𝗮𝗻𝗸 𝗡𝗵𝗮̣̂𝗻 𝗫𝗲 𝗩𝗮̀ 𝗖𝗮𝘃𝗲𝘁 𝗚𝗼̂́𝗰
✅ 𝗡𝗼̛̣ 𝗫𝗮̂́𝘂 – 𝗛𝗼̂̃ 𝗧𝗿𝗼̛̣ 𝟬 Đ𝗼̂̀𝗻𝗴 – 𝗞𝗵𝗼̂𝗻𝗴 𝗫𝗮́𝗰 𝗠𝗶𝗻𝗵
✅ 𝗡𝗼̛̣ 𝗫𝗮̂́𝘂 – 𝗛𝗼̂̃ 𝗧𝗿𝗼̛̣ Đ𝘂̛𝗮 𝟯𝟬% – 𝗞𝗵𝗼̂𝗻𝗴 𝗟𝗮̃𝗶
✅ Đ𝗼̂̉𝗶 𝗣𝗶𝗻 𝗞𝗵𝗼̂𝗻𝗴 𝗖𝗵𝗼̛̀ 𝗦𝗮̣c 𝗡𝗵𝗶𝗲̂̀𝘂 𝗖𝗵𝗶 𝗡𝗵𝗮́𝗻𝗵
✅ 𝗛ỗ 𝗧𝗿𝗼̛̣ 𝟮 𝗡𝗮̆𝗺 𝗫𝗲 𝗛𝘂̛ – 𝗖𝗼́ 𝗫𝗲 𝗞𝗵𝗮́𝗰 𝗗𝘂̀𝗻𝗴
✅ Đ𝗮̆𝗻𝗴 𝗞𝘆́ 𝗔𝗽𝗽 𝗫𝗮𝗻𝗵 𝗣𝗹𝗮𝘁𝗳𝗼𝗿𝗺 – 𝗧𝗮̣𝗶 𝗖𝗵𝗼̂̃
--------------------
🏠𝟮𝟴𝟴 𝗧𝗿𝘂̛𝗼̛̀𝗻𝗴 𝗖𝗵𝗶𝗻𝗵 - 𝗣𝗵ư𝗼̛̀𝗻𝗴 Đ𝗼̂𝗻𝗴 𝗛𝘂̛𝗻𝗴 𝗧𝗵𝘂𝗮̣̂𝗻 - 𝗛𝗖𝗠 (𝗤𝘂𝗮̣̂𝗻𝟭𝟮 𝗰𝘂̃)",Cần xác minh,Khác,Không phân loại,,
134555510,Xe Điện 3sGo - Datbike S1 Đen 10.000 km,44900000,"DatbikeS1 BSTP ĐK 2026 Chính Chủ 1 Lần sạc đi 285km
- Odo 10k hơn
- Óc tán 7 màu keng 
- Còn đủ phụ kiện theo xe 
- Bảo hành Datbike toàn quốc
⛔️ Nợ xấu đưa 5tr8 có LÃI SUẤT hoặc 24tr KO LÃI SUẤT
--------------------
✅ 𝗛𝗼̂̃ 𝗧𝗿𝗼̛̣ 𝗔𝗲 𝗟𝗲̂𝗻 𝗛𝗼̂̀ 𝗦𝗼̛ 𝗕𝗮𝗻𝗸 𝗡𝗵𝗮̣̂𝗻 𝗫𝗲 𝗩𝗮̀ 𝗖𝗮𝘃𝗲𝘁 𝗚𝗼̂́𝗰
✅ 𝗡𝗼̛̣ 𝗫𝗮̂́𝘂 – 𝗛𝗼̂̃ 𝗧𝗿𝗼̛̣ 𝟬 Đ𝗼̂̀𝗻𝗴 – 𝗞𝗵𝗼̂𝗻𝗴 𝗫𝗮́𝗰 𝗠𝗶𝗻𝗵
✅ 𝗡𝗼̛̣ 𝗫𝗮̂́𝘂 – 𝗛𝗼̂̃ 𝗧𝗿𝗼̛̣ Đ𝘂̛𝗮 𝟯𝟬% – 𝗞𝗵𝗼̂𝗻𝗴 𝗟𝗮̃𝗶
✅ Đ𝗼̂̉𝗶 𝗣𝗶𝗻 𝗞𝗵𝗼̂𝗻𝗴 𝗖𝗵𝗼̛̀ 𝗦𝗮̣c 𝗡𝗵𝗶𝗲̂̀𝘂 𝗖𝗵𝗶 𝗡𝗵𝗮́𝗻𝗵
✅ 𝗛ỗ 𝗧𝗿𝗼̛̣ 𝟮 𝗡𝗮̆𝗺 𝗫𝗲 𝗛𝘂̛ – 𝗖𝗼́ 𝗫𝗲 𝗞𝗵𝗮́𝗰 𝗗𝘂̀𝗻𝗴
✅ Đ𝗮̆𝗻𝗴 𝗞𝘆́ 𝗔𝗽𝗽 𝗫𝗮𝗻𝗵 𝗣𝗹𝗮𝘁𝗳𝗼𝗿𝗺 – 𝗧𝗮̣𝗶 𝗖𝗵𝗼̂̃
--------------------
🏠𝟮𝟴𝟴 𝗧𝗿𝘂̛𝗼̛̀𝗻𝗴 𝗖𝗵𝗶𝗻𝗵 - 𝗣𝗵ư𝗼̛̀𝗻𝗴 Đ𝗼̂𝗻𝗴 𝗛𝘂̛𝗻𝗴 𝗧𝗵𝘂𝗮̣̂𝗻 - 𝗛𝗖𝗠 (𝗤𝘂𝗮̣̂𝗻𝟭𝟮 𝗰𝘂̃)",2026,10000.0,Tp Hồ Chí Minh,Quận 12,"DatbikeS1 BSTP ĐK 2026 Chính Chủ 1 Lần sạc đi 285km
- Odo 10k hơn
- Óc tán 7 màu keng 
- Còn đủ phụ kiện theo xe 
- Bảo hành Datbike toàn quốc
⛔️ Nợ xấu đưa 5tr8 có LÃI SUẤT hoặc 24tr KO LÃI SUẤT
--------------------
✅ 𝗛𝗼̂̃ 𝗧𝗿𝗼̛̣ 𝗔𝗲 𝗟𝗲̂𝗻 𝗛𝗼̂̀ 𝗦𝗼̛ 𝗕𝗮𝗻𝗸 𝗡𝗵𝗮̣̂𝗻 𝗫𝗲 𝗩𝗮̀ 𝗖𝗮𝘃𝗲𝘁 𝗚𝗼̂́𝗰
✅ 𝗡𝗼̛̣ 𝗫𝗮̂́𝘂 – 𝗛𝗼̂̃ 𝗧𝗿𝗼̛̣ 𝟬 Đ𝗼̂̀𝗻𝗴 – 𝗞𝗵𝗼̂𝗻𝗴 𝗫𝗮́𝗰 𝗠𝗶𝗻𝗵
✅ 𝗡𝗼̛̣ 𝗫𝗮̂́𝘂 – 𝗛𝗼̂̃ 𝗧𝗿𝗼̛̣ Đ𝘂̛𝗮 𝟯𝟬% – 𝗞𝗵𝗼̂𝗻𝗴 𝗟𝗮̃𝗶
✅ Đ𝗼̂̉𝗶 𝗣𝗶𝗻 𝗞𝗵𝗼̂𝗻𝗴 𝗖𝗵𝗼̛̀ 𝗦𝗮̣c 𝗡𝗵𝗶𝗲̂̀𝘂 𝗖𝗵𝗶 𝗡𝗵𝗮́𝗻𝗵
✅ 𝗛ỗ 𝗧𝗿𝗼̛̣ 𝟮 𝗡𝗮̆𝗺 𝗫𝗲 𝗛𝘂̛ – 𝗖𝗼́ 𝗫𝗲 𝗞𝗵𝗮́𝗰 𝗗𝘂̀𝗻𝗴
✅ Đ𝗮̆𝗻𝗴 𝗞𝘆́ 𝗔𝗽𝗽 𝗫𝗮𝗻𝗵 𝗣𝗹𝗮𝘁𝗳𝗼𝗿𝗺 – 𝗧𝗮̣𝗶 𝗖𝗵𝗼̂̃
--------------------
🏠𝟮𝟴𝟴 𝗧𝗿𝘂̛𝗼̛̀𝗻𝗴 𝗖𝗵𝗶𝗻𝗵 - 𝗣𝗵ư𝗼̛̀𝗻𝗴 Đ𝗼̂𝗻𝗴 𝗛𝘂̛𝗻𝗴 𝗧𝗵𝘂𝗮̣̂𝗻 - 𝗛𝗖𝗠 (𝗤𝘂𝗮̣̂𝗻𝟭𝟮 𝗰𝘂̃)",Cần xác minh,Khác,Không phân loại,,
134620997,Xe máy điện Vespa Espero Classic 2022 Xanh ngọc,8400000,"Vespa Espero Classic 1. Đời cao 2022
Bình khoẻ. Đầy đủ giấy tờ
Ngoại hình đẹp như hình.
Giá hơn 8tr400

📍 Có thể xem xe và kiểm tra trực tiếp.
🏠 87 Máy tơ. Nam định
☎️ ***",2022,8000.0,Nam Định,Thành phố Nam Định,"Vespa Espero Classic 1. Đời cao 2022
Bình khoẻ. Đầy đủ giấy tờ
Ngoại hình đẹp như hình.
Giá hơn 8tr400

📍 Có thể xem xe và kiểm tra trực tiếp.
🏠 87 Máy tơ. Nam định
☎️ ***",Cần xác minh,Khác,Không phân loại,,
134434450,Xe đạp điện Yadea V1 Plus Đen,8500000,"Xe điện V1 Plus màu đen
- Kiểu dáng thời trang, dễ điều khiển.
- Động cơ êm ái.
- Pin bền bỉ, di chuyển quãng đường xa.",2025,1.0,Tp Hồ Chí Minh,Quận Tân Bình,"Xe điện V1 Plus màu đen
- Kiểu dáng thời trang, dễ điều khiển.
- Động cơ êm ái.
- Pin bền bỉ, di chuyển quãng đường xa.",Cần xác minh,Yadea,Yadea (Khác),9990000.0,14.9
134620393,Xe máy điện VinFast Vento Neo Trắng 9.000KM,29500000,"Vento Neo 9.000KM Cập Bến 😍😍😍

Giá..29.5Tr

☎️*** Minh Khờ",2025,9000.0,Tp Hồ Chí Minh,Quận Tân Phú,"Vento Neo 9.000KM Cập Bến 😍😍😍

Giá..29.5Tr

☎️*** Minh Khờ",Cần xác minh,VinFast,Vento,50000000.0,41.0
134620294,Vinfast Ludo Xe điện,6600000,Bán xe điện vinfast ludo acquy mới bảo hành 1 năm,2020,10.0,Hà Nội,Quận Tây Hồ,Bán xe điện vinfast ludo acquy mới bảo hành 1 năm,Cần xác minh,VinFast,Ludo,12900000.0,48.8
134620154,Xe máy điện VinFast Vento ABS Đen 7.000km,28800000,"Vento ABS lướt 7.000km
Chính chủ ký
-  Liền lạc đẹp keng
- 2 chìa 2 kính theo xe còn đủ
- Đã úp phuộc sau

Giá: 28tr8
☎️ ***",2025,7000.0,Tp Hồ Chí Minh,Quận 5,"Vento ABS lướt 7.000km
Chính chủ ký
-  Liền lạc đẹp keng
- 2 chìa 2 kính theo xe còn đủ
- Đã úp phuộc sau

Giá: 28tr8
☎️ ***",Cần xác minh,VinFast,Vento,50000000.0,42.4
134620115,Xe máy điện VinFast Vento Neo 2025 Trắng,29500000,"Khách lên đời để lại 
Vento neo siêu lướt
- Biển Tp chính chủ ký
- Pin 3.5, sạc 1000w đời mới 
- Liền lạc đẹp ken
- Góp đưa trước 30% nhận xe

Giá 29tr5
☎️***",2025,9000.0,Tp Hồ Chí Minh,Quận 5,"Khách lên đời để lại 
Vento neo siêu lướt
- Biển Tp chính chủ ký
- Pin 3.5, sạc 1000w đời mới 
- Liền lạc đẹp ken
- Góp đưa trước 30% nhận xe

Giá 29tr5
☎️***",Cần xác minh,VinFast,Vento,50000000.0,41.0
134620037,Xe máy điện Yadea Omee Trắng Ắc quy Graphene,14500000,"Xe máy điện Yadea Omee trắng, mới mua hơn 1 tuần, còn bảo hành hãng. 
 - Xe mới ra mắt 2026, thiết kế hiện đại. 
 - Pin ắc quy Graphene 48V22Ah, tốc độ tối đa 40km/h, công suất 400W. 
 - Phù hợp cho học sinh, sinh viên từ 16 tuổi trở lên hoặc người không có bằng lái. 
 - Giá 14.500.000 đồng.",2026,150.0,Tp Hồ Chí Minh,Thành phố Thủ Đức,"Xe máy điện Yadea Omee trắng, mới mua hơn 1 tuần, còn bảo hành hãng. 
 - Xe mới ra mắt 2026, thiết kế hiện đại. 
 - Pin ắc quy Graphene 48V22Ah, tốc độ tối đa 40km/h, công suất 400W. 
 - Phù hợp cho học sinh, sinh viên từ 16 tuổi trở lên hoặc người không có bằng lái. 
 - Giá 14.500.000 đồng.",Cần xác minh,Yadea,Yadea (Khác),9990000.0,-45.1
134599987,Xe điện Vespa Vision 2026 Xám Đã sử dụng,18500000,"Xe điện vision mới mua 2026 mới 98%

🔥🔥🔥 Siêu Phẩm Mới Về Ạ 🔥🔥🔥 

Vespa Siêu Siêu Lướt 2026

Xe Mới 95%, dk đầy đủ

SmartKey Zin
Xe Điện huy lâm Bán Rẻ 7tr So Với Mới 
Mà Lại Được Xe Như Mới Ạ 

📌 Ship Hàng TOÀN QUỐC - Nhanh chóng
---- 
📞 LH tư vấn miễn phí : ***( zalo / video call ) 
🕹️ Địa chỉ: 389 đội cấn-ba đình - Hà Nội. 
❇️ Cửa Hàng Xe Điện Huy Lâm",2026,5000.0,Hà Nội,Quận Ba Đình,"Xe điện vision mới mua 2026 mới 98%

🔥🔥🔥 Siêu Phẩm Mới Về Ạ 🔥🔥🔥 

Vespa Siêu Siêu Lướt 2026

Xe Mới 95%, dk đầy đủ

SmartKey Zin
Xe Điện huy lâm Bán Rẻ 7tr So Với Mới 
Mà Lại Được Xe Như Mới Ạ 

📌 Ship Hàng TOÀN QUỐC - Nhanh chóng
---- 
📞 LH tư vấn miễn phí : ***( zalo / video call ) 
🕹️ Địa chỉ: *** đội cấn-ba đình - Hà Nội. 
❇️ Cửa Hàng Xe Điện Huy Lâm",Kèm pin,Khác,Không phân loại,,
134619125,Xe máy điện VinFast Evo200 Lite Đen Việt Nam,20000000,"Trâu bò nhất dòng xe học sinh. Ko cần bằng lái. 
Evo200 lite biển SG.
Pin 3.5 kwh, trâu bò nhất nhà Vin. Tầm 100 - 140 km/sạc.
BH hãng đến 2028.
Biển SG, sang tên nhanh chóng.
20tr bao rút hồ sơ. 

Xe điện Z48
104 Đường số 1,kdc Cityland Center Hill, phường Hạnh Thông (t7 nghỉ)
***",2023,18000.0,Tp Hồ Chí Minh,Quận Gò Vấp,"Trâu bò nhất dòng xe học sinh. Ko cần bằng lái. 
Evo200 lite biển SG.
Pin 3.5 kwh, trâu bò nhất nhà Vin. Tầm 100 - 140 km/sạc.
BH hãng đến 2028.
Biển SG, sang tên nhanh chóng.
20tr bao rút hồ sơ. 

Xe điện Z48
*** Đường số 1,kdc Cityland Center Hill, phường Hạnh Thông (t7 nghỉ)
***",Cần xác minh,VinFast,Evo 200,18000000.0,-11.1
134618992,Vinfast Motio màu đỏ - Xe học sinh,8500000,"- Motio Vinfast.  Học sinh trên 16t đi ko cần bằng lái 
- 5 Bình acquy đi 50km/lần sạc 
- Chính chủ công chứng 
- Giá 8tr500k 
- Địa chỉ : 24/6. Đ.TL44. P.thạnh lộc. Q12",2025,10484.0,Tp Hồ Chí Minh,Quận 12,"- Motio Vinfast.  Học sinh trên 16t đi ko cần bằng lái 
- 5 Bình acquy đi 50km/lần sạc 
- Chính chủ công chứng 
- Giá 8tr500k 
- Địa chỉ : 24/6. Đ.TL44. P.thạnh lộc. Q12",Cần xác minh,Khác,Không phân loại,,
134618650,Xe máy điện VinFast Ludo/ Ko Bằng Lái (Cs2),8900000,"VinFast LuDo 50 / Pin / Không Bằng Lái
Trọng Lượng: 68Kg
Công Suất: 500w
Mua mới lúc trước 24.5 Triệu ( Pin Mua )
Năm SX : 2020
Xem Xe Tại CH2 Nguyễn Thông",2020,39000.0,Cần Thơ,Quận Bình Thuỷ,"VinFast LuDo 50 / Pin / Không Bằng Lái
Trọng Lượng: 68Kg
Công Suất: 500w
Mua mới lúc trước 24.5 Triệu ( Pin Mua )
Năm SX : 2020
Xem Xe Tại CH2 Nguyễn Thông",Cần xác minh,VinFast,Ludo,12900000.0,31.0
134602241,Xe Điện 3sGo - QuantumS1 BST 2025 Xanh 30k,35900000,"QuantumS1 BST9chù
- Đăng ký 2025
- Odo 30k
- Yên kimdang 
- Dàn áo keng ko trầy 98%
- Óc tán 7 màu keng 98%
- Còn đủ phụ kiện theo xe
❤️Xe keng 99% so với xe new 
⛔️ Nợ xấu đưa 8tr1 có LÃI SUẤT hoặc 19tr5 KO LÃI SUẤT
--------------------
✅ 𝗛𝗼̂̃ 𝗧𝗿𝗼̛̣ 𝗔𝗲 𝗟𝗲̂𝗻 𝗛𝗼̂̀ 𝗦𝗼̛ 𝗕𝗮𝗻𝗸 𝗡𝗵𝗮̣̂𝗻 𝗫𝗲 𝗩𝗮̀ 𝗖𝗮𝘃𝗲𝘁 𝗚𝗼̂́𝗰
✅ 𝗡𝗼̛̣ 𝗫𝗮̂́𝘂 – 𝗛𝗼̂̃ 𝗧𝗿𝗼̛̣ 𝟬 Đ𝗼̂̀𝗻𝗴 – 𝗞𝗵𝗼̂𝗻𝗴 𝗫𝗮́𝗰 𝗠𝗶𝗻𝗵
✅ 𝗡𝗼̛̣ 𝗫𝗮̂́𝘂 – 𝗛𝗼̂̃ 𝗧𝗿𝗼̛̣ Đ𝘂̛𝗮 𝟯𝟬% – 𝗞𝗵𝗼̂𝗻𝗴 𝗟𝗮̃𝗶
✅ Đ𝗼̂̉𝗶 𝗣𝗶𝗻 𝗞𝗵𝗼̂𝗻𝗴 𝗖𝗵𝗼̛̀ 𝗦𝗮̣c 𝗡𝗵𝗶𝗲̂̀𝘂 𝗖𝗵𝗶 𝗡𝗵𝗮́𝗻𝗵
✅ 𝗛ỗ 𝗧𝗿𝗼̛̣ 𝟮 𝗡𝗮̆𝗺 𝗫𝗲 𝗛𝘂̛ – 𝗖𝗼́ 𝗫𝗲 𝗞𝗵𝗮́𝗰 𝗗𝘂̀𝗻𝗴
✅ Đ𝗮̆𝗻𝗴 𝗞𝘆́ 𝗔𝗽𝗽 𝗫𝗮𝗻𝗵 𝗣𝗹𝗮𝘁𝗳𝗼𝗿𝗺 – 𝗧𝗮̣𝗶 𝗖𝗵𝗼̂̃
--------------------
🏠 𝟭𝟭𝟱 𝗣𝗵𝗮̣𝗺 𝗧𝗵𝗲̂́ 𝗛𝗶𝗲̂̉𝗻 - 𝗖𝗵𝗮́𝗻𝗵 𝗛𝘂̛𝗻𝗴 - 𝗛𝗖𝗠 ( 𝗤𝘂𝗮̣̂𝗻 𝟴 )
☎️ 𝗛𝗼𝘁𝗹𝗶𝗻𝗲 : *** - 𝗗𝗶𝗲̣̂𝘂",2025,30.0,Tp Hồ Chí Minh,Quận 8,"QuantumS1 BST9chù
- Đăng ký 2025
- Odo 30k
- Yên kimdang 
- Dàn áo keng ko trầy 98%
- Óc tán 7 màu keng 98%
- Còn đủ phụ kiện theo xe
❤️Xe keng 99% so với xe new 
⛔️ Nợ xấu đưa 8tr1 có LÃI SUẤT hoặc 19tr5 KO LÃI SUẤT
--------------------
✅ 𝗛𝗼̂̃ 𝗧𝗿𝗼̛̣ 𝗔𝗲 𝗟𝗲̂𝗻 𝗛𝗼̂̀ 𝗦𝗼̛ 𝗕𝗮𝗻𝗸 𝗡𝗵𝗮̣̂𝗻 𝗫𝗲 𝗩𝗮̀ 𝗖𝗮𝘃𝗲𝘁 𝗚𝗼̂́𝗰
✅ 𝗡𝗼̛̣ 𝗫𝗮̂́𝘂 – 𝗛𝗼̂̃ 𝗧𝗿𝗼̛̣ 𝟬 Đ𝗼̂̀𝗻𝗴 – 𝗞𝗵𝗼̂𝗻𝗴 𝗫𝗮́𝗰 𝗠𝗶𝗻𝗵
✅ 𝗡𝗼̛̣ 𝗫𝗮̂́𝘂 – 𝗛𝗼̂̃ 𝗧𝗿𝗼̛̣ Đ𝘂̛𝗮 𝟯𝟬% – 𝗞𝗵𝗼̂𝗻𝗴 𝗟𝗮̃𝗶
✅ Đ𝗼̂̉𝗶 𝗣𝗶𝗻 𝗞𝗵𝗼̂𝗻𝗴 𝗖𝗵𝗼̛̀ 𝗦𝗮̣c 𝗡𝗵𝗶𝗲̂̀𝘂 𝗖𝗵𝗶 𝗡𝗵𝗮́𝗻𝗵
✅ 𝗛ỗ 𝗧𝗿𝗼̛̣ 𝟮 𝗡𝗮̆𝗺 𝗫𝗲 𝗛𝘂̛ – 𝗖𝗼́ 𝗫𝗲 𝗞𝗵𝗮́𝗰 𝗗𝘂̀𝗻𝗴
✅ Đ𝗮̆𝗻𝗴 𝗞𝘆́ 𝗔𝗽𝗽 𝗫𝗮𝗻𝗵 𝗣𝗹𝗮𝘁𝗳𝗼𝗿𝗺 – 𝗧𝗮̣𝗶 𝗖𝗵𝗼̂̃
--------------------
🏠 𝟭𝟭𝟱 𝗣𝗵𝗮̣𝗺 𝗧𝗵𝗲̂́ 𝗛𝗶𝗲̂̉𝗻 - 𝗖𝗵𝗮́𝗻𝗵 𝗛𝘂̛𝗻𝗴 - 𝗛𝗖𝗠 ( 𝗤𝘂𝗮̣̂𝗻 𝟴 )
☎️ 𝗛𝗼𝘁𝗹𝗶𝗻𝗲 : *** - 𝗗𝗶𝗲̣̂𝘂",Cần xác minh,Khác,Không phân loại,,
134617456,Xe máy điện BEFORE ALL Latina VI 2.0 Trắng,12000000,"Xe máy điện mới mua được 3 tháng cần bán lại  hãng: BEFORE ALL
Dòng : latina vi 2.0 
Thiết kế theo kiểu dáng vespa 
Tốc độ tối đa 50km/h 
Pin chạy được 60km
Còn bảo hành 9 tháng
giá mua mới 18tr500 
bán lại 12tr000",2026,300.0,Đà Nẵng,Quận Ngũ Hành Sơn,"Xe máy điện mới mua được 3 tháng cần bán lại  hãng: BEFORE ALL
Dòng : latina vi 2.0 
Thiết kế theo kiểu dáng vespa 
Tốc độ tối đa 50km/h 
Pin chạy được 60km
Còn bảo hành 9 tháng
giá mua mới 18tr500 
bán lại 12tr000",Cần xác minh,Khác,Không phân loại,,
134617447,Xe máy điện DK Bike 2021,7900000,"Xe máy điện Soma SX không cần bằng lái btc 
1 lần sạc đi được 60km , tốc tối đa 46km giờ 
5 bình vừa thay mới còn bảo hành 1 năm 
Áo quần sạch sẽ không bể , full chức năng 
Giá : 7tr9 bình tân",2021,40000.0,Tp Hồ Chí Minh,Quận Bình Tân,"Xe máy điện Soma SX không cần bằng lái btc 
1 lần sạc đi được 60km , tốc tối đa 46km giờ 
5 bình vừa thay mới còn bảo hành 1 năm 
Áo quần sạch sẽ không bể , full chức năng 
Giá : 7tr9 bình tân",Cần xác minh,Khác,Không phân loại,,
134602534,Xe Điện 3sGo - EvoGrand Đen 14k km,22900000,"EvoGrand ĐK 4/2026 BST 9 chủ kí
- Odo 14k
- 2 pin mua theo xe
- Dàn áo keng ko trầy 98%
- Óc tán 7 màu keng 98%
- Còn đủ phụ kiện theo xe
❤️Xe keng 98% so với xe new 
⛔️ Nợ xấu đưa 0Đ có LÃI SUẤT hoặc 13tr KO LÃI SUẤT
--------------------
✅ 𝗛𝗼̂̃ 𝗧𝗿𝗼̛̣ 𝗔𝗲 𝗟𝗲̂𝗻 𝗛𝗼̂̀ 𝗦𝗼̛ 𝗕𝗮𝗻𝗸 𝗡𝗵𝗮̣̂𝗻 𝗫𝗲 𝗩𝗮̀ 𝗖𝗮𝘃𝗲𝘁 𝗚𝗼̂́𝗰
✅ 𝗡𝗼̛̣ 𝗫𝗮̂́𝘂 – 𝗛𝗼̂̃ 𝗧𝗿𝗼̛̣ 𝟬 Đ𝗼̂̀𝗻𝗴 – 𝗞𝗵𝗼̂𝗻𝗴 𝗫𝗮́𝗰 𝗠𝗶𝗻𝗵
✅ 𝗡𝗼̛̣ 𝗫𝗮̂́𝘂 – 𝗛𝗼̂̃ 𝗧𝗿𝗼̛̣ Đ𝘂̛𝗮 𝟯𝟬% – 𝗞𝗵𝗼̂𝗻𝗴 𝗟𝗮̃𝗶
✅ Đ𝗼̂̉𝗶 𝗣𝗶𝗻 𝗞𝗵𝗼̂𝗻𝗴 𝗖𝗵𝗼̛̀ 𝗦𝗮̣c 𝗡𝗵𝗶𝗲̂̀𝘂 𝗖𝗵𝗶 𝗡𝗵𝗮́𝗻𝗵
✅ 𝗛ỗ 𝗧𝗿𝗼̛̣ 𝟮 𝗡𝗮̆𝗺 𝗫𝗲 𝗛𝘂̛ – 𝗖𝗼́ 𝗫𝗲 𝗞𝗵𝗮́𝗰 𝗗𝘂̀𝗻𝗴
✅ Đ𝗮̆𝗻𝗴 𝗞𝘆́ 𝗔𝗽𝗽 𝗫𝗮𝗻𝗵 𝗣𝗹𝗮𝘁𝗳𝗼𝗿𝗺 – 𝗧𝗮̣𝗶 𝗖𝗵𝗼̂̃
--------------------
🏠 𝟭𝟭𝟱 𝗣𝗵𝗮̣𝗺 𝗧𝗵𝗲̂́ 𝗛𝗶𝗲̂̉𝗻 - 𝗖𝗵𝗮́𝗻𝗵 𝗛𝘂̛𝗻𝗴 - 𝗛𝗖𝗠 ( 𝗤𝘂𝗮̣̂𝗻 𝟴 )
☎️ 𝗛𝗼𝘁𝗹𝗶𝗻𝗲 : *** - 𝗗𝗶𝗲̣̂𝘂",2026,14000.0,Tp Hồ Chí Minh,Quận 8,"EvoGrand ĐK 4/2026 BST 9 chủ kí
- Odo 14k
- 2 pin mua theo xe
- Dàn áo keng ko trầy 98%
- Óc tán 7 màu keng 98%
- Còn đủ phụ kiện theo xe
❤️Xe keng 98% so với xe new 
⛔️ Nợ xấu đưa 0Đ có LÃI SUẤT hoặc 13tr KO LÃI SUẤT
--------------------
✅ 𝗛𝗼̂̃ 𝗧𝗿𝗼̛̣ 𝗔𝗲 𝗟𝗲̂𝗻 𝗛𝗼̂̀ 𝗦𝗼̛ 𝗕𝗮𝗻𝗸 𝗡𝗵𝗮̣̂𝗻 𝗫𝗲 𝗩𝗮̀ 𝗖𝗮𝘃𝗲𝘁 𝗚𝗼̂́𝗰
✅ 𝗡𝗼̛̣ 𝗫𝗮̂́𝘂 – 𝗛𝗼̂̃ 𝗧𝗿𝗼̛̣ 𝟬 Đ𝗼̂̀𝗻𝗴 – 𝗞𝗵𝗼̂𝗻𝗴 𝗫𝗮́𝗰 𝗠𝗶𝗻𝗵
✅ 𝗡𝗼̛̣ 𝗫𝗮̂́𝘂 – 𝗛𝗼̂̃ 𝗧𝗿𝗼̛̣ Đ𝘂̛𝗮 𝟯𝟬% – 𝗞𝗵𝗼̂𝗻𝗴 𝗟𝗮̃𝗶
✅ Đ𝗼̂̉𝗶 𝗣𝗶𝗻 𝗞𝗵𝗼̂𝗻𝗴 𝗖𝗵𝗼̛̀ 𝗦𝗮̣c 𝗡𝗵𝗶𝗲̂̀𝘂 𝗖𝗵𝗶 𝗡𝗵𝗮́𝗻𝗵
✅ 𝗛ỗ 𝗧𝗿𝗼̛̣ 𝟮 𝗡𝗮̆𝗺 𝗫𝗲 𝗛𝘂̛ – 𝗖𝗼́ 𝗫𝗲 𝗞𝗵𝗮́𝗰 𝗗𝘂̀𝗻𝗴
✅ Đ𝗮̆𝗻𝗴 𝗞𝘆́ 𝗔𝗽𝗽 𝗫𝗮𝗻𝗵 𝗣𝗹𝗮𝘁𝗳𝗼𝗿𝗺 – 𝗧𝗮̣𝗶 𝗖𝗵𝗼̂̃
--------------------
🏠 𝟭𝟭𝟱 𝗣𝗵𝗮̣𝗺 𝗧𝗵𝗲̂́ 𝗛𝗶𝗲̂̉𝗻 - 𝗖𝗵𝗮́𝗻𝗵 𝗛𝘂̛𝗻𝗴 - 𝗛𝗖𝗠 ( 𝗤𝘂𝗮̣̂𝗻 𝟴 )
☎️ 𝗛𝗼𝘁𝗹𝗶𝗻𝗲 : *** - 𝗗𝗶𝗲̣̂𝘂",Cần xác minh,Khác,Không phân loại,,
133873833,Xe máy điện SANTOSAR VS3 Xám 240W,12300000,"🏆🏆🏆 Hót Hót mẫu xe VS3 hottrend
🎈xe có thông số động cơ 240W, cho học sinh dưới 16t, cho mẹ đị chợ, cho chị em đi làm
📙Dòng xe có cốp rộng, chạy cực kỳ êm ái. Xe có giấy tờ đăng kiểm, hoá đơn đầy đủ ( đi đường không sợ công an), đặc biệt các em học sinh dứoi 16t chạy vẫn đúng quy định
💡xe được trang bị đèn led, thắng đĩa rất an toàn
🪫 chạy bình 48V30ah chính hãng an toàn không lo cháy nổ
🧾 bảo hành 12 tháng
💰giá 12",2026,,Tp Hồ Chí Minh,Thành phố Thủ Đức,"🏆🏆🏆 Hót Hót mẫu xe VS3 hottrend
🎈xe có thông số động cơ 240W, cho học sinh dưới 16t, cho mẹ đị chợ, cho chị em đi làm
📙Dòng xe có cốp rộng, chạy cực kỳ êm ái. Xe có giấy tờ đăng kiểm, hoá đơn đầy đủ ( đi đường không sợ công an), đặc biệt các em học sinh dứoi 16t chạy vẫn đúng quy định
💡xe được trang bị đèn led, thắng đĩa rất an toàn
🪫 chạy bình 48V30ah chính hãng an toàn không lo cháy nổ
🧾 bảo hành 12 tháng
💰giá 12",Cần xác minh,Khác,Không phân loại,,
134026009,Xe máy điện VinFast EVO 200 2024 Đen mờ 11000 km,20000000,"DƯ dùng bán lại chiếc xe máy điện VinFats EVO 200, màu đen mờ sản xuất 2024 , pin mua chạy 11 000km, pin sử dụng 100km mới sạc,xe luôn bảo dưỡng định kỳ tại hãng , bảo đảm xe còn sử dụng tốt,ngay chủ đứng tên bán, cam ơn anh chị đả xem tin.",2024,11000.0,Tp Hồ Chí Minh,Thành phố Thủ Đức,"DƯ dùng bán lại chiếc xe máy điện VinFats EVO 200, màu đen mờ sản xuất 2024 , pin mua chạy 11 000km, pin sử dụng 100km mới sạc,xe luôn bảo dưỡng định kỳ tại hãng , bảo đảm xe còn sử dụng tốt,ngay chủ đứng tên bán, cam ơn anh chị đả xem tin.",Cần xác minh,VinFast,Evo 200,18000000.0,-11.1
134563221,Xe điện V1  946 TỐT 90% CÒN SỔ BH,7900000,"XE MÁY ĐIỆN KONAXOAKA TỐT 90% CÒN SỔ BH

BÌNH SẠC ĐẦY ĐỦ
BẢO HÀNH DÀI HẠN
ZALO-GỌI TRỰC TIẾP ***
XE ĐẸP NHƯ HÌNH",2026,2000.0,Tp Hồ Chí Minh,Quận 1,"XE MÁY ĐIỆN KONAXOAKA TỐT 90% CÒN SỔ BH

BÌNH SẠC ĐẦY ĐỦ
BẢO HÀNH DÀI HẠN
ZALO-GỌI TRỰC TIẾP ***
XE ĐẸP NHƯ HÌNH",Cần xác minh,Khác,Không phân loại,,
134616801,Xe điện Sundiro Xám tím,6000000,"Cần bán xe điện như hình, xe chạy còn tốt, ngoại hình còn đẹp.",2026,5000.0,Tp Hồ Chí Minh,Quận 10,"Cần bán xe điện như hình, xe chạy còn tốt, ngoại hình còn đẹp.",Cần xác minh,Khác,Không phân loại,,
134602590,Xe Điên 3sGo - Evo200 2025 Trắng 10.000 km,21900000,"Evo200 ĐK 8/2025 Pin Mua BSTP
- Odo 10.000 Cây
- Dàn áo keng ko trầy 99%
- Óc tán 7 màu keng 99%
- Còn đủ phụ kiện theo xe
❤️Xe keng 99% so với xe new 
⛔️ Nợ xấu đưa 0Đ có LÃI SUẤT hoặc 12tr5 KO LÃI SUẤT
--------------------
✅ 𝗛𝗼̂̃ 𝗧𝗿𝗼̛̣ 𝗔𝗲 𝗟𝗲̂𝗻 𝗛𝗼̂̀ 𝗦𝗼̛ 𝗕𝗮𝗻𝗸 𝗡𝗵𝗮̣̂𝗻 𝗫𝗲 𝗩𝗮̀ 𝗖𝗮𝘃𝗲𝘁 𝗚𝗼̂́𝗰
✅ 𝗡𝗼̛̣ 𝗫𝗮̂́𝘂 – 𝗛𝗼̂̃ 𝗧𝗿𝗼̛̣ 𝟬 Đ𝗼̂̀𝗻𝗴 – 𝗞𝗵𝗼̂𝗻𝗴 𝗫𝗮́𝗰 𝗠𝗶𝗻𝗵
✅ 𝗡𝗼̛̣ 𝗫𝗮̂́𝘂 – 𝗛𝗼̂̃ 𝗧𝗿𝗼̛̣ Đ𝘂̛𝗮 𝟯𝟬% – 𝗞𝗵𝗼̂𝗻𝗴 𝗟𝗮̃𝗶
✅ Đ𝗼̂̉𝗶 𝗣𝗶𝗻 𝗞𝗵𝗼̂𝗻𝗴 𝗖𝗵𝗼̛̀ 𝗦𝗮̣c 𝗡𝗵𝗶𝗲̂̀𝘂 𝗖𝗵𝗶 𝗡𝗵𝗮́𝗻𝗵
✅ 𝗛ỗ 𝗧𝗿𝗼̛̣ 𝟮 𝗡𝗮̆𝗺 𝗫𝗲 𝗛𝘂̛ – 𝗖𝗼́ 𝗫𝗲 𝗞𝗵𝗮́𝗰 𝗗𝘂̀𝗻𝗴
✅ Đ𝗮̆𝗻𝗴 𝗞𝘆́ 𝗔𝗽𝗽 𝗫𝗮𝗻𝗵 𝗣𝗹𝗮𝘁𝗳𝗼𝗿𝗺 – 𝗧𝗮̣𝗶 𝗖𝗵𝗼̂̃
--------------------
🏠 𝟭𝟭𝟱 𝗣𝗵𝗮̣𝗺 𝗧𝗵𝗲̂́ 𝗛𝗶𝗲̂̉𝗻 - 𝗖𝗵𝗮́𝗻𝗵 𝗛𝘂̛𝗻𝗴 - 𝗛𝗖𝗠 ( 𝗤𝘂𝗮̣̂𝗻 𝟴 )
☎️ 𝗛𝗼𝘁𝗹𝗶𝗻𝗲 : *** - 𝗗𝗶𝗲̣̂𝘂",2025,10000.0,Tp Hồ Chí Minh,Quận 8,"Evo200 ĐK 8/2025 Pin Mua BSTP
- Odo 10.000 Cây
- Dàn áo keng ko trầy 99%
- Óc tán 7 màu keng 99%
- Còn đủ phụ kiện theo xe
❤️Xe keng 99% so với xe new 
⛔️ Nợ xấu đưa 0Đ có LÃI SUẤT hoặc 12tr5 KO LÃI SUẤT
--------------------
✅ 𝗛𝗼̂̃ 𝗧𝗿𝗼̛̣ 𝗔𝗲 𝗟𝗲̂𝗻 𝗛𝗼̂̀ 𝗦𝗼̛ 𝗕𝗮𝗻𝗸 𝗡𝗵𝗮̣̂𝗻 𝗫𝗲 𝗩𝗮̀ 𝗖𝗮𝘃𝗲𝘁 𝗚𝗼̂́𝗰
✅ 𝗡𝗼̛̣ 𝗫𝗮̂́𝘂 – 𝗛𝗼̂̃ 𝗧𝗿𝗼̛̣ 𝟬 Đ𝗼̂̀𝗻𝗴 – 𝗞𝗵𝗼̂𝗻𝗴 𝗫𝗮́𝗰 𝗠𝗶𝗻𝗵
✅ 𝗡𝗼̛̣ 𝗫𝗮̂́𝘂 – 𝗛𝗼̂̃ 𝗧𝗿𝗼̛̣ Đ𝘂̛𝗮 𝟯𝟬% – 𝗞𝗵𝗼̂𝗻𝗴 𝗟𝗮̃𝗶
✅ Đ𝗼̂̉𝗶 𝗣𝗶𝗻 𝗞𝗵𝗼̂𝗻𝗴 𝗖𝗵𝗼̛̀ 𝗦𝗮̣c 𝗡𝗵𝗶𝗲̂̀𝘂 𝗖𝗵𝗶 𝗡𝗵𝗮́𝗻𝗵
✅ 𝗛ỗ 𝗧𝗿𝗼̛̣ 𝟮 𝗡𝗮̆𝗺 𝗫𝗲 𝗛𝘂̛ – 𝗖𝗼́ 𝗫𝗲 𝗞𝗵𝗮́𝗰 𝗗𝘂̀𝗻𝗴
✅ Đ𝗮̆𝗻𝗴 𝗞𝘆́ 𝗔𝗽𝗽 𝗫𝗮𝗻𝗵 𝗣𝗹𝗮𝘁𝗳𝗼𝗿𝗺 – 𝗧𝗮̣𝗶 𝗖𝗵𝗼̂̃
--------------------
🏠 𝟭𝟭𝟱 𝗣𝗵𝗮̣𝗺 𝗧𝗵𝗲̂́ 𝗛𝗶𝗲̂̉𝗻 - 𝗖𝗵𝗮́𝗻𝗵 𝗛𝘂̛𝗻𝗴 - 𝗛𝗖𝗠 ( 𝗤𝘂𝗮̣̂𝗻 𝟴 )
☎️ 𝗛𝗼𝘁𝗹𝗶𝗻𝗲 : *** - 𝗗𝗶𝗲̣̂𝘂",Cần xác minh,VinFast,Evo 200,18000000.0,-21.7
133937642,Xe máy điện VinFast EVO GRAND Lite 2026 Trắng,19000000,a Ai cần liên hệ nhà ở Quận 12 thành phố Hồ Chí Minh cảm ơn xem như mới,2026,506.0,Tp Hồ Chí Minh,Quận 12,a Ai cần liên hệ nhà ở Quận 12 thành phố Hồ Chí Minh cảm ơn xem như mới,Cần xác minh,Khác,Không phân loại,,
134602453,Xe Điện 3sGo - DatBike Quantum S1 Đen,37900000,"QuantumS1 BSTP
- Odo không nói đâu
- Bảo Hành Pin 10 Năm 
- Sạc 1800w 
- Dàn áo keng ko trầy 98%
- Óc tán 7 màu keng 98%
- Còn đủ phụ kiện theo xe
❤️Xe keng 99% so với xe new 
⛔️ Nợ xấu đưa 3tr7 có LÃI SUẤT hoặc 16tr4 KO LÃI SUẤT
--------------------
✅ 𝗛𝗼̂̃ 𝗧𝗿𝗼̛̣ 𝗔𝗲 𝗟𝗲̂𝗻 𝗛𝗼̂̀ 𝗦𝗼̛ 𝗕𝗮𝗻𝗸 𝗡𝗵𝗮̣̂𝗻 𝗫𝗲 𝗩𝗮̀ 𝗖𝗮𝘃𝗲𝘁 𝗚𝗼̂́𝗰
✅ 𝗡𝗼̛̣ 𝗫𝗮̂́𝘂 – 𝗛𝗼̂̃ 𝗧𝗿𝗼̛̣ 𝟬 Đ𝗼̂̀𝗻𝗴 – 𝗞𝗵𝗼̂𝗻𝗴 𝗫𝗮́𝗰 𝗠𝗶𝗻𝗵
✅ 𝗡𝗼̛̣ 𝗫𝗮̂́𝘂 – 𝗛𝗼̂̃ 𝗧𝗿𝗼̛̣ Đ𝘂̛𝗮 𝟯𝟬% – 𝗞𝗵𝗼̂𝗻𝗴 𝗟𝗮̃𝗶
✅ Đ𝗼̂̉𝗶 𝗣𝗶𝗻 𝗞𝗵𝗼̂𝗻𝗴 𝗖𝗵𝗼̛̀ 𝗦𝗮̣c 𝗡𝗵𝗶𝗲̂̀𝘂 𝗖𝗵𝗶 𝗡𝗵𝗮́𝗻𝗵
✅ 𝗛ỗ 𝗧𝗿𝗼̛̣ 𝟮 𝗡𝗮̆𝗺 𝗫𝗲 𝗛𝘂̛ – 𝗖𝗼́ 𝗫𝗲 𝗞𝗵𝗮́𝗰 𝗗𝘂̀𝗻𝗴
✅ Đ𝗮̆𝗻𝗴 𝗞𝘆́ 𝗔𝗽𝗽 𝗫𝗮𝗻𝗵 𝗣𝗹𝗮𝘁𝗳𝗼𝗿𝗺 – 𝗧𝗮̣𝗶 𝗖𝗵𝗼̂̃
--------------------
🏠 𝟭𝟭𝟱 𝗣𝗵𝗮̣𝗺 𝗧𝗵𝗲̂́ 𝗛𝗶𝗲̂̉𝗻 - 𝗖𝗵𝗮́𝗻𝗵 𝗛𝘂̛𝗻𝗴 - 𝗛𝗖𝗠 ( 𝗤𝘂𝗮̣̂𝗻 𝟴 )
☎️ 𝗛𝗼𝘁𝗹𝗶𝗻𝗲 : *** - 𝗗𝗶𝗲̣̂𝘂",2026,,Tp Hồ Chí Minh,Quận 8,"QuantumS1 BSTP
- Odo không nói đâu
- Bảo Hành Pin 10 Năm 
- Sạc 1800w 
- Dàn áo keng ko trầy 98%
- Óc tán 7 màu keng 98%
- Còn đủ phụ kiện theo xe
❤️Xe keng 99% so với xe new 
⛔️ Nợ xấu đưa 3tr7 có LÃI SUẤT hoặc 16tr4 KO LÃI SUẤT
--------------------
✅ 𝗛𝗼̂̃ 𝗧𝗿𝗼̛̣ 𝗔𝗲 𝗟𝗲̂𝗻 𝗛𝗼̂̀ 𝗦𝗼̛ 𝗕𝗮𝗻𝗸 𝗡𝗵𝗮̣̂𝗻 𝗫𝗲 𝗩𝗮̀ 𝗖𝗮𝘃𝗲𝘁 𝗚𝗼̂́𝗰
✅ 𝗡𝗼̛̣ 𝗫𝗮̂́𝘂 – 𝗛𝗼̂̃ 𝗧𝗿𝗼̛̣ 𝟬 Đ𝗼̂̀𝗻𝗴 – 𝗞𝗵𝗼̂𝗻𝗴 𝗫𝗮́𝗰 𝗠𝗶𝗻𝗵
✅ 𝗡𝗼̛̣ 𝗫𝗮̂́𝘂 – 𝗛𝗼̂̃ 𝗧𝗿𝗼̛̣ Đ𝘂̛𝗮 𝟯𝟬% – 𝗞𝗵𝗼̂𝗻𝗴 𝗟𝗮̃𝗶
✅ Đ𝗼̂̉𝗶 𝗣𝗶𝗻 𝗞𝗵𝗼̂𝗻𝗴 𝗖𝗵𝗼̛̀ 𝗦𝗮̣c 𝗡𝗵𝗶𝗲̂̀𝘂 𝗖𝗵𝗶 𝗡𝗵𝗮́𝗻𝗵
✅ 𝗛ỗ 𝗧𝗿𝗼̛̣ 𝟮 𝗡𝗮̆𝗺 𝗫𝗲 𝗛𝘂̛ – 𝗖𝗼́ 𝗫𝗲 𝗞𝗵𝗮́𝗰 𝗗𝘂̀𝗻𝗴
✅ Đ𝗮̆𝗻𝗴 𝗞𝘆́ 𝗔𝗽𝗽 𝗫𝗮𝗻𝗵 𝗣𝗹𝗮𝘁𝗳𝗼𝗿𝗺 – 𝗧𝗮̣𝗶 𝗖𝗵𝗼̂̃
--------------------
🏠 𝟭𝟭𝟱 𝗣𝗵𝗮̣𝗺 𝗧𝗵𝗲̂́ 𝗛𝗶𝗲̂̉𝗻 - 𝗖𝗵𝗮́𝗻𝗵 𝗛𝘂̛𝗻𝗴 - 𝗛𝗖𝗠 ( 𝗤𝘂𝗮̣̂𝗻 𝟴 )
☎️ 𝗛𝗼𝘁𝗹𝗶𝗻𝗲 : *** - 𝗗𝗶𝗲̣̂𝘂",Cần xác minh,Dat Bike,Quantum,34900000.0,-8.6
134031255,"Vinfast Klara Pin cầm,xe đẹp biển Sài Gòn",10800000,"🍓🍓🍓 Xe bà xã đi đã đổi Evo200 nên thanh lý lại người dùng.
Xe Vinfast Klara màu hồng (Xe đẹp lắm nữ tính)
☘️ Biển Số Sài Gòn 41MĐ- chạy không cần bằng
Pin zin mua  + Sạc Zin: sạc đầy 2-3 tiếng đi được 40-50km/1 lần
- Động cơ mới thay trước tết, xe chạy mượt pin cầm tốt 40-50km, đã thay đồng hồ hiện đại + đèn led 2 tầng
🍇 Chị em mua về đưa đón con hay đi chợ vòng vòng trãi nghiệm ok nhé
🍏Ưu tiên: Học Sinh-Sinh Viên, xe chạy không cần bằng lái
🍇🍇🍇 Xem xe tại địa chỉ
Đường DN5, Đông Hưng Thuận,TPHCM( KDC AN SƯƠNG)",2020,28000.0,Tp Hồ Chí Minh,Quận 12,"🍓🍓🍓 Xe bà xã đi đã đổi Evo200 nên thanh lý lại người dùng.
Xe Vinfast Klara màu hồng (Xe đẹp lắm nữ tính)
☘️ Biển Số Sài Gòn 41MĐ- chạy không cần bằng
Pin zin mua  + Sạc Zin: sạc đầy 2-3 tiếng đi được 40-50km/1 lần
- Động cơ mới thay trước tết, xe chạy mượt pin cầm tốt 40-50km, đã thay đồng hồ hiện đại + đèn led 2 tầng
🍇 Chị em mua về đưa đón con hay đi chợ vòng vòng trãi nghiệm ok nhé
🍏Ưu tiên: Học Sinh-Sinh Viên, xe chạy không cần bằng lái
🍇🍇🍇 Xem xe tại địa chỉ
Đường DN5, Đông Hưng Thuận,TPHCM( KDC AN SƯƠNG)",Kèm pin,VinFast,Klara,35000000.0,69.1
134623797,Xe Điện Xmen,5000000,Cần bán 5 triệu xe đầy đủ giấy tờ đăng ký,2026,10000.0,Hà Nội,Huyện Phú Xuyên,Cần bán 5 triệu xe đầy đủ giấy tờ đăng ký,Cần xác minh,Khác,Không phân loại,,
134160705,VinFast Feliz 2025 Xanh oliu - Chính chủ - BSTP,21500000,"🔥 FELIZ 2025 1 PIN – XANH OLIU – CHÍNH CHỦ
📌 Date T6/2026
📌 Odo 12.000 km
📌 BSTP - Chính chủ
📌 Chính chủ, ủy quyền, sang tên công chứng nhanh gọn
💰 Giá: 2x
-----------------------
💚 Xe Điện Lướt Sài Gòn – Chuyên mua bán xe máy điện đã qua sử dụng tại TP.HCM
✅ Có trả góp – Cà thẻ – Giao tận nhà
📍 118A Chiến Lược, P. Bình Trị Đông, TP.HCM",2025,12000.0,Tp Hồ Chí Minh,Quận Bình Tân,"🔥 FELIZ 2025 1 PIN – XANH OLIU – CHÍNH CHỦ
📌 Date T6/2026
📌 Odo 12.000 km
📌 BSTP - Chính chủ
📌 Chính chủ, ủy quyền, sang tên công chứng nhanh gọn
💰 Giá: 2x
-----------------------
💚 Xe Điện Lướt Sài Gòn – Chuyên mua bán xe máy điện đã qua sử dụng tại TP.HCM
✅ Có trả góp – Cà thẻ – Giao tận nhà
📍 118A Chiến Lược, P. Bình Trị Đông, TP.HCM",Cần xác minh,VinFast,Feliz,27000000.0,20.4
134537840,Xe máy điện Yadea thể thao Cam đen,7500000,"Xe máy điện màu cam đen, kiểu dáng thể thao, phù hợp cho cả nam và nữ. 
- Xe chính chủ, có thể ký giấy sang tên. 
- Thích hợp cho học sinh, sinh viên không cần bằng lái. 
- Xe đang sử dụng tốt.",2023,123.0,Tp Hồ Chí Minh,Quận 12,"Xe máy điện màu cam đen, kiểu dáng thể thao, phù hợp cho cả nam và nữ. 
- Xe chính chủ, có thể ký giấy sang tên. 
- Thích hợp cho học sinh, sinh viên không cần bằng lái. 
- Xe đang sử dụng tốt.",Cần xác minh,Yadea,Yadea (Khác),14990000.0,50.0
134623423,Xe điện VinFast Klara màu Đen,10000000,"Tôi có 1 xe điện vinfast Klara màu đen như hình muốn bán do không có nhu cầu sử dụng. Xe còn đi tốt, vẫn chạy bình thường, vỏ còn nguyên vẹn, ko va chạm hay trầy xước. Xe tôi đi ít nên giữ gìn rất cẩn thận.",2020,19903.0,Hà Nội,Quận Ba Đình,"Tôi có 1 xe điện vinfast Klara màu đen như hình muốn bán do không có nhu cầu sử dụng. Xe còn đi tốt, vẫn chạy bình thường, vỏ còn nguyên vẹn, ko va chạm hay trầy xước. Xe tôi đi ít nên giữ gìn rất cẩn thận.",Cần xác minh,VinFast,Klara,35000000.0,71.4
133934022,Vinfast Evo200 Vàng zin 100% chính chủ,21900000,"     
 ✅ Vinfast Evo200 siêu đẹp ko một vết trầy 2025 
✅ Xe chính chủ Bstp ký mua bán ủy quyền đều được nhé 
✅ Pin 3.5 mua đứt bảo hành 8 năm ,sạc đầy đi được 200km
✅ Giá bán : 21,9tr
✅ Dt : 
✅ Xem xe Q6, Ship toàn quốc
",2025,14000.0,Tp Hồ Chí Minh,Quận 6,"     
 ✅ Vinfast Evo200 siêu đẹp ko một vết trầy 2025 
✅ Xe chính chủ Bstp ký mua bán ủy quyền đều được nhé 
✅ Pin 3.5 mua đứt bảo hành 8 năm ,sạc đầy đi được 200km
✅ Giá bán : 21,9tr
✅ Dt : 
✅ Xem xe Q6, Ship toàn quốc
",Kèm pin,VinFast,Evo 200,18000000.0,-21.7
134623388,Xe máy điện VinFast Feliz Đen 14000 km,19500000,Xe odo 14 ngàn xe hoạt động bình thường không lỗi làm gì chỉ việc mua về là chạy không cần suy nghĩ gì hết,2026,14000.0,Đồng Nai,Huyện Xuân Lộc,Xe odo 14 ngàn xe hoạt động bình thường không lỗi làm gì chỉ việc mua về là chạy không cần suy nghĩ gì hết,Cần xác minh,VinFast,Feliz,27000000.0,27.8
134623383,Xe máy điện VinFast Feliz Trắng 300 km,26000000,Xe mới mua về không đi như mới odo mới 300km xe sẵn 2 pin chỉ việc mua về là chạy không khác gì xe mới đầy đủ phụ kiện,2026,300.0,Đồng Nai,Huyện Xuân Lộc,Xe mới mua về không đi như mới odo mới 300km xe sẵn 2 pin chỉ việc mua về là chạy không khác gì xe mới đầy đủ phụ kiện,Cần xác minh,VinFast,Feliz,27000000.0,3.7
134623365,Xe máy điện  2026 Hồng Đã sử dụng,9500000,Xe mới mua được 4 ngày không có nhu cầu đi nữa bán lại mới 99% kh vết trầy xe hoạt động bình thường không lỗi chỉ việc về cắm sạc là chạy,2026,10.0,Đồng Nai,Huyện Xuân Lộc,Xe mới mua được 4 ngày không có nhu cầu đi nữa bán lại mới 99% kh vết trầy xe hoạt động bình thường không lỗi chỉ việc về cắm sạc là chạy,Cần xác minh,Khác,Không phân loại,,
134596908,Quantum S1 2025 lướt đẹp,38500000,"Xe máy điện màu trắng, pin 100% cho quãng đường di chuyển xa. 
- Thiết kế hiện đại, trẻ trung. 
- Vận hành êm ái, tiết kiệm năng lượng. 
- Phù hợp di chuyển trong thành phố.",2025,10.0,Tp Hồ Chí Minh,Quận Bình Tân,"Xe máy điện màu trắng, pin 100% cho quãng đường di chuyển xa. 
- Thiết kế hiện đại, trẻ trung. 
- Vận hành êm ái, tiết kiệm năng lượng. 
- Phù hợp di chuyển trong thành phố.",Cần xác minh,Dat Bike,Quantum,34900000.0,-10.3
134509389,Xe máy điện VinFast Evo200 2025 Đen,20900000,"Evo200  - Bstp 9 Chủ ĐK 2025
- Dàn áo dán keng 98%
- Óc tán 7 màu keng 98%
- Còn đủ phụ kiện theo xe
❤️Xe keng 98% so với xe new 
⛔️ Nợ xấu đưa 0đ có LÃI SUẤT hoặc 11tr KO LÃI SUẤT
--------------------
✅ 𝗛𝗼̂̃ 𝗧𝗿𝗼̛̣ 𝗔𝗲 𝗟𝗲̂𝗻 𝗛𝗼̂̀ 𝗦𝗼̛ 𝗕𝗮𝗻𝗸 𝗡𝗵𝗮̣̂𝗻 𝗫𝗲 𝗩𝗮̀ 𝗖𝗮𝘃𝗲𝘁 𝗚𝗼̂́𝗰
✅ 𝗡𝗼̛̣ 𝗫𝗮̂́𝘂 – 𝗛𝗼̂̃ 𝗧𝗿𝗼̛̣ 𝟬 Đ𝗼̂̀𝗻𝗴 – 𝗞𝗵𝗼̂𝗻𝗴 𝗫𝗮́𝗰 𝗠𝗶𝗻𝗵
✅ 𝗡𝗼̛̣ 𝗫𝗮̂́𝘂 – 𝗛𝗼̂̃ 𝗧𝗿𝗼̛̣ Đ𝘂̛𝗮 𝟯𝟬% – 𝗞𝗵𝗼̂𝗻𝗴 𝗟𝗮̃𝗶
✅ Đ𝗼̂̉𝗶 𝗣𝗶𝗻 𝗞𝗵𝗼̂𝗻𝗴 𝗖𝗵𝗼̛̀ 𝗦𝗮̣c 𝗡𝗵𝗶𝗲̂̀𝘂 𝗖𝗵𝗶 𝗡𝗵𝗮́𝗻𝗵
✅ 𝗛ỗ 𝗧𝗿𝗼̛̣ 𝟮 𝗡𝗮̆𝗺 𝗫𝗲 𝗛𝘂̛ – 𝗖𝗼́ 𝗫𝗲 𝗞𝗵𝗮́𝗰 𝗗𝘂̀𝗻𝗴
✅ Đ𝗮̆𝗻𝗴 𝗞𝘆́ 𝗔𝗽𝗽 𝗫𝗮𝗻𝗵 𝗣𝗹𝗮𝘁𝗳𝗼𝗿𝗺 – 𝗧𝗮̣𝗶 𝗖𝗵𝗼̂̃
--------------------
🏠𝟮𝟴𝟴 𝗧𝗿𝘂̛𝗼̛̀𝗻𝗴 𝗖𝗵𝗶𝗻𝗵 - 𝗣𝗵ư𝗼̛̀𝗻𝗴 Đ𝗼̂𝗻𝗴 𝗛𝘂̛𝗻𝗴 𝗧𝗵𝘂𝗮̣̂𝗻 - 𝗛𝗖𝗠 (𝗤𝘂𝗮̣̂𝗻𝟭𝟮 𝗰𝘂̃)",2025,,Tp Hồ Chí Minh,Quận 12,"Evo200  - Bstp 9 Chủ ĐK 2025
- Dàn áo dán keng 98%
- Óc tán 7 màu keng 98%
- Còn đủ phụ kiện theo xe
❤️Xe keng 98% so với xe new 
⛔️ Nợ xấu đưa 0đ có LÃI SUẤT hoặc 11tr KO LÃI SUẤT
--------------------
✅ 𝗛𝗼̂̃ 𝗧𝗿𝗼̛̣ 𝗔𝗲 𝗟𝗲̂𝗻 𝗛𝗼̂̀ 𝗦𝗼̛ 𝗕𝗮𝗻𝗸 𝗡𝗵𝗮̣̂𝗻 𝗫𝗲 𝗩𝗮̀ 𝗖𝗮𝘃𝗲𝘁 𝗚𝗼̂́𝗰
✅ 𝗡𝗼̛̣ 𝗫𝗮̂́𝘂 – 𝗛𝗼̂̃ 𝗧𝗿𝗼̛̣ 𝟬 Đ𝗼̂̀𝗻𝗴 – 𝗞𝗵𝗼̂𝗻𝗴 𝗫𝗮́𝗰 𝗠𝗶𝗻𝗵
✅ 𝗡𝗼̛̣ 𝗫𝗮̂́𝘂 – 𝗛𝗼̂̃ 𝗧𝗿𝗼̛̣ Đ𝘂̛𝗮 𝟯𝟬% – 𝗞𝗵𝗼̂𝗻𝗴 𝗟𝗮̃𝗶
✅ Đ𝗼̂̉𝗶 𝗣𝗶𝗻 𝗞𝗵𝗼̂𝗻𝗴 𝗖𝗵𝗼̛̀ 𝗦𝗮̣c 𝗡𝗵𝗶𝗲̂̀𝘂 𝗖𝗵𝗶 𝗡𝗵𝗮́𝗻𝗵
✅ 𝗛ỗ 𝗧𝗿𝗼̛̣ 𝟮 𝗡𝗮̆𝗺 𝗫𝗲 𝗛𝘂̛ – 𝗖𝗼́ 𝗫𝗲 𝗞𝗵𝗮́𝗰 𝗗𝘂̀𝗻𝗴
✅ Đ𝗮̆𝗻𝗴 𝗞𝘆́ 𝗔𝗽𝗽 𝗫𝗮𝗻𝗵 𝗣𝗹𝗮𝘁𝗳𝗼𝗿𝗺 – 𝗧𝗮̣𝗶 𝗖𝗵𝗼̂̃
--------------------
🏠𝟮𝟴𝟴 𝗧𝗿𝘂̛𝗼̛̀𝗻𝗴 𝗖𝗵𝗶𝗻𝗵 - 𝗣𝗵ư𝗼̛̀𝗻𝗴 Đ𝗼̂𝗻𝗴 𝗛𝘂̛𝗻𝗴 𝗧𝗵𝘂𝗮̣̂𝗻 - 𝗛𝗖𝗠 (𝗤𝘂𝗮̣̂𝗻𝟭𝟮 𝗰𝘂̃)",Cần xác minh,VinFast,Evo 200,18000000.0,-16.1
134622598,Xe máy điện Quantum s1 2025 Đen,43000000,"Xe máy điện Quantum s1  màu đen, kiểu dáng hiện đại, vận hành êm ái. 
- Xe mới, ít sử dụng. 
- Thiết kế thời trang, phù hợp di chuyển trong phố. 
- Tiết kiệm năng lượng, thân thiện môi trường.
Năm 12.2025",2025,6000.0,Tp Hồ Chí Minh,Thành phố Thủ Đức,"Xe máy điện Quantum s1  màu đen, kiểu dáng hiện đại, vận hành êm ái. 
- Xe mới, ít sử dụng. 
- Thiết kế thời trang, phù hợp di chuyển trong phố. 
- Tiết kiệm năng lượng, thân thiện môi trường.
Năm 12.2025",Cần xác minh,Dat Bike,Quantum,34900000.0,-23.2
134558900,Xe Điện 3sGo - EvoMax BST 65 Trắng 8000 km,20900000,"EvoMax BST 65 Chính Chủ
- Odo 8k
- Sẵn 2 pin thuê
- Óc tán 7 màu keng 
- Còn đủ phụ kiện theo xe
- Bảo hành Vinfats toàn quốc
⛔️ Nợ xấu đưa 0đ có LÃI SUẤT hoặc 12tr KO LÃI SUẤT
--------------------
✅ 𝗛𝗼̂̃ 𝗧𝗿𝗼̛̣ 𝗔𝗲 𝗟𝗲̂𝗻 𝗛𝗼̂̀ 𝗦𝗼̛ 𝗕𝗮𝗻𝗸 𝗡𝗵𝗮̣̂𝗻 𝗫𝗲 𝗩𝗮̀ 𝗖𝗮𝘃𝗲𝘁 𝗚𝗼̂́𝗰
✅ 𝗡𝗼̛̣ 𝗫𝗮̂́𝘂 – 𝗛𝗼̂̃ 𝗧𝗿𝗼̛̣ 𝟬 Đ𝗼̂̀𝗻𝗴 – 𝗞𝗵𝗼̂𝗻𝗴 𝗫𝗮́𝗰 𝗠𝗶𝗻𝗵
✅ 𝗡𝗼̛̣ 𝗫𝗮̂́𝘂 – 𝗛𝗼̂̃ 𝗧𝗿𝗼̛̣ Đ𝘂̛𝗮 𝟯𝟬% – 𝗞𝗵𝗼̂𝗻𝗴 𝗟𝗮̃𝗶
✅ Đ𝗼̂̉𝗶 𝗣𝗶𝗻 𝗞𝗵𝗼̂𝗻𝗴 𝗖𝗵𝗼̛̀ 𝗦𝗮̣c 𝗡𝗵𝗶𝗲̂̀𝘂 𝗖𝗵𝗶 𝗡𝗵𝗮́𝗻𝗵
✅ 𝗛ỗ 𝗧𝗿𝗼̛̣ 𝟮 𝗡𝗮̆𝗺 𝗫𝗲 𝗛𝘂̛ – 𝗖𝗼́ 𝗫𝗲 𝗞𝗵𝗮́𝗰 𝗗𝘂̀𝗻𝗴
✅ Đ𝗮̆𝗻𝗴 𝗞𝘆́ 𝗔𝗽𝗽 𝗫𝗮𝗻𝗵 𝗣𝗹𝗮𝘁𝗳𝗼𝗿𝗺 – 𝗧𝗮̣𝗶 𝗖𝗵𝗼̂̃
--------------------
🏠𝟮𝟴𝟴 𝗧𝗿𝘂̛𝗼̛̀𝗻𝗴 𝗖𝗵𝗶𝗻𝗵 - 𝗣𝗵ư𝗼̛̀𝗻𝗴 Đ𝗼̂𝗻𝗴 𝗛𝘂̛𝗻𝗴 𝗧𝗵𝘂𝗮̣̂𝗻 - 𝗛𝗖𝗠 (𝗤𝘂𝗮̣̂𝗻𝟭𝟮 𝗰𝘂̃)",2026,8000.0,Tp Hồ Chí Minh,Quận 12,"EvoMax BST 65 Chính Chủ
- Odo 8k
- Sẵn 2 pin thuê
- Óc tán 7 màu keng 
- Còn đủ phụ kiện theo xe
- Bảo hành Vinfats toàn quốc
⛔️ Nợ xấu đưa 0đ có LÃI SUẤT hoặc 12tr KO LÃI SUẤT
--------------------
✅ 𝗛𝗼̂̃ 𝗧𝗿𝗼̛̣ 𝗔𝗲 𝗟𝗲̂𝗻 𝗛𝗼̂̀ 𝗦𝗼̛ 𝗕𝗮𝗻𝗸 𝗡𝗵𝗮̣̂𝗻 𝗫𝗲 𝗩𝗮̀ 𝗖𝗮𝘃𝗲𝘁 𝗚𝗼̂́𝗰
✅ 𝗡𝗼̛̣ 𝗫𝗮̂́𝘂 – 𝗛𝗼̂̃ 𝗧𝗿𝗼̛̣ 𝟬 Đ𝗼̂̀𝗻𝗴 – 𝗞𝗵𝗼̂𝗻𝗴 𝗫𝗮́𝗰 𝗠𝗶𝗻𝗵
✅ 𝗡𝗼̛̣ 𝗫𝗮̂́𝘂 – 𝗛𝗼̂̃ 𝗧𝗿𝗼̛̣ Đ𝘂̛𝗮 𝟯𝟬% – 𝗞𝗵𝗼̂𝗻𝗴 𝗟𝗮̃𝗶
✅ Đ𝗼̂̉𝗶 𝗣𝗶𝗻 𝗞𝗵𝗼̂𝗻𝗴 𝗖𝗵𝗼̛̀ 𝗦𝗮̣c 𝗡𝗵𝗶𝗲̂̀𝘂 𝗖𝗵𝗶 𝗡𝗵𝗮́𝗻𝗵
✅ 𝗛ỗ 𝗧𝗿𝗼̛̣ 𝟮 𝗡𝗮̆𝗺 𝗫𝗲 𝗛𝘂̛ – 𝗖𝗼́ 𝗫𝗲 𝗞𝗵𝗮́𝗰 𝗗𝘂̀𝗻𝗴
✅ Đ𝗮̆𝗻𝗴 𝗞𝘆́ 𝗔𝗽𝗽 𝗫𝗮𝗻𝗵 𝗣𝗹𝗮𝘁𝗳𝗼𝗿𝗺 – 𝗧𝗮̣𝗶 𝗖𝗵𝗼̂̃
--------------------
🏠𝟮𝟴𝟴 𝗧𝗿𝘂̛𝗼̛̀𝗻𝗴 𝗖𝗵𝗶𝗻𝗵 - 𝗣𝗵ư𝗼̛̀𝗻𝗴 Đ𝗼̂𝗻𝗴 𝗛𝘂̛𝗻𝗴 𝗧𝗵𝘂𝗮̣̂𝗻 - 𝗛𝗖𝗠 (𝗤𝘂𝗮̣̂𝗻𝟭𝟮 𝗰𝘂̃)",Cần xác minh,Khác,Không phân loại,,
134366874,"Xe máy điện Typer 2 Trắng, Cam đã sử dụng",7800000,"Typer 2 đi ít còn như mới bán nửa giá mới

🛵TRẺ TRUNG - PHONG CÁCH - NĂNG ĐỘNG 
✴️ thanh lý xe typer2 
💸💸 giá bán 7tr800
☑️ màu sắc trung tính, thời trang (bảo hành 6 tháng) 
☑️ máy móc nguyên zin, an toàn tiết kiệm điện , Xanh, sạch không ồn 
☎️ Zalo *** (free ship Hà Nội, hỗ trợ ship toàn quốc  )
🏠 389 đội cấn -Hà Nội",2025,10000.0,Hà Nội,Quận Ba Đình,"Typer 2 đi ít còn như mới bán nửa giá mới

🛵TRẺ TRUNG - PHONG CÁCH - NĂNG ĐỘNG 
✴️ thanh lý xe typer2 
💸💸 giá bán 7tr800
☑️ màu sắc trung tính, thời trang (bảo hành 6 tháng) 
☑️ máy móc nguyên zin, an toàn tiết kiệm điện , Xanh, sạch không ồn 
☎️ Zalo *** (free ship Hà Nội, hỗ trợ ship toàn quốc  )
🏠 *** đội cấn -Hà Nội",Kèm pin,Khác,Không phân loại,,
134508320,Xe Điện 3sGo - Datbike S1 2026 Đen 10000 km,44900000,"DatbikeS1 BSTP ĐK 2026 Chính Chủ 1 Lần sạc đi 285km
- Odo 10k hơn
- Óc tán 7 màu keng 
- Còn đủ phụ kiện theo xe 
- Bảo hành Datbike toàn quốc
⛔️ Nợ xấu đưa 5tr8 có LÃI SUẤT hoặc 23tr KO LÃI SUẤT
--------------------
✅ 𝗛𝗼̂̃ 𝗧𝗿𝗼̛̣ 𝗔𝗲 𝗟𝗲̂𝗻 𝗛𝗼̂̀ 𝗦𝗼̛ 𝗕𝗮𝗻𝗸 𝗡𝗵𝗮̣̂𝗻 𝗫𝗲 𝗩𝗮̀ 𝗖𝗮𝘃𝗲𝘁 𝗚𝗼̂́𝗰
✅ 𝗡𝗼̛̣ 𝗫𝗮̂́𝘂 – 𝗛𝗼̂̃ 𝗧𝗿𝗼̛̣ 𝟬 Đ𝗼̂̀𝗻𝗴 – 𝗞𝗵𝗼̂𝗻𝗴 𝗫𝗮́𝗰 𝗠𝗶𝗻𝗵
✅ 𝗡𝗼̛̣ 𝗫𝗮̂́𝘂 – 𝗛𝗼̂̃ 𝗧𝗿𝗼̛̣ Đ𝘂̛𝗮 𝟯𝟬% – 𝗞𝗵𝗼̂𝗻𝗴 𝗟𝗮̃𝗶
✅ Đ𝗼̂̉𝗶 𝗣𝗶𝗻 𝗞𝗵𝗼̂𝗻𝗴 𝗖𝗵𝗼̛̀ 𝗦𝗮̣c 𝗡𝗵𝗶𝗲̂̀𝘂 𝗖𝗵𝗶 𝗡𝗵𝗮́𝗻𝗵
✅ 𝗛ỗ 𝗧𝗿𝗼̛̣ 𝟮 𝗡𝗮̆𝗺 𝗫𝗲 𝗛𝘂̛ – 𝗖𝗼́ 𝗫𝗲 𝗞𝗵𝗮́𝗰 𝗗𝘂̀𝗻𝗴
✅ Đ𝗮̆𝗻𝗴 𝗞𝘆́ 𝗔𝗽𝗽 𝗫𝗮𝗻𝗵 𝗣𝗹𝗮𝘁𝗳𝗼𝗿𝗺 – 𝗧𝗮̣𝗶 𝗖𝗵𝗼̂̃
--------------------
🏠𝟮𝟴𝟴 𝗧𝗿𝘂̛𝗼̛̀𝗻𝗴 𝗖𝗵𝗶𝗻𝗵 - 𝗣𝗵ư𝗼̛̀𝗻𝗴 Đ𝗼̂𝗻𝗴 𝗛𝘂̛𝗻𝗴 𝗧𝗵𝘂𝗮̣̂𝗻 - 𝗛𝗖𝗠 (𝗤𝘂𝗮̣̂𝗻𝟭𝟮 𝗰𝘂̃)",2025,10000.0,Tp Hồ Chí Minh,Quận 12,"DatbikeS1 BSTP ĐK 2026 Chính Chủ 1 Lần sạc đi 285km
- Odo 10k hơn
- Óc tán 7 màu keng 
- Còn đủ phụ kiện theo xe 
- Bảo hành Datbike toàn quốc
⛔️ Nợ xấu đưa 5tr8 có LÃI SUẤT hoặc 23tr KO LÃI SUẤT
--------------------
✅ 𝗛𝗼̂̃ 𝗧𝗿𝗼̛̣ 𝗔𝗲 𝗟𝗲̂𝗻 𝗛𝗼̂̀ 𝗦𝗼̛ 𝗕𝗮𝗻𝗸 𝗡𝗵𝗮̣̂𝗻 𝗫𝗲 𝗩𝗮̀ 𝗖𝗮𝘃𝗲𝘁 𝗚𝗼̂́𝗰
✅ 𝗡𝗼̛̣ 𝗫𝗮̂́𝘂 – 𝗛𝗼̂̃ 𝗧𝗿𝗼̛̣ 𝟬 Đ𝗼̂̀𝗻𝗴 – 𝗞𝗵𝗼̂𝗻𝗴 𝗫𝗮́𝗰 𝗠𝗶𝗻𝗵
✅ 𝗡𝗼̛̣ 𝗫𝗮̂́𝘂 – 𝗛𝗼̂̃ 𝗧𝗿𝗼̛̣ Đ𝘂̛𝗮 𝟯𝟬% – 𝗞𝗵𝗼̂𝗻𝗴 𝗟𝗮̃𝗶
✅ Đ𝗼̂̉𝗶 𝗣𝗶𝗻 𝗞𝗵𝗼̂𝗻𝗴 𝗖𝗵𝗼̛̀ 𝗦𝗮̣c 𝗡𝗵𝗶𝗲̂̀𝘂 𝗖𝗵𝗶 𝗡𝗵𝗮́𝗻𝗵
✅ 𝗛ỗ 𝗧𝗿𝗼̛̣ 𝟮 𝗡𝗮̆𝗺 𝗫𝗲 𝗛𝘂̛ – 𝗖𝗼́ 𝗫𝗲 𝗞𝗵𝗮́𝗰 𝗗𝘂̀𝗻𝗴
✅ Đ𝗮̆𝗻𝗴 𝗞𝘆́ 𝗔𝗽𝗽 𝗫𝗮𝗻𝗵 𝗣𝗹𝗮𝘁𝗳𝗼𝗿𝗺 – 𝗧𝗮̣𝗶 𝗖𝗵𝗼̂̃
--------------------
🏠𝟮𝟴𝟴 𝗧𝗿𝘂̛𝗼̛̀𝗻𝗴 𝗖𝗵𝗶𝗻𝗵 - 𝗣𝗵ư𝗼̛̀𝗻𝗴 Đ𝗼̂𝗻𝗴 𝗛𝘂̛𝗻𝗴 𝗧𝗵𝘂𝗮̣̂𝗻 - 𝗛𝗖𝗠 (𝗤𝘂𝗮̣̂𝗻𝟭𝟮 𝗰𝘂̃)",Cần xác minh,Khác,Không phân loại,,
134197994,CỬA HÀNG THU MUA XE MÁY ĐIỆN CŨ,35999000,"⭐️ CỬA HÀNG PHẠM TUẤN XE ĐIỆN CŨ 
CHUYÊN THU MUA XE ĐIỆN CŨ - GIÁ CAO - BAO MỌI GIẤY TỜ LIÊN QUAN
📌 Địa chỉ: 244 Thoại Ngọc Hầu . Phú Thạnh , Q .Tân Phú . TP HCM.
⭐️ ĐỊNH GIÁ MIỄN PHÍ XE MÁY ⭐️

❤️ Chuyên Thu Mua Xe Điện Cũ với các dòng như sau, Giá Bao Thị Trường
( VINFAST . YADEA . DATBIKE . PEGA...)

Giá thu từ: 1tr - 99tr

Dịch vụ đặc biệt:
❤️ Bấm Giá Trong Vòng 30s Để Khách Hàng Tham Khảo Giá
❤️ Hỗ Trợ Mua Tận Nơi ( Sài Gòn và những chỗ lân cận)


😍😍😍 CẦN KẾT NỐI VỚI SHOWROOM CÁC HÃNG XE ĐIỆN NEW THU CŨ ĐỔI MỚI CHO KHÁCH HÀNG

code: #thumuaxe #26003663_1",2025,1.0,Tp Hồ Chí Minh,Quận Tân Phú,"⭐️ CỬA HÀNG PHẠM TUẤN XE ĐIỆN CŨ 
CHUYÊN THU MUA XE ĐIỆN CŨ - GIÁ CAO - BAO MỌI GIẤY TỜ LIÊN QUAN
📌 Địa chỉ: 244 Thoại Ngọc Hầu . Phú Thạnh , Q .Tân Phú . TP HCM.
⭐️ ĐỊNH GIÁ MIỄN PHÍ XE MÁY ⭐️

❤️ Chuyên Thu Mua Xe Điện Cũ với các dòng như sau, Giá Bao Thị Trường
( VINFAST . YADEA . DATBIKE . PEGA...)

Giá thu từ: 1tr - 99tr

Dịch vụ đặc biệt:
❤️ Bấm Giá Trong Vòng 30s Để Khách Hàng Tham Khảo Giá
❤️ Hỗ Trợ Mua Tận Nơi ( Sài Gòn và những chỗ lân cận)


😍😍😍 CẦN KẾT NỐI VỚI SHOWROOM CÁC HÃNG XE ĐIỆN NEW THU CŨ ĐỔI MỚI CHO KHÁCH HÀNG

code: #thumuaxe #26003663_1",Cần xác minh,Khác,Không phân loại,,
134558870,Xe Điện 3sGo - Feliz II Trắng 700km,25900000,"Feliz II BSTP Chính Chủ 
- Odo 700km
- 2pin (free thuê 2pin 1 năm)
- Óc tán 7 màu keng 
- Còn đủ phụ kiện theo xe 
- Bảo hành Vinfast toàn quốc
⛔️ Nợ xấu đưa 0đ có LÃI SUẤT hoặc 15tr KO LÃI SUẤT
--------------------
✅ 𝗛𝗼̂̃ 𝗧𝗿𝗼̛̣ 𝗔𝗲 𝗟𝗲̂𝗻 𝗛𝗼̂̀ 𝗦𝗼̛ 𝗕𝗮𝗻𝗸 𝗡𝗵𝗮̣̂𝗻 𝗫𝗲 𝗩𝗮̀ 𝗖𝗮𝘃𝗲𝘁 𝗚𝗼̂́𝗰
✅ 𝗡𝗼̛̣ 𝗫𝗮̂́𝘂 – 𝗛𝗼̂̃ 𝗧𝗿𝗼̛̣ 𝟬 Đ𝗼̂̀𝗻𝗴 – 𝗞𝗵𝗼̂𝗻𝗴 𝗫𝗮́𝗰 𝗠𝗶𝗻𝗵
✅ 𝗡𝗼̛̣ 𝗫𝗮̂́𝘂 – 𝗛𝗼̂̃ 𝗧𝗿𝗼̛̣ Đ𝘂̛𝗮 𝟯𝟬% – 𝗞𝗵𝗼̂𝗻𝗴 𝗟𝗮̃𝗶
✅ Đ𝗼̂̉𝗶 𝗣𝗶𝗻 𝗞𝗵𝗼̂𝗻𝗴 𝗖𝗵𝗼̛̀ 𝗦𝗮̣c 𝗡𝗵𝗶𝗲̂̀𝘂 𝗖𝗵𝗶 𝗡𝗵𝗮́𝗻𝗵
✅ 𝗛ỗ 𝗧𝗿𝗼̛̣ 𝟮 𝗡𝗮̆𝗺 𝗫𝗲 𝗛𝘂̛ – 𝗖𝗼́ 𝗫𝗲 𝗞𝗵𝗮́𝗰 𝗗𝘂̀𝗻𝗴
✅ Đ𝗮̆𝗻𝗴 𝗞𝘆́ 𝗔𝗽𝗽 𝗫𝗮𝗻𝗵 𝗣𝗹𝗮𝘁𝗳𝗼𝗿𝗺 – 𝗧𝗮̣𝗶 𝗖𝗵𝗼̂̃
--------------------
🏠𝟮𝟴𝟴 𝗧𝗿𝘂̛𝗼̛̀𝗻𝗴 𝗖𝗵𝗶𝗻𝗵 - 𝗣𝗵ư𝗼̛̀𝗻𝗴 Đ𝗼̂𝗻𝗴 𝗛𝘂̛𝗻𝗴 𝗧𝗵𝘂𝗮̣̂𝗻 - 𝗛𝗖𝗠 (𝗤𝘂𝗮̣̂𝗻𝟭𝟮 𝗰𝘂̃)",2026,700.0,Tp Hồ Chí Minh,Quận 12,"Feliz II BSTP Chính Chủ 
- Odo 700km
- 2pin (free thuê 2pin 1 năm)
- Óc tán 7 màu keng 
- Còn đủ phụ kiện theo xe 
- Bảo hành Vinfast toàn quốc
⛔️ Nợ xấu đưa 0đ có LÃI SUẤT hoặc 15tr KO LÃI SUẤT
--------------------
✅ 𝗛𝗼̂̃ 𝗧𝗿𝗼̛̣ 𝗔𝗲 𝗟𝗲̂𝗻 𝗛𝗼̂̀ 𝗦𝗼̛ 𝗕𝗮𝗻𝗸 𝗡𝗵𝗮̣̂𝗻 𝗫𝗲 𝗩𝗮̀ 𝗖𝗮𝘃𝗲𝘁 𝗚𝗼̂́𝗰
✅ 𝗡𝗼̛̣ 𝗫𝗮̂́𝘂 – 𝗛𝗼̂̃ 𝗧𝗿𝗼̛̣ 𝟬 Đ𝗼̂̀𝗻𝗴 – 𝗞𝗵𝗼̂𝗻𝗴 𝗫𝗮́𝗰 𝗠𝗶𝗻𝗵
✅ 𝗡𝗼̛̣ 𝗫𝗮̂́𝘂 – 𝗛𝗼̂̃ 𝗧𝗿𝗼̛̣ Đ𝘂̛𝗮 𝟯𝟬% – 𝗞𝗵𝗼̂𝗻𝗴 𝗟𝗮̃𝗶
✅ Đ𝗼̂̉𝗶 𝗣𝗶𝗻 𝗞𝗵𝗼̂𝗻𝗴 𝗖𝗵𝗼̛̀ 𝗦𝗮̣c 𝗡𝗵𝗶𝗲̂̀𝘂 𝗖𝗵𝗶 𝗡𝗵𝗮́𝗻𝗵
✅ 𝗛ỗ 𝗧𝗿𝗼̛̣ 𝟮 𝗡𝗮̆𝗺 𝗫𝗲 𝗛𝘂̛ – 𝗖𝗼́ 𝗫𝗲 𝗞𝗵𝗮́𝗰 𝗗𝘂̀𝗻𝗴
✅ Đ𝗮̆𝗻𝗴 𝗞𝘆́ 𝗔𝗽𝗽 𝗫𝗮𝗻𝗵 𝗣𝗹𝗮𝘁𝗳𝗼𝗿𝗺 – 𝗧𝗮̣𝗶 𝗖𝗵𝗼̂̃
--------------------
🏠𝟮𝟴𝟴 𝗧𝗿𝘂̛𝗼̛̀𝗻𝗴 𝗖𝗵𝗶𝗻𝗵 - 𝗣𝗵ư𝗼̛̀𝗻𝗴 Đ𝗼̂𝗻𝗴 𝗛𝘂̛𝗻𝗴 𝗧𝗵𝘂𝗮̣̂𝗻 - 𝗛𝗖𝗠 (𝗤𝘂𝗮̣̂𝗻𝟭𝟮 𝗰𝘂̃)",Cần xác minh,VinFast,Feliz,27000000.0,4.1
134621837,Xe máy điện Xmen 2019 Đen Việt Nam,4900000,"BÁN XE MÁY ĐIỆN cũ :  Xmen 
Giá:4tr900  bình khỏe 30/35km/1 lần sạc 
Đk 2019 biển số 74 
xe ở Cầu Vượt Sóng Thần  Qlộ 1A 
LH: ***
Có nhan đổi xe điện cũ các loại",2019,8978.0,Tp Hồ Chí Minh,Thành phố Thủ Đức,"BÁN XE MÁY ĐIỆN cũ :  Xmen 
Giá:4tr900  bình khỏe 30/35km/1 lần sạc 
Đk 2019 biển số 74 
xe ở Cầu Vượt Sóng Thần  Qlộ 1A 
LH: ***
Có nhan đổi xe điện cũ các loại",Cần xác minh,Khác,Không phân loại,,
134621834,Xe máy điện VinFast Vento Neo Trắng 9.000KM,29500000,"Vento Neo 9.000KM Cập Bến 😍😍😍

Giá..29.5Tr

☎️*** Em bi",2025,9000.0,Tp Hồ Chí Minh,Quận Tân Phú,"Vento Neo 9.000KM Cập Bến 😍😍😍

Giá..29.5Tr

☎️*** Em bi",Cần xác minh,VinFast,Vento,50000000.0,41.0
134621825,"VinFast Feliz Neo 2025 Xám 38,900km",28000000,"Feliz Ne***


- ODO : 38,900km
- Pin : 72v 105Ah . Quãng đường đi được từ 200km 1 lần sạc
- Ngoại hình : 95%
- Thủ tục mua bán : công chứng mua bán ra tên mới. Chủ xe hỗ trợ rút hồ sơ
- Năm đăng ký : 10/2025
- Giá bán :  28,000,000
- Có hỗ trợ trả góp, nợ xấu
- Có cho thuê xe, trao đổi mua bán xe, ký gửi xe",2025,38900.0,Tp Hồ Chí Minh,Quận Tân Bình,"Feliz Ne***


- ODO : 38,900km
- Pin : 72v 105Ah . Quãng đường đi được từ 200km 1 lần sạc
- Ngoại hình : 95%
- Thủ tục mua bán : công chứng mua bán ra tên mới. Chủ xe hỗ trợ rút hồ sơ
- Năm đăng ký : 10/2025
- Giá bán :  28,000,000
- Có hỗ trợ trả góp, nợ xấu
- Có cho thuê xe, trao đổi mua bán xe, ký gửi xe",Cần xác minh,VinFast,Feliz,27000000.0,-3.7
134621821,Xe điện gogo,5200000,"bán xe điện còn rất tốt nhập khẩu nguyên chiếc giá vừa tầm ai mua cho con đi hoc câp 3 đỡ đươc bao nhiêu tiền nhà nhiêu xe lên bán nhanh cho gọn
ai thiên chí mua hoăc nhăn tin nêu ko nghe may kip",2019,5252.0,Hải Phòng,Quận Ngô Quyền,"bán xe điện còn rất tốt nhập khẩu nguyên chiếc giá vừa tầm ai mua cho con đi hoc câp 3 đỡ đươc bao nhiêu tiền nhà nhiêu xe lên bán nhanh cho gọn
ai thiên chí mua hoăc nhăn tin nêu ko nghe may kip",Cần xác minh,Dibao,Gogo,14500000.0,64.1
134621813,Quantum S3 odo 10k xe đẹp ken biển sg,32500000,"Quantum s3 xe đẹp ken 9 chủ ký 
Có gop nợ xấu tay đôi",2025,10412.0,Tp Hồ Chí Minh,Quận Tân Phú,"Quantum s3 xe đẹp ken 9 chủ ký 
Có gop nợ xấu tay đôi",Cần xác minh,Dat Bike,Quantum,34900000.0,6.9
133165398,Xe máy điện VinFast Feliz 2 Trắng,17500000,"Xe máy điện VinFast Feliz 2 màu trắng, thiết kế hiện đại, phù hợp cho cả nam và nữ. 
- Xe vận hành êm ái, tiết kiệm năng lượng. 
- Trang bị nhiều tính năng thông minh. 
- Xe mới, ít sử dụng.
- chuyển nhượng hợp đồng thuê 2 pin vinfast 1,5kw
",2026,1589.0,Đồng Nai,Huyện Trảng Bom,"Xe máy điện VinFast Feliz 2 màu trắng, thiết kế hiện đại, phù hợp cho cả nam và nữ. 
- Xe vận hành êm ái, tiết kiệm năng lượng. 
- Trang bị nhiều tính năng thông minh. 
- Xe mới, ít sử dụng.
- chuyển nhượng hợp đồng thuê 2 pin vinfast 1,5kw
",Cần xác minh,VinFast,Feliz,27000000.0,35.2
134536690,Xe Điện 3sGo -  Evo200Lite 2025 Đen,22900000,"Evo200Lite  - Bstp 9 Chủ ĐK 2025
- 2 Chìa khoá đầy đủ
- Dàn áo dán keng 98%
- Óc tán 7 màu keng 98%
- Còn đủ phụ kiện theo xe
❤️Xe keng 98% so với xe new 
⛔️ Nợ xấu đưa 3tr2 có LÃI SUẤT hoặc 12tr KO LÃI SUẤT
--------------------
✅ 𝗛𝗼̂̃ 𝗧𝗿𝗼̛̣ 𝗔𝗲 𝗟𝗲̂𝗻 𝗛𝗼̂̀ 𝗦𝗼̛ 𝗕𝗮𝗻𝗸 𝗡𝗵𝗮̣̂𝗻 𝗫𝗲 𝗩𝗮̀ 𝗖𝗮𝘃𝗲𝘁 𝗚𝗼̂́𝗰
✅ 𝗡𝗼̛̣ 𝗫𝗮̂́𝘂 – 𝗛𝗼̂̃ 𝗧𝗿𝗼̛̣ 𝟬 Đ𝗼̂̀𝗻𝗴 – 𝗞𝗵𝗼̂𝗻𝗴 𝗫𝗮́𝗰 𝗠𝗶𝗻𝗵
✅ 𝗡𝗼̛̣ 𝗫𝗮̂́𝘂 – 𝗛𝗼̂̃ 𝗧𝗿𝗼̛̣ Đ𝘂̛𝗮 𝟯𝟬% – 𝗞𝗵𝗼̂𝗻𝗴 𝗟𝗮̃𝗶
✅ Đ𝗼̂̉𝗶 𝗣𝗶𝗻 𝗞𝗵𝗼̂𝗻𝗴 𝗖𝗵𝗼̛̀ 𝗦𝗮̣c 𝗡𝗵𝗶𝗲̂̀𝘂 𝗖𝗵𝗶 𝗡𝗵𝗮́𝗻𝗵
✅ 𝗛ỗ 𝗧𝗿𝗼̛̣ 𝟮 𝗡𝗮̆𝗺 𝗫𝗲 𝗛𝘂̛ – 𝗖𝗼́ 𝗫𝗲 𝗞𝗵𝗮́𝗰 𝗗𝘂̀𝗻𝗴
✅ Đ𝗮̆𝗻𝗴 𝗞𝘆́ 𝗔𝗽𝗽 𝗫𝗮𝗻𝗵 𝗣𝗹𝗮𝘁𝗳𝗼𝗿𝗺 – 𝗧𝗮̣𝗶 𝗖𝗵𝗼̂̃
--------------------
🏠𝟮𝟴𝟴 𝗧𝗿𝘂̛𝗼̛̀𝗻𝗴 𝗖𝗵𝗶𝗻𝗵 - 𝗣𝗵ư𝗼̛̀𝗻𝗴 Đ𝗼̂𝗻𝗴 𝗛𝘂̛𝗻𝗴 𝗧𝗵𝘂𝗮̣̂𝗻 - 𝗛𝗖𝗠 (𝗤𝘂𝗮̣̂𝗻𝟭𝟮 𝗰𝘂̃)",2025,,Tp Hồ Chí Minh,Quận 12,"Evo200Lite  - Bstp 9 Chủ ĐK 2025
- 2 Chìa khoá đầy đủ
- Dàn áo dán keng 98%
- Óc tán 7 màu keng 98%
- Còn đủ phụ kiện theo xe
❤️Xe keng 98% so với xe new 
⛔️ Nợ xấu đưa 3tr2 có LÃI SUẤT hoặc 12tr KO LÃI SUẤT
--------------------
✅ 𝗛𝗼̂̃ 𝗧𝗿𝗼̛̣ 𝗔𝗲 𝗟𝗲̂𝗻 𝗛𝗼̂̀ 𝗦𝗼̛ 𝗕𝗮𝗻𝗸 𝗡𝗵𝗮̣̂𝗻 𝗫𝗲 𝗩𝗮̀ 𝗖𝗮𝘃𝗲𝘁 𝗚𝗼̂́𝗰
✅ 𝗡𝗼̛̣ 𝗫𝗮̂́𝘂 – 𝗛𝗼̂̃ 𝗧𝗿𝗼̛̣ 𝟬 Đ𝗼̂̀𝗻𝗴 – 𝗞𝗵𝗼̂𝗻𝗴 𝗫𝗮́𝗰 𝗠𝗶𝗻𝗵
✅ 𝗡𝗼̛̣ 𝗫𝗮̂́𝘂 – 𝗛𝗼̂̃ 𝗧𝗿𝗼̛̣ Đ𝘂̛𝗮 𝟯𝟬% – 𝗞𝗵𝗼̂𝗻𝗴 𝗟𝗮̃𝗶
✅ Đ𝗼̂̉𝗶 𝗣𝗶𝗻 𝗞𝗵𝗼̂𝗻𝗴 𝗖𝗵𝗼̛̀ 𝗦𝗮̣c 𝗡𝗵𝗶𝗲̂̀𝘂 𝗖𝗵𝗶 𝗡𝗵𝗮́𝗻𝗵
✅ 𝗛ỗ 𝗧𝗿𝗼̛̣ 𝟮 𝗡𝗮̆𝗺 𝗫𝗲 𝗛𝘂̛ – 𝗖𝗼́ 𝗫𝗲 𝗞𝗵𝗮́𝗰 𝗗𝘂̀𝗻𝗴
✅ Đ𝗮̆𝗻𝗴 𝗞𝘆́ 𝗔𝗽𝗽 𝗫𝗮𝗻𝗵 𝗣𝗹𝗮𝘁𝗳𝗼𝗿𝗺 – 𝗧𝗮̣𝗶 𝗖𝗵𝗼̂̃
--------------------
🏠𝟮𝟴𝟴 𝗧𝗿𝘂̛𝗼̛̀𝗻𝗴 𝗖𝗵𝗶𝗻𝗵 - 𝗣𝗵ư𝗼̛̀𝗻𝗴 Đ𝗼̂𝗻𝗴 𝗛𝘂̛𝗻𝗴 𝗧𝗵𝘂𝗮̣̂𝗻 - 𝗛𝗖𝗠 (𝗤𝘂𝗮̣̂𝗻𝟭𝟮 𝗰𝘂̃)",Cần xác minh,Khác,Không phân loại,,
134621561,Xe máy điện VinFast Feliz 2025 Trắng 2 pin 2.4kW,25000000,"FELIZ 2025 – 2 PIN ZIN – GIÁ 25 TRIỆU 🔥
Biển số: 50AD-256.57

🛵 Feliz 2025 – xe đẹp, 2 pin zin, sẵn sàng chạy ngay!

✨ Thông tin xe:

📍 ODO: 10.000 km
🔋 2 pin 2.4kW zin hãng
💎 Ngoại hình: 95%
📅 Đăng ký: 12/2025
📄 Công chứng mua bán
💰 Giá bán: 25.000.000đ

💳 HỖ TRỢ TRẢ GÓP – HỖ TRỢ HỒ SƠ NỢ XẤU
🛵 Có cho thuê xe
🔄 Nhận trao đổi – mua bán xe
📦 Nhận ký gửi xe

🔥 Điểm đáng tiền: 2 pin zin + đời 2025 + giấy tờ mua bán rõ ràng. Mua về đi hằng ngày hoặc chạy dịch vụ đều tiện.

📩 Quan tâm inbox ngay – xe đẹp, giá tốt, chốt sớm kẻo hết!",2025,10000.0,Tp Hồ Chí Minh,Quận Tân Bình,"FELIZ 2025 – 2 PIN ZIN – GIÁ 25 TRIỆU 🔥
Biển số: 50AD-256.57

🛵 Feliz 2025 – xe đẹp, 2 pin zin, sẵn sàng chạy ngay!

✨ Thông tin xe:

📍 ODO: 10.000 km
🔋 2 pin 2.4kW zin hãng
💎 Ngoại hình: 95%
📅 Đăng ký: 12/2025
📄 Công chứng mua bán
💰 Giá bán: 25.000.000đ

💳 HỖ TRỢ TRẢ GÓP – HỖ TRỢ HỒ SƠ NỢ XẤU
🛵 Có cho thuê xe
🔄 Nhận trao đổi – mua bán xe
📦 Nhận ký gửi xe

🔥 Điểm đáng tiền: 2 pin zin + đời 2025 + giấy tờ mua bán rõ ràng. Mua về đi hằng ngày hoặc chạy dịch vụ đều tiện.

📩 Quan tâm inbox ngay – xe đẹp, giá tốt, chốt sớm kẻo hết!",Kèm pin,VinFast,Feliz,27000000.0,7.4
134621518,Xe máy điện VinFast Feliz Neo 2025 Xám 39000 km,20500000,"Feliz Neo màu xám BS : 50-AC 735.12


- ODO : 39000
- Pin : 1 Pin zin 67v 30Ah + 1 pin song song sàn chân 67v 30Ah . Quãng đường đi được từ 130 - 150km 1 lần sạc
- Ngoại hình : 90%
- Thủ tục mua bán : công chứng mua bán
- Năm đăng ký : 09/2025
- Giá bán :  20,500,000
- Có hỗ trợ trả góp, nợ xấu
- Có cho thuê xe, trao đổi mua bán xe, ký gửi xe",2025,39000.0,Tp Hồ Chí Minh,Quận Tân Bình,"Feliz Neo màu xám BS : 50-AC 735.12


- ODO : 39000
- Pin : 1 Pin zin 67v 30Ah + 1 pin song song sàn chân 67v 30Ah . Quãng đường đi được từ 130 - 150km 1 lần sạc
- Ngoại hình : 90%
- Thủ tục mua bán : công chứng mua bán
- Năm đăng ký : 09/2025
- Giá bán :  20,500,000
- Có hỗ trợ trả góp, nợ xấu
- Có cho thuê xe, trao đổi mua bán xe, ký gửi xe",Kèm pin,VinFast,Feliz,27000000.0,24.1
134506458,Xe Điện 3sGo - Flazz 2026 Trắng 900 km,15900000,"Flazz BSTP ĐK 2026 Chính Chủ 
- Odo 900 cây
- Đã mua 2 pin
- Óc tán 7 màu keng 
- Còn đủ phụ kiện theo xe
- Bảo hành Vinfast toàn quốc
#Giá_15tr9 - Nậu xớ đưa 2tr1 hoặc 5tr1
⛔️ Nợ xấu đưa 2tr1 có LÃI SUẤT hoặc 8tr KO LÃI SUẤT
--------------------
✅ 𝗛𝗼̂̃ 𝗧𝗿𝗼̛̣ 𝗔𝗲 𝗟𝗲̂𝗻 𝗛𝗼̂̀ 𝗦𝗼̛ 𝗕𝗮𝗻𝗸 𝗡𝗵𝗮̣̂𝗻 𝗫𝗲 𝗩𝗮̀ 𝗖𝗮𝘃𝗲𝘁 𝗚𝗼̂́𝗰
✅ 𝗡𝗼̛̣ 𝗫𝗮̂́𝘂 – 𝗛𝗼̂̃ 𝗧𝗿𝗼̛̣ 𝟬 Đ𝗼̂̀𝗻𝗴 – 𝗞𝗵𝗼̂𝗻𝗴 𝗫𝗮́𝗰 𝗠𝗶𝗻𝗵
✅ 𝗡𝗼̛̣ 𝗫𝗮̂́𝘂 – 𝗛𝗼̂̃ 𝗧𝗿𝗼̛̣ Đ𝘂̛𝗮 𝟯𝟬% – 𝗞𝗵𝗼̂𝗻𝗴 𝗟𝗮̃𝗶
✅ Đ𝗼̂̉𝗶 𝗣𝗶𝗻 𝗞𝗵𝗼̂𝗻𝗴 𝗖𝗵𝗼̛̀ 𝗦𝗮̣c 𝗡𝗵𝗶𝗲̂̀𝘂 𝗖𝗵𝗶 𝗡𝗵𝗮́𝗻𝗵
✅ 𝗛ỗ 𝗧𝗿𝗼̛̣ 𝟮 𝗡𝗮̆𝗺 𝗫𝗲 𝗛𝘂̛ – 𝗖𝗼́ 𝗫𝗲 𝗞𝗵𝗮́𝗰 𝗗𝘂̀𝗻𝗴
✅ Đ𝗮̆𝗻𝗴 𝗞𝘆́ 𝗔𝗽𝗽 𝗫𝗮𝗻𝗵 𝗣𝗹𝗮𝘁𝗳𝗼𝗿𝗺 – 𝗧𝗮̣𝗶 𝗖𝗵𝗼̂̃
--------------------
🏠𝟮𝟴𝟴 𝗧𝗿𝘂̛𝗼̛̀𝗻𝗴 𝗖𝗵𝗶𝗻𝗵 - 𝗣𝗵ư𝗼̛̀𝗻𝗴 Đ𝗼̂𝗻𝗴 𝗛𝘂̛𝗻𝗴 𝗧𝗵𝘂𝗮̣̂𝗻 - 𝗛𝗖𝗠 (𝗤𝘂𝗮̣̂𝗻𝟭𝟮 𝗰𝘂̃)",2026,900.0,Tp Hồ Chí Minh,Quận 12,"Flazz BSTP ĐK 2026 Chính Chủ 
- Odo 900 cây
- Đã mua 2 pin
- Óc tán 7 màu keng 
- Còn đủ phụ kiện theo xe
- Bảo hành Vinfast toàn quốc
#Giá_15tr9 - Nậu xớ đưa 2tr1 hoặc 5tr1
⛔️ Nợ xấu đưa 2tr1 có LÃI SUẤT hoặc 8tr KO LÃI SUẤT
--------------------
✅ 𝗛𝗼̂̃ 𝗧𝗿𝗼̛̣ 𝗔𝗲 𝗟𝗲̂𝗻 𝗛𝗼̂̀ 𝗦𝗼̛ 𝗕𝗮𝗻𝗸 𝗡𝗵𝗮̣̂𝗻 𝗫𝗲 𝗩𝗮̀ 𝗖𝗮𝘃𝗲𝘁 𝗚𝗼̂́𝗰
✅ 𝗡𝗼̛̣ 𝗫𝗮̂́𝘂 – 𝗛𝗼̂̃ 𝗧𝗿𝗼̛̣ 𝟬 Đ𝗼̂̀𝗻𝗴 – 𝗞𝗵𝗼̂𝗻𝗴 𝗫𝗮́𝗰 𝗠𝗶𝗻𝗵
✅ 𝗡𝗼̛̣ 𝗫𝗮̂́𝘂 – 𝗛𝗼̂̃ 𝗧𝗿𝗼̛̣ Đ𝘂̛𝗮 𝟯𝟬% – 𝗞𝗵𝗼̂𝗻𝗴 𝗟𝗮̃𝗶
✅ Đ𝗼̂̉𝗶 𝗣𝗶𝗻 𝗞𝗵𝗼̂𝗻𝗴 𝗖𝗵𝗼̛̀ 𝗦𝗮̣c 𝗡𝗵𝗶𝗲̂̀𝘂 𝗖𝗵𝗶 𝗡𝗵𝗮́𝗻𝗵
✅ 𝗛ỗ 𝗧𝗿𝗼̛̣ 𝟮 𝗡𝗮̆𝗺 𝗫𝗲 𝗛𝘂̛ – 𝗖𝗼́ 𝗫𝗲 𝗞𝗵𝗮́𝗰 𝗗𝘂̀𝗻𝗴
✅ Đ𝗮̆𝗻𝗴 𝗞𝘆́ 𝗔𝗽𝗽 𝗫𝗮𝗻𝗵 𝗣𝗹𝗮𝘁𝗳𝗼𝗿𝗺 – 𝗧𝗮̣𝗶 𝗖𝗵𝗼̂̃
--------------------
🏠𝟮𝟴𝟴 𝗧𝗿𝘂̛𝗼̛̀𝗻𝗴 𝗖𝗵𝗶𝗻𝗵 - 𝗣𝗵ư𝗼̛̀𝗻𝗴 Đ𝗼̂𝗻𝗴 𝗛𝘂̛𝗻𝗴 𝗧𝗵𝘂𝗮̣̂𝗻 - 𝗛𝗖𝗠 (𝗤𝘂𝗮̣̂𝗻𝟭𝟮 𝗰𝘂̃)",Cần xác minh,Khác,Không phân loại,,
134555510,Xe Điện 3sGo - Datbike S1 Đen 10.000 km,44900000,"DatbikeS1 BSTP ĐK 2026 Chính Chủ 1 Lần sạc đi 285km
- Odo 10k hơn
- Óc tán 7 màu keng 
- Còn đủ phụ kiện theo xe 
- Bảo hành Datbike toàn quốc
⛔️ Nợ xấu đưa 5tr8 có LÃI SUẤT hoặc 24tr KO LÃI SUẤT
--------------------
✅ 𝗛𝗼̂̃ 𝗧𝗿𝗼̛̣ 𝗔𝗲 𝗟𝗲̂𝗻 𝗛𝗼̂̀ 𝗦𝗼̛ 𝗕𝗮𝗻𝗸 𝗡𝗵𝗮̣̂𝗻 𝗫𝗲 𝗩𝗮̀ 𝗖𝗮𝘃𝗲𝘁 𝗚𝗼̂́𝗰
✅ 𝗡𝗼̛̣ 𝗫𝗮̂́𝘂 – 𝗛𝗼̂̃ 𝗧𝗿𝗼̛̣ 𝟬 Đ𝗼̂̀𝗻𝗴 – 𝗞𝗵𝗼̂𝗻𝗴 𝗫𝗮́𝗰 𝗠𝗶𝗻𝗵
✅ 𝗡𝗼̛̣ 𝗫𝗮̂́𝘂 – 𝗛𝗼̂̃ 𝗧𝗿𝗼̛̣ Đ𝘂̛𝗮 𝟯𝟬% – 𝗞𝗵𝗼̂𝗻𝗴 𝗟𝗮̃𝗶
✅ Đ𝗼̂̉𝗶 𝗣𝗶𝗻 𝗞𝗵𝗼̂𝗻𝗴 𝗖𝗵𝗼̛̀ 𝗦𝗮̣c 𝗡𝗵𝗶𝗲̂̀𝘂 𝗖𝗵𝗶 𝗡𝗵𝗮́𝗻𝗵
✅ 𝗛ỗ 𝗧𝗿𝗼̛̣ 𝟮 𝗡𝗮̆𝗺 𝗫𝗲 𝗛𝘂̛ – 𝗖𝗼́ 𝗫𝗲 𝗞𝗵𝗮́𝗰 𝗗𝘂̀𝗻𝗴
✅ Đ𝗮̆𝗻𝗴 𝗞𝘆́ 𝗔𝗽𝗽 𝗫𝗮𝗻𝗵 𝗣𝗹𝗮𝘁𝗳𝗼𝗿𝗺 – 𝗧𝗮̣𝗶 𝗖𝗵𝗼̂̃
--------------------
🏠𝟮𝟴𝟴 𝗧𝗿𝘂̛𝗼̛̀𝗻𝗴 𝗖𝗵𝗶𝗻𝗵 - 𝗣𝗵ư𝗼̛̀𝗻𝗴 Đ𝗼̂𝗻𝗴 𝗛𝘂̛𝗻𝗴 𝗧𝗵𝘂𝗮̣̂𝗻 - 𝗛𝗖𝗠 (𝗤𝘂𝗮̣̂𝗻𝟭𝟮 𝗰𝘂̃)",2026,10000.0,Tp Hồ Chí Minh,Quận 12,"DatbikeS1 BSTP ĐK 2026 Chính Chủ 1 Lần sạc đi 285km
- Odo 10k hơn
- Óc tán 7 màu keng 
- Còn đủ phụ kiện theo xe 
- Bảo hành Datbike toàn quốc
⛔️ Nợ xấu đưa 5tr8 có LÃI SUẤT hoặc 24tr KO LÃI SUẤT
--------------------
✅ 𝗛𝗼̂̃ 𝗧𝗿𝗼̛̣ 𝗔𝗲 𝗟𝗲̂𝗻 𝗛𝗼̂̀ 𝗦𝗼̛ 𝗕𝗮𝗻𝗸 𝗡𝗵𝗮̣̂𝗻 𝗫𝗲 𝗩𝗮̀ 𝗖𝗮𝘃𝗲𝘁 𝗚𝗼̂́𝗰
✅ 𝗡𝗼̛̣ 𝗫𝗮̂́𝘂 – 𝗛𝗼̂̃ 𝗧𝗿𝗼̛̣ 𝟬 Đ𝗼̂̀𝗻𝗴 – 𝗞𝗵𝗼̂𝗻𝗴 𝗫𝗮́𝗰 𝗠𝗶𝗻𝗵
✅ 𝗡𝗼̛̣ 𝗫𝗮̂́𝘂 – 𝗛𝗼̂̃ 𝗧𝗿𝗼̛̣ Đ𝘂̛𝗮 𝟯𝟬% – 𝗞𝗵𝗼̂𝗻𝗴 𝗟𝗮̃𝗶
✅ Đ𝗼̂̉𝗶 𝗣𝗶𝗻 𝗞𝗵𝗼̂𝗻𝗴 𝗖𝗵𝗼̛̀ 𝗦𝗮̣c 𝗡𝗵𝗶𝗲̂̀𝘂 𝗖𝗵𝗶 𝗡𝗵𝗮́𝗻𝗵
✅ 𝗛ỗ 𝗧𝗿𝗼̛̣ 𝟮 𝗡𝗮̆𝗺 𝗫𝗲 𝗛𝘂̛ – 𝗖𝗼́ 𝗫𝗲 𝗞𝗵𝗮́𝗰 𝗗𝘂̀𝗻𝗴
✅ Đ𝗮̆𝗻𝗴 𝗞𝘆́ 𝗔𝗽𝗽 𝗫𝗮𝗻𝗵 𝗣𝗹𝗮𝘁𝗳𝗼𝗿𝗺 – 𝗧𝗮̣𝗶 𝗖𝗵𝗼̂̃
--------------------
🏠𝟮𝟴𝟴 𝗧𝗿𝘂̛𝗼̛̀𝗻𝗴 𝗖𝗵𝗶𝗻𝗵 - 𝗣𝗵ư𝗼̛̀𝗻𝗴 Đ𝗼̂𝗻𝗴 𝗛𝘂̛𝗻𝗴 𝗧𝗵𝘂𝗮̣̂𝗻 - 𝗛𝗖𝗠 (𝗤𝘂𝗮̣̂𝗻𝟭𝟮 𝗰𝘂̃)",Cần xác minh,Khác,Không phân loại,,
134620997,Xe máy điện Vespa Espero Classic 2022 Xanh ngọc,8400000,"Vespa Espero Classic 1. Đời cao 2022
Bình khoẻ. Đầy đủ giấy tờ
Ngoại hình đẹp như hình.
Giá hơn 8tr400

📍 Có thể xem xe và kiểm tra trực tiếp.
🏠 87 Máy tơ. Nam định
☎️ ***",2022,8000.0,Nam Định,Thành phố Nam Định,"Vespa Espero Classic 1. Đời cao 2022
Bình khoẻ. Đầy đủ giấy tờ
Ngoại hình đẹp như hình.
Giá hơn 8tr400

📍 Có thể xem xe và kiểm tra trực tiếp.
🏠 87 Máy tơ. Nam định
☎️ ***",Cần xác minh,Khác,Không phân loại,,
134434450,Xe đạp điện Yadea V1 Plus Đen,8500000,"Xe điện V1 Plus màu đen
- Kiểu dáng thời trang, dễ điều khiển.
- Động cơ êm ái.
- Pin bền bỉ, di chuyển quãng đường xa.",2025,1.0,Tp Hồ Chí Minh,Quận Tân Bình,"Xe điện V1 Plus màu đen
- Kiểu dáng thời trang, dễ điều khiển.
- Động cơ êm ái.
- Pin bền bỉ, di chuyển quãng đường xa.",Cần xác minh,Yadea,Yadea (Khác),9990000.0,14.9
134620393,Xe máy điện VinFast Vento Neo Trắng 9.000KM,29500000,"Vento Neo 9.000KM Cập Bến 😍😍😍

Giá..29.5Tr

☎️*** Minh Khờ",2025,9000.0,Tp Hồ Chí Minh,Quận Tân Phú,"Vento Neo 9.000KM Cập Bến 😍😍😍

Giá..29.5Tr

☎️*** Minh Khờ",Cần xác minh,VinFast,Vento,50000000.0,41.0
134620294,Vinfast Ludo Xe điện,6600000,Bán xe điện vinfast ludo acquy mới bảo hành 1 năm,2020,10.0,Hà Nội,Quận Tây Hồ,Bán xe điện vinfast ludo acquy mới bảo hành 1 năm,Cần xác minh,VinFast,Ludo,12900000.0,48.8
134620154,Xe máy điện VinFast Vento ABS Đen 7.000km,28800000,"Vento ABS lướt 7.000km
Chính chủ ký
-  Liền lạc đẹp keng
- 2 chìa 2 kính theo xe còn đủ
- Đã úp phuộc sau

Giá: 28tr8
☎️ ***",2025,7000.0,Tp Hồ Chí Minh,Quận 5,"Vento ABS lướt 7.000km
Chính chủ ký
-  Liền lạc đẹp keng
- 2 chìa 2 kính theo xe còn đủ
- Đã úp phuộc sau

Giá: 28tr8
☎️ ***",Cần xác minh,VinFast,Vento,50000000.0,42.4
134620115,Xe máy điện VinFast Vento Neo 2025 Trắng,29500000,"Khách lên đời để lại 
Vento neo siêu lướt
- Biển Tp chính chủ ký
- Pin 3.5, sạc 1000w đời mới 
- Liền lạc đẹp ken
- Góp đưa trước 30% nhận xe

Giá 29tr5
☎️***",2025,9000.0,Tp Hồ Chí Minh,Quận 5,"Khách lên đời để lại 
Vento neo siêu lướt
- Biển Tp chính chủ ký
- Pin 3.5, sạc 1000w đời mới 
- Liền lạc đẹp ken
- Góp đưa trước 30% nhận xe

Giá 29tr5
☎️***",Cần xác minh,VinFast,Vento,50000000.0,41.0
134620037,Xe máy điện Yadea Omee Trắng Ắc quy Graphene,14500000,"Xe máy điện Yadea Omee trắng, mới mua hơn 1 tuần, còn bảo hành hãng. 
 - Xe mới ra mắt 2026, thiết kế hiện đại. 
 - Pin ắc quy Graphene 48V22Ah, tốc độ tối đa 40km/h, công suất 400W. 
 - Phù hợp cho học sinh, sinh viên từ 16 tuổi trở lên hoặc người không có bằng lái. 
 - Giá 14.500.000 đồng.",2026,150.0,Tp Hồ Chí Minh,Thành phố Thủ Đức,"Xe máy điện Yadea Omee trắng, mới mua hơn 1 tuần, còn bảo hành hãng. 
 - Xe mới ra mắt 2026, thiết kế hiện đại. 
 - Pin ắc quy Graphene 48V22Ah, tốc độ tối đa 40km/h, công suất 400W. 
 - Phù hợp cho học sinh, sinh viên từ 16 tuổi trở lên hoặc người không có bằng lái. 
 - Giá 14.500.000 đồng.",Cần xác minh,Yadea,Yadea (Khác),9990000.0,-45.1
134599987,Xe điện Vespa Vision 2026 Xám Đã sử dụng,18500000,"Xe điện vision mới mua 2026 mới 98%

🔥🔥🔥 Siêu Phẩm Mới Về Ạ 🔥🔥🔥 

Vespa Siêu Siêu Lướt 2026

Xe Mới 95%, dk đầy đủ

SmartKey Zin
Xe Điện huy lâm Bán Rẻ 7tr So Với Mới 
Mà Lại Được Xe Như Mới Ạ 

📌 Ship Hàng TOÀN QUỐC - Nhanh chóng
---- 
📞 LH tư vấn miễn phí : ***( zalo / video call ) 
🕹️ Địa chỉ: 389 đội cấn-ba đình - Hà Nội. 
❇️ Cửa Hàng Xe Điện Huy Lâm",2026,5000.0,Hà Nội,Quận Ba Đình,"Xe điện vision mới mua 2026 mới 98%

🔥🔥🔥 Siêu Phẩm Mới Về Ạ 🔥🔥🔥 

Vespa Siêu Siêu Lướt 2026

Xe Mới 95%, dk đầy đủ

SmartKey Zin
Xe Điện huy lâm Bán Rẻ 7tr So Với Mới 
Mà Lại Được Xe Như Mới Ạ 

📌 Ship Hàng TOÀN QUỐC - Nhanh chóng
---- 
📞 LH tư vấn miễn phí : ***( zalo / video call ) 
🕹️ Địa chỉ: *** đội cấn-ba đình - Hà Nội. 
❇️ Cửa Hàng Xe Điện Huy Lâm",Kèm pin,Khác,Không phân loại,,
134619125,Xe máy điện VinFast Evo200 Lite Đen Việt Nam,20000000,"Trâu bò nhất dòng xe học sinh. Ko cần bằng lái. 
Evo200 lite biển SG.
Pin 3.5 kwh, trâu bò nhất nhà Vin. Tầm 100 - 140 km/sạc.
BH hãng đến 2028.
Biển SG, sang tên nhanh chóng.
20tr bao rút hồ sơ. 

Xe điện Z48
104 Đường số 1,kdc Cityland Center Hill, phường Hạnh Thông (t7 nghỉ)
***",2023,18000.0,Tp Hồ Chí Minh,Quận Gò Vấp,"Trâu bò nhất dòng xe học sinh. Ko cần bằng lái. 
Evo200 lite biển SG.
Pin 3.5 kwh, trâu bò nhất nhà Vin. Tầm 100 - 140 km/sạc.
BH hãng đến 2028.
Biển SG, sang tên nhanh chóng.
20tr bao rút hồ sơ. 

Xe điện Z48
*** Đường số 1,kdc Cityland Center Hill, phường Hạnh Thông (t7 nghỉ)
***",Cần xác minh,VinFast,Evo 200,18000000.0,-11.1
134618992,Vinfast Motio màu đỏ - Xe học sinh,8500000,"- Motio Vinfast.  Học sinh trên 16t đi ko cần bằng lái 
- 5 Bình acquy đi 50km/lần sạc 
- Chính chủ công chứng 
- Giá 8tr500k 
- Địa chỉ : 24/6. Đ.TL44. P.thạnh lộc. Q12",2025,10484.0,Tp Hồ Chí Minh,Quận 12,"- Motio Vinfast.  Học sinh trên 16t đi ko cần bằng lái 
- 5 Bình acquy đi 50km/lần sạc 
- Chính chủ công chứng 
- Giá 8tr500k 
- Địa chỉ : 24/6. Đ.TL44. P.thạnh lộc. Q12",Cần xác minh,Khác,Không phân loại,,
134618650,Xe máy điện VinFast Ludo/ Ko Bằng Lái (Cs2),8900000,"VinFast LuDo 50 / Pin / Không Bằng Lái
Trọng Lượng: 68Kg
Công Suất: 500w
Mua mới lúc trước 24.5 Triệu ( Pin Mua )
Năm SX : 2020
Xem Xe Tại CH2 Nguyễn Thông",2020,39000.0,Cần Thơ,Quận Bình Thuỷ,"VinFast LuDo 50 / Pin / Không Bằng Lái
Trọng Lượng: 68Kg
Công Suất: 500w
Mua mới lúc trước 24.5 Triệu ( Pin Mua )
Năm SX : 2020
Xem Xe Tại CH2 Nguyễn Thông",Cần xác minh,VinFast,Ludo,12900000.0,31.0
134602241,Xe Điện 3sGo - QuantumS1 BST 2025 Xanh 30k,35900000,"QuantumS1 BST9chù
- Đăng ký 2025
- Odo 30k
- Yên kimdang 
- Dàn áo keng ko trầy 98%
- Óc tán 7 màu keng 98%
- Còn đủ phụ kiện theo xe
❤️Xe keng 99% so với xe new 
⛔️ Nợ xấu đưa 8tr1 có LÃI SUẤT hoặc 19tr5 KO LÃI SUẤT
--------------------
✅ 𝗛𝗼̂̃ 𝗧𝗿𝗼̛̣ 𝗔𝗲 𝗟𝗲̂𝗻 𝗛𝗼̂̀ 𝗦𝗼̛ 𝗕𝗮𝗻𝗸 𝗡𝗵𝗮̣̂𝗻 𝗫𝗲 𝗩𝗮̀ 𝗖𝗮𝘃𝗲𝘁 𝗚𝗼̂́𝗰
✅ 𝗡𝗼̛̣ 𝗫𝗮̂́𝘂 – 𝗛𝗼̂̃ 𝗧𝗿𝗼̛̣ 𝟬 Đ𝗼̂̀𝗻𝗴 – 𝗞𝗵𝗼̂𝗻𝗴 𝗫𝗮́𝗰 𝗠𝗶𝗻𝗵
✅ 𝗡𝗼̛̣ 𝗫𝗮̂́𝘂 – 𝗛𝗼̂̃ 𝗧𝗿𝗼̛̣ Đ𝘂̛𝗮 𝟯𝟬% – 𝗞𝗵𝗼̂𝗻𝗴 𝗟𝗮̃𝗶
✅ Đ𝗼̂̉𝗶 𝗣𝗶𝗻 𝗞𝗵𝗼̂𝗻𝗴 𝗖𝗵𝗼̛̀ 𝗦𝗮̣c 𝗡𝗵𝗶𝗲̂̀𝘂 𝗖𝗵𝗶 𝗡𝗵𝗮́𝗻𝗵
✅ 𝗛ỗ 𝗧𝗿𝗼̛̣ 𝟮 𝗡𝗮̆𝗺 𝗫𝗲 𝗛𝘂̛ – 𝗖𝗼́ 𝗫𝗲 𝗞𝗵𝗮́𝗰 𝗗𝘂̀𝗻𝗴
✅ Đ𝗮̆𝗻𝗴 𝗞𝘆́ 𝗔𝗽𝗽 𝗫𝗮𝗻𝗵 𝗣𝗹𝗮𝘁𝗳𝗼𝗿𝗺 – 𝗧𝗮̣𝗶 𝗖𝗵𝗼̂̃
--------------------
🏠 𝟭𝟭𝟱 𝗣𝗵𝗮̣𝗺 𝗧𝗵𝗲̂́ 𝗛𝗶𝗲̂̉𝗻 - 𝗖𝗵𝗮́𝗻𝗵 𝗛𝘂̛𝗻𝗴 - 𝗛𝗖𝗠 ( 𝗤𝘂𝗮̣̂𝗻 𝟴 )
☎️ 𝗛𝗼𝘁𝗹𝗶𝗻𝗲 : *** - 𝗗𝗶𝗲̣̂𝘂",2025,30.0,Tp Hồ Chí Minh,Quận 8,"QuantumS1 BST9chù
- Đăng ký 2025
- Odo 30k
- Yên kimdang 
- Dàn áo keng ko trầy 98%
- Óc tán 7 màu keng 98%
- Còn đủ phụ kiện theo xe
❤️Xe keng 99% so với xe new 
⛔️ Nợ xấu đưa 8tr1 có LÃI SUẤT hoặc 19tr5 KO LÃI SUẤT
--------------------
✅ 𝗛𝗼̂̃ 𝗧𝗿𝗼̛̣ 𝗔𝗲 𝗟𝗲̂𝗻 𝗛𝗼̂̀ 𝗦𝗼̛ 𝗕𝗮𝗻𝗸 𝗡𝗵𝗮̣̂𝗻 𝗫𝗲 𝗩𝗮̀ 𝗖𝗮𝘃𝗲𝘁 𝗚𝗼̂́𝗰
✅ 𝗡𝗼̛̣ 𝗫𝗮̂́𝘂 – 𝗛𝗼̂̃ 𝗧𝗿𝗼̛̣ 𝟬 Đ𝗼̂̀𝗻𝗴 – 𝗞𝗵𝗼̂𝗻𝗴 𝗫𝗮́𝗰 𝗠𝗶𝗻𝗵
✅ 𝗡𝗼̛̣ 𝗫𝗮̂́𝘂 – 𝗛𝗼̂̃ 𝗧𝗿𝗼̛̣ Đ𝘂̛𝗮 𝟯𝟬% – 𝗞𝗵𝗼̂𝗻𝗴 𝗟𝗮̃𝗶
✅ Đ𝗼̂̉𝗶 𝗣𝗶𝗻 𝗞𝗵𝗼̂𝗻𝗴 𝗖𝗵𝗼̛̀ 𝗦𝗮̣c 𝗡𝗵𝗶𝗲̂̀𝘂 𝗖𝗵𝗶 𝗡𝗵𝗮́𝗻𝗵
✅ 𝗛ỗ 𝗧𝗿𝗼̛̣ 𝟮 𝗡𝗮̆𝗺 𝗫𝗲 𝗛𝘂̛ – 𝗖𝗼́ 𝗫𝗲 𝗞𝗵𝗮́𝗰 𝗗𝘂̀𝗻𝗴
✅ Đ𝗮̆𝗻𝗴 𝗞𝘆́ 𝗔𝗽𝗽 𝗫𝗮𝗻𝗵 𝗣𝗹𝗮𝘁𝗳𝗼𝗿𝗺 – 𝗧𝗮̣𝗶 𝗖𝗵𝗼̂̃
--------------------
🏠 𝟭𝟭𝟱 𝗣𝗵𝗮̣𝗺 𝗧𝗵𝗲̂́ 𝗛𝗶𝗲̂̉𝗻 - 𝗖𝗵𝗮́𝗻𝗵 𝗛𝘂̛𝗻𝗴 - 𝗛𝗖𝗠 ( 𝗤𝘂𝗮̣̂𝗻 𝟴 )
☎️ 𝗛𝗼𝘁𝗹𝗶𝗻𝗲 : *** - 𝗗𝗶𝗲̣̂𝘂",Cần xác minh,Khác,Không phân loại,,
134617456,Xe máy điện BEFORE ALL Latina VI 2.0 Trắng,12000000,"Xe máy điện mới mua được 3 tháng cần bán lại  hãng: BEFORE ALL
Dòng : latina vi 2.0 
Thiết kế theo kiểu dáng vespa 
Tốc độ tối đa 50km/h 
Pin chạy được 60km
Còn bảo hành 9 tháng
giá mua mới 18tr500 
bán lại 12tr000",2026,300.0,Đà Nẵng,Quận Ngũ Hành Sơn,"Xe máy điện mới mua được 3 tháng cần bán lại  hãng: BEFORE ALL
Dòng : latina vi 2.0 
Thiết kế theo kiểu dáng vespa 
Tốc độ tối đa 50km/h 
Pin chạy được 60km
Còn bảo hành 9 tháng
giá mua mới 18tr500 
bán lại 12tr000",Cần xác minh,Khác,Không phân loại,,
134617447,Xe máy điện DK Bike 2021,7900000,"Xe máy điện Soma SX không cần bằng lái btc 
1 lần sạc đi được 60km , tốc tối đa 46km giờ 
5 bình vừa thay mới còn bảo hành 1 năm 
Áo quần sạch sẽ không bể , full chức năng 
Giá : 7tr9 bình tân",2021,40000.0,Tp Hồ Chí Minh,Quận Bình Tân,"Xe máy điện Soma SX không cần bằng lái btc 
1 lần sạc đi được 60km , tốc tối đa 46km giờ 
5 bình vừa thay mới còn bảo hành 1 năm 
Áo quần sạch sẽ không bể , full chức năng 
Giá : 7tr9 bình tân",Cần xác minh,Khác,Không phân loại,,
134602534,Xe Điện 3sGo - EvoGrand Đen 14k km,22900000,"EvoGrand ĐK 4/2026 BST 9 chủ kí
- Odo 14k
- 2 pin mua theo xe
- Dàn áo keng ko trầy 98%
- Óc tán 7 màu keng 98%
- Còn đủ phụ kiện theo xe
❤️Xe keng 98% so với xe new 
⛔️ Nợ xấu đưa 0Đ có LÃI SUẤT hoặc 13tr KO LÃI SUẤT
--------------------
✅ 𝗛𝗼̂̃ 𝗧𝗿𝗼̛̣ 𝗔𝗲 𝗟𝗲̂𝗻 𝗛𝗼̂̀ 𝗦𝗼̛ 𝗕𝗮𝗻𝗸 𝗡𝗵𝗮̣̂𝗻 𝗫𝗲 𝗩𝗮̀ 𝗖𝗮𝘃𝗲𝘁 𝗚𝗼̂́𝗰
✅ 𝗡𝗼̛̣ 𝗫𝗮̂́𝘂 – 𝗛𝗼̂̃ 𝗧𝗿𝗼̛̣ 𝟬 Đ𝗼̂̀𝗻𝗴 – 𝗞𝗵𝗼̂𝗻𝗴 𝗫𝗮́𝗰 𝗠𝗶𝗻𝗵
✅ 𝗡𝗼̛̣ 𝗫𝗮̂́𝘂 – 𝗛𝗼̂̃ 𝗧𝗿𝗼̛̣ Đ𝘂̛𝗮 𝟯𝟬% – 𝗞𝗵𝗼̂𝗻𝗴 𝗟𝗮̃𝗶
✅ Đ𝗼̂̉𝗶 𝗣𝗶𝗻 𝗞𝗵𝗼̂𝗻𝗴 𝗖𝗵𝗼̛̀ 𝗦𝗮̣c 𝗡𝗵𝗶𝗲̂̀𝘂 𝗖𝗵𝗶 𝗡𝗵𝗮́𝗻𝗵
✅ 𝗛ỗ 𝗧𝗿𝗼̛̣ 𝟮 𝗡𝗮̆𝗺 𝗫𝗲 𝗛𝘂̛ – 𝗖𝗼́ 𝗫𝗲 𝗞𝗵𝗮́𝗰 𝗗𝘂̀𝗻𝗴
✅ Đ𝗮̆𝗻𝗴 𝗞𝘆́ 𝗔𝗽𝗽 𝗫𝗮𝗻𝗵 𝗣𝗹𝗮𝘁𝗳𝗼𝗿𝗺 – 𝗧𝗮̣𝗶 𝗖𝗵𝗼̂̃
--------------------
🏠 𝟭𝟭𝟱 𝗣𝗵𝗮̣𝗺 𝗧𝗵𝗲̂́ 𝗛𝗶𝗲̂̉𝗻 - 𝗖𝗵𝗮́𝗻𝗵 𝗛𝘂̛𝗻𝗴 - 𝗛𝗖𝗠 ( 𝗤𝘂𝗮̣̂𝗻 𝟴 )
☎️ 𝗛𝗼𝘁𝗹𝗶𝗻𝗲 : *** - 𝗗𝗶𝗲̣̂𝘂",2026,14000.0,Tp Hồ Chí Minh,Quận 8,"EvoGrand ĐK 4/2026 BST 9 chủ kí
- Odo 14k
- 2 pin mua theo xe
- Dàn áo keng ko trầy 98%
- Óc tán 7 màu keng 98%
- Còn đủ phụ kiện theo xe
❤️Xe keng 98% so với xe new 
⛔️ Nợ xấu đưa 0Đ có LÃI SUẤT hoặc 13tr KO LÃI SUẤT
--------------------
✅ 𝗛𝗼̂̃ 𝗧𝗿𝗼̛̣ 𝗔𝗲 𝗟𝗲̂𝗻 𝗛𝗼̂̀ 𝗦𝗼̛ 𝗕𝗮𝗻𝗸 𝗡𝗵𝗮̣̂𝗻 𝗫𝗲 𝗩𝗮̀ 𝗖𝗮𝘃𝗲𝘁 𝗚𝗼̂́𝗰
✅ 𝗡𝗼̛̣ 𝗫𝗮̂́𝘂 – 𝗛𝗼̂̃ 𝗧𝗿𝗼̛̣ 𝟬 Đ𝗼̂̀𝗻𝗴 – 𝗞𝗵𝗼̂𝗻𝗴 𝗫𝗮́𝗰 𝗠𝗶𝗻𝗵
✅ 𝗡𝗼̛̣ 𝗫𝗮̂́𝘂 – 𝗛𝗼̂̃ 𝗧𝗿𝗼̛̣ Đ𝘂̛𝗮 𝟯𝟬% – 𝗞𝗵𝗼̂𝗻𝗴 𝗟𝗮̃𝗶
✅ Đ𝗼̂̉𝗶 𝗣𝗶𝗻 𝗞𝗵𝗼̂𝗻𝗴 𝗖𝗵𝗼̛̀ 𝗦𝗮̣c 𝗡𝗵𝗶𝗲̂̀𝘂 𝗖𝗵𝗶 𝗡𝗵𝗮́𝗻𝗵
✅ 𝗛ỗ 𝗧𝗿𝗼̛̣ 𝟮 𝗡𝗮̆𝗺 𝗫𝗲 𝗛𝘂̛ – 𝗖𝗼́ 𝗫𝗲 𝗞𝗵𝗮́𝗰 𝗗𝘂̀𝗻𝗴
✅ Đ𝗮̆𝗻𝗴 𝗞𝘆́ 𝗔𝗽𝗽 𝗫𝗮𝗻𝗵 𝗣𝗹𝗮𝘁𝗳𝗼𝗿𝗺 – 𝗧𝗮̣𝗶 𝗖𝗵𝗼̂̃
--------------------
🏠 𝟭𝟭𝟱 𝗣𝗵𝗮̣𝗺 𝗧𝗵𝗲̂́ 𝗛𝗶𝗲̂̉𝗻 - 𝗖𝗵𝗮́𝗻𝗵 𝗛𝘂̛𝗻𝗴 - 𝗛𝗖𝗠 ( 𝗤𝘂𝗮̣̂𝗻 𝟴 )
☎️ 𝗛𝗼𝘁𝗹𝗶𝗻𝗲 : *** - 𝗗𝗶𝗲̣̂𝘂",Cần xác minh,Khác,Không phân loại,,
133873833,Xe máy điện SANTOSAR VS3 Xám 240W,12300000,"🏆🏆🏆 Hót Hót mẫu xe VS3 hottrend
🎈xe có thông số động cơ 240W, cho học sinh dưới 16t, cho mẹ đị chợ, cho chị em đi làm
📙Dòng xe có cốp rộng, chạy cực kỳ êm ái. Xe có giấy tờ đăng kiểm, hoá đơn đầy đủ ( đi đường không sợ công an), đặc biệt các em học sinh dứoi 16t chạy vẫn đúng quy định
💡xe được trang bị đèn led, thắng đĩa rất an toàn
🪫 chạy bình 48V30ah chính hãng an toàn không lo cháy nổ
🧾 bảo hành 12 tháng
💰giá 12",2026,,Tp Hồ Chí Minh,Thành phố Thủ Đức,"🏆🏆🏆 Hót Hót mẫu xe VS3 hottrend
🎈xe có thông số động cơ 240W, cho học sinh dưới 16t, cho mẹ đị chợ, cho chị em đi làm
📙Dòng xe có cốp rộng, chạy cực kỳ êm ái. Xe có giấy tờ đăng kiểm, hoá đơn đầy đủ ( đi đường không sợ công an), đặc biệt các em học sinh dứoi 16t chạy vẫn đúng quy định
💡xe được trang bị đèn led, thắng đĩa rất an toàn
🪫 chạy bình 48V30ah chính hãng an toàn không lo cháy nổ
🧾 bảo hành 12 tháng
💰giá 12",Cần xác minh,Khác,Không phân loại,,
134026009,Xe máy điện VinFast EVO 200 2024 Đen mờ 11000 km,20000000,"DƯ dùng bán lại chiếc xe máy điện VinFats EVO 200, màu đen mờ sản xuất 2024 , pin mua chạy 11 000km, pin sử dụng 100km mới sạc,xe luôn bảo dưỡng định kỳ tại hãng , bảo đảm xe còn sử dụng tốt,ngay chủ đứng tên bán, cam ơn anh chị đả xem tin.",2024,11000.0,Tp Hồ Chí Minh,Thành phố Thủ Đức,"DƯ dùng bán lại chiếc xe máy điện VinFats EVO 200, màu đen mờ sản xuất 2024 , pin mua chạy 11 000km, pin sử dụng 100km mới sạc,xe luôn bảo dưỡng định kỳ tại hãng , bảo đảm xe còn sử dụng tốt,ngay chủ đứng tên bán, cam ơn anh chị đả xem tin.",Cần xác minh,VinFast,Evo 200,18000000.0,-11.1
134563221,Xe điện V1  946 TỐT 90% CÒN SỔ BH,7900000,"XE MÁY ĐIỆN KONAXOAKA TỐT 90% CÒN SỔ BH

BÌNH SẠC ĐẦY ĐỦ
BẢO HÀNH DÀI HẠN
ZALO-GỌI TRỰC TIẾP ***
XE ĐẸP NHƯ HÌNH",2026,2000.0,Tp Hồ Chí Minh,Quận 1,"XE MÁY ĐIỆN KONAXOAKA TỐT 90% CÒN SỔ BH

BÌNH SẠC ĐẦY ĐỦ
BẢO HÀNH DÀI HẠN
ZALO-GỌI TRỰC TIẾP ***
XE ĐẸP NHƯ HÌNH",Cần xác minh,Khác,Không phân loại,,
134616801,Xe điện Sundiro Xám tím,6000000,"Cần bán xe điện như hình, xe chạy còn tốt, ngoại hình còn đẹp.",2026,5000.0,Tp Hồ Chí Minh,Quận 10,"Cần bán xe điện như hình, xe chạy còn tốt, ngoại hình còn đẹp.",Cần xác minh,Khác,Không phân loại,,
134602590,Xe Điên 3sGo - Evo200 2025 Trắng 10.000 km,21900000,"Evo200 ĐK 8/2025 Pin Mua BSTP
- Odo 10.000 Cây
- Dàn áo keng ko trầy 99%
- Óc tán 7 màu keng 99%
- Còn đủ phụ kiện theo xe
❤️Xe keng 99% so với xe new 
⛔️ Nợ xấu đưa 0Đ có LÃI SUẤT hoặc 12tr5 KO LÃI SUẤT
--------------------
✅ 𝗛𝗼̂̃ 𝗧𝗿𝗼̛̣ 𝗔𝗲 𝗟𝗲̂𝗻 𝗛𝗼̂̀ 𝗦𝗼̛ 𝗕𝗮𝗻𝗸 𝗡𝗵𝗮̣̂𝗻 𝗫𝗲 𝗩𝗮̀ 𝗖𝗮𝘃𝗲𝘁 𝗚𝗼̂́𝗰
✅ 𝗡𝗼̛̣ 𝗫𝗮̂́𝘂 – 𝗛𝗼̂̃ 𝗧𝗿𝗼̛̣ 𝟬 Đ𝗼̂̀𝗻𝗴 – 𝗞𝗵𝗼̂𝗻𝗴 𝗫𝗮́𝗰 𝗠𝗶𝗻𝗵
✅ 𝗡𝗼̛̣ 𝗫𝗮̂́𝘂 – 𝗛𝗼̂̃ 𝗧𝗿𝗼̛̣ Đ𝘂̛𝗮 𝟯𝟬% – 𝗞𝗵𝗼̂𝗻𝗴 𝗟𝗮̃𝗶
✅ Đ𝗼̂̉𝗶 𝗣𝗶𝗻 𝗞𝗵𝗼̂𝗻𝗴 𝗖𝗵𝗼̛̀ 𝗦𝗮̣c 𝗡𝗵𝗶𝗲̂̀𝘂 𝗖𝗵𝗶 𝗡𝗵𝗮́𝗻𝗵
✅ 𝗛ỗ 𝗧𝗿𝗼̛̣ 𝟮 𝗡𝗮̆𝗺 𝗫𝗲 𝗛𝘂̛ – 𝗖𝗼́ 𝗫𝗲 𝗞𝗵𝗮́𝗰 𝗗𝘂̀𝗻𝗴
✅ Đ𝗮̆𝗻𝗴 𝗞𝘆́ 𝗔𝗽𝗽 𝗫𝗮𝗻𝗵 𝗣𝗹𝗮𝘁𝗳𝗼𝗿𝗺 – 𝗧𝗮̣𝗶 𝗖𝗵𝗼̂̃
--------------------
🏠 𝟭𝟭𝟱 𝗣𝗵𝗮̣𝗺 𝗧𝗵𝗲̂́ 𝗛𝗶𝗲̂̉𝗻 - 𝗖𝗵𝗮́𝗻𝗵 𝗛𝘂̛𝗻𝗴 - 𝗛𝗖𝗠 ( 𝗤𝘂𝗮̣̂𝗻 𝟴 )
☎️ 𝗛𝗼𝘁𝗹𝗶𝗻𝗲 : *** - 𝗗𝗶𝗲̣̂𝘂",2025,10000.0,Tp Hồ Chí Minh,Quận 8,"Evo200 ĐK 8/2025 Pin Mua BSTP
- Odo 10.000 Cây
- Dàn áo keng ko trầy 99%
- Óc tán 7 màu keng 99%
- Còn đủ phụ kiện theo xe
❤️Xe keng 99% so với xe new 
⛔️ Nợ xấu đưa 0Đ có LÃI SUẤT hoặc 12tr5 KO LÃI SUẤT
--------------------
✅ 𝗛𝗼̂̃ 𝗧𝗿𝗼̛̣ 𝗔𝗲 𝗟𝗲̂𝗻 𝗛𝗼̂̀ 𝗦𝗼̛ 𝗕𝗮𝗻𝗸 𝗡𝗵𝗮̣̂𝗻 𝗫𝗲 𝗩𝗮̀ 𝗖𝗮𝘃𝗲𝘁 𝗚𝗼̂́𝗰
✅ 𝗡𝗼̛̣ 𝗫𝗮̂́𝘂 – 𝗛𝗼̂̃ 𝗧𝗿𝗼̛̣ 𝟬 Đ𝗼̂̀𝗻𝗴 – 𝗞𝗵𝗼̂𝗻𝗴 𝗫𝗮́𝗰 𝗠𝗶𝗻𝗵
✅ 𝗡𝗼̛̣ 𝗫𝗮̂́𝘂 – 𝗛𝗼̂̃ 𝗧𝗿𝗼̛̣ Đ𝘂̛𝗮 𝟯𝟬% – 𝗞𝗵𝗼̂𝗻𝗴 𝗟𝗮̃𝗶
✅ Đ𝗼̂̉𝗶 𝗣𝗶𝗻 𝗞𝗵𝗼̂𝗻𝗴 𝗖𝗵𝗼̛̀ 𝗦𝗮̣c 𝗡𝗵𝗶𝗲̂̀𝘂 𝗖𝗵𝗶 𝗡𝗵𝗮́𝗻𝗵
✅ 𝗛ỗ 𝗧𝗿𝗼̛̣ 𝟮 𝗡𝗮̆𝗺 𝗫𝗲 𝗛𝘂̛ – 𝗖𝗼́ 𝗫𝗲 𝗞𝗵𝗮́𝗰 𝗗𝘂̀𝗻𝗴
✅ Đ𝗮̆𝗻𝗴 𝗞𝘆́ 𝗔𝗽𝗽 𝗫𝗮𝗻𝗵 𝗣𝗹𝗮𝘁𝗳𝗼𝗿𝗺 – 𝗧𝗮̣𝗶 𝗖𝗵𝗼̂̃
--------------------
🏠 𝟭𝟭𝟱 𝗣𝗵𝗮̣𝗺 𝗧𝗵𝗲̂́ 𝗛𝗶𝗲̂̉𝗻 - 𝗖𝗵𝗮́𝗻𝗵 𝗛𝘂̛𝗻𝗴 - 𝗛𝗖𝗠 ( 𝗤𝘂𝗮̣̂𝗻 𝟴 )
☎️ 𝗛𝗼𝘁𝗹𝗶𝗻𝗲 : *** - 𝗗𝗶𝗲̣̂𝘂",Cần xác minh,VinFast,Evo 200,18000000.0,-21.7
133937642,Xe máy điện VinFast EVO GRAND Lite 2026 Trắng,19000000,a Ai cần liên hệ nhà ở Quận 12 thành phố Hồ Chí Minh cảm ơn xem như mới,2026,506.0,Tp Hồ Chí Minh,Quận 12,a Ai cần liên hệ nhà ở Quận 12 thành phố Hồ Chí Minh cảm ơn xem như mới,Cần xác minh,Khác,Không phân loại,,
134602453,Xe Điện 3sGo - DatBike Quantum S1 Đen,37900000,"QuantumS1 BSTP
- Odo không nói đâu
- Bảo Hành Pin 10 Năm 
- Sạc 1800w 
- Dàn áo keng ko trầy 98%
- Óc tán 7 màu keng 98%
- Còn đủ phụ kiện theo xe
❤️Xe keng 99% so với xe new 
⛔️ Nợ xấu đưa 3tr7 có LÃI SUẤT hoặc 16tr4 KO LÃI SUẤT
--------------------
✅ 𝗛𝗼̂̃ 𝗧𝗿𝗼̛̣ 𝗔𝗲 𝗟𝗲̂𝗻 𝗛𝗼̂̀ 𝗦𝗼̛ 𝗕𝗮𝗻𝗸 𝗡𝗵𝗮̣̂𝗻 𝗫𝗲 𝗩𝗮̀ 𝗖𝗮𝘃𝗲𝘁 𝗚𝗼̂́𝗰
✅ 𝗡𝗼̛̣ 𝗫𝗮̂́𝘂 – 𝗛𝗼̂̃ 𝗧𝗿𝗼̛̣ 𝟬 Đ𝗼̂̀𝗻𝗴 – 𝗞𝗵𝗼̂𝗻𝗴 𝗫𝗮́𝗰 𝗠𝗶𝗻𝗵
✅ 𝗡𝗼̛̣ 𝗫𝗮̂́𝘂 – 𝗛𝗼̂̃ 𝗧𝗿𝗼̛̣ Đ𝘂̛𝗮 𝟯𝟬% – 𝗞𝗵𝗼̂𝗻𝗴 𝗟𝗮̃𝗶
✅ Đ𝗼̂̉𝗶 𝗣𝗶𝗻 𝗞𝗵𝗼̂𝗻𝗴 𝗖𝗵𝗼̛̀ 𝗦𝗮̣c 𝗡𝗵𝗶𝗲̂̀𝘂 𝗖𝗵𝗶 𝗡𝗵𝗮́𝗻𝗵
✅ 𝗛ỗ 𝗧𝗿𝗼̛̣ 𝟮 𝗡𝗮̆𝗺 𝗫𝗲 𝗛𝘂̛ – 𝗖𝗼́ 𝗫𝗲 𝗞𝗵𝗮́𝗰 𝗗𝘂̀𝗻𝗴
✅ Đ𝗮̆𝗻𝗴 𝗞𝘆́ 𝗔𝗽𝗽 𝗫𝗮𝗻𝗵 𝗣𝗹𝗮𝘁𝗳𝗼𝗿𝗺 – 𝗧𝗮̣𝗶 𝗖𝗵𝗼̂̃
--------------------
🏠 𝟭𝟭𝟱 𝗣𝗵𝗮̣𝗺 𝗧𝗵𝗲̂́ 𝗛𝗶𝗲̂̉𝗻 - 𝗖𝗵𝗮́𝗻𝗵 𝗛𝘂̛𝗻𝗴 - 𝗛𝗖𝗠 ( 𝗤𝘂𝗮̣̂𝗻 𝟴 )
☎️ 𝗛𝗼𝘁𝗹𝗶𝗻𝗲 : *** - 𝗗𝗶𝗲̣̂𝘂",2026,,Tp Hồ Chí Minh,Quận 8,"QuantumS1 BSTP
- Odo không nói đâu
- Bảo Hành Pin 10 Năm 
- Sạc 1800w 
- Dàn áo keng ko trầy 98%
- Óc tán 7 màu keng 98%
- Còn đủ phụ kiện theo xe
❤️Xe keng 99% so với xe new 
⛔️ Nợ xấu đưa 3tr7 có LÃI SUẤT hoặc 16tr4 KO LÃI SUẤT
--------------------
✅ 𝗛𝗼̂̃ 𝗧𝗿𝗼̛̣ 𝗔𝗲 𝗟𝗲̂𝗻 𝗛𝗼̂̀ 𝗦𝗼̛ 𝗕𝗮𝗻𝗸 𝗡𝗵𝗮̣̂𝗻 𝗫𝗲 𝗩𝗮̀ 𝗖𝗮𝘃𝗲𝘁 𝗚𝗼̂́𝗰
✅ 𝗡𝗼̛̣ 𝗫𝗮̂́𝘂 – 𝗛𝗼̂̃ 𝗧𝗿𝗼̛̣ 𝟬 Đ𝗼̂̀𝗻𝗴 – 𝗞𝗵𝗼̂𝗻𝗴 𝗫𝗮́𝗰 𝗠𝗶𝗻𝗵
✅ 𝗡𝗼̛̣ 𝗫𝗮̂́𝘂 – 𝗛𝗼̂̃ 𝗧𝗿𝗼̛̣ Đ𝘂̛𝗮 𝟯𝟬% – 𝗞𝗵𝗼̂𝗻𝗴 𝗟𝗮̃𝗶
✅ Đ𝗼̂̉𝗶 𝗣𝗶𝗻 𝗞𝗵𝗼̂𝗻𝗴 𝗖𝗵𝗼̛̀ 𝗦𝗮̣c 𝗡𝗵𝗶𝗲̂̀𝘂 𝗖𝗵𝗶 𝗡𝗵𝗮́𝗻𝗵
✅ 𝗛ỗ 𝗧𝗿𝗼̛̣ 𝟮 𝗡𝗮̆𝗺 𝗫𝗲 𝗛𝘂̛ – 𝗖𝗼́ 𝗫𝗲 𝗞𝗵𝗮́𝗰 𝗗𝘂̀𝗻𝗴
✅ Đ𝗮̆𝗻𝗴 𝗞𝘆́ 𝗔𝗽𝗽 𝗫𝗮𝗻𝗵 𝗣𝗹𝗮𝘁𝗳𝗼𝗿𝗺 – 𝗧𝗮̣𝗶 𝗖𝗵𝗼̂̃
--------------------
🏠 𝟭𝟭𝟱 𝗣𝗵𝗮̣𝗺 𝗧𝗵𝗲̂́ 𝗛𝗶𝗲̂̉𝗻 - 𝗖𝗵𝗮́𝗻𝗵 𝗛𝘂̛𝗻𝗴 - 𝗛𝗖𝗠 ( 𝗤𝘂𝗮̣̂𝗻 𝟴 )
☎️ 𝗛𝗼𝘁𝗹𝗶𝗻𝗲 : *** - 𝗗𝗶𝗲̣̂𝘂",Cần xác minh,Dat Bike,Quantum,34900000.0,-8.6
134031255,"Vinfast Klara Pin cầm,xe đẹp biển Sài Gòn",10800000,"🍓🍓🍓 Xe bà xã đi đã đổi Evo200 nên thanh lý lại người dùng.
Xe Vinfast Klara màu hồng (Xe đẹp lắm nữ tính)
☘️ Biển Số Sài Gòn 41MĐ- chạy không cần bằng
Pin zin mua  + Sạc Zin: sạc đầy 2-3 tiếng đi được 40-50km/1 lần
- Động cơ mới thay trước tết, xe chạy mượt pin cầm tốt 40-50km, đã thay đồng hồ hiện đại + đèn led 2 tầng
🍇 Chị em mua về đưa đón con hay đi chợ vòng vòng trãi nghiệm ok nhé
🍏Ưu tiên: Học Sinh-Sinh Viên, xe chạy không cần bằng lái
🍇🍇🍇 Xem xe tại địa chỉ
Đường DN5, Đông Hưng Thuận,TPHCM( KDC AN SƯƠNG)",2020,28000.0,Tp Hồ Chí Minh,Quận 12,"🍓🍓🍓 Xe bà xã đi đã đổi Evo200 nên thanh lý lại người dùng.
Xe Vinfast Klara màu hồng (Xe đẹp lắm nữ tính)
☘️ Biển Số Sài Gòn 41MĐ- chạy không cần bằng
Pin zin mua  + Sạc Zin: sạc đầy 2-3 tiếng đi được 40-50km/1 lần
- Động cơ mới thay trước tết, xe chạy mượt pin cầm tốt 40-50km, đã thay đồng hồ hiện đại + đèn led 2 tầng
🍇 Chị em mua về đưa đón con hay đi chợ vòng vòng trãi nghiệm ok nhé
🍏Ưu tiên: Học Sinh-Sinh Viên, xe chạy không cần bằng lái
🍇🍇🍇 Xem xe tại địa chỉ
Đường DN5, Đông Hưng Thuận,TPHCM( KDC AN SƯƠNG)",Kèm pin,VinFast,Klara,35000000.0,69.1
134623797,Xe Điện Xmen,5000000,Cần bán 5 triệu xe đầy đủ giấy tờ đăng ký,2026,10000.0,Hà Nội,Huyện Phú Xuyên,Cần bán 5 triệu xe đầy đủ giấy tờ đăng ký,Cần xác minh,Khác,Không phân loại,,
134160705,VinFast Feliz 2025 Xanh oliu - Chính chủ - BSTP,21500000,"🔥 FELIZ 2025 1 PIN – XANH OLIU – CHÍNH CHỦ
📌 Date T6/2026
📌 Odo 12.000 km
📌 BSTP - Chính chủ
📌 Chính chủ, ủy quyền, sang tên công chứng nhanh gọn
💰 Giá: 2x
-----------------------
💚 Xe Điện Lướt Sài Gòn – Chuyên mua bán xe máy điện đã qua sử dụng tại TP.HCM
✅ Có trả góp – Cà thẻ – Giao tận nhà
📍 118A Chiến Lược, P. Bình Trị Đông, TP.HCM",2025,12000.0,Tp Hồ Chí Minh,Quận Bình Tân,"🔥 FELIZ 2025 1 PIN – XANH OLIU – CHÍNH CHỦ
📌 Date T6/2026
📌 Odo 12.000 km
📌 BSTP - Chính chủ
📌 Chính chủ, ủy quyền, sang tên công chứng nhanh gọn
💰 Giá: 2x
-----------------------
💚 Xe Điện Lướt Sài Gòn – Chuyên mua bán xe máy điện đã qua sử dụng tại TP.HCM
✅ Có trả góp – Cà thẻ – Giao tận nhà
📍 118A Chiến Lược, P. Bình Trị Đông, TP.HCM",Cần xác minh,VinFast,Feliz,27000000.0,20.4
134537840,Xe máy điện Yadea thể thao Cam đen,7500000,"Xe máy điện màu cam đen, kiểu dáng thể thao, phù hợp cho cả nam và nữ. 
- Xe chính chủ, có thể ký giấy sang tên. 
- Thích hợp cho học sinh, sinh viên không cần bằng lái. 
- Xe đang sử dụng tốt.",2023,123.0,Tp Hồ Chí Minh,Quận 12,"Xe máy điện màu cam đen, kiểu dáng thể thao, phù hợp cho cả nam và nữ. 
- Xe chính chủ, có thể ký giấy sang tên. 
- Thích hợp cho học sinh, sinh viên không cần bằng lái. 
- Xe đang sử dụng tốt.",Cần xác minh,Yadea,Yadea (Khác),14990000.0,50.0
134623423,Xe điện VinFast Klara màu Đen,10000000,"Tôi có 1 xe điện vinfast Klara màu đen như hình muốn bán do không có nhu cầu sử dụng. Xe còn đi tốt, vẫn chạy bình thường, vỏ còn nguyên vẹn, ko va chạm hay trầy xước. Xe tôi đi ít nên giữ gìn rất cẩn thận.",2020,19903.0,Hà Nội,Quận Ba Đình,"Tôi có 1 xe điện vinfast Klara màu đen như hình muốn bán do không có nhu cầu sử dụng. Xe còn đi tốt, vẫn chạy bình thường, vỏ còn nguyên vẹn, ko va chạm hay trầy xước. Xe tôi đi ít nên giữ gìn rất cẩn thận.",Cần xác minh,VinFast,Klara,35000000.0,71.4
133934022,Vinfast Evo200 Vàng zin 100% chính chủ,21900000,"     
 ✅ Vinfast Evo200 siêu đẹp ko một vết trầy 2025 
✅ Xe chính chủ Bstp ký mua bán ủy quyền đều được nhé 
✅ Pin 3.5 mua đứt bảo hành 8 năm ,sạc đầy đi được 200km
✅ Giá bán : 21,9tr
✅ Dt : 
✅ Xem xe Q6, Ship toàn quốc
",2025,14000.0,Tp Hồ Chí Minh,Quận 6,"     
 ✅ Vinfast Evo200 siêu đẹp ko một vết trầy 2025 
✅ Xe chính chủ Bstp ký mua bán ủy quyền đều được nhé 
✅ Pin 3.5 mua đứt bảo hành 8 năm ,sạc đầy đi được 200km
✅ Giá bán : 21,9tr
✅ Dt : 
✅ Xem xe Q6, Ship toàn quốc
",Kèm pin,VinFast,Evo 200,18000000.0,-21.7
134623388,Xe máy điện VinFast Feliz Đen 14000 km,19500000,Xe odo 14 ngàn xe hoạt động bình thường không lỗi làm gì chỉ việc mua về là chạy không cần suy nghĩ gì hết,2026,14000.0,Đồng Nai,Huyện Xuân Lộc,Xe odo 14 ngàn xe hoạt động bình thường không lỗi làm gì chỉ việc mua về là chạy không cần suy nghĩ gì hết,Cần xác minh,VinFast,Feliz,27000000.0,27.8
134623383,Xe máy điện VinFast Feliz Trắng 300 km,26000000,Xe mới mua về không đi như mới odo mới 300km xe sẵn 2 pin chỉ việc mua về là chạy không khác gì xe mới đầy đủ phụ kiện,2026,300.0,Đồng Nai,Huyện Xuân Lộc,Xe mới mua về không đi như mới odo mới 300km xe sẵn 2 pin chỉ việc mua về là chạy không khác gì xe mới đầy đủ phụ kiện,Cần xác minh,VinFast,Feliz,27000000.0,3.7
134623365,Xe máy điện  2026 Hồng Đã sử dụng,9500000,Xe mới mua được 4 ngày không có nhu cầu đi nữa bán lại mới 99% kh vết trầy xe hoạt động bình thường không lỗi chỉ việc về cắm sạc là chạy,2026,10.0,Đồng Nai,Huyện Xuân Lộc,Xe mới mua được 4 ngày không có nhu cầu đi nữa bán lại mới 99% kh vết trầy xe hoạt động bình thường không lỗi chỉ việc về cắm sạc là chạy,Cần xác minh,Khác,Không phân loại,,
134596908,Quantum S1 2025 lướt đẹp,38500000,"Xe máy điện màu trắng, pin 100% cho quãng đường di chuyển xa. 
- Thiết kế hiện đại, trẻ trung. 
- Vận hành êm ái, tiết kiệm năng lượng. 
- Phù hợp di chuyển trong thành phố.",2025,10.0,Tp Hồ Chí Minh,Quận Bình Tân,"Xe máy điện màu trắng, pin 100% cho quãng đường di chuyển xa. 
- Thiết kế hiện đại, trẻ trung. 
- Vận hành êm ái, tiết kiệm năng lượng. 
- Phù hợp di chuyển trong thành phố.",Cần xác minh,Dat Bike,Quantum,34900000.0,-10.3
134509389,Xe máy điện VinFast Evo200 2025 Đen,20900000,"Evo200  - Bstp 9 Chủ ĐK 2025
- Dàn áo dán keng 98%
- Óc tán 7 màu keng 98%
- Còn đủ phụ kiện theo xe
❤️Xe keng 98% so với xe new 
⛔️ Nợ xấu đưa 0đ có LÃI SUẤT hoặc 11tr KO LÃI SUẤT
--------------------
✅ 𝗛𝗼̂̃ 𝗧𝗿𝗼̛̣ 𝗔𝗲 𝗟𝗲̂𝗻 𝗛𝗼̂̀ 𝗦𝗼̛ 𝗕𝗮𝗻𝗸 𝗡𝗵𝗮̣̂𝗻 𝗫𝗲 𝗩𝗮̀ 𝗖𝗮𝘃𝗲𝘁 𝗚𝗼̂́𝗰
✅ 𝗡𝗼̛̣ 𝗫𝗮̂́𝘂 – 𝗛𝗼̂̃ 𝗧𝗿𝗼̛̣ 𝟬 Đ𝗼̂̀𝗻𝗴 – 𝗞𝗵𝗼̂𝗻𝗴 𝗫𝗮́𝗰 𝗠𝗶𝗻𝗵
✅ 𝗡𝗼̛̣ 𝗫𝗮̂́𝘂 – 𝗛𝗼̂̃ 𝗧𝗿𝗼̛̣ Đ𝘂̛𝗮 𝟯𝟬% – 𝗞𝗵𝗼̂𝗻𝗴 𝗟𝗮̃𝗶
✅ Đ𝗼̂̉𝗶 𝗣𝗶𝗻 𝗞𝗵𝗼̂𝗻𝗴 𝗖𝗵𝗼̛̀ 𝗦𝗮̣c 𝗡𝗵𝗶𝗲̂̀𝘂 𝗖𝗵𝗶 𝗡𝗵𝗮́𝗻𝗵
✅ 𝗛ỗ 𝗧𝗿𝗼̛̣ 𝟮 𝗡𝗮̆𝗺 𝗫𝗲 𝗛𝘂̛ – 𝗖𝗼́ 𝗫𝗲 𝗞𝗵𝗮́𝗰 𝗗𝘂̀𝗻𝗴
✅ Đ𝗮̆𝗻𝗴 𝗞𝘆́ 𝗔𝗽𝗽 𝗫𝗮𝗻𝗵 𝗣𝗹𝗮𝘁𝗳𝗼𝗿𝗺 – 𝗧𝗮̣𝗶 𝗖𝗵𝗼̂̃
--------------------
🏠𝟮𝟴𝟴 𝗧𝗿𝘂̛𝗼̛̀𝗻𝗴 𝗖𝗵𝗶𝗻𝗵 - 𝗣𝗵ư𝗼̛̀𝗻𝗴 Đ𝗼̂𝗻𝗴 𝗛𝘂̛𝗻𝗴 𝗧𝗵𝘂𝗮̣̂𝗻 - 𝗛𝗖𝗠 (𝗤𝘂𝗮̣̂𝗻𝟭𝟮 𝗰𝘂̃)",2025,,Tp Hồ Chí Minh,Quận 12,"Evo200  - Bstp 9 Chủ ĐK 2025
- Dàn áo dán keng 98%
- Óc tán 7 màu keng 98%
- Còn đủ phụ kiện theo xe
❤️Xe keng 98% so với xe new 
⛔️ Nợ xấu đưa 0đ có LÃI SUẤT hoặc 11tr KO LÃI SUẤT
--------------------
✅ 𝗛𝗼̂̃ 𝗧𝗿𝗼̛̣ 𝗔𝗲 𝗟𝗲̂𝗻 𝗛𝗼̂̀ 𝗦𝗼̛ 𝗕𝗮𝗻𝗸 𝗡𝗵𝗮̣̂𝗻 𝗫𝗲 𝗩𝗮̀ 𝗖𝗮𝘃𝗲𝘁 𝗚𝗼̂́𝗰
✅ 𝗡𝗼̛̣ 𝗫𝗮̂́𝘂 – 𝗛𝗼̂̃ 𝗧𝗿𝗼̛̣ 𝟬 Đ𝗼̂̀𝗻𝗴 – 𝗞𝗵𝗼̂𝗻𝗴 𝗫𝗮́𝗰 𝗠𝗶𝗻𝗵
✅ 𝗡𝗼̛̣ 𝗫𝗮̂́𝘂 – 𝗛𝗼̂̃ 𝗧𝗿𝗼̛̣ Đ𝘂̛𝗮 𝟯𝟬% – 𝗞𝗵𝗼̂𝗻𝗴 𝗟𝗮̃𝗶
✅ Đ𝗼̂̉𝗶 𝗣𝗶𝗻 𝗞𝗵𝗼̂𝗻𝗴 𝗖𝗵𝗼̛̀ 𝗦𝗮̣c 𝗡𝗵𝗶𝗲̂̀𝘂 𝗖𝗵𝗶 𝗡𝗵𝗮́𝗻𝗵
✅ 𝗛ỗ 𝗧𝗿𝗼̛̣ 𝟮 𝗡𝗮̆𝗺 𝗫𝗲 𝗛𝘂̛ – 𝗖𝗼́ 𝗫𝗲 𝗞𝗵𝗮́𝗰 𝗗𝘂̀𝗻𝗴
✅ Đ𝗮̆𝗻𝗴 𝗞𝘆́ 𝗔𝗽𝗽 𝗫𝗮𝗻𝗵 𝗣𝗹𝗮𝘁𝗳𝗼𝗿𝗺 – 𝗧𝗮̣𝗶 𝗖𝗵𝗼̂̃
--------------------
🏠𝟮𝟴𝟴 𝗧𝗿𝘂̛𝗼̛̀𝗻𝗴 𝗖𝗵𝗶𝗻𝗵 - 𝗣𝗵ư𝗼̛̀𝗻𝗴 Đ𝗼̂𝗻𝗴 𝗛𝘂̛𝗻𝗴 𝗧𝗵𝘂𝗮̣̂𝗻 - 𝗛𝗖𝗠 (𝗤𝘂𝗮̣̂𝗻𝟭𝟮 𝗰𝘂̃)",Cần xác minh,VinFast,Evo 200,18000000.0,-16.1
134622598,Xe máy điện Quantum s1 2025 Đen,43000000,"Xe máy điện Quantum s1  màu đen, kiểu dáng hiện đại, vận hành êm ái. 
- Xe mới, ít sử dụng. 
- Thiết kế thời trang, phù hợp di chuyển trong phố. 
- Tiết kiệm năng lượng, thân thiện môi trường.
Năm 12.2025",2025,6000.0,Tp Hồ Chí Minh,Thành phố Thủ Đức,"Xe máy điện Quantum s1  màu đen, kiểu dáng hiện đại, vận hành êm ái. 
- Xe mới, ít sử dụng. 
- Thiết kế thời trang, phù hợp di chuyển trong phố. 
- Tiết kiệm năng lượng, thân thiện môi trường.
Năm 12.2025",Cần xác minh,Dat Bike,Quantum,34900000.0,-23.2
134558900,Xe Điện 3sGo - EvoMax BST 65 Trắng 8000 km,20900000,"EvoMax BST 65 Chính Chủ
- Odo 8k
- Sẵn 2 pin thuê
- Óc tán 7 màu keng 
- Còn đủ phụ kiện theo xe
- Bảo hành Vinfats toàn quốc
⛔️ Nợ xấu đưa 0đ có LÃI SUẤT hoặc 12tr KO LÃI SUẤT
--------------------
✅ 𝗛𝗼̂̃ 𝗧𝗿𝗼̛̣ 𝗔𝗲 𝗟𝗲̂𝗻 𝗛𝗼̂̀ 𝗦𝗼̛ 𝗕𝗮𝗻𝗸 𝗡𝗵𝗮̣̂𝗻 𝗫𝗲 𝗩𝗮̀ 𝗖𝗮𝘃𝗲𝘁 𝗚𝗼̂́𝗰
✅ 𝗡𝗼̛̣ 𝗫𝗮̂́𝘂 – 𝗛𝗼̂̃ 𝗧𝗿𝗼̛̣ 𝟬 Đ𝗼̂̀𝗻𝗴 – 𝗞𝗵𝗼̂𝗻𝗴 𝗫𝗮́𝗰 𝗠𝗶𝗻𝗵
✅ 𝗡𝗼̛̣ 𝗫𝗮̂́𝘂 – 𝗛𝗼̂̃ 𝗧𝗿𝗼̛̣ Đ𝘂̛𝗮 𝟯𝟬% – 𝗞𝗵𝗼̂𝗻𝗴 𝗟𝗮̃𝗶
✅ Đ𝗼̂̉𝗶 𝗣𝗶𝗻 𝗞𝗵𝗼̂𝗻𝗴 𝗖𝗵𝗼̛̀ 𝗦𝗮̣c 𝗡𝗵𝗶𝗲̂̀𝘂 𝗖𝗵𝗶 𝗡𝗵𝗮́𝗻𝗵
✅ 𝗛ỗ 𝗧𝗿𝗼̛̣ 𝟮 𝗡𝗮̆𝗺 𝗫𝗲 𝗛𝘂̛ – 𝗖𝗼́ 𝗫𝗲 𝗞𝗵𝗮́𝗰 𝗗𝘂̀𝗻𝗴
✅ Đ𝗮̆𝗻𝗴 𝗞𝘆́ 𝗔𝗽𝗽 𝗫𝗮𝗻𝗵 𝗣𝗹𝗮𝘁𝗳𝗼𝗿𝗺 – 𝗧𝗮̣𝗶 𝗖𝗵𝗼̂̃
--------------------
🏠𝟮𝟴𝟴 𝗧𝗿𝘂̛𝗼̛̀𝗻𝗴 𝗖𝗵𝗶𝗻𝗵 - 𝗣𝗵ư𝗼̛̀𝗻𝗴 Đ𝗼̂𝗻𝗴 𝗛𝘂̛𝗻𝗴 𝗧𝗵𝘂𝗮̣̂𝗻 - 𝗛𝗖𝗠 (𝗤𝘂𝗮̣̂𝗻𝟭𝟮 𝗰𝘂̃)",2026,8000.0,Tp Hồ Chí Minh,Quận 12,"EvoMax BST 65 Chính Chủ
- Odo 8k
- Sẵn 2 pin thuê
- Óc tán 7 màu keng 
- Còn đủ phụ kiện theo xe
- Bảo hành Vinfats toàn quốc
⛔️ Nợ xấu đưa 0đ có LÃI SUẤT hoặc 12tr KO LÃI SUẤT
--------------------
✅ 𝗛𝗼̂̃ 𝗧𝗿𝗼̛̣ 𝗔𝗲 𝗟𝗲̂𝗻 𝗛𝗼̂̀ 𝗦𝗼̛ 𝗕𝗮𝗻𝗸 𝗡𝗵𝗮̣̂𝗻 𝗫𝗲 𝗩𝗮̀ 𝗖𝗮𝘃𝗲𝘁 𝗚𝗼̂́𝗰
✅ 𝗡𝗼̛̣ 𝗫𝗮̂́𝘂 – 𝗛𝗼̂̃ 𝗧𝗿𝗼̛̣ 𝟬 Đ𝗼̂̀𝗻𝗴 – 𝗞𝗵𝗼̂𝗻𝗴 𝗫𝗮́𝗰 𝗠𝗶𝗻𝗵
✅ 𝗡𝗼̛̣ 𝗫𝗮̂́𝘂 – 𝗛𝗼̂̃ 𝗧𝗿𝗼̛̣ Đ𝘂̛𝗮 𝟯𝟬% – 𝗞𝗵𝗼̂𝗻𝗴 𝗟𝗮̃𝗶
✅ Đ𝗼̂̉𝗶 𝗣𝗶𝗻 𝗞𝗵𝗼̂𝗻𝗴 𝗖𝗵𝗼̛̀ 𝗦𝗮̣c 𝗡𝗵𝗶𝗲̂̀𝘂 𝗖𝗵𝗶 𝗡𝗵𝗮́𝗻𝗵
✅ 𝗛ỗ 𝗧𝗿𝗼̛̣ 𝟮 𝗡𝗮̆𝗺 𝗫𝗲 𝗛𝘂̛ – 𝗖𝗼́ 𝗫𝗲 𝗞𝗵𝗮́𝗰 𝗗𝘂̀𝗻𝗴
✅ Đ𝗮̆𝗻𝗴 𝗞𝘆́ 𝗔𝗽𝗽 𝗫𝗮𝗻𝗵 𝗣𝗹𝗮𝘁𝗳𝗼𝗿𝗺 – 𝗧𝗮̣𝗶 𝗖𝗵𝗼̂̃
--------------------
🏠𝟮𝟴𝟴 𝗧𝗿𝘂̛𝗼̛̀𝗻𝗴 𝗖𝗵𝗶𝗻𝗵 - 𝗣𝗵ư𝗼̛̀𝗻𝗴 Đ𝗼̂𝗻𝗴 𝗛𝘂̛𝗻𝗴 𝗧𝗵𝘂𝗮̣̂𝗻 - 𝗛𝗖𝗠 (𝗤𝘂𝗮̣̂𝗻𝟭𝟮 𝗰𝘂̃)",Cần xác minh,Khác,Không phân loại,,
134366874,"Xe máy điện Typer 2 Trắng, Cam đã sử dụng",7800000,"Typer 2 đi ít còn như mới bán nửa giá mới

🛵TRẺ TRUNG - PHONG CÁCH - NĂNG ĐỘNG 
✴️ thanh lý xe typer2 
💸💸 giá bán 7tr800
☑️ màu sắc trung tính, thời trang (bảo hành 6 tháng) 
☑️ máy móc nguyên zin, an toàn tiết kiệm điện , Xanh, sạch không ồn 
☎️ Zalo *** (free ship Hà Nội, hỗ trợ ship toàn quốc  )
🏠 389 đội cấn -Hà Nội",2025,10000.0,Hà Nội,Quận Ba Đình,"Typer 2 đi ít còn như mới bán nửa giá mới

🛵TRẺ TRUNG - PHONG CÁCH - NĂNG ĐỘNG 
✴️ thanh lý xe typer2 
💸💸 giá bán 7tr800
☑️ màu sắc trung tính, thời trang (bảo hành 6 tháng) 
☑️ máy móc nguyên zin, an toàn tiết kiệm điện , Xanh, sạch không ồn 
☎️ Zalo *** (free ship Hà Nội, hỗ trợ ship toàn quốc  )
🏠 *** đội cấn -Hà Nội",Kèm pin,Khác,Không phân loại,,
134508320,Xe Điện 3sGo - Datbike S1 2026 Đen 10000 km,44900000,"DatbikeS1 BSTP ĐK 2026 Chính Chủ 1 Lần sạc đi 285km
- Odo 10k hơn
- Óc tán 7 màu keng 
- Còn đủ phụ kiện theo xe 
- Bảo hành Datbike toàn quốc
⛔️ Nợ xấu đưa 5tr8 có LÃI SUẤT hoặc 23tr KO LÃI SUẤT
--------------------
✅ 𝗛𝗼̂̃ 𝗧𝗿𝗼̛̣ 𝗔𝗲 𝗟𝗲̂𝗻 𝗛𝗼̂̀ 𝗦𝗼̛ 𝗕𝗮𝗻𝗸 𝗡𝗵𝗮̣̂𝗻 𝗫𝗲 𝗩𝗮̀ 𝗖𝗮𝘃𝗲𝘁 𝗚𝗼̂́𝗰
✅ 𝗡𝗼̛̣ 𝗫𝗮̂́𝘂 – 𝗛𝗼̂̃ 𝗧𝗿𝗼̛̣ 𝟬 Đ𝗼̂̀𝗻𝗴 – 𝗞𝗵𝗼̂𝗻𝗴 𝗫𝗮́𝗰 𝗠𝗶𝗻𝗵
✅ 𝗡𝗼̛̣ 𝗫𝗮̂́𝘂 – 𝗛𝗼̂̃ 𝗧𝗿𝗼̛̣ Đ𝘂̛𝗮 𝟯𝟬% – 𝗞𝗵𝗼̂𝗻𝗴 𝗟𝗮̃𝗶
✅ Đ𝗼̂̉𝗶 𝗣𝗶𝗻 𝗞𝗵𝗼̂𝗻𝗴 𝗖𝗵𝗼̛̀ 𝗦𝗮̣c 𝗡𝗵𝗶𝗲̂̀𝘂 𝗖𝗵𝗶 𝗡𝗵𝗮́𝗻𝗵
✅ 𝗛ỗ 𝗧𝗿𝗼̛̣ 𝟮 𝗡𝗮̆𝗺 𝗫𝗲 𝗛𝘂̛ – 𝗖𝗼́ 𝗫𝗲 𝗞𝗵𝗮́𝗰 𝗗𝘂̀𝗻𝗴
✅ Đ𝗮̆𝗻𝗴 𝗞𝘆́ 𝗔𝗽𝗽 𝗫𝗮𝗻𝗵 𝗣𝗹𝗮𝘁𝗳𝗼𝗿𝗺 – 𝗧𝗮̣𝗶 𝗖𝗵𝗼̂̃
--------------------
🏠𝟮𝟴𝟴 𝗧𝗿𝘂̛𝗼̛̀𝗻𝗴 𝗖𝗵𝗶𝗻𝗵 - 𝗣𝗵ư𝗼̛̀𝗻𝗴 Đ𝗼̂𝗻𝗴 𝗛𝘂̛𝗻𝗴 𝗧𝗵𝘂𝗮̣̂𝗻 - 𝗛𝗖𝗠 (𝗤𝘂𝗮̣̂𝗻𝟭𝟮 𝗰𝘂̃)",2025,10000.0,Tp Hồ Chí Minh,Quận 12,"DatbikeS1 BSTP ĐK 2026 Chính Chủ 1 Lần sạc đi 285km
- Odo 10k hơn
- Óc tán 7 màu keng 
- Còn đủ phụ kiện theo xe 
- Bảo hành Datbike toàn quốc
⛔️ Nợ xấu đưa 5tr8 có LÃI SUẤT hoặc 23tr KO LÃI SUẤT
--------------------
✅ 𝗛𝗼̂̃ 𝗧𝗿𝗼̛̣ 𝗔𝗲 𝗟𝗲̂𝗻 𝗛𝗼̂̀ 𝗦𝗼̛ 𝗕𝗮𝗻𝗸 𝗡𝗵𝗮̣̂𝗻 𝗫𝗲 𝗩𝗮̀ 𝗖𝗮𝘃𝗲𝘁 𝗚𝗼̂́𝗰
✅ 𝗡𝗼̛̣ 𝗫𝗮̂́𝘂 – 𝗛𝗼̂̃ 𝗧𝗿𝗼̛̣ 𝟬 Đ𝗼̂̀𝗻𝗴 – 𝗞𝗵𝗼̂𝗻𝗴 𝗫𝗮́𝗰 𝗠𝗶𝗻𝗵
✅ 𝗡𝗼̛̣ 𝗫𝗮̂́𝘂 – 𝗛𝗼̂̃ 𝗧𝗿𝗼̛̣ Đ𝘂̛𝗮 𝟯𝟬% – 𝗞𝗵𝗼̂𝗻𝗴 𝗟𝗮̃𝗶
✅ Đ𝗼̂̉𝗶 𝗣𝗶𝗻 𝗞𝗵𝗼̂𝗻𝗴 𝗖𝗵𝗼̛̀ 𝗦𝗮̣c 𝗡𝗵𝗶𝗲̂̀𝘂 𝗖𝗵𝗶 𝗡𝗵𝗮́𝗻𝗵
✅ 𝗛ỗ 𝗧𝗿𝗼̛̣ 𝟮 𝗡𝗮̆𝗺 𝗫𝗲 𝗛𝘂̛ – 𝗖𝗼́ 𝗫𝗲 𝗞𝗵𝗮́𝗰 𝗗𝘂̀𝗻𝗴
✅ Đ𝗮̆𝗻𝗴 𝗞𝘆́ 𝗔𝗽𝗽 𝗫𝗮𝗻𝗵 𝗣𝗹𝗮𝘁𝗳𝗼𝗿𝗺 – 𝗧𝗮̣𝗶 𝗖𝗵𝗼̂̃
--------------------
🏠𝟮𝟴𝟴 𝗧𝗿𝘂̛𝗼̛̀𝗻𝗴 𝗖𝗵𝗶𝗻𝗵 - 𝗣𝗵ư𝗼̛̀𝗻𝗴 Đ𝗼̂𝗻𝗴 𝗛𝘂̛𝗻𝗴 𝗧𝗵𝘂𝗮̣̂𝗻 - 𝗛𝗖𝗠 (𝗤𝘂𝗮̣̂𝗻𝟭𝟮 𝗰𝘂̃)",Cần xác minh,Khác,Không phân loại,,
134197994,CỬA HÀNG THU MUA XE MÁY ĐIỆN CŨ,35999000,"⭐️ CỬA HÀNG PHẠM TUẤN XE ĐIỆN CŨ 
CHUYÊN THU MUA XE ĐIỆN CŨ - GIÁ CAO - BAO MỌI GIẤY TỜ LIÊN QUAN
📌 Địa chỉ: 244 Thoại Ngọc Hầu . Phú Thạnh , Q .Tân Phú . TP HCM.
⭐️ ĐỊNH GIÁ MIỄN PHÍ XE MÁY ⭐️

❤️ Chuyên Thu Mua Xe Điện Cũ với các dòng như sau, Giá Bao Thị Trường
( VINFAST . YADEA . DATBIKE . PEGA...)

Giá thu từ: 1tr - 99tr

Dịch vụ đặc biệt:
❤️ Bấm Giá Trong Vòng 30s Để Khách Hàng Tham Khảo Giá
❤️ Hỗ Trợ Mua Tận Nơi ( Sài Gòn và những chỗ lân cận)


😍😍😍 CẦN KẾT NỐI VỚI SHOWROOM CÁC HÃNG XE ĐIỆN NEW THU CŨ ĐỔI MỚI CHO KHÁCH HÀNG

code: #thumuaxe #26003663_1",2025,1.0,Tp Hồ Chí Minh,Quận Tân Phú,"⭐️ CỬA HÀNG PHẠM TUẤN XE ĐIỆN CŨ 
CHUYÊN THU MUA XE ĐIỆN CŨ - GIÁ CAO - BAO MỌI GIẤY TỜ LIÊN QUAN
📌 Địa chỉ: 244 Thoại Ngọc Hầu . Phú Thạnh , Q .Tân Phú . TP HCM.
⭐️ ĐỊNH GIÁ MIỄN PHÍ XE MÁY ⭐️

❤️ Chuyên Thu Mua Xe Điện Cũ với các dòng như sau, Giá Bao Thị Trường
( VINFAST . YADEA . DATBIKE . PEGA...)

Giá thu từ: 1tr - 99tr

Dịch vụ đặc biệt:
❤️ Bấm Giá Trong Vòng 30s Để Khách Hàng Tham Khảo Giá
❤️ Hỗ Trợ Mua Tận Nơi ( Sài Gòn và những chỗ lân cận)


😍😍😍 CẦN KẾT NỐI VỚI SHOWROOM CÁC HÃNG XE ĐIỆN NEW THU CŨ ĐỔI MỚI CHO KHÁCH HÀNG

code: #thumuaxe #26003663_1",Cần xác minh,Khác,Không phân loại,,
134558870,Xe Điện 3sGo - Feliz II Trắng 700km,25900000,"Feliz II BSTP Chính Chủ 
- Odo 700km
- 2pin (free thuê 2pin 1 năm)
- Óc tán 7 màu keng 
- Còn đủ phụ kiện theo xe 
- Bảo hành Vinfast toàn quốc
⛔️ Nợ xấu đưa 0đ có LÃI SUẤT hoặc 15tr KO LÃI SUẤT
--------------------
✅ 𝗛𝗼̂̃ 𝗧𝗿𝗼̛̣ 𝗔𝗲 𝗟𝗲̂𝗻 𝗛𝗼̂̀ 𝗦𝗼̛ 𝗕𝗮𝗻𝗸 𝗡𝗵𝗮̣̂𝗻 𝗫𝗲 𝗩𝗮̀ 𝗖𝗮𝘃𝗲𝘁 𝗚𝗼̂́𝗰
✅ 𝗡𝗼̛̣ 𝗫𝗮̂́𝘂 – 𝗛𝗼̂̃ 𝗧𝗿𝗼̛̣ 𝟬 Đ𝗼̂̀𝗻𝗴 – 𝗞𝗵𝗼̂𝗻𝗴 𝗫𝗮́𝗰 𝗠𝗶𝗻𝗵
✅ 𝗡𝗼̛̣ 𝗫𝗮̂́𝘂 – 𝗛𝗼̂̃ 𝗧𝗿𝗼̛̣ Đ𝘂̛𝗮 𝟯𝟬% – 𝗞𝗵𝗼̂𝗻𝗴 𝗟𝗮̃𝗶
✅ Đ𝗼̂̉𝗶 𝗣𝗶𝗻 𝗞𝗵𝗼̂𝗻𝗴 𝗖𝗵𝗼̛̀ 𝗦𝗮̣c 𝗡𝗵𝗶𝗲̂̀𝘂 𝗖𝗵𝗶 𝗡𝗵𝗮́𝗻𝗵
✅ 𝗛ỗ 𝗧𝗿𝗼̛̣ 𝟮 𝗡𝗮̆𝗺 𝗫𝗲 𝗛𝘂̛ – 𝗖𝗼́ 𝗫𝗲 𝗞𝗵𝗮́𝗰 𝗗𝘂̀𝗻𝗴
✅ Đ𝗮̆𝗻𝗴 𝗞𝘆́ 𝗔𝗽𝗽 𝗫𝗮𝗻𝗵 𝗣𝗹𝗮𝘁𝗳𝗼𝗿𝗺 – 𝗧𝗮̣𝗶 𝗖𝗵𝗼̂̃
--------------------
🏠𝟮𝟴𝟴 𝗧𝗿𝘂̛𝗼̛̀𝗻𝗴 𝗖𝗵𝗶𝗻𝗵 - 𝗣𝗵ư𝗼̛̀𝗻𝗴 Đ𝗼̂𝗻𝗴 𝗛𝘂̛𝗻𝗴 𝗧𝗵𝘂𝗮̣̂𝗻 - 𝗛𝗖𝗠 (𝗤𝘂𝗮̣̂𝗻𝟭𝟮 𝗰𝘂̃)",2026,700.0,Tp Hồ Chí Minh,Quận 12,"Feliz II BSTP Chính Chủ 
- Odo 700km
- 2pin (free thuê 2pin 1 năm)
- Óc tán 7 màu keng 
- Còn đủ phụ kiện theo xe 
- Bảo hành Vinfast toàn quốc
⛔️ Nợ xấu đưa 0đ có LÃI SUẤT hoặc 15tr KO LÃI SUẤT
--------------------
✅ 𝗛𝗼̂̃ 𝗧𝗿𝗼̛̣ 𝗔𝗲 𝗟𝗲̂𝗻 𝗛𝗼̂̀ 𝗦𝗼̛ 𝗕𝗮𝗻𝗸 𝗡𝗵𝗮̣̂𝗻 𝗫𝗲 𝗩𝗮̀ 𝗖𝗮𝘃𝗲𝘁 𝗚𝗼̂́𝗰
✅ 𝗡𝗼̛̣ 𝗫𝗮̂́𝘂 – 𝗛𝗼̂̃ 𝗧𝗿𝗼̛̣ 𝟬 Đ𝗼̂̀𝗻𝗴 – 𝗞𝗵𝗼̂𝗻𝗴 𝗫𝗮́𝗰 𝗠𝗶𝗻𝗵
✅ 𝗡𝗼̛̣ 𝗫𝗮̂́𝘂 – 𝗛𝗼̂̃ 𝗧𝗿𝗼̛̣ Đ𝘂̛𝗮 𝟯𝟬% – 𝗞𝗵𝗼̂𝗻𝗴 𝗟𝗮̃𝗶
✅ Đ𝗼̂̉𝗶 𝗣𝗶𝗻 𝗞𝗵𝗼̂𝗻𝗴 𝗖𝗵𝗼̛̀ 𝗦𝗮̣c 𝗡𝗵𝗶𝗲̂̀𝘂 𝗖𝗵𝗶 𝗡𝗵𝗮́𝗻𝗵
✅ 𝗛ỗ 𝗧𝗿𝗼̛̣ 𝟮 𝗡𝗮̆𝗺 𝗫𝗲 𝗛𝘂̛ – 𝗖𝗼́ 𝗫𝗲 𝗞𝗵𝗮́𝗰 𝗗𝘂̀𝗻𝗴
✅ Đ𝗮̆𝗻𝗴 𝗞𝘆́ 𝗔𝗽𝗽 𝗫𝗮𝗻𝗵 𝗣𝗹𝗮𝘁𝗳𝗼𝗿𝗺 – 𝗧𝗮̣𝗶 𝗖𝗵𝗼̂̃
--------------------
🏠𝟮𝟴𝟴 𝗧𝗿𝘂̛𝗼̛̀𝗻𝗴 𝗖𝗵𝗶𝗻𝗵 - 𝗣𝗵ư𝗼̛̀𝗻𝗴 Đ𝗼̂𝗻𝗴 𝗛𝘂̛𝗻𝗴 𝗧𝗵𝘂𝗮̣̂𝗻 - 𝗛𝗖𝗠 (𝗤𝘂𝗮̣̂𝗻𝟭𝟮 𝗰𝘂̃)",Cần xác minh,VinFast,Feliz,27000000.0,4.1
134621837,Xe máy điện Xmen 2019 Đen Việt Nam,4900000,"BÁN XE MÁY ĐIỆN cũ :  Xmen 
Giá:4tr900  bình khỏe 30/35km/1 lần sạc 
Đk 2019 biển số 74 
xe ở Cầu Vượt Sóng Thần  Qlộ 1A 
LH: ***
Có nhan đổi xe điện cũ các loại",2019,8978.0,Tp Hồ Chí Minh,Thành phố Thủ Đức,"BÁN XE MÁY ĐIỆN cũ :  Xmen 
Giá:4tr900  bình khỏe 30/35km/1 lần sạc 
Đk 2019 biển số 74 
xe ở Cầu Vượt Sóng Thần  Qlộ 1A 
LH: ***
Có nhan đổi xe điện cũ các loại",Cần xác minh,Khác,Không phân loại,,
134621834,Xe máy điện VinFast Vento Neo Trắng 9.000KM,29500000,"Vento Neo 9.000KM Cập Bến 😍😍😍

Giá..29.5Tr

☎️*** Em bi",2025,9000.0,Tp Hồ Chí Minh,Quận Tân Phú,"Vento Neo 9.000KM Cập Bến 😍😍😍

Giá..29.5Tr

☎️*** Em bi",Cần xác minh,VinFast,Vento,50000000.0,41.0
134621825,"VinFast Feliz Neo 2025 Xám 38,900km",28000000,"Feliz Ne***


- ODO : 38,900km
- Pin : 72v 105Ah . Quãng đường đi được từ 200km 1 lần sạc
- Ngoại hình : 95%
- Thủ tục mua bán : công chứng mua bán ra tên mới. Chủ xe hỗ trợ rút hồ sơ
- Năm đăng ký : 10/2025
- Giá bán :  28,000,000
- Có hỗ trợ trả góp, nợ xấu
- Có cho thuê xe, trao đổi mua bán xe, ký gửi xe",2025,38900.0,Tp Hồ Chí Minh,Quận Tân Bình,"Feliz Ne***


- ODO : 38,900km
- Pin : 72v 105Ah . Quãng đường đi được từ 200km 1 lần sạc
- Ngoại hình : 95%
- Thủ tục mua bán : công chứng mua bán ra tên mới. Chủ xe hỗ trợ rút hồ sơ
- Năm đăng ký : 10/2025
- Giá bán :  28,000,000
- Có hỗ trợ trả góp, nợ xấu
- Có cho thuê xe, trao đổi mua bán xe, ký gửi xe",Cần xác minh,VinFast,Feliz,27000000.0,-3.7
134621821,Xe điện gogo,5200000,"bán xe điện còn rất tốt nhập khẩu nguyên chiếc giá vừa tầm ai mua cho con đi hoc câp 3 đỡ đươc bao nhiêu tiền nhà nhiêu xe lên bán nhanh cho gọn
ai thiên chí mua hoăc nhăn tin nêu ko nghe may kip",2019,5252.0,Hải Phòng,Quận Ngô Quyền,"bán xe điện còn rất tốt nhập khẩu nguyên chiếc giá vừa tầm ai mua cho con đi hoc câp 3 đỡ đươc bao nhiêu tiền nhà nhiêu xe lên bán nhanh cho gọn
ai thiên chí mua hoăc nhăn tin nêu ko nghe may kip",Cần xác minh,Dibao,Gogo,14500000.0,64.1
134621813,Quantum S3 odo 10k xe đẹp ken biển sg,32500000,"Quantum s3 xe đẹp ken 9 chủ ký 
Có gop nợ xấu tay đôi",2025,10412.0,Tp Hồ Chí Minh,Quận Tân Phú,"Quantum s3 xe đẹp ken 9 chủ ký 
Có gop nợ xấu tay đôi",Cần xác minh,Dat Bike,Quantum,34900000.0,6.9
133165398,Xe máy điện VinFast Feliz 2 Trắng,17500000,"Xe máy điện VinFast Feliz 2 màu trắng, thiết kế hiện đại, phù hợp cho cả nam và nữ. 
- Xe vận hành êm ái, tiết kiệm năng lượng. 
- Trang bị nhiều tính năng thông minh. 
- Xe mới, ít sử dụng.
- chuyển nhượng hợp đồng thuê 2 pin vinfast 1,5kw
",2026,1589.0,Đồng Nai,Huyện Trảng Bom,"Xe máy điện VinFast Feliz 2 màu trắng, thiết kế hiện đại, phù hợp cho cả nam và nữ. 
- Xe vận hành êm ái, tiết kiệm năng lượng. 
- Trang bị nhiều tính năng thông minh. 
- Xe mới, ít sử dụng.
- chuyển nhượng hợp đồng thuê 2 pin vinfast 1,5kw
",Cần xác minh,VinFast,Feliz,27000000.0,35.2
134536690,Xe Điện 3sGo -  Evo200Lite 2025 Đen,22900000,"Evo200Lite  - Bstp 9 Chủ ĐK 2025
- 2 Chìa khoá đầy đủ
- Dàn áo dán keng 98%
- Óc tán 7 màu keng 98%
- Còn đủ phụ kiện theo xe
❤️Xe keng 98% so với xe new 
⛔️ Nợ xấu đưa 3tr2 có LÃI SUẤT hoặc 12tr KO LÃI SUẤT
--------------------
✅ 𝗛𝗼̂̃ 𝗧𝗿𝗼̛̣ 𝗔𝗲 𝗟𝗲̂𝗻 𝗛𝗼̂̀ 𝗦𝗼̛ 𝗕𝗮𝗻𝗸 𝗡𝗵𝗮̣̂𝗻 𝗫𝗲 𝗩𝗮̀ 𝗖𝗮𝘃𝗲𝘁 𝗚𝗼̂́𝗰
✅ 𝗡𝗼̛̣ 𝗫𝗮̂́𝘂 – 𝗛𝗼̂̃ 𝗧𝗿𝗼̛̣ 𝟬 Đ𝗼̂̀𝗻𝗴 – 𝗞𝗵𝗼̂𝗻𝗴 𝗫𝗮́𝗰 𝗠𝗶𝗻𝗵
✅ 𝗡𝗼̛̣ 𝗫𝗮̂́𝘂 – 𝗛𝗼̂̃ 𝗧𝗿𝗼̛̣ Đ𝘂̛𝗮 𝟯𝟬% – 𝗞𝗵𝗼̂𝗻𝗴 𝗟𝗮̃𝗶
✅ Đ𝗼̂̉𝗶 𝗣𝗶𝗻 𝗞𝗵𝗼̂𝗻𝗴 𝗖𝗵𝗼̛̀ 𝗦𝗮̣c 𝗡𝗵𝗶𝗲̂̀𝘂 𝗖𝗵𝗶 𝗡𝗵𝗮́𝗻𝗵
✅ 𝗛ỗ 𝗧𝗿𝗼̛̣ 𝟮 𝗡𝗮̆𝗺 𝗫𝗲 𝗛𝘂̛ – 𝗖𝗼́ 𝗫𝗲 𝗞𝗵𝗮́𝗰 𝗗𝘂̀𝗻𝗴
✅ Đ𝗮̆𝗻𝗴 𝗞𝘆́ 𝗔𝗽𝗽 𝗫𝗮𝗻𝗵 𝗣𝗹𝗮𝘁𝗳𝗼𝗿𝗺 – 𝗧𝗮̣𝗶 𝗖𝗵𝗼̂̃
--------------------
🏠𝟮𝟴𝟴 𝗧𝗿𝘂̛𝗼̛̀𝗻𝗴 𝗖𝗵𝗶𝗻𝗵 - 𝗣𝗵ư𝗼̛̀𝗻𝗴 Đ𝗼̂𝗻𝗴 𝗛𝘂̛𝗻𝗴 𝗧𝗵𝘂𝗮̣̂𝗻 - 𝗛𝗖𝗠 (𝗤𝘂𝗮̣̂𝗻𝟭𝟮 𝗰𝘂̃)",2025,,Tp Hồ Chí Minh,Quận 12,"Evo200Lite  - Bstp 9 Chủ ĐK 2025
- 2 Chìa khoá đầy đủ
- Dàn áo dán keng 98%
- Óc tán 7 màu keng 98%
- Còn đủ phụ kiện theo xe
❤️Xe keng 98% so với xe new 
⛔️ Nợ xấu đưa 3tr2 có LÃI SUẤT hoặc 12tr KO LÃI SUẤT
--------------------
✅ 𝗛𝗼̂̃ 𝗧𝗿𝗼̛̣ 𝗔𝗲 𝗟𝗲̂𝗻 𝗛𝗼̂̀ 𝗦𝗼̛ 𝗕𝗮𝗻𝗸 𝗡𝗵𝗮̣̂𝗻 𝗫𝗲 𝗩𝗮̀ 𝗖𝗮𝘃𝗲𝘁 𝗚𝗼̂́𝗰
✅ 𝗡𝗼̛̣ 𝗫𝗮̂́𝘂 – 𝗛𝗼̂̃ 𝗧𝗿𝗼̛̣ 𝟬 Đ𝗼̂̀𝗻𝗴 – 𝗞𝗵𝗼̂𝗻𝗴 𝗫𝗮́𝗰 𝗠𝗶𝗻𝗵
✅ 𝗡𝗼̛̣ 𝗫𝗮̂́𝘂 – 𝗛𝗼̂̃ 𝗧𝗿𝗼̛̣ Đ𝘂̛𝗮 𝟯𝟬% – 𝗞𝗵𝗼̂𝗻𝗴 𝗟𝗮̃𝗶
✅ Đ𝗼̂̉𝗶 𝗣𝗶𝗻 𝗞𝗵𝗼̂𝗻𝗴 𝗖𝗵𝗼̛̀ 𝗦𝗮̣c 𝗡𝗵𝗶𝗲̂̀𝘂 𝗖𝗵𝗶 𝗡𝗵𝗮́𝗻𝗵
✅ 𝗛ỗ 𝗧𝗿𝗼̛̣ 𝟮 𝗡𝗮̆𝗺 𝗫𝗲 𝗛𝘂̛ – 𝗖𝗼́ 𝗫𝗲 𝗞𝗵𝗮́𝗰 𝗗𝘂̀𝗻𝗴
✅ Đ𝗮̆𝗻𝗴 𝗞𝘆́ 𝗔𝗽𝗽 𝗫𝗮𝗻𝗵 𝗣𝗹𝗮𝘁𝗳𝗼𝗿𝗺 – 𝗧𝗮̣𝗶 𝗖𝗵𝗼̂̃
--------------------
🏠𝟮𝟴𝟴 𝗧𝗿𝘂̛𝗼̛̀𝗻𝗴 𝗖𝗵𝗶𝗻𝗵 - 𝗣𝗵ư𝗼̛̀𝗻𝗴 Đ𝗼̂𝗻𝗴 𝗛𝘂̛𝗻𝗴 𝗧𝗵𝘂𝗮̣̂𝗻 - 𝗛𝗖𝗠 (𝗤𝘂𝗮̣̂𝗻𝟭𝟮 𝗰𝘂̃)",Cần xác minh,Khác,Không phân loại,,
134621561,Xe máy điện VinFast Feliz 2025 Trắng 2 pin 2.4kW,25000000,"FELIZ 2025 – 2 PIN ZIN – GIÁ 25 TRIỆU 🔥
Biển số: 50AD-256.57

🛵 Feliz 2025 – xe đẹp, 2 pin zin, sẵn sàng chạy ngay!

✨ Thông tin xe:

📍 ODO: 10.000 km
🔋 2 pin 2.4kW zin hãng
💎 Ngoại hình: 95%
📅 Đăng ký: 12/2025
📄 Công chứng mua bán
💰 Giá bán: 25.000.000đ

💳 HỖ TRỢ TRẢ GÓP – HỖ TRỢ HỒ SƠ NỢ XẤU
🛵 Có cho thuê xe
🔄 Nhận trao đổi – mua bán xe
📦 Nhận ký gửi xe

🔥 Điểm đáng tiền: 2 pin zin + đời 2025 + giấy tờ mua bán rõ ràng. Mua về đi hằng ngày hoặc chạy dịch vụ đều tiện.

📩 Quan tâm inbox ngay – xe đẹp, giá tốt, chốt sớm kẻo hết!",2025,10000.0,Tp Hồ Chí Minh,Quận Tân Bình,"FELIZ 2025 – 2 PIN ZIN – GIÁ 25 TRIỆU 🔥
Biển số: 50AD-256.57

🛵 Feliz 2025 – xe đẹp, 2 pin zin, sẵn sàng chạy ngay!

✨ Thông tin xe:

📍 ODO: 10.000 km
🔋 2 pin 2.4kW zin hãng
💎 Ngoại hình: 95%
📅 Đăng ký: 12/2025
📄 Công chứng mua bán
💰 Giá bán: 25.000.000đ

💳 HỖ TRỢ TRẢ GÓP – HỖ TRỢ HỒ SƠ NỢ XẤU
🛵 Có cho thuê xe
🔄 Nhận trao đổi – mua bán xe
📦 Nhận ký gửi xe

🔥 Điểm đáng tiền: 2 pin zin + đời 2025 + giấy tờ mua bán rõ ràng. Mua về đi hằng ngày hoặc chạy dịch vụ đều tiện.

📩 Quan tâm inbox ngay – xe đẹp, giá tốt, chốt sớm kẻo hết!",Kèm pin,VinFast,Feliz,27000000.0,7.4
134621518,Xe máy điện VinFast Feliz Neo 2025 Xám 39000 km,20500000,"Feliz Neo màu xám BS : 50-AC 735.12


- ODO : 39000
- Pin : 1 Pin zin 67v 30Ah + 1 pin song song sàn chân 67v 30Ah . Quãng đường đi được từ 130 - 150km 1 lần sạc
- Ngoại hình : 90%
- Thủ tục mua bán : công chứng mua bán
- Năm đăng ký : 09/2025
- Giá bán :  20,500,000
- Có hỗ trợ trả góp, nợ xấu
- Có cho thuê xe, trao đổi mua bán xe, ký gửi xe",2025,39000.0,Tp Hồ Chí Minh,Quận Tân Bình,"Feliz Neo màu xám BS : 50-AC 735.12


- ODO : 39000
- Pin : 1 Pin zin 67v 30Ah + 1 pin song song sàn chân 67v 30Ah . Quãng đường đi được từ 130 - 150km 1 lần sạc
- Ngoại hình : 90%
- Thủ tục mua bán : công chứng mua bán
- Năm đăng ký : 09/2025
- Giá bán :  20,500,000
- Có hỗ trợ trả góp, nợ xấu
- Có cho thuê xe, trao đổi mua bán xe, ký gửi xe",Kèm pin,VinFast,Feliz,27000000.0,24.1
134506458,Xe Điện 3sGo - Flazz 2026 Trắng 900 km,15900000,"Flazz BSTP ĐK 2026 Chính Chủ 
- Odo 900 cây
- Đã mua 2 pin
- Óc tán 7 màu keng 
- Còn đủ phụ kiện theo xe
- Bảo hành Vinfast toàn quốc
#Giá_15tr9 - Nậu xớ đưa 2tr1 hoặc 5tr1
⛔️ Nợ xấu đưa 2tr1 có LÃI SUẤT hoặc 8tr KO LÃI SUẤT
--------------------
✅ 𝗛𝗼̂̃ 𝗧𝗿𝗼̛̣ 𝗔𝗲 𝗟𝗲̂𝗻 𝗛𝗼̂̀ 𝗦𝗼̛ 𝗕𝗮𝗻𝗸 𝗡𝗵𝗮̣̂𝗻 𝗫𝗲 𝗩𝗮̀ 𝗖𝗮𝘃𝗲𝘁 𝗚𝗼̂́𝗰
✅ 𝗡𝗼̛̣ 𝗫𝗮̂́𝘂 – 𝗛𝗼̂̃ 𝗧𝗿𝗼̛̣ 𝟬 Đ𝗼̂̀𝗻𝗴 – 𝗞𝗵𝗼̂𝗻𝗴 𝗫𝗮́𝗰 𝗠𝗶𝗻𝗵
✅ 𝗡𝗼̛̣ 𝗫𝗮̂́𝘂 – 𝗛𝗼̂̃ 𝗧𝗿𝗼̛̣ Đ𝘂̛𝗮 𝟯𝟬% – 𝗞𝗵𝗼̂𝗻𝗴 𝗟𝗮̃𝗶
✅ Đ𝗼̂̉𝗶 𝗣𝗶𝗻 𝗞𝗵𝗼̂𝗻𝗴 𝗖𝗵𝗼̛̀ 𝗦𝗮̣c 𝗡𝗵𝗶𝗲̂̀𝘂 𝗖𝗵𝗶 𝗡𝗵𝗮́𝗻𝗵
✅ 𝗛ỗ 𝗧𝗿𝗼̛̣ 𝟮 𝗡𝗮̆𝗺 𝗫𝗲 𝗛𝘂̛ – 𝗖𝗼́ 𝗫𝗲 𝗞𝗵𝗮́𝗰 𝗗𝘂̀𝗻𝗴
✅ Đ𝗮̆𝗻𝗴 𝗞𝘆́ 𝗔𝗽𝗽 𝗫𝗮𝗻𝗵 𝗣𝗹𝗮𝘁𝗳𝗼𝗿𝗺 – 𝗧𝗮̣𝗶 𝗖𝗵𝗼̂̃
--------------------
🏠𝟮𝟴𝟴 𝗧𝗿𝘂̛𝗼̛̀𝗻𝗴 𝗖𝗵𝗶𝗻𝗵 - 𝗣𝗵ư𝗼̛̀𝗻𝗴 Đ𝗼̂𝗻𝗴 𝗛𝘂̛𝗻𝗴 𝗧𝗵𝘂𝗮̣̂𝗻 - 𝗛𝗖𝗠 (𝗤𝘂𝗮̣̂𝗻𝟭𝟮 𝗰𝘂̃)",2026,900.0,Tp Hồ Chí Minh,Quận 12,"Flazz BSTP ĐK 2026 Chính Chủ 
- Odo 900 cây
- Đã mua 2 pin
- Óc tán 7 màu keng 
- Còn đủ phụ kiện theo xe
- Bảo hành Vinfast toàn quốc
#Giá_15tr9 - Nậu xớ đưa 2tr1 hoặc 5tr1
⛔️ Nợ xấu đưa 2tr1 có LÃI SUẤT hoặc 8tr KO LÃI SUẤT
--------------------
✅ 𝗛𝗼̂̃ 𝗧𝗿𝗼̛̣ 𝗔𝗲 𝗟𝗲̂𝗻 𝗛𝗼̂̀ 𝗦𝗼̛ 𝗕𝗮𝗻𝗸 𝗡𝗵𝗮̣̂𝗻 𝗫𝗲 𝗩𝗮̀ 𝗖𝗮𝘃𝗲𝘁 𝗚𝗼̂́𝗰
✅ 𝗡𝗼̛̣ 𝗫𝗮̂́𝘂 – 𝗛𝗼̂̃ 𝗧𝗿𝗼̛̣ 𝟬 Đ𝗼̂̀𝗻𝗴 – 𝗞𝗵𝗼̂𝗻𝗴 𝗫𝗮́𝗰 𝗠𝗶𝗻𝗵
✅ 𝗡𝗼̛̣ 𝗫𝗮̂́𝘂 – 𝗛𝗼̂̃ 𝗧𝗿𝗼̛̣ Đ𝘂̛𝗮 𝟯𝟬% – 𝗞𝗵𝗼̂𝗻𝗴 𝗟𝗮̃𝗶
✅ Đ𝗼̂̉𝗶 𝗣𝗶𝗻 𝗞𝗵𝗼̂𝗻𝗴 𝗖𝗵𝗼̛̀ 𝗦𝗮̣c 𝗡𝗵𝗶𝗲̂̀𝘂 𝗖𝗵𝗶 𝗡𝗵𝗮́𝗻𝗵
✅ 𝗛ỗ 𝗧𝗿𝗼̛̣ 𝟮 𝗡𝗮̆𝗺 𝗫𝗲 𝗛𝘂̛ – 𝗖𝗼́ 𝗫𝗲 𝗞𝗵𝗮́𝗰 𝗗𝘂̀𝗻𝗴
✅ Đ𝗮̆𝗻𝗴 𝗞𝘆́ 𝗔𝗽𝗽 𝗫𝗮𝗻𝗵 𝗣𝗹𝗮𝘁𝗳𝗼𝗿𝗺 – 𝗧𝗮̣𝗶 𝗖𝗵𝗼̂̃
--------------------
🏠𝟮𝟴𝟴 𝗧𝗿𝘂̛𝗼̛̀𝗻𝗴 𝗖𝗵𝗶𝗻𝗵 - 𝗣𝗵ư𝗼̛̀𝗻𝗴 Đ𝗼̂𝗻𝗴 𝗛𝘂̛𝗻𝗴 𝗧𝗵𝘂𝗮̣̂𝗻 - 𝗛𝗖𝗠 (𝗤𝘂𝗮̣̂𝗻𝟭𝟮 𝗰𝘂̃)",Cần xác minh,Khác,Không phân loại,,
134555510,Xe Điện 3sGo - Datbike S1 Đen 10.000 km,44900000,"DatbikeS1 BSTP ĐK 2026 Chính Chủ 1 Lần sạc đi 285km
- Odo 10k hơn
- Óc tán 7 màu keng 
- Còn đủ phụ kiện theo xe 
- Bảo hành Datbike toàn quốc
⛔️ Nợ xấu đưa 5tr8 có LÃI SUẤT hoặc 24tr KO LÃI SUẤT
--------------------
✅ 𝗛𝗼̂̃ 𝗧𝗿𝗼̛̣ 𝗔𝗲 𝗟𝗲̂𝗻 𝗛𝗼̂̀ 𝗦𝗼̛ 𝗕𝗮𝗻𝗸 𝗡𝗵𝗮̣̂𝗻 𝗫𝗲 𝗩𝗮̀ 𝗖𝗮𝘃𝗲𝘁 𝗚𝗼̂́𝗰
✅ 𝗡𝗼̛̣ 𝗫𝗮̂́𝘂 – 𝗛𝗼̂̃ 𝗧𝗿𝗼̛̣ 𝟬 Đ𝗼̂̀𝗻𝗴 – 𝗞𝗵𝗼̂𝗻𝗴 𝗫𝗮́𝗰 𝗠𝗶𝗻𝗵
✅ 𝗡𝗼̛̣ 𝗫𝗮̂́𝘂 – 𝗛𝗼̂̃ 𝗧𝗿𝗼̛̣ Đ𝘂̛𝗮 𝟯𝟬% – 𝗞𝗵𝗼̂𝗻𝗴 𝗟𝗮̃𝗶
✅ Đ𝗼̂̉𝗶 𝗣𝗶𝗻 𝗞𝗵𝗼̂𝗻𝗴 𝗖𝗵𝗼̛̀ 𝗦𝗮̣c 𝗡𝗵𝗶𝗲̂̀𝘂 𝗖𝗵𝗶 𝗡𝗵𝗮́𝗻𝗵
✅ 𝗛ỗ 𝗧𝗿𝗼̛̣ 𝟮 𝗡𝗮̆𝗺 𝗫𝗲 𝗛𝘂̛ – 𝗖𝗼́ 𝗫𝗲 𝗞𝗵𝗮́𝗰 𝗗𝘂̀𝗻𝗴
✅ Đ𝗮̆𝗻𝗴 𝗞𝘆́ 𝗔𝗽𝗽 𝗫𝗮𝗻𝗵 𝗣𝗹𝗮𝘁𝗳𝗼𝗿𝗺 – 𝗧𝗮̣𝗶 𝗖𝗵𝗼̂̃
--------------------
🏠𝟮𝟴𝟴 𝗧𝗿𝘂̛𝗼̛̀𝗻𝗴 𝗖𝗵𝗶𝗻𝗵 - 𝗣𝗵ư𝗼̛̀𝗻𝗴 Đ𝗼̂𝗻𝗴 𝗛𝘂̛𝗻𝗴 𝗧𝗵𝘂𝗮̣̂𝗻 - 𝗛𝗖𝗠 (𝗤𝘂𝗮̣̂𝗻𝟭𝟮 𝗰𝘂̃)",2026,10000.0,Tp Hồ Chí Minh,Quận 12,"DatbikeS1 BSTP ĐK 2026 Chính Chủ 1 Lần sạc đi 285km
- Odo 10k hơn
- Óc tán 7 màu keng 
- Còn đủ phụ kiện theo xe 
- Bảo hành Datbike toàn quốc
⛔️ Nợ xấu đưa 5tr8 có LÃI SUẤT hoặc 24tr KO LÃI SUẤT
--------------------
✅ 𝗛𝗼̂̃ 𝗧𝗿𝗼̛̣ 𝗔𝗲 𝗟𝗲̂𝗻 𝗛𝗼̂̀ 𝗦𝗼̛ 𝗕𝗮𝗻𝗸 𝗡𝗵𝗮̣̂𝗻 𝗫𝗲 𝗩𝗮̀ 𝗖𝗮𝘃𝗲𝘁 𝗚𝗼̂́𝗰
✅ 𝗡𝗼̛̣ 𝗫𝗮̂́𝘂 – 𝗛𝗼̂̃ 𝗧𝗿𝗼̛̣ 𝟬 Đ𝗼̂̀𝗻𝗴 – 𝗞𝗵𝗼̂𝗻𝗴 𝗫𝗮́𝗰 𝗠𝗶𝗻𝗵
✅ 𝗡𝗼̛̣ 𝗫𝗮̂́𝘂 – 𝗛𝗼̂̃ 𝗧𝗿𝗼̛̣ Đ𝘂̛𝗮 𝟯𝟬% – 𝗞𝗵𝗼̂𝗻𝗴 𝗟𝗮̃𝗶
✅ Đ𝗼̂̉𝗶 𝗣𝗶𝗻 𝗞𝗵𝗼̂𝗻𝗴 𝗖𝗵𝗼̛̀ 𝗦𝗮̣c 𝗡𝗵𝗶𝗲̂̀𝘂 𝗖𝗵𝗶 𝗡𝗵𝗮́𝗻𝗵
✅ 𝗛ỗ 𝗧𝗿𝗼̛̣ 𝟮 𝗡𝗮̆𝗺 𝗫𝗲 𝗛𝘂̛ – 𝗖𝗼́ 𝗫𝗲 𝗞𝗵𝗮́𝗰 𝗗𝘂̀𝗻𝗴
✅ Đ𝗮̆𝗻𝗴 𝗞𝘆́ 𝗔𝗽𝗽 𝗫𝗮𝗻𝗵 𝗣𝗹𝗮𝘁𝗳𝗼𝗿𝗺 – 𝗧𝗮̣𝗶 𝗖𝗵𝗼̂̃
--------------------
🏠𝟮𝟴𝟴 𝗧𝗿𝘂̛𝗼̛̀𝗻𝗴 𝗖𝗵𝗶𝗻𝗵 - 𝗣𝗵ư𝗼̛̀𝗻𝗴 Đ𝗼̂𝗻𝗴 𝗛𝘂̛𝗻𝗴 𝗧𝗵𝘂𝗮̣̂𝗻 - 𝗛𝗖𝗠 (𝗤𝘂𝗮̣̂𝗻𝟭𝟮 𝗰𝘂̃)",Cần xác minh,Khác,Không phân loại,,
134620997,Xe máy điện Vespa Espero Classic 2022 Xanh ngọc,8400000,"Vespa Espero Classic 1. Đời cao 2022
Bình khoẻ. Đầy đủ giấy tờ
Ngoại hình đẹp như hình.
Giá hơn 8tr400

📍 Có thể xem xe và kiểm tra trực tiếp.
🏠 87 Máy tơ. Nam định
☎️ ***",2022,8000.0,Nam Định,Thành phố Nam Định,"Vespa Espero Classic 1. Đời cao 2022
Bình khoẻ. Đầy đủ giấy tờ
Ngoại hình đẹp như hình.
Giá hơn 8tr400

📍 Có thể xem xe và kiểm tra trực tiếp.
🏠 87 Máy tơ. Nam định
☎️ ***",Cần xác minh,Khác,Không phân loại,,
134434450,Xe đạp điện Yadea V1 Plus Đen,8500000,"Xe điện V1 Plus màu đen
- Kiểu dáng thời trang, dễ điều khiển.
- Động cơ êm ái.
- Pin bền bỉ, di chuyển quãng đường xa.",2025,1.0,Tp Hồ Chí Minh,Quận Tân Bình,"Xe điện V1 Plus màu đen
- Kiểu dáng thời trang, dễ điều khiển.
- Động cơ êm ái.
- Pin bền bỉ, di chuyển quãng đường xa.",Cần xác minh,Yadea,Yadea (Khác),9990000.0,14.9
134620393,Xe máy điện VinFast Vento Neo Trắng 9.000KM,29500000,"Vento Neo 9.000KM Cập Bến 😍😍😍

Giá..29.5Tr

☎️*** Minh Khờ",2025,9000.0,Tp Hồ Chí Minh,Quận Tân Phú,"Vento Neo 9.000KM Cập Bến 😍😍😍

Giá..29.5Tr

☎️*** Minh Khờ",Cần xác minh,VinFast,Vento,50000000.0,41.0
134620294,Vinfast Ludo Xe điện,6600000,Bán xe điện vinfast ludo acquy mới bảo hành 1 năm,2020,10.0,Hà Nội,Quận Tây Hồ,Bán xe điện vinfast ludo acquy mới bảo hành 1 năm,Cần xác minh,VinFast,Ludo,12900000.0,48.8
134620154,Xe máy điện VinFast Vento ABS Đen 7.000km,28800000,"Vento ABS lướt 7.000km
Chính chủ ký
-  Liền lạc đẹp keng
- 2 chìa 2 kính theo xe còn đủ
- Đã úp phuộc sau

Giá: 28tr8
☎️ ***",2025,7000.0,Tp Hồ Chí Minh,Quận 5,"Vento ABS lướt 7.000km
Chính chủ ký
-  Liền lạc đẹp keng
- 2 chìa 2 kính theo xe còn đủ
- Đã úp phuộc sau

Giá: 28tr8
☎️ ***",Cần xác minh,VinFast,Vento,50000000.0,42.4
134620115,Xe máy điện VinFast Vento Neo 2025 Trắng,29500000,"Khách lên đời để lại 
Vento neo siêu lướt
- Biển Tp chính chủ ký
- Pin 3.5, sạc 1000w đời mới 
- Liền lạc đẹp ken
- Góp đưa trước 30% nhận xe

Giá 29tr5
☎️***",2025,9000.0,Tp Hồ Chí Minh,Quận 5,"Khách lên đời để lại 
Vento neo siêu lướt
- Biển Tp chính chủ ký
- Pin 3.5, sạc 1000w đời mới 
- Liền lạc đẹp ken
- Góp đưa trước 30% nhận xe

Giá 29tr5
☎️***",Cần xác minh,VinFast,Vento,50000000.0,41.0
134620037,Xe máy điện Yadea Omee Trắng Ắc quy Graphene,14500000,"Xe máy điện Yadea Omee trắng, mới mua hơn 1 tuần, còn bảo hành hãng. 
 - Xe mới ra mắt 2026, thiết kế hiện đại. 
 - Pin ắc quy Graphene 48V22Ah, tốc độ tối đa 40km/h, công suất 400W. 
 - Phù hợp cho học sinh, sinh viên từ 16 tuổi trở lên hoặc người không có bằng lái. 
 - Giá 14.500.000 đồng.",2026,150.0,Tp Hồ Chí Minh,Thành phố Thủ Đức,"Xe máy điện Yadea Omee trắng, mới mua hơn 1 tuần, còn bảo hành hãng. 
 - Xe mới ra mắt 2026, thiết kế hiện đại. 
 - Pin ắc quy Graphene 48V22Ah, tốc độ tối đa 40km/h, công suất 400W. 
 - Phù hợp cho học sinh, sinh viên từ 16 tuổi trở lên hoặc người không có bằng lái. 
 - Giá 14.500.000 đồng.",Cần xác minh,Yadea,Yadea (Khác),9990000.0,-45.1
134599987,Xe điện Vespa Vision 2026 Xám Đã sử dụng,18500000,"Xe điện vision mới mua 2026 mới 98%

🔥🔥🔥 Siêu Phẩm Mới Về Ạ 🔥🔥🔥 

Vespa Siêu Siêu Lướt 2026

Xe Mới 95%, dk đầy đủ

SmartKey Zin
Xe Điện huy lâm Bán Rẻ 7tr So Với Mới 
Mà Lại Được Xe Như Mới Ạ 

📌 Ship Hàng TOÀN QUỐC - Nhanh chóng
---- 
📞 LH tư vấn miễn phí : ***( zalo / video call ) 
🕹️ Địa chỉ: 389 đội cấn-ba đình - Hà Nội. 
❇️ Cửa Hàng Xe Điện Huy Lâm",2026,5000.0,Hà Nội,Quận Ba Đình,"Xe điện vision mới mua 2026 mới 98%

🔥🔥🔥 Siêu Phẩm Mới Về Ạ 🔥🔥🔥 

Vespa Siêu Siêu Lướt 2026

Xe Mới 95%, dk đầy đủ

SmartKey Zin
Xe Điện huy lâm Bán Rẻ 7tr So Với Mới 
Mà Lại Được Xe Như Mới Ạ 

📌 Ship Hàng TOÀN QUỐC - Nhanh chóng
---- 
📞 LH tư vấn miễn phí : ***( zalo / video call ) 
🕹️ Địa chỉ: *** đội cấn-ba đình - Hà Nội. 
❇️ Cửa Hàng Xe Điện Huy Lâm",Kèm pin,Khác,Không phân loại,,
134619125,Xe máy điện VinFast Evo200 Lite Đen Việt Nam,20000000,"Trâu bò nhất dòng xe học sinh. Ko cần bằng lái. 
Evo200 lite biển SG.
Pin 3.5 kwh, trâu bò nhất nhà Vin. Tầm 100 - 140 km/sạc.
BH hãng đến 2028.
Biển SG, sang tên nhanh chóng.
20tr bao rút hồ sơ. 

Xe điện Z48
104 Đường số 1,kdc Cityland Center Hill, phường Hạnh Thông (t7 nghỉ)
***",2023,18000.0,Tp Hồ Chí Minh,Quận Gò Vấp,"Trâu bò nhất dòng xe học sinh. Ko cần bằng lái. 
Evo200 lite biển SG.
Pin 3.5 kwh, trâu bò nhất nhà Vin. Tầm 100 - 140 km/sạc.
BH hãng đến 2028.
Biển SG, sang tên nhanh chóng.
20tr bao rút hồ sơ. 

Xe điện Z48
*** Đường số 1,kdc Cityland Center Hill, phường Hạnh Thông (t7 nghỉ)
***",Cần xác minh,VinFast,Evo 200,18000000.0,-11.1
134618992,Vinfast Motio màu đỏ - Xe học sinh,8500000,"- Motio Vinfast.  Học sinh trên 16t đi ko cần bằng lái 
- 5 Bình acquy đi 50km/lần sạc 
- Chính chủ công chứng 
- Giá 8tr500k 
- Địa chỉ : 24/6. Đ.TL44. P.thạnh lộc. Q12",2025,10484.0,Tp Hồ Chí Minh,Quận 12,"- Motio Vinfast.  Học sinh trên 16t đi ko cần bằng lái 
- 5 Bình acquy đi 50km/lần sạc 
- Chính chủ công chứng 
- Giá 8tr500k 
- Địa chỉ : 24/6. Đ.TL44. P.thạnh lộc. Q12",Cần xác minh,Khác,Không phân loại,,
134618650,Xe máy điện VinFast Ludo/ Ko Bằng Lái (Cs2),8900000,"VinFast LuDo 50 / Pin / Không Bằng Lái
Trọng Lượng: 68Kg
Công Suất: 500w
Mua mới lúc trước 24.5 Triệu ( Pin Mua )
Năm SX : 2020
Xem Xe Tại CH2 Nguyễn Thông",2020,39000.0,Cần Thơ,Quận Bình Thuỷ,"VinFast LuDo 50 / Pin / Không Bằng Lái
Trọng Lượng: 68Kg
Công Suất: 500w
Mua mới lúc trước 24.5 Triệu ( Pin Mua )
Năm SX : 2020
Xem Xe Tại CH2 Nguyễn Thông",Cần xác minh,VinFast,Ludo,12900000.0,31.0
134602241,Xe Điện 3sGo - QuantumS1 BST 2025 Xanh 30k,35900000,"QuantumS1 BST9chù
- Đăng ký 2025
- Odo 30k
- Yên kimdang 
- Dàn áo keng ko trầy 98%
- Óc tán 7 màu keng 98%
- Còn đủ phụ kiện theo xe
❤️Xe keng 99% so với xe new 
⛔️ Nợ xấu đưa 8tr1 có LÃI SUẤT hoặc 19tr5 KO LÃI SUẤT
--------------------
✅ 𝗛𝗼̂̃ 𝗧𝗿𝗼̛̣ 𝗔𝗲 𝗟𝗲̂𝗻 𝗛𝗼̂̀ 𝗦𝗼̛ 𝗕𝗮𝗻𝗸 𝗡𝗵𝗮̣̂𝗻 𝗫𝗲 𝗩𝗮̀ 𝗖𝗮𝘃𝗲𝘁 𝗚𝗼̂́𝗰
✅ 𝗡𝗼̛̣ 𝗫𝗮̂́𝘂 – 𝗛𝗼̂̃ 𝗧𝗿𝗼̛̣ 𝟬 Đ𝗼̂̀𝗻𝗴 – 𝗞𝗵𝗼̂𝗻𝗴 𝗫𝗮́𝗰 𝗠𝗶𝗻𝗵
✅ 𝗡𝗼̛̣ 𝗫𝗮̂́𝘂 – 𝗛𝗼̂̃ 𝗧𝗿𝗼̛̣ Đ𝘂̛𝗮 𝟯𝟬% – 𝗞𝗵𝗼̂𝗻𝗴 𝗟𝗮̃𝗶
✅ Đ𝗼̂̉𝗶 𝗣𝗶𝗻 𝗞𝗵𝗼̂𝗻𝗴 𝗖𝗵𝗼̛̀ 𝗦𝗮̣c 𝗡𝗵𝗶𝗲̂̀𝘂 𝗖𝗵𝗶 𝗡𝗵𝗮́𝗻𝗵
✅ 𝗛ỗ 𝗧𝗿𝗼̛̣ 𝟮 𝗡𝗮̆𝗺 𝗫𝗲 𝗛𝘂̛ – 𝗖𝗼́ 𝗫𝗲 𝗞𝗵𝗮́𝗰 𝗗𝘂̀𝗻𝗴
✅ Đ𝗮̆𝗻𝗴 𝗞𝘆́ 𝗔𝗽𝗽 𝗫𝗮𝗻𝗵 𝗣𝗹𝗮𝘁𝗳𝗼𝗿𝗺 – 𝗧𝗮̣𝗶 𝗖𝗵𝗼̂̃
--------------------
🏠 𝟭𝟭𝟱 𝗣𝗵𝗮̣𝗺 𝗧𝗵𝗲̂́ 𝗛𝗶𝗲̂̉𝗻 - 𝗖𝗵𝗮́𝗻𝗵 𝗛𝘂̛𝗻𝗴 - 𝗛𝗖𝗠 ( 𝗤𝘂𝗮̣̂𝗻 𝟴 )
☎️ 𝗛𝗼𝘁𝗹𝗶𝗻𝗲 : *** - 𝗗𝗶𝗲̣̂𝘂",2025,30.0,Tp Hồ Chí Minh,Quận 8,"QuantumS1 BST9chù
- Đăng ký 2025
- Odo 30k
- Yên kimdang 
- Dàn áo keng ko trầy 98%
- Óc tán 7 màu keng 98%
- Còn đủ phụ kiện theo xe
❤️Xe keng 99% so với xe new 
⛔️ Nợ xấu đưa 8tr1 có LÃI SUẤT hoặc 19tr5 KO LÃI SUẤT
--------------------
✅ 𝗛𝗼̂̃ 𝗧𝗿𝗼̛̣ 𝗔𝗲 𝗟𝗲̂𝗻 𝗛𝗼̂̀ 𝗦𝗼̛ 𝗕𝗮𝗻𝗸 𝗡𝗵𝗮̣̂𝗻 𝗫𝗲 𝗩𝗮̀ 𝗖𝗮𝘃𝗲𝘁 𝗚𝗼̂́𝗰
✅ 𝗡𝗼̛̣ 𝗫𝗮̂́𝘂 – 𝗛𝗼̂̃ 𝗧𝗿𝗼̛̣ 𝟬 Đ𝗼̂̀𝗻𝗴 – 𝗞𝗵𝗼̂𝗻𝗴 𝗫𝗮́𝗰 𝗠𝗶𝗻𝗵
✅ 𝗡𝗼̛̣ 𝗫𝗮̂́𝘂 – 𝗛𝗼̂̃ 𝗧𝗿𝗼̛̣ Đ𝘂̛𝗮 𝟯𝟬% – 𝗞𝗵𝗼̂𝗻𝗴 𝗟𝗮̃𝗶
✅ Đ𝗼̂̉𝗶 𝗣𝗶𝗻 𝗞𝗵𝗼̂𝗻𝗴 𝗖𝗵𝗼̛̀ 𝗦𝗮̣c 𝗡𝗵𝗶𝗲̂̀𝘂 𝗖𝗵𝗶 𝗡𝗵𝗮́𝗻𝗵
✅ 𝗛ỗ 𝗧𝗿𝗼̛̣ 𝟮 𝗡𝗮̆𝗺 𝗫𝗲 𝗛𝘂̛ – 𝗖𝗼́ 𝗫𝗲 𝗞𝗵𝗮́𝗰 𝗗𝘂̀𝗻𝗴
✅ Đ𝗮̆𝗻𝗴 𝗞𝘆́ 𝗔𝗽𝗽 𝗫𝗮𝗻𝗵 𝗣𝗹𝗮𝘁𝗳𝗼𝗿𝗺 – 𝗧𝗮̣𝗶 𝗖𝗵𝗼̂̃
--------------------
🏠 𝟭𝟭𝟱 𝗣𝗵𝗮̣𝗺 𝗧𝗵𝗲̂́ 𝗛𝗶𝗲̂̉𝗻 - 𝗖𝗵𝗮́𝗻𝗵 𝗛𝘂̛𝗻𝗴 - 𝗛𝗖𝗠 ( 𝗤𝘂𝗮̣̂𝗻 𝟴 )
☎️ 𝗛𝗼𝘁𝗹𝗶𝗻𝗲 : *** - 𝗗𝗶𝗲̣̂𝘂",Cần xác minh,Khác,Không phân loại,,
134617456,Xe máy điện BEFORE ALL Latina VI 2.0 Trắng,12000000,"Xe máy điện mới mua được 3 tháng cần bán lại  hãng: BEFORE ALL
Dòng : latina vi 2.0 
Thiết kế theo kiểu dáng vespa 
Tốc độ tối đa 50km/h 
Pin chạy được 60km
Còn bảo hành 9 tháng
giá mua mới 18tr500 
bán lại 12tr000",2026,300.0,Đà Nẵng,Quận Ngũ Hành Sơn,"Xe máy điện mới mua được 3 tháng cần bán lại  hãng: BEFORE ALL
Dòng : latina vi 2.0 
Thiết kế theo kiểu dáng vespa 
Tốc độ tối đa 50km/h 
Pin chạy được 60km
Còn bảo hành 9 tháng
giá mua mới 18tr500 
bán lại 12tr000",Cần xác minh,Khác,Không phân loại,,
134617447,Xe máy điện DK Bike 2021,7900000,"Xe máy điện Soma SX không cần bằng lái btc 
1 lần sạc đi được 60km , tốc tối đa 46km giờ 
5 bình vừa thay mới còn bảo hành 1 năm 
Áo quần sạch sẽ không bể , full chức năng 
Giá : 7tr9 bình tân",2021,40000.0,Tp Hồ Chí Minh,Quận Bình Tân,"Xe máy điện Soma SX không cần bằng lái btc 
1 lần sạc đi được 60km , tốc tối đa 46km giờ 
5 bình vừa thay mới còn bảo hành 1 năm 
Áo quần sạch sẽ không bể , full chức năng 
Giá : 7tr9 bình tân",Cần xác minh,Khác,Không phân loại,,
134602534,Xe Điện 3sGo - EvoGrand Đen 14k km,22900000,"EvoGrand ĐK 4/2026 BST 9 chủ kí
- Odo 14k
- 2 pin mua theo xe
- Dàn áo keng ko trầy 98%
- Óc tán 7 màu keng 98%
- Còn đủ phụ kiện theo xe
❤️Xe keng 98% so với xe new 
⛔️ Nợ xấu đưa 0Đ có LÃI SUẤT hoặc 13tr KO LÃI SUẤT
--------------------
✅ 𝗛𝗼̂̃ 𝗧𝗿𝗼̛̣ 𝗔𝗲 𝗟𝗲̂𝗻 𝗛𝗼̂̀ 𝗦𝗼̛ 𝗕𝗮𝗻𝗸 𝗡𝗵𝗮̣̂𝗻 𝗫𝗲 𝗩𝗮̀ 𝗖𝗮𝘃𝗲𝘁 𝗚𝗼̂́𝗰
✅ 𝗡𝗼̛̣ 𝗫𝗮̂́𝘂 – 𝗛𝗼̂̃ 𝗧𝗿𝗼̛̣ 𝟬 Đ𝗼̂̀𝗻𝗴 – 𝗞𝗵𝗼̂𝗻𝗴 𝗫𝗮́𝗰 𝗠𝗶𝗻𝗵
✅ 𝗡𝗼̛̣ 𝗫𝗮̂́𝘂 – 𝗛𝗼̂̃ 𝗧𝗿𝗼̛̣ Đ𝘂̛𝗮 𝟯𝟬% – 𝗞𝗵𝗼̂𝗻𝗴 𝗟𝗮̃𝗶
✅ Đ𝗼̂̉𝗶 𝗣𝗶𝗻 𝗞𝗵𝗼̂𝗻𝗴 𝗖𝗵𝗼̛̀ 𝗦𝗮̣c 𝗡𝗵𝗶𝗲̂̀𝘂 𝗖𝗵𝗶 𝗡𝗵𝗮́𝗻𝗵
✅ 𝗛ỗ 𝗧𝗿𝗼̛̣ 𝟮 𝗡𝗮̆𝗺 𝗫𝗲 𝗛𝘂̛ – 𝗖𝗼́ 𝗫𝗲 𝗞𝗵𝗮́𝗰 𝗗𝘂̀𝗻𝗴
✅ Đ𝗮̆𝗻𝗴 𝗞𝘆́ 𝗔𝗽𝗽 𝗫𝗮𝗻𝗵 𝗣𝗹𝗮𝘁𝗳𝗼𝗿𝗺 – 𝗧𝗮̣𝗶 𝗖𝗵𝗼̂̃
--------------------
🏠 𝟭𝟭𝟱 𝗣𝗵𝗮̣𝗺 𝗧𝗵𝗲̂́ 𝗛𝗶𝗲̂̉𝗻 - 𝗖𝗵𝗮́𝗻𝗵 𝗛𝘂̛𝗻𝗴 - 𝗛𝗖𝗠 ( 𝗤𝘂𝗮̣̂𝗻 𝟴 )
☎️ 𝗛𝗼𝘁𝗹𝗶𝗻𝗲 : *** - 𝗗𝗶𝗲̣̂𝘂",2026,14000.0,Tp Hồ Chí Minh,Quận 8,"EvoGrand ĐK 4/2026 BST 9 chủ kí
- Odo 14k
- 2 pin mua theo xe
- Dàn áo keng ko trầy 98%
- Óc tán 7 màu keng 98%
- Còn đủ phụ kiện theo xe
❤️Xe keng 98% so với xe new 
⛔️ Nợ xấu đưa 0Đ có LÃI SUẤT hoặc 13tr KO LÃI SUẤT
--------------------
✅ 𝗛𝗼̂̃ 𝗧𝗿𝗼̛̣ 𝗔𝗲 𝗟𝗲̂𝗻 𝗛𝗼̂̀ 𝗦𝗼̛ 𝗕𝗮𝗻𝗸 𝗡𝗵𝗮̣̂𝗻 𝗫𝗲 𝗩𝗮̀ 𝗖𝗮𝘃𝗲𝘁 𝗚𝗼̂́𝗰
✅ 𝗡𝗼̛̣ 𝗫𝗮̂́𝘂 – 𝗛𝗼̂̃ 𝗧𝗿𝗼̛̣ 𝟬 Đ𝗼̂̀𝗻𝗴 – 𝗞𝗵𝗼̂𝗻𝗴 𝗫𝗮́𝗰 𝗠𝗶𝗻𝗵
✅ 𝗡𝗼̛̣ 𝗫𝗮̂́𝘂 – 𝗛𝗼̂̃ 𝗧𝗿𝗼̛̣ Đ𝘂̛𝗮 𝟯𝟬% – 𝗞𝗵𝗼̂𝗻𝗴 𝗟𝗮̃𝗶
✅ Đ𝗼̂̉𝗶 𝗣𝗶𝗻 𝗞𝗵𝗼̂𝗻𝗴 𝗖𝗵𝗼̛̀ 𝗦𝗮̣c 𝗡𝗵𝗶𝗲̂̀𝘂 𝗖𝗵𝗶 𝗡𝗵𝗮́𝗻𝗵
✅ 𝗛ỗ 𝗧𝗿𝗼̛̣ 𝟮 𝗡𝗮̆𝗺 𝗫𝗲 𝗛𝘂̛ – 𝗖𝗼́ 𝗫𝗲 𝗞𝗵𝗮́𝗰 𝗗𝘂̀𝗻𝗴
✅ Đ𝗮̆𝗻𝗴 𝗞𝘆́ 𝗔𝗽𝗽 𝗫𝗮𝗻𝗵 𝗣𝗹𝗮𝘁𝗳𝗼𝗿𝗺 – 𝗧𝗮̣𝗶 𝗖𝗵𝗼̂̃
--------------------
🏠 𝟭𝟭𝟱 𝗣𝗵𝗮̣𝗺 𝗧𝗵𝗲̂́ 𝗛𝗶𝗲̂̉𝗻 - 𝗖𝗵𝗮́𝗻𝗵 𝗛𝘂̛𝗻𝗴 - 𝗛𝗖𝗠 ( 𝗤𝘂𝗮̣̂𝗻 𝟴 )
☎️ 𝗛𝗼𝘁𝗹𝗶𝗻𝗲 : *** - 𝗗𝗶𝗲̣̂𝘂",Cần xác minh,Khác,Không phân loại,,
133873833,Xe máy điện SANTOSAR VS3 Xám 240W,12300000,"🏆🏆🏆 Hót Hót mẫu xe VS3 hottrend
🎈xe có thông số động cơ 240W, cho học sinh dưới 16t, cho mẹ đị chợ, cho chị em đi làm
📙Dòng xe có cốp rộng, chạy cực kỳ êm ái. Xe có giấy tờ đăng kiểm, hoá đơn đầy đủ ( đi đường không sợ công an), đặc biệt các em học sinh dứoi 16t chạy vẫn đúng quy định
💡xe được trang bị đèn led, thắng đĩa rất an toàn
🪫 chạy bình 48V30ah chính hãng an toàn không lo cháy nổ
🧾 bảo hành 12 tháng
💰giá 12",2026,,Tp Hồ Chí Minh,Thành phố Thủ Đức,"🏆🏆🏆 Hót Hót mẫu xe VS3 hottrend
🎈xe có thông số động cơ 240W, cho học sinh dưới 16t, cho mẹ đị chợ, cho chị em đi làm
📙Dòng xe có cốp rộng, chạy cực kỳ êm ái. Xe có giấy tờ đăng kiểm, hoá đơn đầy đủ ( đi đường không sợ công an), đặc biệt các em học sinh dứoi 16t chạy vẫn đúng quy định
💡xe được trang bị đèn led, thắng đĩa rất an toàn
🪫 chạy bình 48V30ah chính hãng an toàn không lo cháy nổ
🧾 bảo hành 12 tháng
💰giá 12",Cần xác minh,Khác,Không phân loại,,
134026009,Xe máy điện VinFast EVO 200 2024 Đen mờ 11000 km,20000000,"DƯ dùng bán lại chiếc xe máy điện VinFats EVO 200, màu đen mờ sản xuất 2024 , pin mua chạy 11 000km, pin sử dụng 100km mới sạc,xe luôn bảo dưỡng định kỳ tại hãng , bảo đảm xe còn sử dụng tốt,ngay chủ đứng tên bán, cam ơn anh chị đả xem tin.",2024,11000.0,Tp Hồ Chí Minh,Thành phố Thủ Đức,"DƯ dùng bán lại chiếc xe máy điện VinFats EVO 200, màu đen mờ sản xuất 2024 , pin mua chạy 11 000km, pin sử dụng 100km mới sạc,xe luôn bảo dưỡng định kỳ tại hãng , bảo đảm xe còn sử dụng tốt,ngay chủ đứng tên bán, cam ơn anh chị đả xem tin.",Cần xác minh,VinFast,Evo 200,18000000.0,-11.1
134563221,Xe điện V1  946 TỐT 90% CÒN SỔ BH,7900000,"XE MÁY ĐIỆN KONAXOAKA TỐT 90% CÒN SỔ BH

BÌNH SẠC ĐẦY ĐỦ
BẢO HÀNH DÀI HẠN
ZALO-GỌI TRỰC TIẾP ***
XE ĐẸP NHƯ HÌNH",2026,2000.0,Tp Hồ Chí Minh,Quận 1,"XE MÁY ĐIỆN KONAXOAKA TỐT 90% CÒN SỔ BH

BÌNH SẠC ĐẦY ĐỦ
BẢO HÀNH DÀI HẠN
ZALO-GỌI TRỰC TIẾP ***
XE ĐẸP NHƯ HÌNH",Cần xác minh,Khác,Không phân loại,,
134616801,Xe điện Sundiro Xám tím,6000000,"Cần bán xe điện như hình, xe chạy còn tốt, ngoại hình còn đẹp.",2026,5000.0,Tp Hồ Chí Minh,Quận 10,"Cần bán xe điện như hình, xe chạy còn tốt, ngoại hình còn đẹp.",Cần xác minh,Khác,Không phân loại,,
134602590,Xe Điên 3sGo - Evo200 2025 Trắng 10.000 km,21900000,"Evo200 ĐK 8/2025 Pin Mua BSTP
- Odo 10.000 Cây
- Dàn áo keng ko trầy 99%
- Óc tán 7 màu keng 99%
- Còn đủ phụ kiện theo xe
❤️Xe keng 99% so với xe new 
⛔️ Nợ xấu đưa 0Đ có LÃI SUẤT hoặc 12tr5 KO LÃI SUẤT
--------------------
✅ 𝗛𝗼̂̃ 𝗧𝗿𝗼̛̣ 𝗔𝗲 𝗟𝗲̂𝗻 𝗛𝗼̂̀ 𝗦𝗼̛ 𝗕𝗮𝗻𝗸 𝗡𝗵𝗮̣̂𝗻 𝗫𝗲 𝗩𝗮̀ 𝗖𝗮𝘃𝗲𝘁 𝗚𝗼̂́𝗰
✅ 𝗡𝗼̛̣ 𝗫𝗮̂́𝘂 – 𝗛𝗼̂̃ 𝗧𝗿𝗼̛̣ 𝟬 Đ𝗼̂̀𝗻𝗴 – 𝗞𝗵𝗼̂𝗻𝗴 𝗫𝗮́𝗰 𝗠𝗶𝗻𝗵
✅ 𝗡𝗼̛̣ 𝗫𝗮̂́𝘂 – 𝗛𝗼̂̃ 𝗧𝗿𝗼̛̣ Đ𝘂̛𝗮 𝟯𝟬% – 𝗞𝗵𝗼̂𝗻𝗴 𝗟𝗮̃𝗶
✅ Đ𝗼̂̉𝗶 𝗣𝗶𝗻 𝗞𝗵𝗼̂𝗻𝗴 𝗖𝗵𝗼̛̀ 𝗦𝗮̣c 𝗡𝗵𝗶𝗲̂̀𝘂 𝗖𝗵𝗶 𝗡𝗵𝗮́𝗻𝗵
✅ 𝗛ỗ 𝗧𝗿𝗼̛̣ 𝟮 𝗡𝗮̆𝗺 𝗫𝗲 𝗛𝘂̛ – 𝗖𝗼́ 𝗫𝗲 𝗞𝗵𝗮́𝗰 𝗗𝘂̀𝗻𝗴
✅ Đ𝗮̆𝗻𝗴 𝗞𝘆́ 𝗔𝗽𝗽 𝗫𝗮𝗻𝗵 𝗣𝗹𝗮𝘁𝗳𝗼𝗿𝗺 – 𝗧𝗮̣𝗶 𝗖𝗵𝗼̂̃
--------------------
🏠 𝟭𝟭𝟱 𝗣𝗵𝗮̣𝗺 𝗧𝗵𝗲̂́ 𝗛𝗶𝗲̂̉𝗻 - 𝗖𝗵𝗮́𝗻𝗵 𝗛𝘂̛𝗻𝗴 - 𝗛𝗖𝗠 ( 𝗤𝘂𝗮̣̂𝗻 𝟴 )
☎️ 𝗛𝗼𝘁𝗹𝗶𝗻𝗲 : *** - 𝗗𝗶𝗲̣̂𝘂",2025,10000.0,Tp Hồ Chí Minh,Quận 8,"Evo200 ĐK 8/2025 Pin Mua BSTP
- Odo 10.000 Cây
- Dàn áo keng ko trầy 99%
- Óc tán 7 màu keng 99%
- Còn đủ phụ kiện theo xe
❤️Xe keng 99% so với xe new 
⛔️ Nợ xấu đưa 0Đ có LÃI SUẤT hoặc 12tr5 KO LÃI SUẤT
--------------------
✅ 𝗛𝗼̂̃ 𝗧𝗿𝗼̛̣ 𝗔𝗲 𝗟𝗲̂𝗻 𝗛𝗼̂̀ 𝗦𝗼̛ 𝗕𝗮𝗻𝗸 𝗡𝗵𝗮̣̂𝗻 𝗫𝗲 𝗩𝗮̀ 𝗖𝗮𝘃𝗲𝘁 𝗚𝗼̂́𝗰
✅ 𝗡𝗼̛̣ 𝗫𝗮̂́𝘂 – 𝗛𝗼̂̃ 𝗧𝗿𝗼̛̣ 𝟬 Đ𝗼̂̀𝗻𝗴 – 𝗞𝗵𝗼̂𝗻𝗴 𝗫𝗮́𝗰 𝗠𝗶𝗻𝗵
✅ 𝗡𝗼̛̣ 𝗫𝗮̂́𝘂 – 𝗛𝗼̂̃ 𝗧𝗿𝗼̛̣ Đ𝘂̛𝗮 𝟯𝟬% – 𝗞𝗵𝗼̂𝗻𝗴 𝗟𝗮̃𝗶
✅ Đ𝗼̂̉𝗶 𝗣𝗶𝗻 𝗞𝗵𝗼̂𝗻𝗴 𝗖𝗵𝗼̛̀ 𝗦𝗮̣c 𝗡𝗵𝗶𝗲̂̀𝘂 𝗖𝗵𝗶 𝗡𝗵𝗮́𝗻𝗵
✅ 𝗛ỗ 𝗧𝗿𝗼̛̣ 𝟮 𝗡𝗮̆𝗺 𝗫𝗲 𝗛𝘂̛ – 𝗖𝗼́ 𝗫𝗲 𝗞𝗵𝗮́𝗰 𝗗𝘂̀𝗻𝗴
✅ Đ𝗮̆𝗻𝗴 𝗞𝘆́ 𝗔𝗽𝗽 𝗫𝗮𝗻𝗵 𝗣𝗹𝗮𝘁𝗳𝗼𝗿𝗺 – 𝗧𝗮̣𝗶 𝗖𝗵𝗼̂̃
--------------------
🏠 𝟭𝟭𝟱 𝗣𝗵𝗮̣𝗺 𝗧𝗵𝗲̂́ 𝗛𝗶𝗲̂̉𝗻 - 𝗖𝗵𝗮́𝗻𝗵 𝗛𝘂̛𝗻𝗴 - 𝗛𝗖𝗠 ( 𝗤𝘂𝗮̣̂𝗻 𝟴 )
☎️ 𝗛𝗼𝘁𝗹𝗶𝗻𝗲 : *** - 𝗗𝗶𝗲̣̂𝘂",Cần xác minh,VinFast,Evo 200,18000000.0,-21.7
133937642,Xe máy điện VinFast EVO GRAND Lite 2026 Trắng,19000000,a Ai cần liên hệ nhà ở Quận 12 thành phố Hồ Chí Minh cảm ơn xem như mới,2026,506.0,Tp Hồ Chí Minh,Quận 12,a Ai cần liên hệ nhà ở Quận 12 thành phố Hồ Chí Minh cảm ơn xem như mới,Cần xác minh,Khác,Không phân loại,,
134602453,Xe Điện 3sGo - DatBike Quantum S1 Đen,37900000,"QuantumS1 BSTP
- Odo không nói đâu
- Bảo Hành Pin 10 Năm 
- Sạc 1800w 
- Dàn áo keng ko trầy 98%
- Óc tán 7 màu keng 98%
- Còn đủ phụ kiện theo xe
❤️Xe keng 99% so với xe new 
⛔️ Nợ xấu đưa 3tr7 có LÃI SUẤT hoặc 16tr4 KO LÃI SUẤT
--------------------
✅ 𝗛𝗼̂̃ 𝗧𝗿𝗼̛̣ 𝗔𝗲 𝗟𝗲̂𝗻 𝗛𝗼̂̀ 𝗦𝗼̛ 𝗕𝗮𝗻𝗸 𝗡𝗵𝗮̣̂𝗻 𝗫𝗲 𝗩𝗮̀ 𝗖𝗮𝘃𝗲𝘁 𝗚𝗼̂́𝗰
✅ 𝗡𝗼̛̣ 𝗫𝗮̂́𝘂 – 𝗛𝗼̂̃ 𝗧𝗿𝗼̛̣ 𝟬 Đ𝗼̂̀𝗻𝗴 – 𝗞𝗵𝗼̂𝗻𝗴 𝗫𝗮́𝗰 𝗠𝗶𝗻𝗵
✅ 𝗡𝗼̛̣ 𝗫𝗮̂́𝘂 – 𝗛𝗼̂̃ 𝗧𝗿𝗼̛̣ Đ𝘂̛𝗮 𝟯𝟬% – 𝗞𝗵𝗼̂𝗻𝗴 𝗟𝗮̃𝗶
✅ Đ𝗼̂̉𝗶 𝗣𝗶𝗻 𝗞𝗵𝗼̂𝗻𝗴 𝗖𝗵𝗼̛̀ 𝗦𝗮̣c 𝗡𝗵𝗶𝗲̂̀𝘂 𝗖𝗵𝗶 𝗡𝗵𝗮́𝗻𝗵
✅ 𝗛ỗ 𝗧𝗿𝗼̛̣ 𝟮 𝗡𝗮̆𝗺 𝗫𝗲 𝗛𝘂̛ – 𝗖𝗼́ 𝗫𝗲 𝗞𝗵𝗮́𝗰 𝗗𝘂̀𝗻𝗴
✅ Đ𝗮̆𝗻𝗴 𝗞𝘆́ 𝗔𝗽𝗽 𝗫𝗮𝗻𝗵 𝗣𝗹𝗮𝘁𝗳𝗼𝗿𝗺 – 𝗧𝗮̣𝗶 𝗖𝗵𝗼̂̃
--------------------
🏠 𝟭𝟭𝟱 𝗣𝗵𝗮̣𝗺 𝗧𝗵𝗲̂́ 𝗛𝗶𝗲̂̉𝗻 - 𝗖𝗵𝗮́𝗻𝗵 𝗛𝘂̛𝗻𝗴 - 𝗛𝗖𝗠 ( 𝗤𝘂𝗮̣̂𝗻 𝟴 )
☎️ 𝗛𝗼𝘁𝗹𝗶𝗻𝗲 : *** - 𝗗𝗶𝗲̣̂𝘂",2026,,Tp Hồ Chí Minh,Quận 8,"QuantumS1 BSTP
- Odo không nói đâu
- Bảo Hành Pin 10 Năm 
- Sạc 1800w 
- Dàn áo keng ko trầy 98%
- Óc tán 7 màu keng 98%
- Còn đủ phụ kiện theo xe
❤️Xe keng 99% so với xe new 
⛔️ Nợ xấu đưa 3tr7 có LÃI SUẤT hoặc 16tr4 KO LÃI SUẤT
--------------------
✅ 𝗛𝗼̂̃ 𝗧𝗿𝗼̛̣ 𝗔𝗲 𝗟𝗲̂𝗻 𝗛𝗼̂̀ 𝗦𝗼̛ 𝗕𝗮𝗻𝗸 𝗡𝗵𝗮̣̂𝗻 𝗫𝗲 𝗩𝗮̀ 𝗖𝗮𝘃𝗲𝘁 𝗚𝗼̂́𝗰
✅ 𝗡𝗼̛̣ 𝗫𝗮̂́𝘂 – 𝗛𝗼̂̃ 𝗧𝗿𝗼̛̣ 𝟬 Đ𝗼̂̀𝗻𝗴 – 𝗞𝗵𝗼̂𝗻𝗴 𝗫𝗮́𝗰 𝗠𝗶𝗻𝗵
✅ 𝗡𝗼̛̣ 𝗫𝗮̂́𝘂 – 𝗛𝗼̂̃ 𝗧𝗿𝗼̛̣ Đ𝘂̛𝗮 𝟯𝟬% – 𝗞𝗵𝗼̂𝗻𝗴 𝗟𝗮̃𝗶
✅ Đ𝗼̂̉𝗶 𝗣𝗶𝗻 𝗞𝗵𝗼̂𝗻𝗴 𝗖𝗵𝗼̛̀ 𝗦𝗮̣c 𝗡𝗵𝗶𝗲̂̀𝘂 𝗖𝗵𝗶 𝗡𝗵𝗮́𝗻𝗵
✅ 𝗛ỗ 𝗧𝗿𝗼̛̣ 𝟮 𝗡𝗮̆𝗺 𝗫𝗲 𝗛𝘂̛ – 𝗖𝗼́ 𝗫𝗲 𝗞𝗵𝗮́𝗰 𝗗𝘂̀𝗻𝗴
✅ Đ𝗮̆𝗻𝗴 𝗞𝘆́ 𝗔𝗽𝗽 𝗫𝗮𝗻𝗵 𝗣𝗹𝗮𝘁𝗳𝗼𝗿𝗺 – 𝗧𝗮̣𝗶 𝗖𝗵𝗼̂̃
--------------------
🏠 𝟭𝟭𝟱 𝗣𝗵𝗮̣𝗺 𝗧𝗵𝗲̂́ 𝗛𝗶𝗲̂̉𝗻 - 𝗖𝗵𝗮́𝗻𝗵 𝗛𝘂̛𝗻𝗴 - 𝗛𝗖𝗠 ( 𝗤𝘂𝗮̣̂𝗻 𝟴 )
☎️ 𝗛𝗼𝘁𝗹𝗶𝗻𝗲 : *** - 𝗗𝗶𝗲̣̂𝘂",Cần xác minh,Dat Bike,Quantum,34900000.0,-8.6
134031255,"Vinfast Klara Pin cầm,xe đẹp biển Sài Gòn",10800000,"🍓🍓🍓 Xe bà xã đi đã đổi Evo200 nên thanh lý lại người dùng.
Xe Vinfast Klara màu hồng (Xe đẹp lắm nữ tính)
☘️ Biển Số Sài Gòn 41MĐ- chạy không cần bằng
Pin zin mua  + Sạc Zin: sạc đầy 2-3 tiếng đi được 40-50km/1 lần
- Động cơ mới thay trước tết, xe chạy mượt pin cầm tốt 40-50km, đã thay đồng hồ hiện đại + đèn led 2 tầng
🍇 Chị em mua về đưa đón con hay đi chợ vòng vòng trãi nghiệm ok nhé
🍏Ưu tiên: Học Sinh-Sinh Viên, xe chạy không cần bằng lái
🍇🍇🍇 Xem xe tại địa chỉ
Đường DN5, Đông Hưng Thuận,TPHCM( KDC AN SƯƠNG)",2020,28000.0,Tp Hồ Chí Minh,Quận 12,"🍓🍓🍓 Xe bà xã đi đã đổi Evo200 nên thanh lý lại người dùng.
Xe Vinfast Klara màu hồng (Xe đẹp lắm nữ tính)
☘️ Biển Số Sài Gòn 41MĐ- chạy không cần bằng
Pin zin mua  + Sạc Zin: sạc đầy 2-3 tiếng đi được 40-50km/1 lần
- Động cơ mới thay trước tết, xe chạy mượt pin cầm tốt 40-50km, đã thay đồng hồ hiện đại + đèn led 2 tầng
🍇 Chị em mua về đưa đón con hay đi chợ vòng vòng trãi nghiệm ok nhé
🍏Ưu tiên: Học Sinh-Sinh Viên, xe chạy không cần bằng lái
🍇🍇🍇 Xem xe tại địa chỉ
Đường DN5, Đông Hưng Thuận,TPHCM( KDC AN SƯƠNG)",Kèm pin,VinFast,Klara,35000000.0,69.1
134623797,Xe Điện Xmen,5000000,Cần bán 5 triệu xe đầy đủ giấy tờ đăng ký,2026,10000.0,Hà Nội,Huyện Phú Xuyên,Cần bán 5 triệu xe đầy đủ giấy tờ đăng ký,Cần xác minh,Khác,Không phân loại,,
134160705,VinFast Feliz 2025 Xanh oliu - Chính chủ - BSTP,21500000,"🔥 FELIZ 2025 1 PIN – XANH OLIU – CHÍNH CHỦ
📌 Date T6/2026
📌 Odo 12.000 km
📌 BSTP - Chính chủ
📌 Chính chủ, ủy quyền, sang tên công chứng nhanh gọn
💰 Giá: 2x
-----------------------
💚 Xe Điện Lướt Sài Gòn – Chuyên mua bán xe máy điện đã qua sử dụng tại TP.HCM
✅ Có trả góp – Cà thẻ – Giao tận nhà
📍 118A Chiến Lược, P. Bình Trị Đông, TP.HCM",2025,12000.0,Tp Hồ Chí Minh,Quận Bình Tân,"🔥 FELIZ 2025 1 PIN – XANH OLIU – CHÍNH CHỦ
📌 Date T6/2026
📌 Odo 12.000 km
📌 BSTP - Chính chủ
📌 Chính chủ, ủy quyền, sang tên công chứng nhanh gọn
💰 Giá: 2x
-----------------------
💚 Xe Điện Lướt Sài Gòn – Chuyên mua bán xe máy điện đã qua sử dụng tại TP.HCM
✅ Có trả góp – Cà thẻ – Giao tận nhà
📍 118A Chiến Lược, P. Bình Trị Đông, TP.HCM",Cần xác minh,VinFast,Feliz,27000000.0,20.4
134537840,Xe máy điện Yadea thể thao Cam đen,7500000,"Xe máy điện màu cam đen, kiểu dáng thể thao, phù hợp cho cả nam và nữ. 
- Xe chính chủ, có thể ký giấy sang tên. 
- Thích hợp cho học sinh, sinh viên không cần bằng lái. 
- Xe đang sử dụng tốt.",2023,123.0,Tp Hồ Chí Minh,Quận 12,"Xe máy điện màu cam đen, kiểu dáng thể thao, phù hợp cho cả nam và nữ. 
- Xe chính chủ, có thể ký giấy sang tên. 
- Thích hợp cho học sinh, sinh viên không cần bằng lái. 
- Xe đang sử dụng tốt.",Cần xác minh,Yadea,Yadea (Khác),14990000.0,50.0
134623423,Xe điện VinFast Klara màu Đen,10000000,"Tôi có 1 xe điện vinfast Klara màu đen như hình muốn bán do không có nhu cầu sử dụng. Xe còn đi tốt, vẫn chạy bình thường, vỏ còn nguyên vẹn, ko va chạm hay trầy xước. Xe tôi đi ít nên giữ gìn rất cẩn thận.",2020,19903.0,Hà Nội,Quận Ba Đình,"Tôi có 1 xe điện vinfast Klara màu đen như hình muốn bán do không có nhu cầu sử dụng. Xe còn đi tốt, vẫn chạy bình thường, vỏ còn nguyên vẹn, ko va chạm hay trầy xước. Xe tôi đi ít nên giữ gìn rất cẩn thận.",Cần xác minh,VinFast,Klara,35000000.0,71.4
133934022,Vinfast Evo200 Vàng zin 100% chính chủ,21900000,"     
 ✅ Vinfast Evo200 siêu đẹp ko một vết trầy 2025 
✅ Xe chính chủ Bstp ký mua bán ủy quyền đều được nhé 
✅ Pin 3.5 mua đứt bảo hành 8 năm ,sạc đầy đi được 200km
✅ Giá bán : 21,9tr
✅ Dt : 
✅ Xem xe Q6, Ship toàn quốc
",2025,14000.0,Tp Hồ Chí Minh,Quận 6,"     
 ✅ Vinfast Evo200 siêu đẹp ko một vết trầy 2025 
✅ Xe chính chủ Bstp ký mua bán ủy quyền đều được nhé 
✅ Pin 3.5 mua đứt bảo hành 8 năm ,sạc đầy đi được 200km
✅ Giá bán : 21,9tr
✅ Dt : 
✅ Xem xe Q6, Ship toàn quốc
",Kèm pin,VinFast,Evo 200,18000000.0,-21.7
134623388,Xe máy điện VinFast Feliz Đen 14000 km,19500000,Xe odo 14 ngàn xe hoạt động bình thường không lỗi làm gì chỉ việc mua về là chạy không cần suy nghĩ gì hết,2026,14000.0,Đồng Nai,Huyện Xuân Lộc,Xe odo 14 ngàn xe hoạt động bình thường không lỗi làm gì chỉ việc mua về là chạy không cần suy nghĩ gì hết,Cần xác minh,VinFast,Feliz,27000000.0,27.8
134623383,Xe máy điện VinFast Feliz Trắng 300 km,26000000,Xe mới mua về không đi như mới odo mới 300km xe sẵn 2 pin chỉ việc mua về là chạy không khác gì xe mới đầy đủ phụ kiện,2026,300.0,Đồng Nai,Huyện Xuân Lộc,Xe mới mua về không đi như mới odo mới 300km xe sẵn 2 pin chỉ việc mua về là chạy không khác gì xe mới đầy đủ phụ kiện,Cần xác minh,VinFast,Feliz,27000000.0,3.7
134623365,Xe máy điện  2026 Hồng Đã sử dụng,9500000,Xe mới mua được 4 ngày không có nhu cầu đi nữa bán lại mới 99% kh vết trầy xe hoạt động bình thường không lỗi chỉ việc về cắm sạc là chạy,2026,10.0,Đồng Nai,Huyện Xuân Lộc,Xe mới mua được 4 ngày không có nhu cầu đi nữa bán lại mới 99% kh vết trầy xe hoạt động bình thường không lỗi chỉ việc về cắm sạc là chạy,Cần xác minh,Khác,Không phân loại,,
134596908,Quantum S1 2025 lướt đẹp,38500000,"Xe máy điện màu trắng, pin 100% cho quãng đường di chuyển xa. 
- Thiết kế hiện đại, trẻ trung. 
- Vận hành êm ái, tiết kiệm năng lượng. 
- Phù hợp di chuyển trong thành phố.",2025,10.0,Tp Hồ Chí Minh,Quận Bình Tân,"Xe máy điện màu trắng, pin 100% cho quãng đường di chuyển xa. 
- Thiết kế hiện đại, trẻ trung. 
- Vận hành êm ái, tiết kiệm năng lượng. 
- Phù hợp di chuyển trong thành phố.",Cần xác minh,Dat Bike,Quantum,34900000.0,-10.3
134509389,Xe máy điện VinFast Evo200 2025 Đen,20900000,"Evo200  - Bstp 9 Chủ ĐK 2025
- Dàn áo dán keng 98%
- Óc tán 7 màu keng 98%
- Còn đủ phụ kiện theo xe
❤️Xe keng 98% so với xe new 
⛔️ Nợ xấu đưa 0đ có LÃI SUẤT hoặc 11tr KO LÃI SUẤT
--------------------
✅ 𝗛𝗼̂̃ 𝗧𝗿𝗼̛̣ 𝗔𝗲 𝗟𝗲̂𝗻 𝗛𝗼̂̀ 𝗦𝗼̛ 𝗕𝗮𝗻𝗸 𝗡𝗵𝗮̣̂𝗻 𝗫𝗲 𝗩𝗮̀ 𝗖𝗮𝘃𝗲𝘁 𝗚𝗼̂́𝗰
✅ 𝗡𝗼̛̣ 𝗫𝗮̂́𝘂 – 𝗛𝗼̂̃ 𝗧𝗿𝗼̛̣ 𝟬 Đ𝗼̂̀𝗻𝗴 – 𝗞𝗵𝗼̂𝗻𝗴 𝗫𝗮́𝗰 𝗠𝗶𝗻𝗵
✅ 𝗡𝗼̛̣ 𝗫𝗮̂́𝘂 – 𝗛𝗼̂̃ 𝗧𝗿𝗼̛̣ Đ𝘂̛𝗮 𝟯𝟬% – 𝗞𝗵𝗼̂𝗻𝗴 𝗟𝗮̃𝗶
✅ Đ𝗼̂̉𝗶 𝗣𝗶𝗻 𝗞𝗵𝗼̂𝗻𝗴 𝗖𝗵𝗼̛̀ 𝗦𝗮̣c 𝗡𝗵𝗶𝗲̂̀𝘂 𝗖𝗵𝗶 𝗡𝗵𝗮́𝗻𝗵
✅ 𝗛ỗ 𝗧𝗿𝗼̛̣ 𝟮 𝗡𝗮̆𝗺 𝗫𝗲 𝗛𝘂̛ – 𝗖𝗼́ 𝗫𝗲 𝗞𝗵𝗮́𝗰 𝗗𝘂̀𝗻𝗴
✅ Đ𝗮̆𝗻𝗴 𝗞𝘆́ 𝗔𝗽𝗽 𝗫𝗮𝗻𝗵 𝗣𝗹𝗮𝘁𝗳𝗼𝗿𝗺 – 𝗧𝗮̣𝗶 𝗖𝗵𝗼̂̃
--------------------
🏠𝟮𝟴𝟴 𝗧𝗿𝘂̛𝗼̛̀𝗻𝗴 𝗖𝗵𝗶𝗻𝗵 - 𝗣𝗵ư𝗼̛̀𝗻𝗴 Đ𝗼̂𝗻𝗴 𝗛𝘂̛𝗻𝗴 𝗧𝗵𝘂𝗮̣̂𝗻 - 𝗛𝗖𝗠 (𝗤𝘂𝗮̣̂𝗻𝟭𝟮 𝗰𝘂̃)",2025,,Tp Hồ Chí Minh,Quận 12,"Evo200  - Bstp 9 Chủ ĐK 2025
- Dàn áo dán keng 98%
- Óc tán 7 màu keng 98%
- Còn đủ phụ kiện theo xe
❤️Xe keng 98% so với xe new 
⛔️ Nợ xấu đưa 0đ có LÃI SUẤT hoặc 11tr KO LÃI SUẤT
--------------------
✅ 𝗛𝗼̂̃ 𝗧𝗿𝗼̛̣ 𝗔𝗲 𝗟𝗲̂𝗻 𝗛𝗼̂̀ 𝗦𝗼̛ 𝗕𝗮𝗻𝗸 𝗡𝗵𝗮̣̂𝗻 𝗫𝗲 𝗩𝗮̀ 𝗖𝗮𝘃𝗲𝘁 𝗚𝗼̂́𝗰
✅ 𝗡𝗼̛̣ 𝗫𝗮̂́𝘂 – 𝗛𝗼̂̃ 𝗧𝗿𝗼̛̣ 𝟬 Đ𝗼̂̀𝗻𝗴 – 𝗞𝗵𝗼̂𝗻𝗴 𝗫𝗮́𝗰 𝗠𝗶𝗻𝗵
✅ 𝗡𝗼̛̣ 𝗫𝗮̂́𝘂 – 𝗛𝗼̂̃ 𝗧𝗿𝗼̛̣ Đ𝘂̛𝗮 𝟯𝟬% – 𝗞𝗵𝗼̂𝗻𝗴 𝗟𝗮̃𝗶
✅ Đ𝗼̂̉𝗶 𝗣𝗶𝗻 𝗞𝗵𝗼̂𝗻𝗴 𝗖𝗵𝗼̛̀ 𝗦𝗮̣c 𝗡𝗵𝗶𝗲̂̀𝘂 𝗖𝗵𝗶 𝗡𝗵𝗮́𝗻𝗵
✅ 𝗛ỗ 𝗧𝗿𝗼̛̣ 𝟮 𝗡𝗮̆𝗺 𝗫𝗲 𝗛𝘂̛ – 𝗖𝗼́ 𝗫𝗲 𝗞𝗵𝗮́𝗰 𝗗𝘂̀𝗻𝗴
✅ Đ𝗮̆𝗻𝗴 𝗞𝘆́ 𝗔𝗽𝗽 𝗫𝗮𝗻𝗵 𝗣𝗹𝗮𝘁𝗳𝗼𝗿𝗺 – 𝗧𝗮̣𝗶 𝗖𝗵𝗼̂̃
--------------------
🏠𝟮𝟴𝟴 𝗧𝗿𝘂̛𝗼̛̀𝗻𝗴 𝗖𝗵𝗶𝗻𝗵 - 𝗣𝗵ư𝗼̛̀𝗻𝗴 Đ𝗼̂𝗻𝗴 𝗛𝘂̛𝗻𝗴 𝗧𝗵𝘂𝗮̣̂𝗻 - 𝗛𝗖𝗠 (𝗤𝘂𝗮̣̂𝗻𝟭𝟮 𝗰𝘂̃)",Cần xác minh,VinFast,Evo 200,18000000.0,-16.1
134622598,Xe máy điện Quantum s1 2025 Đen,43000000,"Xe máy điện Quantum s1  màu đen, kiểu dáng hiện đại, vận hành êm ái. 
- Xe mới, ít sử dụng. 
- Thiết kế thời trang, phù hợp di chuyển trong phố. 
- Tiết kiệm năng lượng, thân thiện môi trường.
Năm 12.2025",2025,6000.0,Tp Hồ Chí Minh,Thành phố Thủ Đức,"Xe máy điện Quantum s1  màu đen, kiểu dáng hiện đại, vận hành êm ái. 
- Xe mới, ít sử dụng. 
- Thiết kế thời trang, phù hợp di chuyển trong phố. 
- Tiết kiệm năng lượng, thân thiện môi trường.
Năm 12.2025",Cần xác minh,Dat Bike,Quantum,34900000.0,-23.2
134558900,Xe Điện 3sGo - EvoMax BST 65 Trắng 8000 km,20900000,"EvoMax BST 65 Chính Chủ
- Odo 8k
- Sẵn 2 pin thuê
- Óc tán 7 màu keng 
- Còn đủ phụ kiện theo xe
- Bảo hành Vinfats toàn quốc
⛔️ Nợ xấu đưa 0đ có LÃI SUẤT hoặc 12tr KO LÃI SUẤT
--------------------
✅ 𝗛𝗼̂̃ 𝗧𝗿𝗼̛̣ 𝗔𝗲 𝗟𝗲̂𝗻 𝗛𝗼̂̀ 𝗦𝗼̛ 𝗕𝗮𝗻𝗸 𝗡𝗵𝗮̣̂𝗻 𝗫𝗲 𝗩𝗮̀ 𝗖𝗮𝘃𝗲𝘁 𝗚𝗼̂́𝗰
✅ 𝗡𝗼̛̣ 𝗫𝗮̂́𝘂 – 𝗛𝗼̂̃ 𝗧𝗿𝗼̛̣ 𝟬 Đ𝗼̂̀𝗻𝗴 – 𝗞𝗵𝗼̂𝗻𝗴 𝗫𝗮́𝗰 𝗠𝗶𝗻𝗵
✅ 𝗡𝗼̛̣ 𝗫𝗮̂́𝘂 – 𝗛𝗼̂̃ 𝗧𝗿𝗼̛̣ Đ𝘂̛𝗮 𝟯𝟬% – 𝗞𝗵𝗼̂𝗻𝗴 𝗟𝗮̃𝗶
✅ Đ𝗼̂̉𝗶 𝗣𝗶𝗻 𝗞𝗵𝗼̂𝗻𝗴 𝗖𝗵𝗼̛̀ 𝗦𝗮̣c 𝗡𝗵𝗶𝗲̂̀𝘂 𝗖𝗵𝗶 𝗡𝗵𝗮́𝗻𝗵
✅ 𝗛ỗ 𝗧𝗿𝗼̛̣ 𝟮 𝗡𝗮̆𝗺 𝗫𝗲 𝗛𝘂̛ – 𝗖𝗼́ 𝗫𝗲 𝗞𝗵𝗮́𝗰 𝗗𝘂̀𝗻𝗴
✅ Đ𝗮̆𝗻𝗴 𝗞𝘆́ 𝗔𝗽𝗽 𝗫𝗮𝗻𝗵 𝗣𝗹𝗮𝘁𝗳𝗼𝗿𝗺 – 𝗧𝗮̣𝗶 𝗖𝗵𝗼̂̃
--------------------
🏠𝟮𝟴𝟴 𝗧𝗿𝘂̛𝗼̛̀𝗻𝗴 𝗖𝗵𝗶𝗻𝗵 - 𝗣𝗵ư𝗼̛̀𝗻𝗴 Đ𝗼̂𝗻𝗴 𝗛𝘂̛𝗻𝗴 𝗧𝗵𝘂𝗮̣̂𝗻 - 𝗛𝗖𝗠 (𝗤𝘂𝗮̣̂𝗻𝟭𝟮 𝗰𝘂̃)",2026,8000.0,Tp Hồ Chí Minh,Quận 12,"EvoMax BST 65 Chính Chủ
- Odo 8k
- Sẵn 2 pin thuê
- Óc tán 7 màu keng 
- Còn đủ phụ kiện theo xe
- Bảo hành Vinfats toàn quốc
⛔️ Nợ xấu đưa 0đ có LÃI SUẤT hoặc 12tr KO LÃI SUẤT
--------------------
✅ 𝗛𝗼̂̃ 𝗧𝗿𝗼̛̣ 𝗔𝗲 𝗟𝗲̂𝗻 𝗛𝗼̂̀ 𝗦𝗼̛ 𝗕𝗮𝗻𝗸 𝗡𝗵𝗮̣̂𝗻 𝗫𝗲 𝗩𝗮̀ 𝗖𝗮𝘃𝗲𝘁 𝗚𝗼̂́𝗰
✅ 𝗡𝗼̛̣ 𝗫𝗮̂́𝘂 – 𝗛𝗼̂̃ 𝗧𝗿𝗼̛̣ 𝟬 Đ𝗼̂̀𝗻𝗴 – 𝗞𝗵𝗼̂𝗻𝗴 𝗫𝗮́𝗰 𝗠𝗶𝗻𝗵
✅ 𝗡𝗼̛̣ 𝗫𝗮̂́𝘂 – 𝗛𝗼̂̃ 𝗧𝗿𝗼̛̣ Đ𝘂̛𝗮 𝟯𝟬% – 𝗞𝗵𝗼̂𝗻𝗴 𝗟𝗮̃𝗶
✅ Đ𝗼̂̉𝗶 𝗣𝗶𝗻 𝗞𝗵𝗼̂𝗻𝗴 𝗖𝗵𝗼̛̀ 𝗦𝗮̣c 𝗡𝗵𝗶𝗲̂̀𝘂 𝗖𝗵𝗶 𝗡𝗵𝗮́𝗻𝗵
✅ 𝗛ỗ 𝗧𝗿𝗼̛̣ 𝟮 𝗡𝗮̆𝗺 𝗫𝗲 𝗛𝘂̛ – 𝗖𝗼́ 𝗫𝗲 𝗞𝗵𝗮́𝗰 𝗗𝘂̀𝗻𝗴
✅ Đ𝗮̆𝗻𝗴 𝗞𝘆́ 𝗔𝗽𝗽 𝗫𝗮𝗻𝗵 𝗣𝗹𝗮𝘁𝗳𝗼𝗿𝗺 – 𝗧𝗮̣𝗶 𝗖𝗵𝗼̂̃
--------------------
🏠𝟮𝟴𝟴 𝗧𝗿𝘂̛𝗼̛̀𝗻𝗴 𝗖𝗵𝗶𝗻𝗵 - 𝗣𝗵ư𝗼̛̀𝗻𝗴 Đ𝗼̂𝗻𝗴 𝗛𝘂̛𝗻𝗴 𝗧𝗵𝘂𝗮̣̂𝗻 - 𝗛𝗖𝗠 (𝗤𝘂𝗮̣̂𝗻𝟭𝟮 𝗰𝘂̃)",Cần xác minh,Khác,Không phân loại,,
134366874,"Xe máy điện Typer 2 Trắng, Cam đã sử dụng",7800000,"Typer 2 đi ít còn như mới bán nửa giá mới

🛵TRẺ TRUNG - PHONG CÁCH - NĂNG ĐỘNG 
✴️ thanh lý xe typer2 
💸💸 giá bán 7tr800
☑️ màu sắc trung tính, thời trang (bảo hành 6 tháng) 
☑️ máy móc nguyên zin, an toàn tiết kiệm điện , Xanh, sạch không ồn 
☎️ Zalo *** (free ship Hà Nội, hỗ trợ ship toàn quốc  )
🏠 389 đội cấn -Hà Nội",2025,10000.0,Hà Nội,Quận Ba Đình,"Typer 2 đi ít còn như mới bán nửa giá mới

🛵TRẺ TRUNG - PHONG CÁCH - NĂNG ĐỘNG 
✴️ thanh lý xe typer2 
💸💸 giá bán 7tr800
☑️ màu sắc trung tính, thời trang (bảo hành 6 tháng) 
☑️ máy móc nguyên zin, an toàn tiết kiệm điện , Xanh, sạch không ồn 
☎️ Zalo *** (free ship Hà Nội, hỗ trợ ship toàn quốc  )
🏠 *** đội cấn -Hà Nội",Kèm pin,Khác,Không phân loại,,
134508320,Xe Điện 3sGo - Datbike S1 2026 Đen 10000 km,44900000,"DatbikeS1 BSTP ĐK 2026 Chính Chủ 1 Lần sạc đi 285km
- Odo 10k hơn
- Óc tán 7 màu keng 
- Còn đủ phụ kiện theo xe 
- Bảo hành Datbike toàn quốc
⛔️ Nợ xấu đưa 5tr8 có LÃI SUẤT hoặc 23tr KO LÃI SUẤT
--------------------
✅ 𝗛𝗼̂̃ 𝗧𝗿𝗼̛̣ 𝗔𝗲 𝗟𝗲̂𝗻 𝗛𝗼̂̀ 𝗦𝗼̛ 𝗕𝗮𝗻𝗸 𝗡𝗵𝗮̣̂𝗻 𝗫𝗲 𝗩𝗮̀ 𝗖𝗮𝘃𝗲𝘁 𝗚𝗼̂́𝗰
✅ 𝗡𝗼̛̣ 𝗫𝗮̂́𝘂 – 𝗛𝗼̂̃ 𝗧𝗿𝗼̛̣ 𝟬 Đ𝗼̂̀𝗻𝗴 – 𝗞𝗵𝗼̂𝗻𝗴 𝗫𝗮́𝗰 𝗠𝗶𝗻𝗵
✅ 𝗡𝗼̛̣ 𝗫𝗮̂́𝘂 – 𝗛𝗼̂̃ 𝗧𝗿𝗼̛̣ Đ𝘂̛𝗮 𝟯𝟬% – 𝗞𝗵𝗼̂𝗻𝗴 𝗟𝗮̃𝗶
✅ Đ𝗼̂̉𝗶 𝗣𝗶𝗻 𝗞𝗵𝗼̂𝗻𝗴 𝗖𝗵𝗼̛̀ 𝗦𝗮̣c 𝗡𝗵𝗶𝗲̂̀𝘂 𝗖𝗵𝗶 𝗡𝗵𝗮́𝗻𝗵
✅ 𝗛ỗ 𝗧𝗿𝗼̛̣ 𝟮 𝗡𝗮̆𝗺 𝗫𝗲 𝗛𝘂̛ – 𝗖𝗼́ 𝗫𝗲 𝗞𝗵𝗮́𝗰 𝗗𝘂̀𝗻𝗴
✅ Đ𝗮̆𝗻𝗴 𝗞𝘆́ 𝗔𝗽𝗽 𝗫𝗮𝗻𝗵 𝗣𝗹𝗮𝘁𝗳𝗼𝗿𝗺 – 𝗧𝗮̣𝗶 𝗖𝗵𝗼̂̃
--------------------
🏠𝟮𝟴𝟴 𝗧𝗿𝘂̛𝗼̛̀𝗻𝗴 𝗖𝗵𝗶𝗻𝗵 - 𝗣𝗵ư𝗼̛̀𝗻𝗴 Đ𝗼̂𝗻𝗴 𝗛𝘂̛𝗻𝗴 𝗧𝗵𝘂𝗮̣̂𝗻 - 𝗛𝗖𝗠 (𝗤𝘂𝗮̣̂𝗻𝟭𝟮 𝗰𝘂̃)",2025,10000.0,Tp Hồ Chí Minh,Quận 12,"DatbikeS1 BSTP ĐK 2026 Chính Chủ 1 Lần sạc đi 285km
- Odo 10k hơn
- Óc tán 7 màu keng 
- Còn đủ phụ kiện theo xe 
- Bảo hành Datbike toàn quốc
⛔️ Nợ xấu đưa 5tr8 có LÃI SUẤT hoặc 23tr KO LÃI SUẤT
--------------------
✅ 𝗛𝗼̂̃ 𝗧𝗿𝗼̛̣ 𝗔𝗲 𝗟𝗲̂𝗻 𝗛𝗼̂̀ 𝗦𝗼̛ 𝗕𝗮𝗻𝗸 𝗡𝗵𝗮̣̂𝗻 𝗫𝗲 𝗩𝗮̀ 𝗖𝗮𝘃𝗲𝘁 𝗚𝗼̂́𝗰
✅ 𝗡𝗼̛̣ 𝗫𝗮̂́𝘂 – 𝗛𝗼̂̃ 𝗧𝗿𝗼̛̣ 𝟬 Đ𝗼̂̀𝗻𝗴 – 𝗞𝗵𝗼̂𝗻𝗴 𝗫𝗮́𝗰 𝗠𝗶𝗻𝗵
✅ 𝗡𝗼̛̣ 𝗫𝗮̂́𝘂 – 𝗛𝗼̂̃ 𝗧𝗿𝗼̛̣ Đ𝘂̛𝗮 𝟯𝟬% – 𝗞𝗵𝗼̂𝗻𝗴 𝗟𝗮̃𝗶
✅ Đ𝗼̂̉𝗶 𝗣𝗶𝗻 𝗞𝗵𝗼̂𝗻𝗴 𝗖𝗵𝗼̛̀ 𝗦𝗮̣c 𝗡𝗵𝗶𝗲̂̀𝘂 𝗖𝗵𝗶 𝗡𝗵𝗮́𝗻𝗵
✅ 𝗛ỗ 𝗧𝗿𝗼̛̣ 𝟮 𝗡𝗮̆𝗺 𝗫𝗲 𝗛𝘂̛ – 𝗖𝗼́ 𝗫𝗲 𝗞𝗵𝗮́𝗰 𝗗𝘂̀𝗻𝗴
✅ Đ𝗮̆𝗻𝗴 𝗞𝘆́ 𝗔𝗽𝗽 𝗫𝗮𝗻𝗵 𝗣𝗹𝗮𝘁𝗳𝗼𝗿𝗺 – 𝗧𝗮̣𝗶 𝗖𝗵𝗼̂̃
--------------------
🏠𝟮𝟴𝟴 𝗧𝗿𝘂̛𝗼̛̀𝗻𝗴 𝗖𝗵𝗶𝗻𝗵 - 𝗣𝗵ư𝗼̛̀𝗻𝗴 Đ𝗼̂𝗻𝗴 𝗛𝘂̛𝗻𝗴 𝗧𝗵𝘂𝗮̣̂𝗻 - 𝗛𝗖𝗠 (𝗤𝘂𝗮̣̂𝗻𝟭𝟮 𝗰𝘂̃)",Cần xác minh,Khác,Không phân loại,,
134197994,CỬA HÀNG THU MUA XE MÁY ĐIỆN CŨ,35999000,"⭐️ CỬA HÀNG PHẠM TUẤN XE ĐIỆN CŨ 
CHUYÊN THU MUA XE ĐIỆN CŨ - GIÁ CAO - BAO MỌI GIẤY TỜ LIÊN QUAN
📌 Địa chỉ: 244 Thoại Ngọc Hầu . Phú Thạnh , Q .Tân Phú . TP HCM.
⭐️ ĐỊNH GIÁ MIỄN PHÍ XE MÁY ⭐️

❤️ Chuyên Thu Mua Xe Điện Cũ với các dòng như sau, Giá Bao Thị Trường
( VINFAST . YADEA . DATBIKE . PEGA...)

Giá thu từ: 1tr - 99tr

Dịch vụ đặc biệt:
❤️ Bấm Giá Trong Vòng 30s Để Khách Hàng Tham Khảo Giá
❤️ Hỗ Trợ Mua Tận Nơi ( Sài Gòn và những chỗ lân cận)


😍😍😍 CẦN KẾT NỐI VỚI SHOWROOM CÁC HÃNG XE ĐIỆN NEW THU CŨ ĐỔI MỚI CHO KHÁCH HÀNG

code: #thumuaxe #26003663_1",2025,1.0,Tp Hồ Chí Minh,Quận Tân Phú,"⭐️ CỬA HÀNG PHẠM TUẤN XE ĐIỆN CŨ 
CHUYÊN THU MUA XE ĐIỆN CŨ - GIÁ CAO - BAO MỌI GIẤY TỜ LIÊN QUAN
📌 Địa chỉ: 244 Thoại Ngọc Hầu . Phú Thạnh , Q .Tân Phú . TP HCM.
⭐️ ĐỊNH GIÁ MIỄN PHÍ XE MÁY ⭐️

❤️ Chuyên Thu Mua Xe Điện Cũ với các dòng như sau, Giá Bao Thị Trường
( VINFAST . YADEA . DATBIKE . PEGA...)

Giá thu từ: 1tr - 99tr

Dịch vụ đặc biệt:
❤️ Bấm Giá Trong Vòng 30s Để Khách Hàng Tham Khảo Giá
❤️ Hỗ Trợ Mua Tận Nơi ( Sài Gòn và những chỗ lân cận)


😍😍😍 CẦN KẾT NỐI VỚI SHOWROOM CÁC HÃNG XE ĐIỆN NEW THU CŨ ĐỔI MỚI CHO KHÁCH HÀNG

code: #thumuaxe #26003663_1",Cần xác minh,Khác,Không phân loại,,
134558870,Xe Điện 3sGo - Feliz II Trắng 700km,25900000,"Feliz II BSTP Chính Chủ 
- Odo 700km
- 2pin (free thuê 2pin 1 năm)
- Óc tán 7 màu keng 
- Còn đủ phụ kiện theo xe 
- Bảo hành Vinfast toàn quốc
⛔️ Nợ xấu đưa 0đ có LÃI SUẤT hoặc 15tr KO LÃI SUẤT
--------------------
✅ 𝗛𝗼̂̃ 𝗧𝗿𝗼̛̣ 𝗔𝗲 𝗟𝗲̂𝗻 𝗛𝗼̂̀ 𝗦𝗼̛ 𝗕𝗮𝗻𝗸 𝗡𝗵𝗮̣̂𝗻 𝗫𝗲 𝗩𝗮̀ 𝗖𝗮𝘃𝗲𝘁 𝗚𝗼̂́𝗰
✅ 𝗡𝗼̛̣ 𝗫𝗮̂́𝘂 – 𝗛𝗼̂̃ 𝗧𝗿𝗼̛̣ 𝟬 Đ𝗼̂̀𝗻𝗴 – 𝗞𝗵𝗼̂𝗻𝗴 𝗫𝗮́𝗰 𝗠𝗶𝗻𝗵
✅ 𝗡𝗼̛̣ 𝗫𝗮̂́𝘂 – 𝗛𝗼̂̃ 𝗧𝗿𝗼̛̣ Đ𝘂̛𝗮 𝟯𝟬% – 𝗞𝗵𝗼̂𝗻𝗴 𝗟𝗮̃𝗶
✅ Đ𝗼̂̉𝗶 𝗣𝗶𝗻 𝗞𝗵𝗼̂𝗻𝗴 𝗖𝗵𝗼̛̀ 𝗦𝗮̣c 𝗡𝗵𝗶𝗲̂̀𝘂 𝗖𝗵𝗶 𝗡𝗵𝗮́𝗻𝗵
✅ 𝗛ỗ 𝗧𝗿𝗼̛̣ 𝟮 𝗡𝗮̆𝗺 𝗫𝗲 𝗛𝘂̛ – 𝗖𝗼́ 𝗫𝗲 𝗞𝗵𝗮́𝗰 𝗗𝘂̀𝗻𝗴
✅ Đ𝗮̆𝗻𝗴 𝗞𝘆́ 𝗔𝗽𝗽 𝗫𝗮𝗻𝗵 𝗣𝗹𝗮𝘁𝗳𝗼𝗿𝗺 – 𝗧𝗮̣𝗶 𝗖𝗵𝗼̂̃
--------------------
🏠𝟮𝟴𝟴 𝗧𝗿𝘂̛𝗼̛̀𝗻𝗴 𝗖𝗵𝗶𝗻𝗵 - 𝗣𝗵ư𝗼̛̀𝗻𝗴 Đ𝗼̂𝗻𝗴 𝗛𝘂̛𝗻𝗴 𝗧𝗵𝘂𝗮̣̂𝗻 - 𝗛𝗖𝗠 (𝗤𝘂𝗮̣̂𝗻𝟭𝟮 𝗰𝘂̃)",2026,700.0,Tp Hồ Chí Minh,Quận 12,"Feliz II BSTP Chính Chủ 
- Odo 700km
- 2pin (free thuê 2pin 1 năm)
- Óc tán 7 màu keng 
- Còn đủ phụ kiện theo xe 
- Bảo hành Vinfast toàn quốc
⛔️ Nợ xấu đưa 0đ có LÃI SUẤT hoặc 15tr KO LÃI SUẤT
--------------------
✅ 𝗛𝗼̂̃ 𝗧𝗿𝗼̛̣ 𝗔𝗲 𝗟𝗲̂𝗻 𝗛𝗼̂̀ 𝗦𝗼̛ 𝗕𝗮𝗻𝗸 𝗡𝗵𝗮̣̂𝗻 𝗫𝗲 𝗩𝗮̀ 𝗖𝗮𝘃𝗲𝘁 𝗚𝗼̂́𝗰
✅ 𝗡𝗼̛̣ 𝗫𝗮̂́𝘂 – 𝗛𝗼̂̃ 𝗧𝗿𝗼̛̣ 𝟬 Đ𝗼̂̀𝗻𝗴 – 𝗞𝗵𝗼̂𝗻𝗴 𝗫𝗮́𝗰 𝗠𝗶𝗻𝗵
✅ 𝗡𝗼̛̣ 𝗫𝗮̂́𝘂 – 𝗛𝗼̂̃ 𝗧𝗿𝗼̛̣ Đ𝘂̛𝗮 𝟯𝟬% – 𝗞𝗵𝗼̂𝗻𝗴 𝗟𝗮̃𝗶
✅ Đ𝗼̂̉𝗶 𝗣𝗶𝗻 𝗞𝗵𝗼̂𝗻𝗴 𝗖𝗵𝗼̛̀ 𝗦𝗮̣c 𝗡𝗵𝗶𝗲̂̀𝘂 𝗖𝗵𝗶 𝗡𝗵𝗮́𝗻𝗵
✅ 𝗛ỗ 𝗧𝗿𝗼̛̣ 𝟮 𝗡𝗮̆𝗺 𝗫𝗲 𝗛𝘂̛ – 𝗖𝗼́ 𝗫𝗲 𝗞𝗵𝗮́𝗰 𝗗𝘂̀𝗻𝗴
✅ Đ𝗮̆𝗻𝗴 𝗞𝘆́ 𝗔𝗽𝗽 𝗫𝗮𝗻𝗵 𝗣𝗹𝗮𝘁𝗳𝗼𝗿𝗺 – 𝗧𝗮̣𝗶 𝗖𝗵𝗼̂̃
--------------------
🏠𝟮𝟴𝟴 𝗧𝗿𝘂̛𝗼̛̀𝗻𝗴 𝗖𝗵𝗶𝗻𝗵 - 𝗣𝗵ư𝗼̛̀𝗻𝗴 Đ𝗼̂𝗻𝗴 𝗛𝘂̛𝗻𝗴 𝗧𝗵𝘂𝗮̣̂𝗻 - 𝗛𝗖𝗠 (𝗤𝘂𝗮̣̂𝗻𝟭𝟮 𝗰𝘂̃)",Cần xác minh,VinFast,Feliz,27000000.0,4.1
134621837,Xe máy điện Xmen 2019 Đen Việt Nam,4900000,"BÁN XE MÁY ĐIỆN cũ :  Xmen 
Giá:4tr900  bình khỏe 30/35km/1 lần sạc 
Đk 2019 biển số 74 
xe ở Cầu Vượt Sóng Thần  Qlộ 1A 
LH: ***
Có nhan đổi xe điện cũ các loại",2019,8978.0,Tp Hồ Chí Minh,Thành phố Thủ Đức,"BÁN XE MÁY ĐIỆN cũ :  Xmen 
Giá:4tr900  bình khỏe 30/35km/1 lần sạc 
Đk 2019 biển số 74 
xe ở Cầu Vượt Sóng Thần  Qlộ 1A 
LH: ***
Có nhan đổi xe điện cũ các loại",Cần xác minh,Khác,Không phân loại,,
134621834,Xe máy điện VinFast Vento Neo Trắng 9.000KM,29500000,"Vento Neo 9.000KM Cập Bến 😍😍😍

Giá..29.5Tr

☎️*** Em bi",2025,9000.0,Tp Hồ Chí Minh,Quận Tân Phú,"Vento Neo 9.000KM Cập Bến 😍😍😍

Giá..29.5Tr

☎️*** Em bi",Cần xác minh,VinFast,Vento,50000000.0,41.0
134621825,"VinFast Feliz Neo 2025 Xám 38,900km",28000000,"Feliz Ne***


- ODO : 38,900km
- Pin : 72v 105Ah . Quãng đường đi được từ 200km 1 lần sạc
- Ngoại hình : 95%
- Thủ tục mua bán : công chứng mua bán ra tên mới. Chủ xe hỗ trợ rút hồ sơ
- Năm đăng ký : 10/2025
- Giá bán :  28,000,000
- Có hỗ trợ trả góp, nợ xấu
- Có cho thuê xe, trao đổi mua bán xe, ký gửi xe",2025,38900.0,Tp Hồ Chí Minh,Quận Tân Bình,"Feliz Ne***


- ODO : 38,900km
- Pin : 72v 105Ah . Quãng đường đi được từ 200km 1 lần sạc
- Ngoại hình : 95%
- Thủ tục mua bán : công chứng mua bán ra tên mới. Chủ xe hỗ trợ rút hồ sơ
- Năm đăng ký : 10/2025
- Giá bán :  28,000,000
- Có hỗ trợ trả góp, nợ xấu
- Có cho thuê xe, trao đổi mua bán xe, ký gửi xe",Cần xác minh,VinFast,Feliz,27000000.0,-3.7
134621821,Xe điện gogo,5200000,"bán xe điện còn rất tốt nhập khẩu nguyên chiếc giá vừa tầm ai mua cho con đi hoc câp 3 đỡ đươc bao nhiêu tiền nhà nhiêu xe lên bán nhanh cho gọn
ai thiên chí mua hoăc nhăn tin nêu ko nghe may kip",2019,5252.0,Hải Phòng,Quận Ngô Quyền,"bán xe điện còn rất tốt nhập khẩu nguyên chiếc giá vừa tầm ai mua cho con đi hoc câp 3 đỡ đươc bao nhiêu tiền nhà nhiêu xe lên bán nhanh cho gọn
ai thiên chí mua hoăc nhăn tin nêu ko nghe may kip",Cần xác minh,Dibao,Gogo,14500000.0,64.1
134621813,Quantum S3 odo 10k xe đẹp ken biển sg,32500000,"Quantum s3 xe đẹp ken 9 chủ ký 
Có gop nợ xấu tay đôi",2025,10412.0,Tp Hồ Chí Minh,Quận Tân Phú,"Quantum s3 xe đẹp ken 9 chủ ký 
Có gop nợ xấu tay đôi",Cần xác minh,Dat Bike,Quantum,34900000.0,6.9
133165398,Xe máy điện VinFast Feliz 2 Trắng,17500000,"Xe máy điện VinFast Feliz 2 màu trắng, thiết kế hiện đại, phù hợp cho cả nam và nữ. 
- Xe vận hành êm ái, tiết kiệm năng lượng. 
- Trang bị nhiều tính năng thông minh. 
- Xe mới, ít sử dụng.
- chuyển nhượng hợp đồng thuê 2 pin vinfast 1,5kw
",2026,1589.0,Đồng Nai,Huyện Trảng Bom,"Xe máy điện VinFast Feliz 2 màu trắng, thiết kế hiện đại, phù hợp cho cả nam và nữ. 
- Xe vận hành êm ái, tiết kiệm năng lượng. 
- Trang bị nhiều tính năng thông minh. 
- Xe mới, ít sử dụng.
- chuyển nhượng hợp đồng thuê 2 pin vinfast 1,5kw
",Cần xác minh,VinFast,Feliz,27000000.0,35.2
134536690,Xe Điện 3sGo -  Evo200Lite 2025 Đen,22900000,"Evo200Lite  - Bstp 9 Chủ ĐK 2025
- 2 Chìa khoá đầy đủ
- Dàn áo dán keng 98%
- Óc tán 7 màu keng 98%
- Còn đủ phụ kiện theo xe
❤️Xe keng 98% so với xe new 
⛔️ Nợ xấu đưa 3tr2 có LÃI SUẤT hoặc 12tr KO LÃI SUẤT
--------------------
✅ 𝗛𝗼̂̃ 𝗧𝗿𝗼̛̣ 𝗔𝗲 𝗟𝗲̂𝗻 𝗛𝗼̂̀ 𝗦𝗼̛ 𝗕𝗮𝗻𝗸 𝗡𝗵𝗮̣̂𝗻 𝗫𝗲 𝗩𝗮̀ 𝗖𝗮𝘃𝗲𝘁 𝗚𝗼̂́𝗰
✅ 𝗡𝗼̛̣ 𝗫𝗮̂́𝘂 – 𝗛𝗼̂̃ 𝗧𝗿𝗼̛̣ 𝟬 Đ𝗼̂̀𝗻𝗴 – 𝗞𝗵𝗼̂𝗻𝗴 𝗫𝗮́𝗰 𝗠𝗶𝗻𝗵
✅ 𝗡𝗼̛̣ 𝗫𝗮̂́𝘂 – 𝗛𝗼̂̃ 𝗧𝗿𝗼̛̣ Đ𝘂̛𝗮 𝟯𝟬% – 𝗞𝗵𝗼̂𝗻𝗴 𝗟𝗮̃𝗶
✅ Đ𝗼̂̉𝗶 𝗣𝗶𝗻 𝗞𝗵𝗼̂𝗻𝗴 𝗖𝗵𝗼̛̀ 𝗦𝗮̣c 𝗡𝗵𝗶𝗲̂̀𝘂 𝗖𝗵𝗶 𝗡𝗵𝗮́𝗻𝗵
✅ 𝗛ỗ 𝗧𝗿𝗼̛̣ 𝟮 𝗡𝗮̆𝗺 𝗫𝗲 𝗛𝘂̛ – 𝗖𝗼́ 𝗫𝗲 𝗞𝗵𝗮́𝗰 𝗗𝘂̀𝗻𝗴
✅ Đ𝗮̆𝗻𝗴 𝗞𝘆́ 𝗔𝗽𝗽 𝗫𝗮𝗻𝗵 𝗣𝗹𝗮𝘁𝗳𝗼𝗿𝗺 – 𝗧𝗮̣𝗶 𝗖𝗵𝗼̂̃
--------------------
🏠𝟮𝟴𝟴 𝗧𝗿𝘂̛𝗼̛̀𝗻𝗴 𝗖𝗵𝗶𝗻𝗵 - 𝗣𝗵ư𝗼̛̀𝗻𝗴 Đ𝗼̂𝗻𝗴 𝗛𝘂̛𝗻𝗴 𝗧𝗵𝘂𝗮̣̂𝗻 - 𝗛𝗖𝗠 (𝗤𝘂𝗮̣̂𝗻𝟭𝟮 𝗰𝘂̃)",2025,,Tp Hồ Chí Minh,Quận 12,"Evo200Lite  - Bstp 9 Chủ ĐK 2025
- 2 Chìa khoá đầy đủ
- Dàn áo dán keng 98%
- Óc tán 7 màu keng 98%
- Còn đủ phụ kiện theo xe
❤️Xe keng 98% so với xe new 
⛔️ Nợ xấu đưa 3tr2 có LÃI SUẤT hoặc 12tr KO LÃI SUẤT
--------------------
✅ 𝗛𝗼̂̃ 𝗧𝗿𝗼̛̣ 𝗔𝗲 𝗟𝗲̂𝗻 𝗛𝗼̂̀ 𝗦𝗼̛ 𝗕𝗮𝗻𝗸 𝗡𝗵𝗮̣̂𝗻 𝗫𝗲 𝗩𝗮̀ 𝗖𝗮𝘃𝗲𝘁 𝗚𝗼̂́𝗰
✅ 𝗡𝗼̛̣ 𝗫𝗮̂́𝘂 – 𝗛𝗼̂̃ 𝗧𝗿𝗼̛̣ 𝟬 Đ𝗼̂̀𝗻𝗴 – 𝗞𝗵𝗼̂𝗻𝗴 𝗫𝗮́𝗰 𝗠𝗶𝗻𝗵
✅ 𝗡𝗼̛̣ 𝗫𝗮̂́𝘂 – 𝗛𝗼̂̃ 𝗧𝗿𝗼̛̣ Đ𝘂̛𝗮 𝟯𝟬% – 𝗞𝗵𝗼̂𝗻𝗴 𝗟𝗮̃𝗶
✅ Đ𝗼̂̉𝗶 𝗣𝗶𝗻 𝗞𝗵𝗼̂𝗻𝗴 𝗖𝗵𝗼̛̀ 𝗦𝗮̣c 𝗡𝗵𝗶𝗲̂̀𝘂 𝗖𝗵𝗶 𝗡𝗵𝗮́𝗻𝗵
✅ 𝗛ỗ 𝗧𝗿𝗼̛̣ 𝟮 𝗡𝗮̆𝗺 𝗫𝗲 𝗛𝘂̛ – 𝗖𝗼́ 𝗫𝗲 𝗞𝗵𝗮́𝗰 𝗗𝘂̀𝗻𝗴
✅ Đ𝗮̆𝗻𝗴 𝗞𝘆́ 𝗔𝗽𝗽 𝗫𝗮𝗻𝗵 𝗣𝗹𝗮𝘁𝗳𝗼𝗿𝗺 – 𝗧𝗮̣𝗶 𝗖𝗵𝗼̂̃
--------------------
🏠𝟮𝟴𝟴 𝗧𝗿𝘂̛𝗼̛̀𝗻𝗴 𝗖𝗵𝗶𝗻𝗵 - 𝗣𝗵ư𝗼̛̀𝗻𝗴 Đ𝗼̂𝗻𝗴 𝗛𝘂̛𝗻𝗴 𝗧𝗵𝘂𝗮̣̂𝗻 - 𝗛𝗖𝗠 (𝗤𝘂𝗮̣̂𝗻𝟭𝟮 𝗰𝘂̃)",Cần xác minh,Khác,Không phân loại,,
134621561,Xe máy điện VinFast Feliz 2025 Trắng 2 pin 2.4kW,25000000,"FELIZ 2025 – 2 PIN ZIN – GIÁ 25 TRIỆU 🔥
Biển số: 50AD-256.57

🛵 Feliz 2025 – xe đẹp, 2 pin zin, sẵn sàng chạy ngay!

✨ Thông tin xe:

📍 ODO: 10.000 km
🔋 2 pin 2.4kW zin hãng
💎 Ngoại hình: 95%
📅 Đăng ký: 12/2025
📄 Công chứng mua bán
💰 Giá bán: 25.000.000đ

💳 HỖ TRỢ TRẢ GÓP – HỖ TRỢ HỒ SƠ NỢ XẤU
🛵 Có cho thuê xe
🔄 Nhận trao đổi – mua bán xe
📦 Nhận ký gửi xe

🔥 Điểm đáng tiền: 2 pin zin + đời 2025 + giấy tờ mua bán rõ ràng. Mua về đi hằng ngày hoặc chạy dịch vụ đều tiện.

📩 Quan tâm inbox ngay – xe đẹp, giá tốt, chốt sớm kẻo hết!",2025,10000.0,Tp Hồ Chí Minh,Quận Tân Bình,"FELIZ 2025 – 2 PIN ZIN – GIÁ 25 TRIỆU 🔥
Biển số: 50AD-256.57

🛵 Feliz 2025 – xe đẹp, 2 pin zin, sẵn sàng chạy ngay!

✨ Thông tin xe:

📍 ODO: 10.000 km
🔋 2 pin 2.4kW zin hãng
💎 Ngoại hình: 95%
📅 Đăng ký: 12/2025
📄 Công chứng mua bán
💰 Giá bán: 25.000.000đ

💳 HỖ TRỢ TRẢ GÓP – HỖ TRỢ HỒ SƠ NỢ XẤU
🛵 Có cho thuê xe
🔄 Nhận trao đổi – mua bán xe
📦 Nhận ký gửi xe

🔥 Điểm đáng tiền: 2 pin zin + đời 2025 + giấy tờ mua bán rõ ràng. Mua về đi hằng ngày hoặc chạy dịch vụ đều tiện.

📩 Quan tâm inbox ngay – xe đẹp, giá tốt, chốt sớm kẻo hết!",Kèm pin,VinFast,Feliz,27000000.0,7.4
134621518,Xe máy điện VinFast Feliz Neo 2025 Xám 39000 km,20500000,"Feliz Neo màu xám BS : 50-AC 735.12


- ODO : 39000
- Pin : 1 Pin zin 67v 30Ah + 1 pin song song sàn chân 67v 30Ah . Quãng đường đi được từ 130 - 150km 1 lần sạc
- Ngoại hình : 90%
- Thủ tục mua bán : công chứng mua bán
- Năm đăng ký : 09/2025
- Giá bán :  20,500,000
- Có hỗ trợ trả góp, nợ xấu
- Có cho thuê xe, trao đổi mua bán xe, ký gửi xe",2025,39000.0,Tp Hồ Chí Minh,Quận Tân Bình,"Feliz Neo màu xám BS : 50-AC 735.12


- ODO : 39000
- Pin : 1 Pin zin 67v 30Ah + 1 pin song song sàn chân 67v 30Ah . Quãng đường đi được từ 130 - 150km 1 lần sạc
- Ngoại hình : 90%
- Thủ tục mua bán : công chứng mua bán
- Năm đăng ký : 09/2025
- Giá bán :  20,500,000
- Có hỗ trợ trả góp, nợ xấu
- Có cho thuê xe, trao đổi mua bán xe, ký gửi xe",Kèm pin,VinFast,Feliz,27000000.0,24.1
134506458,Xe Điện 3sGo - Flazz 2026 Trắng 900 km,15900000,"Flazz BSTP ĐK 2026 Chính Chủ 
- Odo 900 cây
- Đã mua 2 pin
- Óc tán 7 màu keng 
- Còn đủ phụ kiện theo xe
- Bảo hành Vinfast toàn quốc
#Giá_15tr9 - Nậu xớ đưa 2tr1 hoặc 5tr1
⛔️ Nợ xấu đưa 2tr1 có LÃI SUẤT hoặc 8tr KO LÃI SUẤT
--------------------
✅ 𝗛𝗼̂̃ 𝗧𝗿𝗼̛̣ 𝗔𝗲 𝗟𝗲̂𝗻 𝗛𝗼̂̀ 𝗦𝗼̛ 𝗕𝗮𝗻𝗸 𝗡𝗵𝗮̣̂𝗻 𝗫𝗲 𝗩𝗮̀ 𝗖𝗮𝘃𝗲𝘁 𝗚𝗼̂́𝗰
✅ 𝗡𝗼̛̣ 𝗫𝗮̂́𝘂 – 𝗛𝗼̂̃ 𝗧𝗿𝗼̛̣ 𝟬 Đ𝗼̂̀𝗻𝗴 – 𝗞𝗵𝗼̂𝗻𝗴 𝗫𝗮́𝗰 𝗠𝗶𝗻𝗵
✅ 𝗡𝗼̛̣ 𝗫𝗮̂́𝘂 – 𝗛𝗼̂̃ 𝗧𝗿𝗼̛̣ Đ𝘂̛𝗮 𝟯𝟬% – 𝗞𝗵𝗼̂𝗻𝗴 𝗟𝗮̃𝗶
✅ Đ𝗼̂̉𝗶 𝗣𝗶𝗻 𝗞𝗵𝗼̂𝗻𝗴 𝗖𝗵𝗼̛̀ 𝗦𝗮̣c 𝗡𝗵𝗶𝗲̂̀𝘂 𝗖𝗵𝗶 𝗡𝗵𝗮́𝗻𝗵
✅ 𝗛ỗ 𝗧𝗿𝗼̛̣ 𝟮 𝗡𝗮̆𝗺 𝗫𝗲 𝗛𝘂̛ – 𝗖𝗼́ 𝗫𝗲 𝗞𝗵𝗮́𝗰 𝗗𝘂̀𝗻𝗴
✅ Đ𝗮̆𝗻𝗴 𝗞𝘆́ 𝗔𝗽𝗽 𝗫𝗮𝗻𝗵 𝗣𝗹𝗮𝘁𝗳𝗼𝗿𝗺 – 𝗧𝗮̣𝗶 𝗖𝗵𝗼̂̃
--------------------
🏠𝟮𝟴𝟴 𝗧𝗿𝘂̛𝗼̛̀𝗻𝗴 𝗖𝗵𝗶𝗻𝗵 - 𝗣𝗵ư𝗼̛̀𝗻𝗴 Đ𝗼̂𝗻𝗴 𝗛𝘂̛𝗻𝗴 𝗧𝗵𝘂𝗮̣̂𝗻 - 𝗛𝗖𝗠 (𝗤𝘂𝗮̣̂𝗻𝟭𝟮 𝗰𝘂̃)",2026,900.0,Tp Hồ Chí Minh,Quận 12,"Flazz BSTP ĐK 2026 Chính Chủ 
- Odo 900 cây
- Đã mua 2 pin
- Óc tán 7 màu keng 
- Còn đủ phụ kiện theo xe
- Bảo hành Vinfast toàn quốc
#Giá_15tr9 - Nậu xớ đưa 2tr1 hoặc 5tr1
⛔️ Nợ xấu đưa 2tr1 có LÃI SUẤT hoặc 8tr KO LÃI SUẤT
--------------------
✅ 𝗛𝗼̂̃ 𝗧𝗿𝗼̛̣ 𝗔𝗲 𝗟𝗲̂𝗻 𝗛𝗼̂̀ 𝗦𝗼̛ 𝗕𝗮𝗻𝗸 𝗡𝗵𝗮̣̂𝗻 𝗫𝗲 𝗩𝗮̀ 𝗖𝗮𝘃𝗲𝘁 𝗚𝗼̂́𝗰
✅ 𝗡𝗼̛̣ 𝗫𝗮̂́𝘂 – 𝗛𝗼̂̃ 𝗧𝗿𝗼̛̣ 𝟬 Đ𝗼̂̀𝗻𝗴 – 𝗞𝗵𝗼̂𝗻𝗴 𝗫𝗮́𝗰 𝗠𝗶𝗻𝗵
✅ 𝗡𝗼̛̣ 𝗫𝗮̂́𝘂 – 𝗛𝗼̂̃ 𝗧𝗿𝗼̛̣ Đ𝘂̛𝗮 𝟯𝟬% – 𝗞𝗵𝗼̂𝗻𝗴 𝗟𝗮̃𝗶
✅ Đ𝗼̂̉𝗶 𝗣𝗶𝗻 𝗞𝗵𝗼̂𝗻𝗴 𝗖𝗵𝗼̛̀ 𝗦𝗮̣c 𝗡𝗵𝗶𝗲̂̀𝘂 𝗖𝗵𝗶 𝗡𝗵𝗮́𝗻𝗵
✅ 𝗛ỗ 𝗧𝗿𝗼̛̣ 𝟮 𝗡𝗮̆𝗺 𝗫𝗲 𝗛𝘂̛ – 𝗖𝗼́ 𝗫𝗲 𝗞𝗵𝗮́𝗰 𝗗𝘂̀𝗻𝗴
✅ Đ𝗮̆𝗻𝗴 𝗞𝘆́ 𝗔𝗽𝗽 𝗫𝗮𝗻𝗵 𝗣𝗹𝗮𝘁𝗳𝗼𝗿𝗺 – 𝗧𝗮̣𝗶 𝗖𝗵𝗼̂̃
--------------------
🏠𝟮𝟴𝟴 𝗧𝗿𝘂̛𝗼̛̀𝗻𝗴 𝗖𝗵𝗶𝗻𝗵 - 𝗣𝗵ư𝗼̛̀𝗻𝗴 Đ𝗼̂𝗻𝗴 𝗛𝘂̛𝗻𝗴 𝗧𝗵𝘂𝗮̣̂𝗻 - 𝗛𝗖𝗠 (𝗤𝘂𝗮̣̂𝗻𝟭𝟮 𝗰𝘂̃)",Cần xác minh,Khác,Không phân loại,,
134555510,Xe Điện 3sGo - Datbike S1 Đen 10.000 km,44900000,"DatbikeS1 BSTP ĐK 2026 Chính Chủ 1 Lần sạc đi 285km
- Odo 10k hơn
- Óc tán 7 màu keng 
- Còn đủ phụ kiện theo xe 
- Bảo hành Datbike toàn quốc
⛔️ Nợ xấu đưa 5tr8 có LÃI SUẤT hoặc 24tr KO LÃI SUẤT
--------------------
✅ 𝗛𝗼̂̃ 𝗧𝗿𝗼̛̣ 𝗔𝗲 𝗟𝗲̂𝗻 𝗛𝗼̂̀ 𝗦𝗼̛ 𝗕𝗮𝗻𝗸 𝗡𝗵𝗮̣̂𝗻 𝗫𝗲 𝗩𝗮̀ 𝗖𝗮𝘃𝗲𝘁 𝗚𝗼̂́𝗰
✅ 𝗡𝗼̛̣ 𝗫𝗮̂́𝘂 – 𝗛𝗼̂̃ 𝗧𝗿𝗼̛̣ 𝟬 Đ𝗼̂̀𝗻𝗴 – 𝗞𝗵𝗼̂𝗻𝗴 𝗫𝗮́𝗰 𝗠𝗶𝗻𝗵
✅ 𝗡𝗼̛̣ 𝗫𝗮̂́𝘂 – 𝗛𝗼̂̃ 𝗧𝗿𝗼̛̣ Đ𝘂̛𝗮 𝟯𝟬% – 𝗞𝗵𝗼̂𝗻𝗴 𝗟𝗮̃𝗶
✅ Đ𝗼̂̉𝗶 𝗣𝗶𝗻 𝗞𝗵𝗼̂𝗻𝗴 𝗖𝗵𝗼̛̀ 𝗦𝗮̣c 𝗡𝗵𝗶𝗲̂̀𝘂 𝗖𝗵𝗶 𝗡𝗵𝗮́𝗻𝗵
✅ 𝗛ỗ 𝗧𝗿𝗼̛̣ 𝟮 𝗡𝗮̆𝗺 𝗫𝗲 𝗛𝘂̛ – 𝗖𝗼́ 𝗫𝗲 𝗞𝗵𝗮́𝗰 𝗗𝘂̀𝗻𝗴
✅ Đ𝗮̆𝗻𝗴 𝗞𝘆́ 𝗔𝗽𝗽 𝗫𝗮𝗻𝗵 𝗣𝗹𝗮𝘁𝗳𝗼𝗿𝗺 – 𝗧𝗮̣𝗶 𝗖𝗵𝗼̂̃
--------------------
🏠𝟮𝟴𝟴 𝗧𝗿𝘂̛𝗼̛̀𝗻𝗴 𝗖𝗵𝗶𝗻𝗵 - 𝗣𝗵ư𝗼̛̀𝗻𝗴 Đ𝗼̂𝗻𝗴 𝗛𝘂̛𝗻𝗴 𝗧𝗵𝘂𝗮̣̂𝗻 - 𝗛𝗖𝗠 (𝗤𝘂𝗮̣̂𝗻𝟭𝟮 𝗰𝘂̃)",2026,10000.0,Tp Hồ Chí Minh,Quận 12,"DatbikeS1 BSTP ĐK 2026 Chính Chủ 1 Lần sạc đi 285km
- Odo 10k hơn
- Óc tán 7 màu keng 
- Còn đủ phụ kiện theo xe 
- Bảo hành Datbike toàn quốc
⛔️ Nợ xấu đưa 5tr8 có LÃI SUẤT hoặc 24tr KO LÃI SUẤT
--------------------
✅ 𝗛𝗼̂̃ 𝗧𝗿𝗼̛̣ 𝗔𝗲 𝗟𝗲̂𝗻 𝗛𝗼̂̀ 𝗦𝗼̛ 𝗕𝗮𝗻𝗸 𝗡𝗵𝗮̣̂𝗻 𝗫𝗲 𝗩𝗮̀ 𝗖𝗮𝘃𝗲𝘁 𝗚𝗼̂́𝗰
✅ 𝗡𝗼̛̣ 𝗫𝗮̂́𝘂 – 𝗛𝗼̂̃ 𝗧𝗿𝗼̛̣ 𝟬 Đ𝗼̂̀𝗻𝗴 – 𝗞𝗵𝗼̂𝗻𝗴 𝗫𝗮́𝗰 𝗠𝗶𝗻𝗵
✅ 𝗡𝗼̛̣ 𝗫𝗮̂́𝘂 – 𝗛𝗼̂̃ 𝗧𝗿𝗼̛̣ Đ𝘂̛𝗮 𝟯𝟬% – 𝗞𝗵𝗼̂𝗻𝗴 𝗟𝗮̃𝗶
✅ Đ𝗼̂̉𝗶 𝗣𝗶𝗻 𝗞𝗵𝗼̂𝗻𝗴 𝗖𝗵𝗼̛̀ 𝗦𝗮̣c 𝗡𝗵𝗶𝗲̂̀𝘂 𝗖𝗵𝗶 𝗡𝗵𝗮́𝗻𝗵
✅ 𝗛ỗ 𝗧𝗿𝗼̛̣ 𝟮 𝗡𝗮̆𝗺 𝗫𝗲 𝗛𝘂̛ – 𝗖𝗼́ 𝗫𝗲 𝗞𝗵𝗮́𝗰 𝗗𝘂̀𝗻𝗴
✅ Đ𝗮̆𝗻𝗴 𝗞𝘆́ 𝗔𝗽𝗽 𝗫𝗮𝗻𝗵 𝗣𝗹𝗮𝘁𝗳𝗼𝗿𝗺 – 𝗧𝗮̣𝗶 𝗖𝗵𝗼̂̃
--------------------
🏠𝟮𝟴𝟴 𝗧𝗿𝘂̛𝗼̛̀𝗻𝗴 𝗖𝗵𝗶𝗻𝗵 - 𝗣𝗵ư𝗼̛̀𝗻𝗴 Đ𝗼̂𝗻𝗴 𝗛𝘂̛𝗻𝗴 𝗧𝗵𝘂𝗮̣̂𝗻 - 𝗛𝗖𝗠 (𝗤𝘂𝗮̣̂𝗻𝟭𝟮 𝗰𝘂̃)",Cần xác minh,Khác,Không phân loại,,
134620997,Xe máy điện Vespa Espero Classic 2022 Xanh ngọc,8400000,"Vespa Espero Classic 1. Đời cao 2022
Bình khoẻ. Đầy đủ giấy tờ
Ngoại hình đẹp như hình.
Giá hơn 8tr400

📍 Có thể xem xe và kiểm tra trực tiếp.
🏠 87 Máy tơ. Nam định
☎️ ***",2022,8000.0,Nam Định,Thành phố Nam Định,"Vespa Espero Classic 1. Đời cao 2022
Bình khoẻ. Đầy đủ giấy tờ
Ngoại hình đẹp như hình.
Giá hơn 8tr400

📍 Có thể xem xe và kiểm tra trực tiếp.
🏠 87 Máy tơ. Nam định
☎️ ***",Cần xác minh,Khác,Không phân loại,,
134434450,Xe đạp điện Yadea V1 Plus Đen,8500000,"Xe điện V1 Plus màu đen
- Kiểu dáng thời trang, dễ điều khiển.
- Động cơ êm ái.
- Pin bền bỉ, di chuyển quãng đường xa.",2025,1.0,Tp Hồ Chí Minh,Quận Tân Bình,"Xe điện V1 Plus màu đen
- Kiểu dáng thời trang, dễ điều khiển.
- Động cơ êm ái.
- Pin bền bỉ, di chuyển quãng đường xa.",Cần xác minh,Yadea,Yadea (Khác),9990000.0,14.9
134620393,Xe máy điện VinFast Vento Neo Trắng 9.000KM,29500000,"Vento Neo 9.000KM Cập Bến 😍😍😍

Giá..29.5Tr

☎️*** Minh Khờ",2025,9000.0,Tp Hồ Chí Minh,Quận Tân Phú,"Vento Neo 9.000KM Cập Bến 😍😍😍

Giá..29.5Tr

☎️*** Minh Khờ",Cần xác minh,VinFast,Vento,50000000.0,41.0
134620294,Vinfast Ludo Xe điện,6600000,Bán xe điện vinfast ludo acquy mới bảo hành 1 năm,2020,10.0,Hà Nội,Quận Tây Hồ,Bán xe điện vinfast ludo acquy mới bảo hành 1 năm,Cần xác minh,VinFast,Ludo,12900000.0,48.8
134620154,Xe máy điện VinFast Vento ABS Đen 7.000km,28800000,"Vento ABS lướt 7.000km
Chính chủ ký
-  Liền lạc đẹp keng
- 2 chìa 2 kính theo xe còn đủ
- Đã úp phuộc sau

Giá: 28tr8
☎️ ***",2025,7000.0,Tp Hồ Chí Minh,Quận 5,"Vento ABS lướt 7.000km
Chính chủ ký
-  Liền lạc đẹp keng
- 2 chìa 2 kính theo xe còn đủ
- Đã úp phuộc sau

Giá: 28tr8
☎️ ***",Cần xác minh,VinFast,Vento,50000000.0,42.4
134620115,Xe máy điện VinFast Vento Neo 2025 Trắng,29500000,"Khách lên đời để lại 
Vento neo siêu lướt
- Biển Tp chính chủ ký
- Pin 3.5, sạc 1000w đời mới 
- Liền lạc đẹp ken
- Góp đưa trước 30% nhận xe

Giá 29tr5
☎️***",2025,9000.0,Tp Hồ Chí Minh,Quận 5,"Khách lên đời để lại 
Vento neo siêu lướt
- Biển Tp chính chủ ký
- Pin 3.5, sạc 1000w đời mới 
- Liền lạc đẹp ken
- Góp đưa trước 30% nhận xe

Giá 29tr5
☎️***",Cần xác minh,VinFast,Vento,50000000.0,41.0
134620037,Xe máy điện Yadea Omee Trắng Ắc quy Graphene,14500000,"Xe máy điện Yadea Omee trắng, mới mua hơn 1 tuần, còn bảo hành hãng. 
 - Xe mới ra mắt 2026, thiết kế hiện đại. 
 - Pin ắc quy Graphene 48V22Ah, tốc độ tối đa 40km/h, công suất 400W. 
 - Phù hợp cho học sinh, sinh viên từ 16 tuổi trở lên hoặc người không có bằng lái. 
 - Giá 14.500.000 đồng.",2026,150.0,Tp Hồ Chí Minh,Thành phố Thủ Đức,"Xe máy điện Yadea Omee trắng, mới mua hơn 1 tuần, còn bảo hành hãng. 
 - Xe mới ra mắt 2026, thiết kế hiện đại. 
 - Pin ắc quy Graphene 48V22Ah, tốc độ tối đa 40km/h, công suất 400W. 
 - Phù hợp cho học sinh, sinh viên từ 16 tuổi trở lên hoặc người không có bằng lái. 
 - Giá 14.500.000 đồng.",Cần xác minh,Yadea,Yadea (Khác),9990000.0,-45.1
134599987,Xe điện Vespa Vision 2026 Xám Đã sử dụng,18500000,"Xe điện vision mới mua 2026 mới 98%

🔥🔥🔥 Siêu Phẩm Mới Về Ạ 🔥🔥🔥 

Vespa Siêu Siêu Lướt 2026

Xe Mới 95%, dk đầy đủ

SmartKey Zin
Xe Điện huy lâm Bán Rẻ 7tr So Với Mới 
Mà Lại Được Xe Như Mới Ạ 

📌 Ship Hàng TOÀN QUỐC - Nhanh chóng
---- 
📞 LH tư vấn miễn phí : ***( zalo / video call ) 
🕹️ Địa chỉ: 389 đội cấn-ba đình - Hà Nội. 
❇️ Cửa Hàng Xe Điện Huy Lâm",2026,5000.0,Hà Nội,Quận Ba Đình,"Xe điện vision mới mua 2026 mới 98%

🔥🔥🔥 Siêu Phẩm Mới Về Ạ 🔥🔥🔥 

Vespa Siêu Siêu Lướt 2026

Xe Mới 95%, dk đầy đủ

SmartKey Zin
Xe Điện huy lâm Bán Rẻ 7tr So Với Mới 
Mà Lại Được Xe Như Mới Ạ 

📌 Ship Hàng TOÀN QUỐC - Nhanh chóng
---- 
📞 LH tư vấn miễn phí : ***( zalo / video call ) 
🕹️ Địa chỉ: *** đội cấn-ba đình - Hà Nội. 
❇️ Cửa Hàng Xe Điện Huy Lâm",Kèm pin,Khác,Không phân loại,,
134619125,Xe máy điện VinFast Evo200 Lite Đen Việt Nam,20000000,"Trâu bò nhất dòng xe học sinh. Ko cần bằng lái. 
Evo200 lite biển SG.
Pin 3.5 kwh, trâu bò nhất nhà Vin. Tầm 100 - 140 km/sạc.
BH hãng đến 2028.
Biển SG, sang tên nhanh chóng.
20tr bao rút hồ sơ. 

Xe điện Z48
104 Đường số 1,kdc Cityland Center Hill, phường Hạnh Thông (t7 nghỉ)
***",2023,18000.0,Tp Hồ Chí Minh,Quận Gò Vấp,"Trâu bò nhất dòng xe học sinh. Ko cần bằng lái. 
Evo200 lite biển SG.
Pin 3.5 kwh, trâu bò nhất nhà Vin. Tầm 100 - 140 km/sạc.
BH hãng đến 2028.
Biển SG, sang tên nhanh chóng.
20tr bao rút hồ sơ. 

Xe điện Z48
*** Đường số 1,kdc Cityland Center Hill, phường Hạnh Thông (t7 nghỉ)
***",Cần xác minh,VinFast,Evo 200,18000000.0,-11.1
134618992,Vinfast Motio màu đỏ - Xe học sinh,8500000,"- Motio Vinfast.  Học sinh trên 16t đi ko cần bằng lái 
- 5 Bình acquy đi 50km/lần sạc 
- Chính chủ công chứng 
- Giá 8tr500k 
- Địa chỉ : 24/6. Đ.TL44. P.thạnh lộc. Q12",2025,10484.0,Tp Hồ Chí Minh,Quận 12,"- Motio Vinfast.  Học sinh trên 16t đi ko cần bằng lái 
- 5 Bình acquy đi 50km/lần sạc 
- Chính chủ công chứng 
- Giá 8tr500k 
- Địa chỉ : 24/6. Đ.TL44. P.thạnh lộc. Q12",Cần xác minh,Khác,Không phân loại,,
134618650,Xe máy điện VinFast Ludo/ Ko Bằng Lái (Cs2),8900000,"VinFast LuDo 50 / Pin / Không Bằng Lái
Trọng Lượng: 68Kg
Công Suất: 500w
Mua mới lúc trước 24.5 Triệu ( Pin Mua )
Năm SX : 2020
Xem Xe Tại CH2 Nguyễn Thông",2020,39000.0,Cần Thơ,Quận Bình Thuỷ,"VinFast LuDo 50 / Pin / Không Bằng Lái
Trọng Lượng: 68Kg
Công Suất: 500w
Mua mới lúc trước 24.5 Triệu ( Pin Mua )
Năm SX : 2020
Xem Xe Tại CH2 Nguyễn Thông",Cần xác minh,VinFast,Ludo,12900000.0,31.0
134602241,Xe Điện 3sGo - QuantumS1 BST 2025 Xanh 30k,35900000,"QuantumS1 BST9chù
- Đăng ký 2025
- Odo 30k
- Yên kimdang 
- Dàn áo keng ko trầy 98%
- Óc tán 7 màu keng 98%
- Còn đủ phụ kiện theo xe
❤️Xe keng 99% so với xe new 
⛔️ Nợ xấu đưa 8tr1 có LÃI SUẤT hoặc 19tr5 KO LÃI SUẤT
--------------------
✅ 𝗛𝗼̂̃ 𝗧𝗿𝗼̛̣ 𝗔𝗲 𝗟𝗲̂𝗻 𝗛𝗼̂̀ 𝗦𝗼̛ 𝗕𝗮𝗻𝗸 𝗡𝗵𝗮̣̂𝗻 𝗫𝗲 𝗩𝗮̀ 𝗖𝗮𝘃𝗲𝘁 𝗚𝗼̂́𝗰
✅ 𝗡𝗼̛̣ 𝗫𝗮̂́𝘂 – 𝗛𝗼̂̃ 𝗧𝗿𝗼̛̣ 𝟬 Đ𝗼̂̀𝗻𝗴 – 𝗞𝗵𝗼̂𝗻𝗴 𝗫𝗮́𝗰 𝗠𝗶𝗻𝗵
✅ 𝗡𝗼̛̣ 𝗫𝗮̂́𝘂 – 𝗛𝗼̂̃ 𝗧𝗿𝗼̛̣ Đ𝘂̛𝗮 𝟯𝟬% – 𝗞𝗵𝗼̂𝗻𝗴 𝗟𝗮̃𝗶
✅ Đ𝗼̂̉𝗶 𝗣𝗶𝗻 𝗞𝗵𝗼̂𝗻𝗴 𝗖𝗵𝗼̛̀ 𝗦𝗮̣c 𝗡𝗵𝗶𝗲̂̀𝘂 𝗖𝗵𝗶 𝗡𝗵𝗮́𝗻𝗵
✅ 𝗛ỗ 𝗧𝗿𝗼̛̣ 𝟮 𝗡𝗮̆𝗺 𝗫𝗲 𝗛𝘂̛ – 𝗖𝗼́ 𝗫𝗲 𝗞𝗵𝗮́𝗰 𝗗𝘂̀𝗻𝗴
✅ Đ𝗮̆𝗻𝗴 𝗞𝘆́ 𝗔𝗽𝗽 𝗫𝗮𝗻𝗵 𝗣𝗹𝗮𝘁𝗳𝗼𝗿𝗺 – 𝗧𝗮̣𝗶 𝗖𝗵𝗼̂̃
--------------------
🏠 𝟭𝟭𝟱 𝗣𝗵𝗮̣𝗺 𝗧𝗵𝗲̂́ 𝗛𝗶𝗲̂̉𝗻 - 𝗖𝗵𝗮́𝗻𝗵 𝗛𝘂̛𝗻𝗴 - 𝗛𝗖𝗠 ( 𝗤𝘂𝗮̣̂𝗻 𝟴 )
☎️ 𝗛𝗼𝘁𝗹𝗶𝗻𝗲 : *** - 𝗗𝗶𝗲̣̂𝘂",2025,30.0,Tp Hồ Chí Minh,Quận 8,"QuantumS1 BST9chù
- Đăng ký 2025
- Odo 30k
- Yên kimdang 
- Dàn áo keng ko trầy 98%
- Óc tán 7 màu keng 98%
- Còn đủ phụ kiện theo xe
❤️Xe keng 99% so với xe new 
⛔️ Nợ xấu đưa 8tr1 có LÃI SUẤT hoặc 19tr5 KO LÃI SUẤT
--------------------
✅ 𝗛𝗼̂̃ 𝗧𝗿𝗼̛̣ 𝗔𝗲 𝗟𝗲̂𝗻 𝗛𝗼̂̀ 𝗦𝗼̛ 𝗕𝗮𝗻𝗸 𝗡𝗵𝗮̣̂𝗻 𝗫𝗲 𝗩𝗮̀ 𝗖𝗮𝘃𝗲𝘁 𝗚𝗼̂́𝗰
✅ 𝗡𝗼̛̣ 𝗫𝗮̂́𝘂 – 𝗛𝗼̂̃ 𝗧𝗿𝗼̛̣ 𝟬 Đ𝗼̂̀𝗻𝗴 – 𝗞𝗵𝗼̂𝗻𝗴 𝗫𝗮́𝗰 𝗠𝗶𝗻𝗵
✅ 𝗡𝗼̛̣ 𝗫𝗮̂́𝘂 – 𝗛𝗼̂̃ 𝗧𝗿𝗼̛̣ Đ𝘂̛𝗮 𝟯𝟬% – 𝗞𝗵𝗼̂𝗻𝗴 𝗟𝗮̃𝗶
✅ Đ𝗼̂̉𝗶 𝗣𝗶𝗻 𝗞𝗵𝗼̂𝗻𝗴 𝗖𝗵𝗼̛̀ 𝗦𝗮̣c 𝗡𝗵𝗶𝗲̂̀𝘂 𝗖𝗵𝗶 𝗡𝗵𝗮́𝗻𝗵
✅ 𝗛ỗ 𝗧𝗿𝗼̛̣ 𝟮 𝗡𝗮̆𝗺 𝗫𝗲 𝗛𝘂̛ – 𝗖𝗼́ 𝗫𝗲 𝗞𝗵𝗮́𝗰 𝗗𝘂̀𝗻𝗴
✅ Đ𝗮̆𝗻𝗴 𝗞𝘆́ 𝗔𝗽𝗽 𝗫𝗮𝗻𝗵 𝗣𝗹𝗮𝘁𝗳𝗼𝗿𝗺 – 𝗧𝗮̣𝗶 𝗖𝗵𝗼̂̃
--------------------
🏠 𝟭𝟭𝟱 𝗣𝗵𝗮̣𝗺 𝗧𝗵𝗲̂́ 𝗛𝗶𝗲̂̉𝗻 - 𝗖𝗵𝗮́𝗻𝗵 𝗛𝘂̛𝗻𝗴 - 𝗛𝗖𝗠 ( 𝗤𝘂𝗮̣̂𝗻 𝟴 )
☎️ 𝗛𝗼𝘁𝗹𝗶𝗻𝗲 : *** - 𝗗𝗶𝗲̣̂𝘂",Cần xác minh,Khác,Không phân loại,,
134617456,Xe máy điện BEFORE ALL Latina VI 2.0 Trắng,12000000,"Xe máy điện mới mua được 3 tháng cần bán lại  hãng: BEFORE ALL
Dòng : latina vi 2.0 
Thiết kế theo kiểu dáng vespa 
Tốc độ tối đa 50km/h 
Pin chạy được 60km
Còn bảo hành 9 tháng
giá mua mới 18tr500 
bán lại 12tr000",2026,300.0,Đà Nẵng,Quận Ngũ Hành Sơn,"Xe máy điện mới mua được 3 tháng cần bán lại  hãng: BEFORE ALL
Dòng : latina vi 2.0 
Thiết kế theo kiểu dáng vespa 
Tốc độ tối đa 50km/h 
Pin chạy được 60km
Còn bảo hành 9 tháng
giá mua mới 18tr500 
bán lại 12tr000",Cần xác minh,Khác,Không phân loại,,
134617447,Xe máy điện DK Bike 2021,7900000,"Xe máy điện Soma SX không cần bằng lái btc 
1 lần sạc đi được 60km , tốc tối đa 46km giờ 
5 bình vừa thay mới còn bảo hành 1 năm 
Áo quần sạch sẽ không bể , full chức năng 
Giá : 7tr9 bình tân",2021,40000.0,Tp Hồ Chí Minh,Quận Bình Tân,"Xe máy điện Soma SX không cần bằng lái btc 
1 lần sạc đi được 60km , tốc tối đa 46km giờ 
5 bình vừa thay mới còn bảo hành 1 năm 
Áo quần sạch sẽ không bể , full chức năng 
Giá : 7tr9 bình tân",Cần xác minh,Khác,Không phân loại,,
134602534,Xe Điện 3sGo - EvoGrand Đen 14k km,22900000,"EvoGrand ĐK 4/2026 BST 9 chủ kí
- Odo 14k
- 2 pin mua theo xe
- Dàn áo keng ko trầy 98%
- Óc tán 7 màu keng 98%
- Còn đủ phụ kiện theo xe
❤️Xe keng 98% so với xe new 
⛔️ Nợ xấu đưa 0Đ có LÃI SUẤT hoặc 13tr KO LÃI SUẤT
--------------------
✅ 𝗛𝗼̂̃ 𝗧𝗿𝗼̛̣ 𝗔𝗲 𝗟𝗲̂𝗻 𝗛𝗼̂̀ 𝗦𝗼̛ 𝗕𝗮𝗻𝗸 𝗡𝗵𝗮̣̂𝗻 𝗫𝗲 𝗩𝗮̀ 𝗖𝗮𝘃𝗲𝘁 𝗚𝗼̂́𝗰
✅ 𝗡𝗼̛̣ 𝗫𝗮̂́𝘂 – 𝗛𝗼̂̃ 𝗧𝗿𝗼̛̣ 𝟬 Đ𝗼̂̀𝗻𝗴 – 𝗞𝗵𝗼̂𝗻𝗴 𝗫𝗮́𝗰 𝗠𝗶𝗻𝗵
✅ 𝗡𝗼̛̣ 𝗫𝗮̂́𝘂 – 𝗛𝗼̂̃ 𝗧𝗿𝗼̛̣ Đ𝘂̛𝗮 𝟯𝟬% – 𝗞𝗵𝗼̂𝗻𝗴 𝗟𝗮̃𝗶
✅ Đ𝗼̂̉𝗶 𝗣𝗶𝗻 𝗞𝗵𝗼̂𝗻𝗴 𝗖𝗵𝗼̛̀ 𝗦𝗮̣c 𝗡𝗵𝗶𝗲̂̀𝘂 𝗖𝗵𝗶 𝗡𝗵𝗮́𝗻𝗵
✅ 𝗛ỗ 𝗧𝗿𝗼̛̣ 𝟮 𝗡𝗮̆𝗺 𝗫𝗲 𝗛𝘂̛ – 𝗖𝗼́ 𝗫𝗲 𝗞𝗵𝗮́𝗰 𝗗𝘂̀𝗻𝗴
✅ Đ𝗮̆𝗻𝗴 𝗞𝘆́ 𝗔𝗽𝗽 𝗫𝗮𝗻𝗵 𝗣𝗹𝗮𝘁𝗳𝗼𝗿𝗺 – 𝗧𝗮̣𝗶 𝗖𝗵𝗼̂̃
--------------------
🏠 𝟭𝟭𝟱 𝗣𝗵𝗮̣𝗺 𝗧𝗵𝗲̂́ 𝗛𝗶𝗲̂̉𝗻 - 𝗖𝗵𝗮́𝗻𝗵 𝗛𝘂̛𝗻𝗴 - 𝗛𝗖𝗠 ( 𝗤𝘂𝗮̣̂𝗻 𝟴 )
☎️ 𝗛𝗼𝘁𝗹𝗶𝗻𝗲 : *** - 𝗗𝗶𝗲̣̂𝘂",2026,14000.0,Tp Hồ Chí Minh,Quận 8,"EvoGrand ĐK 4/2026 BST 9 chủ kí
- Odo 14k
- 2 pin mua theo xe
- Dàn áo keng ko trầy 98%
- Óc tán 7 màu keng 98%
- Còn đủ phụ kiện theo xe
❤️Xe keng 98% so với xe new 
⛔️ Nợ xấu đưa 0Đ có LÃI SUẤT hoặc 13tr KO LÃI SUẤT
--------------------
✅ 𝗛𝗼̂̃ 𝗧𝗿𝗼̛̣ 𝗔𝗲 𝗟𝗲̂𝗻 𝗛𝗼̂̀ 𝗦𝗼̛ 𝗕𝗮𝗻𝗸 𝗡𝗵𝗮̣̂𝗻 𝗫𝗲 𝗩𝗮̀ 𝗖𝗮𝘃𝗲𝘁 𝗚𝗼̂́𝗰
✅ 𝗡𝗼̛̣ 𝗫𝗮̂́𝘂 – 𝗛𝗼̂̃ 𝗧𝗿𝗼̛̣ 𝟬 Đ𝗼̂̀𝗻𝗴 – 𝗞𝗵𝗼̂𝗻𝗴 𝗫𝗮́𝗰 𝗠𝗶𝗻𝗵
✅ 𝗡𝗼̛̣ 𝗫𝗮̂́𝘂 – 𝗛𝗼̂̃ 𝗧𝗿𝗼̛̣ Đ𝘂̛𝗮 𝟯𝟬% – 𝗞𝗵𝗼̂𝗻𝗴 𝗟𝗮̃𝗶
✅ Đ𝗼̂̉𝗶 𝗣𝗶𝗻 𝗞𝗵𝗼̂𝗻𝗴 𝗖𝗵𝗼̛̀ 𝗦𝗮̣c 𝗡𝗵𝗶𝗲̂̀𝘂 𝗖𝗵𝗶 𝗡𝗵𝗮́𝗻𝗵
✅ 𝗛ỗ 𝗧𝗿𝗼̛̣ 𝟮 𝗡𝗮̆𝗺 𝗫𝗲 𝗛𝘂̛ – 𝗖𝗼́ 𝗫𝗲 𝗞𝗵𝗮́𝗰 𝗗𝘂̀𝗻𝗴
✅ Đ𝗮̆𝗻𝗴 𝗞𝘆́ 𝗔𝗽𝗽 𝗫𝗮𝗻𝗵 𝗣𝗹𝗮𝘁𝗳𝗼𝗿𝗺 – 𝗧𝗮̣𝗶 𝗖𝗵𝗼̂̃
--------------------
🏠 𝟭𝟭𝟱 𝗣𝗵𝗮̣𝗺 𝗧𝗵𝗲̂́ 𝗛𝗶𝗲̂̉𝗻 - 𝗖𝗵𝗮́𝗻𝗵 𝗛𝘂̛𝗻𝗴 - 𝗛𝗖𝗠 ( 𝗤𝘂𝗮̣̂𝗻 𝟴 )
☎️ 𝗛𝗼𝘁𝗹𝗶𝗻𝗲 : *** - 𝗗𝗶𝗲̣̂𝘂",Cần xác minh,Khác,Không phân loại,,
133873833,Xe máy điện SANTOSAR VS3 Xám 240W,12300000,"🏆🏆🏆 Hót Hót mẫu xe VS3 hottrend
🎈xe có thông số động cơ 240W, cho học sinh dưới 16t, cho mẹ đị chợ, cho chị em đi làm
📙Dòng xe có cốp rộng, chạy cực kỳ êm ái. Xe có giấy tờ đăng kiểm, hoá đơn đầy đủ ( đi đường không sợ công an), đặc biệt các em học sinh dứoi 16t chạy vẫn đúng quy định
💡xe được trang bị đèn led, thắng đĩa rất an toàn
🪫 chạy bình 48V30ah chính hãng an toàn không lo cháy nổ
🧾 bảo hành 12 tháng
💰giá 12",2026,,Tp Hồ Chí Minh,Thành phố Thủ Đức,"🏆🏆🏆 Hót Hót mẫu xe VS3 hottrend
🎈xe có thông số động cơ 240W, cho học sinh dưới 16t, cho mẹ đị chợ, cho chị em đi làm
📙Dòng xe có cốp rộng, chạy cực kỳ êm ái. Xe có giấy tờ đăng kiểm, hoá đơn đầy đủ ( đi đường không sợ công an), đặc biệt các em học sinh dứoi 16t chạy vẫn đúng quy định
💡xe được trang bị đèn led, thắng đĩa rất an toàn
🪫 chạy bình 48V30ah chính hãng an toàn không lo cháy nổ
🧾 bảo hành 12 tháng
💰giá 12",Cần xác minh,Khác,Không phân loại,,
134026009,Xe máy điện VinFast EVO 200 2024 Đen mờ 11000 km,20000000,"DƯ dùng bán lại chiếc xe máy điện VinFats EVO 200, màu đen mờ sản xuất 2024 , pin mua chạy 11 000km, pin sử dụng 100km mới sạc,xe luôn bảo dưỡng định kỳ tại hãng , bảo đảm xe còn sử dụng tốt,ngay chủ đứng tên bán, cam ơn anh chị đả xem tin.",2024,11000.0,Tp Hồ Chí Minh,Thành phố Thủ Đức,"DƯ dùng bán lại chiếc xe máy điện VinFats EVO 200, màu đen mờ sản xuất 2024 , pin mua chạy 11 000km, pin sử dụng 100km mới sạc,xe luôn bảo dưỡng định kỳ tại hãng , bảo đảm xe còn sử dụng tốt,ngay chủ đứng tên bán, cam ơn anh chị đả xem tin.",Cần xác minh,VinFast,Evo 200,18000000.0,-11.1
134563221,Xe điện V1  946 TỐT 90% CÒN SỔ BH,7900000,"XE MÁY ĐIỆN KONAXOAKA TỐT 90% CÒN SỔ BH

BÌNH SẠC ĐẦY ĐỦ
BẢO HÀNH DÀI HẠN
ZALO-GỌI TRỰC TIẾP ***
XE ĐẸP NHƯ HÌNH",2026,2000.0,Tp Hồ Chí Minh,Quận 1,"XE MÁY ĐIỆN KONAXOAKA TỐT 90% CÒN SỔ BH

BÌNH SẠC ĐẦY ĐỦ
BẢO HÀNH DÀI HẠN
ZALO-GỌI TRỰC TIẾP ***
XE ĐẸP NHƯ HÌNH",Cần xác minh,Khác,Không phân loại,,
134616801,Xe điện Sundiro Xám tím,6000000,"Cần bán xe điện như hình, xe chạy còn tốt, ngoại hình còn đẹp.",2026,5000.0,Tp Hồ Chí Minh,Quận 10,"Cần bán xe điện như hình, xe chạy còn tốt, ngoại hình còn đẹp.",Cần xác minh,Khác,Không phân loại,,
134602590,Xe Điên 3sGo - Evo200 2025 Trắng 10.000 km,21900000,"Evo200 ĐK 8/2025 Pin Mua BSTP
- Odo 10.000 Cây
- Dàn áo keng ko trầy 99%
- Óc tán 7 màu keng 99%
- Còn đủ phụ kiện theo xe
❤️Xe keng 99% so với xe new 
⛔️ Nợ xấu đưa 0Đ có LÃI SUẤT hoặc 12tr5 KO LÃI SUẤT
--------------------
✅ 𝗛𝗼̂̃ 𝗧𝗿𝗼̛̣ 𝗔𝗲 𝗟𝗲̂𝗻 𝗛𝗼̂̀ 𝗦𝗼̛ 𝗕𝗮𝗻𝗸 𝗡𝗵𝗮̣̂𝗻 𝗫𝗲 𝗩𝗮̀ 𝗖𝗮𝘃𝗲𝘁 𝗚𝗼̂́𝗰
✅ 𝗡𝗼̛̣ 𝗫𝗮̂́𝘂 – 𝗛𝗼̂̃ 𝗧𝗿𝗼̛̣ 𝟬 Đ𝗼̂̀𝗻𝗴 – 𝗞𝗵𝗼̂𝗻𝗴 𝗫𝗮́𝗰 𝗠𝗶𝗻𝗵
✅ 𝗡𝗼̛̣ 𝗫𝗮̂́𝘂 – 𝗛𝗼̂̃ 𝗧𝗿𝗼̛̣ Đ𝘂̛𝗮 𝟯𝟬% – 𝗞𝗵𝗼̂𝗻𝗴 𝗟𝗮̃𝗶
✅ Đ𝗼̂̉𝗶 𝗣𝗶𝗻 𝗞𝗵𝗼̂𝗻𝗴 𝗖𝗵𝗼̛̀ 𝗦𝗮̣c 𝗡𝗵𝗶𝗲̂̀𝘂 𝗖𝗵𝗶 𝗡𝗵𝗮́𝗻𝗵
✅ 𝗛ỗ 𝗧𝗿𝗼̛̣ 𝟮 𝗡𝗮̆𝗺 𝗫𝗲 𝗛𝘂̛ – 𝗖𝗼́ 𝗫𝗲 𝗞𝗵𝗮́𝗰 𝗗𝘂̀𝗻𝗴
✅ Đ𝗮̆𝗻𝗴 𝗞𝘆́ 𝗔𝗽𝗽 𝗫𝗮𝗻𝗵 𝗣𝗹𝗮𝘁𝗳𝗼𝗿𝗺 – 𝗧𝗮̣𝗶 𝗖𝗵𝗼̂̃
--------------------
🏠 𝟭𝟭𝟱 𝗣𝗵𝗮̣𝗺 𝗧𝗵𝗲̂́ 𝗛𝗶𝗲̂̉𝗻 - 𝗖𝗵𝗮́𝗻𝗵 𝗛𝘂̛𝗻𝗴 - 𝗛𝗖𝗠 ( 𝗤𝘂𝗮̣̂𝗻 𝟴 )
☎️ 𝗛𝗼𝘁𝗹𝗶𝗻𝗲 : *** - 𝗗𝗶𝗲̣̂𝘂",2025,10000.0,Tp Hồ Chí Minh,Quận 8,"Evo200 ĐK 8/2025 Pin Mua BSTP
- Odo 10.000 Cây
- Dàn áo keng ko trầy 99%
- Óc tán 7 màu keng 99%
- Còn đủ phụ kiện theo xe
❤️Xe keng 99% so với xe new 
⛔️ Nợ xấu đưa 0Đ có LÃI SUẤT hoặc 12tr5 KO LÃI SUẤT
--------------------
✅ 𝗛𝗼̂̃ 𝗧𝗿𝗼̛̣ 𝗔𝗲 𝗟𝗲̂𝗻 𝗛𝗼̂̀ 𝗦𝗼̛ 𝗕𝗮𝗻𝗸 𝗡𝗵𝗮̣̂𝗻 𝗫𝗲 𝗩𝗮̀ 𝗖𝗮𝘃𝗲𝘁 𝗚𝗼̂́𝗰
✅ 𝗡𝗼̛̣ 𝗫𝗮̂́𝘂 – 𝗛𝗼̂̃ 𝗧𝗿𝗼̛̣ 𝟬 Đ𝗼̂̀𝗻𝗴 – 𝗞𝗵𝗼̂𝗻𝗴 𝗫𝗮́𝗰 𝗠𝗶𝗻𝗵
✅ 𝗡𝗼̛̣ 𝗫𝗮̂́𝘂 – 𝗛𝗼̂̃ 𝗧𝗿𝗼̛̣ Đ𝘂̛𝗮 𝟯𝟬% – 𝗞𝗵𝗼̂𝗻𝗴 𝗟𝗮̃𝗶
✅ Đ𝗼̂̉𝗶 𝗣𝗶𝗻 𝗞𝗵𝗼̂𝗻𝗴 𝗖𝗵𝗼̛̀ 𝗦𝗮̣c 𝗡𝗵𝗶𝗲̂̀𝘂 𝗖𝗵𝗶 𝗡𝗵𝗮́𝗻𝗵
✅ 𝗛ỗ 𝗧𝗿𝗼̛̣ 𝟮 𝗡𝗮̆𝗺 𝗫𝗲 𝗛𝘂̛ – 𝗖𝗼́ 𝗫𝗲 𝗞𝗵𝗮́𝗰 𝗗𝘂̀𝗻𝗴
✅ Đ𝗮̆𝗻𝗴 𝗞𝘆́ 𝗔𝗽𝗽 𝗫𝗮𝗻𝗵 𝗣𝗹𝗮𝘁𝗳𝗼𝗿𝗺 – 𝗧𝗮̣𝗶 𝗖𝗵𝗼̂̃
--------------------
🏠 𝟭𝟭𝟱 𝗣𝗵𝗮̣𝗺 𝗧𝗵𝗲̂́ 𝗛𝗶𝗲̂̉𝗻 - 𝗖𝗵𝗮́𝗻𝗵 𝗛𝘂̛𝗻𝗴 - 𝗛𝗖𝗠 ( 𝗤𝘂𝗮̣̂𝗻 𝟴 )
☎️ 𝗛𝗼𝘁𝗹𝗶𝗻𝗲 : *** - 𝗗𝗶𝗲̣̂𝘂",Cần xác minh,VinFast,Evo 200,18000000.0,-21.7
133937642,Xe máy điện VinFast EVO GRAND Lite 2026 Trắng,19000000,a Ai cần liên hệ nhà ở Quận 12 thành phố Hồ Chí Minh cảm ơn xem như mới,2026,506.0,Tp Hồ Chí Minh,Quận 12,a Ai cần liên hệ nhà ở Quận 12 thành phố Hồ Chí Minh cảm ơn xem như mới,Cần xác minh,Khác,Không phân loại,,
134602453,Xe Điện 3sGo - DatBike Quantum S1 Đen,37900000,"QuantumS1 BSTP
- Odo không nói đâu
- Bảo Hành Pin 10 Năm 
- Sạc 1800w 
- Dàn áo keng ko trầy 98%
- Óc tán 7 màu keng 98%
- Còn đủ phụ kiện theo xe
❤️Xe keng 99% so với xe new 
⛔️ Nợ xấu đưa 3tr7 có LÃI SUẤT hoặc 16tr4 KO LÃI SUẤT
--------------------
✅ 𝗛𝗼̂̃ 𝗧𝗿𝗼̛̣ 𝗔𝗲 𝗟𝗲̂𝗻 𝗛𝗼̂̀ 𝗦𝗼̛ 𝗕𝗮𝗻𝗸 𝗡𝗵𝗮̣̂𝗻 𝗫𝗲 𝗩𝗮̀ 𝗖𝗮𝘃𝗲𝘁 𝗚𝗼̂́𝗰
✅ 𝗡𝗼̛̣ 𝗫𝗮̂́𝘂 – 𝗛𝗼̂̃ 𝗧𝗿𝗼̛̣ 𝟬 Đ𝗼̂̀𝗻𝗴 – 𝗞𝗵𝗼̂𝗻𝗴 𝗫𝗮́𝗰 𝗠𝗶𝗻𝗵
✅ 𝗡𝗼̛̣ 𝗫𝗮̂́𝘂 – 𝗛𝗼̂̃ 𝗧𝗿𝗼̛̣ Đ𝘂̛𝗮 𝟯𝟬% – 𝗞𝗵𝗼̂𝗻𝗴 𝗟𝗮̃𝗶
✅ Đ𝗼̂̉𝗶 𝗣𝗶𝗻 𝗞𝗵𝗼̂𝗻𝗴 𝗖𝗵𝗼̛̀ 𝗦𝗮̣c 𝗡𝗵𝗶𝗲̂̀𝘂 𝗖𝗵𝗶 𝗡𝗵𝗮́𝗻𝗵
✅ 𝗛ỗ 𝗧𝗿𝗼̛̣ 𝟮 𝗡𝗮̆𝗺 𝗫𝗲 𝗛𝘂̛ – 𝗖𝗼́ 𝗫𝗲 𝗞𝗵𝗮́𝗰 𝗗𝘂̀𝗻𝗴
✅ Đ𝗮̆𝗻𝗴 𝗞𝘆́ 𝗔𝗽𝗽 𝗫𝗮𝗻𝗵 𝗣𝗹𝗮𝘁𝗳𝗼𝗿𝗺 – 𝗧𝗮̣𝗶 𝗖𝗵𝗼̂̃
--------------------
🏠 𝟭𝟭𝟱 𝗣𝗵𝗮̣𝗺 𝗧𝗵𝗲̂́ 𝗛𝗶𝗲̂̉𝗻 - 𝗖𝗵𝗮́𝗻𝗵 𝗛𝘂̛𝗻𝗴 - 𝗛𝗖𝗠 ( 𝗤𝘂𝗮̣̂𝗻 𝟴 )
☎️ 𝗛𝗼𝘁𝗹𝗶𝗻𝗲 : *** - 𝗗𝗶𝗲̣̂𝘂",2026,,Tp Hồ Chí Minh,Quận 8,"QuantumS1 BSTP
- Odo không nói đâu
- Bảo Hành Pin 10 Năm 
- Sạc 1800w 
- Dàn áo keng ko trầy 98%
- Óc tán 7 màu keng 98%
- Còn đủ phụ kiện theo xe
❤️Xe keng 99% so với xe new 
⛔️ Nợ xấu đưa 3tr7 có LÃI SUẤT hoặc 16tr4 KO LÃI SUẤT
--------------------
✅ 𝗛𝗼̂̃ 𝗧𝗿𝗼̛̣ 𝗔𝗲 𝗟𝗲̂𝗻 𝗛𝗼̂̀ 𝗦𝗼̛ 𝗕𝗮𝗻𝗸 𝗡𝗵𝗮̣̂𝗻 𝗫𝗲 𝗩𝗮̀ 𝗖𝗮𝘃𝗲𝘁 𝗚𝗼̂́𝗰
✅ 𝗡𝗼̛̣ 𝗫𝗮̂́𝘂 – 𝗛𝗼̂̃ 𝗧𝗿𝗼̛̣ 𝟬 Đ𝗼̂̀𝗻𝗴 – 𝗞𝗵𝗼̂𝗻𝗴 𝗫𝗮́𝗰 𝗠𝗶𝗻𝗵
✅ 𝗡𝗼̛̣ 𝗫𝗮̂́𝘂 – 𝗛𝗼̂̃ 𝗧𝗿𝗼̛̣ Đ𝘂̛𝗮 𝟯𝟬% – 𝗞𝗵𝗼̂𝗻𝗴 𝗟𝗮̃𝗶
✅ Đ𝗼̂̉𝗶 𝗣𝗶𝗻 𝗞𝗵𝗼̂𝗻𝗴 𝗖𝗵𝗼̛̀ 𝗦𝗮̣c 𝗡𝗵𝗶𝗲̂̀𝘂 𝗖𝗵𝗶 𝗡𝗵𝗮́𝗻𝗵
✅ 𝗛ỗ 𝗧𝗿𝗼̛̣ 𝟮 𝗡𝗮̆𝗺 𝗫𝗲 𝗛𝘂̛ – 𝗖𝗼́ 𝗫𝗲 𝗞𝗵𝗮́𝗰 𝗗𝘂̀𝗻𝗴
✅ Đ𝗮̆𝗻𝗴 𝗞𝘆́ 𝗔𝗽𝗽 𝗫𝗮𝗻𝗵 𝗣𝗹𝗮𝘁𝗳𝗼𝗿𝗺 – 𝗧𝗮̣𝗶 𝗖𝗵𝗼̂̃
--------------------
🏠 𝟭𝟭𝟱 𝗣𝗵𝗮̣𝗺 𝗧𝗵𝗲̂́ 𝗛𝗶𝗲̂̉𝗻 - 𝗖𝗵𝗮́𝗻𝗵 𝗛𝘂̛𝗻𝗴 - 𝗛𝗖𝗠 ( 𝗤𝘂𝗮̣̂𝗻 𝟴 )
☎️ 𝗛𝗼𝘁𝗹𝗶𝗻𝗲 : *** - 𝗗𝗶𝗲̣̂𝘂",Cần xác minh,Dat Bike,Quantum,34900000.0,-8.6
134031255,"Vinfast Klara Pin cầm,xe đẹp biển Sài Gòn",10800000,"🍓🍓🍓 Xe bà xã đi đã đổi Evo200 nên thanh lý lại người dùng.
Xe Vinfast Klara màu hồng (Xe đẹp lắm nữ tính)
☘️ Biển Số Sài Gòn 41MĐ- chạy không cần bằng
Pin zin mua  + Sạc Zin: sạc đầy 2-3 tiếng đi được 40-50km/1 lần
- Động cơ mới thay trước tết, xe chạy mượt pin cầm tốt 40-50km, đã thay đồng hồ hiện đại + đèn led 2 tầng
🍇 Chị em mua về đưa đón con hay đi chợ vòng vòng trãi nghiệm ok nhé
🍏Ưu tiên: Học Sinh-Sinh Viên, xe chạy không cần bằng lái
🍇🍇🍇 Xem xe tại địa chỉ
Đường DN5, Đông Hưng Thuận,TPHCM( KDC AN SƯƠNG)",2020,28000.0,Tp Hồ Chí Minh,Quận 12,"🍓🍓🍓 Xe bà xã đi đã đổi Evo200 nên thanh lý lại người dùng.
Xe Vinfast Klara màu hồng (Xe đẹp lắm nữ tính)
☘️ Biển Số Sài Gòn 41MĐ- chạy không cần bằng
Pin zin mua  + Sạc Zin: sạc đầy 2-3 tiếng đi được 40-50km/1 lần
- Động cơ mới thay trước tết, xe chạy mượt pin cầm tốt 40-50km, đã thay đồng hồ hiện đại + đèn led 2 tầng
🍇 Chị em mua về đưa đón con hay đi chợ vòng vòng trãi nghiệm ok nhé
🍏Ưu tiên: Học Sinh-Sinh Viên, xe chạy không cần bằng lái
🍇🍇🍇 Xem xe tại địa chỉ
Đường DN5, Đông Hưng Thuận,TPHCM( KDC AN SƯƠNG)",Kèm pin,VinFast,Klara,35000000.0,69.1
134623797,Xe Điện Xmen,5000000,Cần bán 5 triệu xe đầy đủ giấy tờ đăng ký,2026,10000.0,Hà Nội,Huyện Phú Xuyên,Cần bán 5 triệu xe đầy đủ giấy tờ đăng ký,Cần xác minh,Khác,Không phân loại,,
134160705,VinFast Feliz 2025 Xanh oliu - Chính chủ - BSTP,21500000,"🔥 FELIZ 2025 1 PIN – XANH OLIU – CHÍNH CHỦ
📌 Date T6/2026
📌 Odo 12.000 km
📌 BSTP - Chính chủ
📌 Chính chủ, ủy quyền, sang tên công chứng nhanh gọn
💰 Giá: 2x
-----------------------
💚 Xe Điện Lướt Sài Gòn – Chuyên mua bán xe máy điện đã qua sử dụng tại TP.HCM
✅ Có trả góp – Cà thẻ – Giao tận nhà
📍 118A Chiến Lược, P. Bình Trị Đông, TP.HCM",2025,12000.0,Tp Hồ Chí Minh,Quận Bình Tân,"🔥 FELIZ 2025 1 PIN – XANH OLIU – CHÍNH CHỦ
📌 Date T6/2026
📌 Odo 12.000 km
📌 BSTP - Chính chủ
📌 Chính chủ, ủy quyền, sang tên công chứng nhanh gọn
💰 Giá: 2x
-----------------------
💚 Xe Điện Lướt Sài Gòn – Chuyên mua bán xe máy điện đã qua sử dụng tại TP.HCM
✅ Có trả góp – Cà thẻ – Giao tận nhà
📍 118A Chiến Lược, P. Bình Trị Đông, TP.HCM",Cần xác minh,VinFast,Feliz,27000000.0,20.4
134537840,Xe máy điện Yadea thể thao Cam đen,7500000,"Xe máy điện màu cam đen, kiểu dáng thể thao, phù hợp cho cả nam và nữ. 
- Xe chính chủ, có thể ký giấy sang tên. 
- Thích hợp cho học sinh, sinh viên không cần bằng lái. 
- Xe đang sử dụng tốt.",2023,123.0,Tp Hồ Chí Minh,Quận 12,"Xe máy điện màu cam đen, kiểu dáng thể thao, phù hợp cho cả nam và nữ. 
- Xe chính chủ, có thể ký giấy sang tên. 
- Thích hợp cho học sinh, sinh viên không cần bằng lái. 
- Xe đang sử dụng tốt.",Cần xác minh,Yadea,Yadea (Khác),14990000.0,50.0
134623423,Xe điện VinFast Klara màu Đen,10000000,"Tôi có 1 xe điện vinfast Klara màu đen như hình muốn bán do không có nhu cầu sử dụng. Xe còn đi tốt, vẫn chạy bình thường, vỏ còn nguyên vẹn, ko va chạm hay trầy xước. Xe tôi đi ít nên giữ gìn rất cẩn thận.",2020,19903.0,Hà Nội,Quận Ba Đình,"Tôi có 1 xe điện vinfast Klara màu đen như hình muốn bán do không có nhu cầu sử dụng. Xe còn đi tốt, vẫn chạy bình thường, vỏ còn nguyên vẹn, ko va chạm hay trầy xước. Xe tôi đi ít nên giữ gìn rất cẩn thận.",Cần xác minh,VinFast,Klara,35000000.0,71.4
133934022,Vinfast Evo200 Vàng zin 100% chính chủ,21900000,"     
 ✅ Vinfast Evo200 siêu đẹp ko một vết trầy 2025 
✅ Xe chính chủ Bstp ký mua bán ủy quyền đều được nhé 
✅ Pin 3.5 mua đứt bảo hành 8 năm ,sạc đầy đi được 200km
✅ Giá bán : 21,9tr
✅ Dt : 
✅ Xem xe Q6, Ship toàn quốc
",2025,14000.0,Tp Hồ Chí Minh,Quận 6,"     
 ✅ Vinfast Evo200 siêu đẹp ko một vết trầy 2025 
✅ Xe chính chủ Bstp ký mua bán ủy quyền đều được nhé 
✅ Pin 3.5 mua đứt bảo hành 8 năm ,sạc đầy đi được 200km
✅ Giá bán : 21,9tr
✅ Dt : 
✅ Xem xe Q6, Ship toàn quốc
",Kèm pin,VinFast,Evo 200,18000000.0,-21.7
134623388,Xe máy điện VinFast Feliz Đen 14000 km,19500000,Xe odo 14 ngàn xe hoạt động bình thường không lỗi làm gì chỉ việc mua về là chạy không cần suy nghĩ gì hết,2026,14000.0,Đồng Nai,Huyện Xuân Lộc,Xe odo 14 ngàn xe hoạt động bình thường không lỗi làm gì chỉ việc mua về là chạy không cần suy nghĩ gì hết,Cần xác minh,VinFast,Feliz,27000000.0,27.8
134623383,Xe máy điện VinFast Feliz Trắng 300 km,26000000,Xe mới mua về không đi như mới odo mới 300km xe sẵn 2 pin chỉ việc mua về là chạy không khác gì xe mới đầy đủ phụ kiện,2026,300.0,Đồng Nai,Huyện Xuân Lộc,Xe mới mua về không đi như mới odo mới 300km xe sẵn 2 pin chỉ việc mua về là chạy không khác gì xe mới đầy đủ phụ kiện,Cần xác minh,VinFast,Feliz,27000000.0,3.7
134623365,Xe máy điện  2026 Hồng Đã sử dụng,9500000,Xe mới mua được 4 ngày không có nhu cầu đi nữa bán lại mới 99% kh vết trầy xe hoạt động bình thường không lỗi chỉ việc về cắm sạc là chạy,2026,10.0,Đồng Nai,Huyện Xuân Lộc,Xe mới mua được 4 ngày không có nhu cầu đi nữa bán lại mới 99% kh vết trầy xe hoạt động bình thường không lỗi chỉ việc về cắm sạc là chạy,Cần xác minh,Khác,Không phân loại,,
134596908,Quantum S1 2025 lướt đẹp,38500000,"Xe máy điện màu trắng, pin 100% cho quãng đường di chuyển xa. 
- Thiết kế hiện đại, trẻ trung. 
- Vận hành êm ái, tiết kiệm năng lượng. 
- Phù hợp di chuyển trong thành phố.",2025,10.0,Tp Hồ Chí Minh,Quận Bình Tân,"Xe máy điện màu trắng, pin 100% cho quãng đường di chuyển xa. 
- Thiết kế hiện đại, trẻ trung. 
- Vận hành êm ái, tiết kiệm năng lượng. 
- Phù hợp di chuyển trong thành phố.",Cần xác minh,Dat Bike,Quantum,34900000.0,-10.3
134509389,Xe máy điện VinFast Evo200 2025 Đen,20900000,"Evo200  - Bstp 9 Chủ ĐK 2025
- Dàn áo dán keng 98%
- Óc tán 7 màu keng 98%
- Còn đủ phụ kiện theo xe
❤️Xe keng 98% so với xe new 
⛔️ Nợ xấu đưa 0đ có LÃI SUẤT hoặc 11tr KO LÃI SUẤT
--------------------
✅ 𝗛𝗼̂̃ 𝗧𝗿𝗼̛̣ 𝗔𝗲 𝗟𝗲̂𝗻 𝗛𝗼̂̀ 𝗦𝗼̛ 𝗕𝗮𝗻𝗸 𝗡𝗵𝗮̣̂𝗻 𝗫𝗲 𝗩𝗮̀ 𝗖𝗮𝘃𝗲𝘁 𝗚𝗼̂́𝗰
✅ 𝗡𝗼̛̣ 𝗫𝗮̂́𝘂 – 𝗛𝗼̂̃ 𝗧𝗿𝗼̛̣ 𝟬 Đ𝗼̂̀𝗻𝗴 – 𝗞𝗵𝗼̂𝗻𝗴 𝗫𝗮́𝗰 𝗠𝗶𝗻𝗵
✅ 𝗡𝗼̛̣ 𝗫𝗮̂́𝘂 – 𝗛𝗼̂̃ 𝗧𝗿𝗼̛̣ Đ𝘂̛𝗮 𝟯𝟬% – 𝗞𝗵𝗼̂𝗻𝗴 𝗟𝗮̃𝗶
✅ Đ𝗼̂̉𝗶 𝗣𝗶𝗻 𝗞𝗵𝗼̂𝗻𝗴 𝗖𝗵𝗼̛̀ 𝗦𝗮̣c 𝗡𝗵𝗶𝗲̂̀𝘂 𝗖𝗵𝗶 𝗡𝗵𝗮́𝗻𝗵
✅ 𝗛ỗ 𝗧𝗿𝗼̛̣ 𝟮 𝗡𝗮̆𝗺 𝗫𝗲 𝗛𝘂̛ – 𝗖𝗼́ 𝗫𝗲 𝗞𝗵𝗮́𝗰 𝗗𝘂̀𝗻𝗴
✅ Đ𝗮̆𝗻𝗴 𝗞𝘆́ 𝗔𝗽𝗽 𝗫𝗮𝗻𝗵 𝗣𝗹𝗮𝘁𝗳𝗼𝗿𝗺 – 𝗧𝗮̣𝗶 𝗖𝗵𝗼̂̃
--------------------
🏠𝟮𝟴𝟴 𝗧𝗿𝘂̛𝗼̛̀𝗻𝗴 𝗖𝗵𝗶𝗻𝗵 - 𝗣𝗵ư𝗼̛̀𝗻𝗴 Đ𝗼̂𝗻𝗴 𝗛𝘂̛𝗻𝗴 𝗧𝗵𝘂𝗮̣̂𝗻 - 𝗛𝗖𝗠 (𝗤𝘂𝗮̣̂𝗻𝟭𝟮 𝗰𝘂̃)",2025,,Tp Hồ Chí Minh,Quận 12,"Evo200  - Bstp 9 Chủ ĐK 2025
- Dàn áo dán keng 98%
- Óc tán 7 màu keng 98%
- Còn đủ phụ kiện theo xe
❤️Xe keng 98% so với xe new 
⛔️ Nợ xấu đưa 0đ có LÃI SUẤT hoặc 11tr KO LÃI SUẤT
--------------------
✅ 𝗛𝗼̂̃ 𝗧𝗿𝗼̛̣ 𝗔𝗲 𝗟𝗲̂𝗻 𝗛𝗼̂̀ 𝗦𝗼̛ 𝗕𝗮𝗻𝗸 𝗡𝗵𝗮̣̂𝗻 𝗫𝗲 𝗩𝗮̀ 𝗖𝗮𝘃𝗲𝘁 𝗚𝗼̂́𝗰
✅ 𝗡𝗼̛̣ 𝗫𝗮̂́𝘂 – 𝗛𝗼̂̃ 𝗧𝗿𝗼̛̣ 𝟬 Đ𝗼̂̀𝗻𝗴 – 𝗞𝗵𝗼̂𝗻𝗴 𝗫𝗮́𝗰 𝗠𝗶𝗻𝗵
✅ 𝗡𝗼̛̣ 𝗫𝗮̂́𝘂 – 𝗛𝗼̂̃ 𝗧𝗿𝗼̛̣ Đ𝘂̛𝗮 𝟯𝟬% – 𝗞𝗵𝗼̂𝗻𝗴 𝗟𝗮̃𝗶
✅ Đ𝗼̂̉𝗶 𝗣𝗶𝗻 𝗞𝗵𝗼̂𝗻𝗴 𝗖𝗵𝗼̛̀ 𝗦𝗮̣c 𝗡𝗵𝗶𝗲̂̀𝘂 𝗖𝗵𝗶 𝗡𝗵𝗮́𝗻𝗵
✅ 𝗛ỗ 𝗧𝗿𝗼̛̣ 𝟮 𝗡𝗮̆𝗺 𝗫𝗲 𝗛𝘂̛ – 𝗖𝗼́ 𝗫𝗲 𝗞𝗵𝗮́𝗰 𝗗𝘂̀𝗻𝗴
✅ Đ𝗮̆𝗻𝗴 𝗞𝘆́ 𝗔𝗽𝗽 𝗫𝗮𝗻𝗵 𝗣𝗹𝗮𝘁𝗳𝗼𝗿𝗺 – 𝗧𝗮̣𝗶 𝗖𝗵𝗼̂̃
--------------------
🏠𝟮𝟴𝟴 𝗧𝗿𝘂̛𝗼̛̀𝗻𝗴 𝗖𝗵𝗶𝗻𝗵 - 𝗣𝗵ư𝗼̛̀𝗻𝗴 Đ𝗼̂𝗻𝗴 𝗛𝘂̛𝗻𝗴 𝗧𝗵𝘂𝗮̣̂𝗻 - 𝗛𝗖𝗠 (𝗤𝘂𝗮̣̂𝗻𝟭𝟮 𝗰𝘂̃)",Cần xác minh,VinFast,Evo 200,18000000.0,-16.1
134622598,Xe máy điện Quantum s1 2025 Đen,43000000,"Xe máy điện Quantum s1  màu đen, kiểu dáng hiện đại, vận hành êm ái. 
- Xe mới, ít sử dụng. 
- Thiết kế thời trang, phù hợp di chuyển trong phố. 
- Tiết kiệm năng lượng, thân thiện môi trường.
Năm 12.2025",2025,6000.0,Tp Hồ Chí Minh,Thành phố Thủ Đức,"Xe máy điện Quantum s1  màu đen, kiểu dáng hiện đại, vận hành êm ái. 
- Xe mới, ít sử dụng. 
- Thiết kế thời trang, phù hợp di chuyển trong phố. 
- Tiết kiệm năng lượng, thân thiện môi trường.
Năm 12.2025",Cần xác minh,Dat Bike,Quantum,34900000.0,-23.2
134558900,Xe Điện 3sGo - EvoMax BST 65 Trắng 8000 km,20900000,"EvoMax BST 65 Chính Chủ
- Odo 8k
- Sẵn 2 pin thuê
- Óc tán 7 màu keng 
- Còn đủ phụ kiện theo xe
- Bảo hành Vinfats toàn quốc
⛔️ Nợ xấu đưa 0đ có LÃI SUẤT hoặc 12tr KO LÃI SUẤT
--------------------
✅ 𝗛𝗼̂̃ 𝗧𝗿𝗼̛̣ 𝗔𝗲 𝗟𝗲̂𝗻 𝗛𝗼̂̀ 𝗦𝗼̛ 𝗕𝗮𝗻𝗸 𝗡𝗵𝗮̣̂𝗻 𝗫𝗲 𝗩𝗮̀ 𝗖𝗮𝘃𝗲𝘁 𝗚𝗼̂́𝗰
✅ 𝗡𝗼̛̣ 𝗫𝗮̂́𝘂 – 𝗛𝗼̂̃ 𝗧𝗿𝗼̛̣ 𝟬 Đ𝗼̂̀𝗻𝗴 – 𝗞𝗵𝗼̂𝗻𝗴 𝗫𝗮́𝗰 𝗠𝗶𝗻𝗵
✅ 𝗡𝗼̛̣ 𝗫𝗮̂́𝘂 – 𝗛𝗼̂̃ 𝗧𝗿𝗼̛̣ Đ𝘂̛𝗮 𝟯𝟬% – 𝗞𝗵𝗼̂𝗻𝗴 𝗟𝗮̃𝗶
✅ Đ𝗼̂̉𝗶 𝗣𝗶𝗻 𝗞𝗵𝗼̂𝗻𝗴 𝗖𝗵𝗼̛̀ 𝗦𝗮̣c 𝗡𝗵𝗶𝗲̂̀𝘂 𝗖𝗵𝗶 𝗡𝗵𝗮́𝗻𝗵
✅ 𝗛ỗ 𝗧𝗿𝗼̛̣ 𝟮 𝗡𝗮̆𝗺 𝗫𝗲 𝗛𝘂̛ – 𝗖𝗼́ 𝗫𝗲 𝗞𝗵𝗮́𝗰 𝗗𝘂̀𝗻𝗴
✅ Đ𝗮̆𝗻𝗴 𝗞𝘆́ 𝗔𝗽𝗽 𝗫𝗮𝗻𝗵 𝗣𝗹𝗮𝘁𝗳𝗼𝗿𝗺 – 𝗧𝗮̣𝗶 𝗖𝗵𝗼̂̃
--------------------
🏠𝟮𝟴𝟴 𝗧𝗿𝘂̛𝗼̛̀𝗻𝗴 𝗖𝗵𝗶𝗻𝗵 - 𝗣𝗵ư𝗼̛̀𝗻𝗴 Đ𝗼̂𝗻𝗴 𝗛𝘂̛𝗻𝗴 𝗧𝗵𝘂𝗮̣̂𝗻 - 𝗛𝗖𝗠 (𝗤𝘂𝗮̣̂𝗻𝟭𝟮 𝗰𝘂̃)",2026,8000.0,Tp Hồ Chí Minh,Quận 12,"EvoMax BST 65 Chính Chủ
- Odo 8k
- Sẵn 2 pin thuê
- Óc tán 7 màu keng 
- Còn đủ phụ kiện theo xe
- Bảo hành Vinfats toàn quốc
⛔️ Nợ xấu đưa 0đ có LÃI SUẤT hoặc 12tr KO LÃI SUẤT
--------------------
✅ 𝗛𝗼̂̃ 𝗧𝗿𝗼̛̣ 𝗔𝗲 𝗟𝗲̂𝗻 𝗛𝗼̂̀ 𝗦𝗼̛ 𝗕𝗮𝗻𝗸 𝗡𝗵𝗮̣̂𝗻 𝗫𝗲 𝗩𝗮̀ 𝗖𝗮𝘃𝗲𝘁 𝗚𝗼̂́𝗰
✅ 𝗡𝗼̛̣ 𝗫𝗮̂́𝘂 – 𝗛𝗼̂̃ 𝗧𝗿𝗼̛̣ 𝟬 Đ𝗼̂̀𝗻𝗴 – 𝗞𝗵𝗼̂𝗻𝗴 𝗫𝗮́𝗰 𝗠𝗶𝗻𝗵
✅ 𝗡𝗼̛̣ 𝗫𝗮̂́𝘂 – 𝗛𝗼̂̃ 𝗧𝗿𝗼̛̣ Đ𝘂̛𝗮 𝟯𝟬% – 𝗞𝗵𝗼̂𝗻𝗴 𝗟𝗮̃𝗶
✅ Đ𝗼̂̉𝗶 𝗣𝗶𝗻 𝗞𝗵𝗼̂𝗻𝗴 𝗖𝗵𝗼̛̀ 𝗦𝗮̣c 𝗡𝗵𝗶𝗲̂̀𝘂 𝗖𝗵𝗶 𝗡𝗵𝗮́𝗻𝗵
✅ 𝗛ỗ 𝗧𝗿𝗼̛̣ 𝟮 𝗡𝗮̆𝗺 𝗫𝗲 𝗛𝘂̛ – 𝗖𝗼́ 𝗫𝗲 𝗞𝗵𝗮́𝗰 𝗗𝘂̀𝗻𝗴
✅ Đ𝗮̆𝗻𝗴 𝗞𝘆́ 𝗔𝗽𝗽 𝗫𝗮𝗻𝗵 𝗣𝗹𝗮𝘁𝗳𝗼𝗿𝗺 – 𝗧𝗮̣𝗶 𝗖𝗵𝗼̂̃
--------------------
🏠𝟮𝟴𝟴 𝗧𝗿𝘂̛𝗼̛̀𝗻𝗴 𝗖𝗵𝗶𝗻𝗵 - 𝗣𝗵ư𝗼̛̀𝗻𝗴 Đ𝗼̂𝗻𝗴 𝗛𝘂̛𝗻𝗴 𝗧𝗵𝘂𝗮̣̂𝗻 - 𝗛𝗖𝗠 (𝗤𝘂𝗮̣̂𝗻𝟭𝟮 𝗰𝘂̃)",Cần xác minh,Khác,Không phân loại,,
134366874,"Xe máy điện Typer 2 Trắng, Cam đã sử dụng",7800000,"Typer 2 đi ít còn như mới bán nửa giá mới

🛵TRẺ TRUNG - PHONG CÁCH - NĂNG ĐỘNG 
✴️ thanh lý xe typer2 
💸💸 giá bán 7tr800
☑️ màu sắc trung tính, thời trang (bảo hành 6 tháng) 
☑️ máy móc nguyên zin, an toàn tiết kiệm điện , Xanh, sạch không ồn 
☎️ Zalo *** (free ship Hà Nội, hỗ trợ ship toàn quốc  )
🏠 389 đội cấn -Hà Nội",2025,10000.0,Hà Nội,Quận Ba Đình,"Typer 2 đi ít còn như mới bán nửa giá mới

🛵TRẺ TRUNG - PHONG CÁCH - NĂNG ĐỘNG 
✴️ thanh lý xe typer2 
💸💸 giá bán 7tr800
☑️ màu sắc trung tính, thời trang (bảo hành 6 tháng) 
☑️ máy móc nguyên zin, an toàn tiết kiệm điện , Xanh, sạch không ồn 
☎️ Zalo *** (free ship Hà Nội, hỗ trợ ship toàn quốc  )
🏠 *** đội cấn -Hà Nội",Kèm pin,Khác,Không phân loại,,
134508320,Xe Điện 3sGo - Datbike S1 2026 Đen 10000 km,44900000,"DatbikeS1 BSTP ĐK 2026 Chính Chủ 1 Lần sạc đi 285km
- Odo 10k hơn
- Óc tán 7 màu keng 
- Còn đủ phụ kiện theo xe 
- Bảo hành Datbike toàn quốc
⛔️ Nợ xấu đưa 5tr8 có LÃI SUẤT hoặc 23tr KO LÃI SUẤT
--------------------
✅ 𝗛𝗼̂̃ 𝗧𝗿𝗼̛̣ 𝗔𝗲 𝗟𝗲̂𝗻 𝗛𝗼̂̀ 𝗦𝗼̛ 𝗕𝗮𝗻𝗸 𝗡𝗵𝗮̣̂𝗻 𝗫𝗲 𝗩𝗮̀ 𝗖𝗮𝘃𝗲𝘁 𝗚𝗼̂́𝗰
✅ 𝗡𝗼̛̣ 𝗫𝗮̂́𝘂 – 𝗛𝗼̂̃ 𝗧𝗿𝗼̛̣ 𝟬 Đ𝗼̂̀𝗻𝗴 – 𝗞𝗵𝗼̂𝗻𝗴 𝗫𝗮́𝗰 𝗠𝗶𝗻𝗵
✅ 𝗡𝗼̛̣ 𝗫𝗮̂́𝘂 – 𝗛𝗼̂̃ 𝗧𝗿𝗼̛̣ Đ𝘂̛𝗮 𝟯𝟬% – 𝗞𝗵𝗼̂𝗻𝗴 𝗟𝗮̃𝗶
✅ Đ𝗼̂̉𝗶 𝗣𝗶𝗻 𝗞𝗵𝗼̂𝗻𝗴 𝗖𝗵𝗼̛̀ 𝗦𝗮̣c 𝗡𝗵𝗶𝗲̂̀𝘂 𝗖𝗵𝗶 𝗡𝗵𝗮́𝗻𝗵
✅ 𝗛ỗ 𝗧𝗿𝗼̛̣ 𝟮 𝗡𝗮̆𝗺 𝗫𝗲 𝗛𝘂̛ – 𝗖𝗼́ 𝗫𝗲 𝗞𝗵𝗮́𝗰 𝗗𝘂̀𝗻𝗴
✅ Đ𝗮̆𝗻𝗴 𝗞𝘆́ 𝗔𝗽𝗽 𝗫𝗮𝗻𝗵 𝗣𝗹𝗮𝘁𝗳𝗼𝗿𝗺 – 𝗧𝗮̣𝗶 𝗖𝗵𝗼̂̃
--------------------
🏠𝟮𝟴𝟴 𝗧𝗿𝘂̛𝗼̛̀𝗻𝗴 𝗖𝗵𝗶𝗻𝗵 - 𝗣𝗵ư𝗼̛̀𝗻𝗴 Đ𝗼̂𝗻𝗴 𝗛𝘂̛𝗻𝗴 𝗧𝗵𝘂𝗮̣̂𝗻 - 𝗛𝗖𝗠 (𝗤𝘂𝗮̣̂𝗻𝟭𝟮 𝗰𝘂̃)",2025,10000.0,Tp Hồ Chí Minh,Quận 12,"DatbikeS1 BSTP ĐK 2026 Chính Chủ 1 Lần sạc đi 285km
- Odo 10k hơn
- Óc tán 7 màu keng 
- Còn đủ phụ kiện theo xe 
- Bảo hành Datbike toàn quốc
⛔️ Nợ xấu đưa 5tr8 có LÃI SUẤT hoặc 23tr KO LÃI SUẤT
--------------------
✅ 𝗛𝗼̂̃ 𝗧𝗿𝗼̛̣ 𝗔𝗲 𝗟𝗲̂𝗻 𝗛𝗼̂̀ 𝗦𝗼̛ 𝗕𝗮𝗻𝗸 𝗡𝗵𝗮̣̂𝗻 𝗫𝗲 𝗩𝗮̀ 𝗖𝗮𝘃𝗲𝘁 𝗚𝗼̂́𝗰
✅ 𝗡𝗼̛̣ 𝗫𝗮̂́𝘂 – 𝗛𝗼̂̃ 𝗧𝗿𝗼̛̣ 𝟬 Đ𝗼̂̀𝗻𝗴 – 𝗞𝗵𝗼̂𝗻𝗴 𝗫𝗮́𝗰 𝗠𝗶𝗻𝗵
✅ 𝗡𝗼̛̣ 𝗫𝗮̂́𝘂 – 𝗛𝗼̂̃ 𝗧𝗿𝗼̛̣ Đ𝘂̛𝗮 𝟯𝟬% – 𝗞𝗵𝗼̂𝗻𝗴 𝗟𝗮̃𝗶
✅ Đ𝗼̂̉𝗶 𝗣𝗶𝗻 𝗞𝗵𝗼̂𝗻𝗴 𝗖𝗵𝗼̛̀ 𝗦𝗮̣c 𝗡𝗵𝗶𝗲̂̀𝘂 𝗖𝗵𝗶 𝗡𝗵𝗮́𝗻𝗵
✅ 𝗛ỗ 𝗧𝗿𝗼̛̣ 𝟮 𝗡𝗮̆𝗺 𝗫𝗲 𝗛𝘂̛ – 𝗖𝗼́ 𝗫𝗲 𝗞𝗵𝗮́𝗰 𝗗𝘂̀𝗻𝗴
✅ Đ𝗮̆𝗻𝗴 𝗞𝘆́ 𝗔𝗽𝗽 𝗫𝗮𝗻𝗵 𝗣𝗹𝗮𝘁𝗳𝗼𝗿𝗺 – 𝗧𝗮̣𝗶 𝗖𝗵𝗼̂̃
--------------------
🏠𝟮𝟴𝟴 𝗧𝗿𝘂̛𝗼̛̀𝗻𝗴 𝗖𝗵𝗶𝗻𝗵 - 𝗣𝗵ư𝗼̛̀𝗻𝗴 Đ𝗼̂𝗻𝗴 𝗛𝘂̛𝗻𝗴 𝗧𝗵𝘂𝗮̣̂𝗻 - 𝗛𝗖𝗠 (𝗤𝘂𝗮̣̂𝗻𝟭𝟮 𝗰𝘂̃)",Cần xác minh,Khác,Không phân loại,,
134197994,CỬA HÀNG THU MUA XE MÁY ĐIỆN CŨ,35999000,"⭐️ CỬA HÀNG PHẠM TUẤN XE ĐIỆN CŨ 
CHUYÊN THU MUA XE ĐIỆN CŨ - GIÁ CAO - BAO MỌI GIẤY TỜ LIÊN QUAN
📌 Địa chỉ: 244 Thoại Ngọc Hầu . Phú Thạnh , Q .Tân Phú . TP HCM.
⭐️ ĐỊNH GIÁ MIỄN PHÍ XE MÁY ⭐️

❤️ Chuyên Thu Mua Xe Điện Cũ với các dòng như sau, Giá Bao Thị Trường
( VINFAST . YADEA . DATBIKE . PEGA...)

Giá thu từ: 1tr - 99tr

Dịch vụ đặc biệt:
❤️ Bấm Giá Trong Vòng 30s Để Khách Hàng Tham Khảo Giá
❤️ Hỗ Trợ Mua Tận Nơi ( Sài Gòn và những chỗ lân cận)


😍😍😍 CẦN KẾT NỐI VỚI SHOWROOM CÁC HÃNG XE ĐIỆN NEW THU CŨ ĐỔI MỚI CHO KHÁCH HÀNG

code: #thumuaxe #26003663_1",2025,1.0,Tp Hồ Chí Minh,Quận Tân Phú,"⭐️ CỬA HÀNG PHẠM TUẤN XE ĐIỆN CŨ 
CHUYÊN THU MUA XE ĐIỆN CŨ - GIÁ CAO - BAO MỌI GIẤY TỜ LIÊN QUAN
📌 Địa chỉ: 244 Thoại Ngọc Hầu . Phú Thạnh , Q .Tân Phú . TP HCM.
⭐️ ĐỊNH GIÁ MIỄN PHÍ XE MÁY ⭐️

❤️ Chuyên Thu Mua Xe Điện Cũ với các dòng như sau, Giá Bao Thị Trường
( VINFAST . YADEA . DATBIKE . PEGA...)

Giá thu từ: 1tr - 99tr

Dịch vụ đặc biệt:
❤️ Bấm Giá Trong Vòng 30s Để Khách Hàng Tham Khảo Giá
❤️ Hỗ Trợ Mua Tận Nơi ( Sài Gòn và những chỗ lân cận)


😍😍😍 CẦN KẾT NỐI VỚI SHOWROOM CÁC HÃNG XE ĐIỆN NEW THU CŨ ĐỔI MỚI CHO KHÁCH HÀNG

code: #thumuaxe #26003663_1",Cần xác minh,Khác,Không phân loại,,
134558870,Xe Điện 3sGo - Feliz II Trắng 700km,25900000,"Feliz II BSTP Chính Chủ 
- Odo 700km
- 2pin (free thuê 2pin 1 năm)
- Óc tán 7 màu keng 
- Còn đủ phụ kiện theo xe 
- Bảo hành Vinfast toàn quốc
⛔️ Nợ xấu đưa 0đ có LÃI SUẤT hoặc 15tr KO LÃI SUẤT
--------------------
✅ 𝗛𝗼̂̃ 𝗧𝗿𝗼̛̣ 𝗔𝗲 𝗟𝗲̂𝗻 𝗛𝗼̂̀ 𝗦𝗼̛ 𝗕𝗮𝗻𝗸 𝗡𝗵𝗮̣̂𝗻 𝗫𝗲 𝗩𝗮̀ 𝗖𝗮𝘃𝗲𝘁 𝗚𝗼̂́𝗰
✅ 𝗡𝗼̛̣ 𝗫𝗮̂́𝘂 – 𝗛𝗼̂̃ 𝗧𝗿𝗼̛̣ 𝟬 Đ𝗼̂̀𝗻𝗴 – 𝗞𝗵𝗼̂𝗻𝗴 𝗫𝗮́𝗰 𝗠𝗶𝗻𝗵
✅ 𝗡𝗼̛̣ 𝗫𝗮̂́𝘂 – 𝗛𝗼̂̃ 𝗧𝗿𝗼̛̣ Đ𝘂̛𝗮 𝟯𝟬% – 𝗞𝗵𝗼̂𝗻𝗴 𝗟𝗮̃𝗶
✅ Đ𝗼̂̉𝗶 𝗣𝗶𝗻 𝗞𝗵𝗼̂𝗻𝗴 𝗖𝗵𝗼̛̀ 𝗦𝗮̣c 𝗡𝗵𝗶𝗲̂̀𝘂 𝗖𝗵𝗶 𝗡𝗵𝗮́𝗻𝗵
✅ 𝗛ỗ 𝗧𝗿𝗼̛̣ 𝟮 𝗡𝗮̆𝗺 𝗫𝗲 𝗛𝘂̛ – 𝗖𝗼́ 𝗫𝗲 𝗞𝗵𝗮́𝗰 𝗗𝘂̀𝗻𝗴
✅ Đ𝗮̆𝗻𝗴 𝗞𝘆́ 𝗔𝗽𝗽 𝗫𝗮𝗻𝗵 𝗣𝗹𝗮𝘁𝗳𝗼𝗿𝗺 – 𝗧𝗮̣𝗶 𝗖𝗵𝗼̂̃
--------------------
🏠𝟮𝟴𝟴 𝗧𝗿𝘂̛𝗼̛̀𝗻𝗴 𝗖𝗵𝗶𝗻𝗵 - 𝗣𝗵ư𝗼̛̀𝗻𝗴 Đ𝗼̂𝗻𝗴 𝗛𝘂̛𝗻𝗴 𝗧𝗵𝘂𝗮̣̂𝗻 - 𝗛𝗖𝗠 (𝗤𝘂𝗮̣̂𝗻𝟭𝟮 𝗰𝘂̃)",2026,700.0,Tp Hồ Chí Minh,Quận 12,"Feliz II BSTP Chính Chủ 
- Odo 700km
- 2pin (free thuê 2pin 1 năm)
- Óc tán 7 màu keng 
- Còn đủ phụ kiện theo xe 
- Bảo hành Vinfast toàn quốc
⛔️ Nợ xấu đưa 0đ có LÃI SUẤT hoặc 15tr KO LÃI SUẤT
--------------------
✅ 𝗛𝗼̂̃ 𝗧𝗿𝗼̛̣ 𝗔𝗲 𝗟𝗲̂𝗻 𝗛𝗼̂̀ 𝗦𝗼̛ 𝗕𝗮𝗻𝗸 𝗡𝗵𝗮̣̂𝗻 𝗫𝗲 𝗩𝗮̀ 𝗖𝗮𝘃𝗲𝘁 𝗚𝗼̂́𝗰
✅ 𝗡𝗼̛̣ 𝗫𝗮̂́𝘂 – 𝗛𝗼̂̃ 𝗧𝗿𝗼̛̣ 𝟬 Đ𝗼̂̀𝗻𝗴 – 𝗞𝗵𝗼̂𝗻𝗴 𝗫𝗮́𝗰 𝗠𝗶𝗻𝗵
✅ 𝗡𝗼̛̣ 𝗫𝗮̂́𝘂 – 𝗛𝗼̂̃ 𝗧𝗿𝗼̛̣ Đ𝘂̛𝗮 𝟯𝟬% – 𝗞𝗵𝗼̂𝗻𝗴 𝗟𝗮̃𝗶
✅ Đ𝗼̂̉𝗶 𝗣𝗶𝗻 𝗞𝗵𝗼̂𝗻𝗴 𝗖𝗵𝗼̛̀ 𝗦𝗮̣c 𝗡𝗵𝗶𝗲̂̀𝘂 𝗖𝗵𝗶 𝗡𝗵𝗮́𝗻𝗵
✅ 𝗛ỗ 𝗧𝗿𝗼̛̣ 𝟮 𝗡𝗮̆𝗺 𝗫𝗲 𝗛𝘂̛ – 𝗖𝗼́ 𝗫𝗲 𝗞𝗵𝗮́𝗰 𝗗𝘂̀𝗻𝗴
✅ Đ𝗮̆𝗻𝗴 𝗞𝘆́ 𝗔𝗽𝗽 𝗫𝗮𝗻𝗵 𝗣𝗹𝗮𝘁𝗳𝗼𝗿𝗺 – 𝗧𝗮̣𝗶 𝗖𝗵𝗼̂̃
--------------------
🏠𝟮𝟴𝟴 𝗧𝗿𝘂̛𝗼̛̀𝗻𝗴 𝗖𝗵𝗶𝗻𝗵 - 𝗣𝗵ư𝗼̛̀𝗻𝗴 Đ𝗼̂𝗻𝗴 𝗛𝘂̛𝗻𝗴 𝗧𝗵𝘂𝗮̣̂𝗻 - 𝗛𝗖𝗠 (𝗤𝘂𝗮̣̂𝗻𝟭𝟮 𝗰𝘂̃)",Cần xác minh,VinFast,Feliz,27000000.0,4.1
134621837,Xe máy điện Xmen 2019 Đen Việt Nam,4900000,"BÁN XE MÁY ĐIỆN cũ :  Xmen 
Giá:4tr900  bình khỏe 30/35km/1 lần sạc 
Đk 2019 biển số 74 
xe ở Cầu Vượt Sóng Thần  Qlộ 1A 
LH: ***
Có nhan đổi xe điện cũ các loại",2019,8978.0,Tp Hồ Chí Minh,Thành phố Thủ Đức,"BÁN XE MÁY ĐIỆN cũ :  Xmen 
Giá:4tr900  bình khỏe 30/35km/1 lần sạc 
Đk 2019 biển số 74 
xe ở Cầu Vượt Sóng Thần  Qlộ 1A 
LH: ***
Có nhan đổi xe điện cũ các loại",Cần xác minh,Khác,Không phân loại,,
134621834,Xe máy điện VinFast Vento Neo Trắng 9.000KM,29500000,"Vento Neo 9.000KM Cập Bến 😍😍😍

Giá..29.5Tr

☎️*** Em bi",2025,9000.0,Tp Hồ Chí Minh,Quận Tân Phú,"Vento Neo 9.000KM Cập Bến 😍😍😍

Giá..29.5Tr

☎️*** Em bi",Cần xác minh,VinFast,Vento,50000000.0,41.0
134621825,"VinFast Feliz Neo 2025 Xám 38,900km",28000000,"Feliz Ne***


- ODO : 38,900km
- Pin : 72v 105Ah . Quãng đường đi được từ 200km 1 lần sạc
- Ngoại hình : 95%
- Thủ tục mua bán : công chứng mua bán ra tên mới. Chủ xe hỗ trợ rút hồ sơ
- Năm đăng ký : 10/2025
- Giá bán :  28,000,000
- Có hỗ trợ trả góp, nợ xấu
- Có cho thuê xe, trao đổi mua bán xe, ký gửi xe",2025,38900.0,Tp Hồ Chí Minh,Quận Tân Bình,"Feliz Ne***


- ODO : 38,900km
- Pin : 72v 105Ah . Quãng đường đi được từ 200km 1 lần sạc
- Ngoại hình : 95%
- Thủ tục mua bán : công chứng mua bán ra tên mới. Chủ xe hỗ trợ rút hồ sơ
- Năm đăng ký : 10/2025
- Giá bán :  28,000,000
- Có hỗ trợ trả góp, nợ xấu
- Có cho thuê xe, trao đổi mua bán xe, ký gửi xe",Cần xác minh,VinFast,Feliz,27000000.0,-3.7
134621821,Xe điện gogo,5200000,"bán xe điện còn rất tốt nhập khẩu nguyên chiếc giá vừa tầm ai mua cho con đi hoc câp 3 đỡ đươc bao nhiêu tiền nhà nhiêu xe lên bán nhanh cho gọn
ai thiên chí mua hoăc nhăn tin nêu ko nghe may kip",2019,5252.0,Hải Phòng,Quận Ngô Quyền,"bán xe điện còn rất tốt nhập khẩu nguyên chiếc giá vừa tầm ai mua cho con đi hoc câp 3 đỡ đươc bao nhiêu tiền nhà nhiêu xe lên bán nhanh cho gọn
ai thiên chí mua hoăc nhăn tin nêu ko nghe may kip",Cần xác minh,Dibao,Gogo,14500000.0,64.1
134621813,Quantum S3 odo 10k xe đẹp ken biển sg,32500000,"Quantum s3 xe đẹp ken 9 chủ ký 
Có gop nợ xấu tay đôi",2025,10412.0,Tp Hồ Chí Minh,Quận Tân Phú,"Quantum s3 xe đẹp ken 9 chủ ký 
Có gop nợ xấu tay đôi",Cần xác minh,Dat Bike,Quantum,34900000.0,6.9
133165398,Xe máy điện VinFast Feliz 2 Trắng,17500000,"Xe máy điện VinFast Feliz 2 màu trắng, thiết kế hiện đại, phù hợp cho cả nam và nữ. 
- Xe vận hành êm ái, tiết kiệm năng lượng. 
- Trang bị nhiều tính năng thông minh. 
- Xe mới, ít sử dụng.
- chuyển nhượng hợp đồng thuê 2 pin vinfast 1,5kw
",2026,1589.0,Đồng Nai,Huyện Trảng Bom,"Xe máy điện VinFast Feliz 2 màu trắng, thiết kế hiện đại, phù hợp cho cả nam và nữ. 
- Xe vận hành êm ái, tiết kiệm năng lượng. 
- Trang bị nhiều tính năng thông minh. 
- Xe mới, ít sử dụng.
- chuyển nhượng hợp đồng thuê 2 pin vinfast 1,5kw
",Cần xác minh,VinFast,Feliz,27000000.0,35.2
134536690,Xe Điện 3sGo -  Evo200Lite 2025 Đen,22900000,"Evo200Lite  - Bstp 9 Chủ ĐK 2025
- 2 Chìa khoá đầy đủ
- Dàn áo dán keng 98%
- Óc tán 7 màu keng 98%
- Còn đủ phụ kiện theo xe
❤️Xe keng 98% so với xe new 
⛔️ Nợ xấu đưa 3tr2 có LÃI SUẤT hoặc 12tr KO LÃI SUẤT
--------------------
✅ 𝗛𝗼̂̃ 𝗧𝗿𝗼̛̣ 𝗔𝗲 𝗟𝗲̂𝗻 𝗛𝗼̂̀ 𝗦𝗼̛ 𝗕𝗮𝗻𝗸 𝗡𝗵𝗮̣̂𝗻 𝗫𝗲 𝗩𝗮̀ 𝗖𝗮𝘃𝗲𝘁 𝗚𝗼̂́𝗰
✅ 𝗡𝗼̛̣ 𝗫𝗮̂́𝘂 – 𝗛𝗼̂̃ 𝗧𝗿𝗼̛̣ 𝟬 Đ𝗼̂̀𝗻𝗴 – 𝗞𝗵𝗼̂𝗻𝗴 𝗫𝗮́𝗰 𝗠𝗶𝗻𝗵
✅ 𝗡𝗼̛̣ 𝗫𝗮̂́𝘂 – 𝗛𝗼̂̃ 𝗧𝗿𝗼̛̣ Đ𝘂̛𝗮 𝟯𝟬% – 𝗞𝗵𝗼̂𝗻𝗴 𝗟𝗮̃𝗶
✅ Đ𝗼̂̉𝗶 𝗣𝗶𝗻 𝗞𝗵𝗼̂𝗻𝗴 𝗖𝗵𝗼̛̀ 𝗦𝗮̣c 𝗡𝗵𝗶𝗲̂̀𝘂 𝗖𝗵𝗶 𝗡𝗵𝗮́𝗻𝗵
✅ 𝗛ỗ 𝗧𝗿𝗼̛̣ 𝟮 𝗡𝗮̆𝗺 𝗫𝗲 𝗛𝘂̛ – 𝗖𝗼́ 𝗫𝗲 𝗞𝗵𝗮́𝗰 𝗗𝘂̀𝗻𝗴
✅ Đ𝗮̆𝗻𝗴 𝗞𝘆́ 𝗔𝗽𝗽 𝗫𝗮𝗻𝗵 𝗣𝗹𝗮𝘁𝗳𝗼𝗿𝗺 – 𝗧𝗮̣𝗶 𝗖𝗵𝗼̂̃
--------------------
🏠𝟮𝟴𝟴 𝗧𝗿𝘂̛𝗼̛̀𝗻𝗴 𝗖𝗵𝗶𝗻𝗵 - 𝗣𝗵ư𝗼̛̀𝗻𝗴 Đ𝗼̂𝗻𝗴 𝗛𝘂̛𝗻𝗴 𝗧𝗵𝘂𝗮̣̂𝗻 - 𝗛𝗖𝗠 (𝗤𝘂𝗮̣̂𝗻𝟭𝟮 𝗰𝘂̃)",2025,,Tp Hồ Chí Minh,Quận 12,"Evo200Lite  - Bstp 9 Chủ ĐK 2025
- 2 Chìa khoá đầy đủ
- Dàn áo dán keng 98%
- Óc tán 7 màu keng 98%
- Còn đủ phụ kiện theo xe
❤️Xe keng 98% so với xe new 
⛔️ Nợ xấu đưa 3tr2 có LÃI SUẤT hoặc 12tr KO LÃI SUẤT
--------------------
✅ 𝗛𝗼̂̃ 𝗧𝗿𝗼̛̣ 𝗔𝗲 𝗟𝗲̂𝗻 𝗛𝗼̂̀ 𝗦𝗼̛ 𝗕𝗮𝗻𝗸 𝗡𝗵𝗮̣̂𝗻 𝗫𝗲 𝗩𝗮̀ 𝗖𝗮𝘃𝗲𝘁 𝗚𝗼̂́𝗰
✅ 𝗡𝗼̛̣ 𝗫𝗮̂́𝘂 – 𝗛𝗼̂̃ 𝗧𝗿𝗼̛̣ 𝟬 Đ𝗼̂̀𝗻𝗴 – 𝗞𝗵𝗼̂𝗻𝗴 𝗫𝗮́𝗰 𝗠𝗶𝗻𝗵
✅ 𝗡𝗼̛̣ 𝗫𝗮̂́𝘂 – 𝗛𝗼̂̃ 𝗧𝗿𝗼̛̣ Đ𝘂̛𝗮 𝟯𝟬% – 𝗞𝗵𝗼̂𝗻𝗴 𝗟𝗮̃𝗶
✅ Đ𝗼̂̉𝗶 𝗣𝗶𝗻 𝗞𝗵𝗼̂𝗻𝗴 𝗖𝗵𝗼̛̀ 𝗦𝗮̣c 𝗡𝗵𝗶𝗲̂̀𝘂 𝗖𝗵𝗶 𝗡𝗵𝗮́𝗻𝗵
✅ 𝗛ỗ 𝗧𝗿𝗼̛̣ 𝟮 𝗡𝗮̆𝗺 𝗫𝗲 𝗛𝘂̛ – 𝗖𝗼́ 𝗫𝗲 𝗞𝗵𝗮́𝗰 𝗗𝘂̀𝗻𝗴
✅ Đ𝗮̆𝗻𝗴 𝗞𝘆́ 𝗔𝗽𝗽 𝗫𝗮𝗻𝗵 𝗣𝗹𝗮𝘁𝗳𝗼𝗿𝗺 – 𝗧𝗮̣𝗶 𝗖𝗵𝗼̂̃
--------------------
🏠𝟮𝟴𝟴 𝗧𝗿𝘂̛𝗼̛̀𝗻𝗴 𝗖𝗵𝗶𝗻𝗵 - 𝗣𝗵ư𝗼̛̀𝗻𝗴 Đ𝗼̂𝗻𝗴 𝗛𝘂̛𝗻𝗴 𝗧𝗵𝘂𝗮̣̂𝗻 - 𝗛𝗖𝗠 (𝗤𝘂𝗮̣̂𝗻𝟭𝟮 𝗰𝘂̃)",Cần xác minh,Khác,Không phân loại,,
134621561,Xe máy điện VinFast Feliz 2025 Trắng 2 pin 2.4kW,25000000,"FELIZ 2025 – 2 PIN ZIN – GIÁ 25 TRIỆU 🔥
Biển số: 50AD-256.57

🛵 Feliz 2025 – xe đẹp, 2 pin zin, sẵn sàng chạy ngay!

✨ Thông tin xe:

📍 ODO: 10.000 km
🔋 2 pin 2.4kW zin hãng
💎 Ngoại hình: 95%
📅 Đăng ký: 12/2025
📄 Công chứng mua bán
💰 Giá bán: 25.000.000đ

💳 HỖ TRỢ TRẢ GÓP – HỖ TRỢ HỒ SƠ NỢ XẤU
🛵 Có cho thuê xe
🔄 Nhận trao đổi – mua bán xe
📦 Nhận ký gửi xe

🔥 Điểm đáng tiền: 2 pin zin + đời 2025 + giấy tờ mua bán rõ ràng. Mua về đi hằng ngày hoặc chạy dịch vụ đều tiện.

📩 Quan tâm inbox ngay – xe đẹp, giá tốt, chốt sớm kẻo hết!",2025,10000.0,Tp Hồ Chí Minh,Quận Tân Bình,"FELIZ 2025 – 2 PIN ZIN – GIÁ 25 TRIỆU 🔥
Biển số: 50AD-256.57

🛵 Feliz 2025 – xe đẹp, 2 pin zin, sẵn sàng chạy ngay!

✨ Thông tin xe:

📍 ODO: 10.000 km
🔋 2 pin 2.4kW zin hãng
💎 Ngoại hình: 95%
📅 Đăng ký: 12/2025
📄 Công chứng mua bán
💰 Giá bán: 25.000.000đ

💳 HỖ TRỢ TRẢ GÓP – HỖ TRỢ HỒ SƠ NỢ XẤU
🛵 Có cho thuê xe
🔄 Nhận trao đổi – mua bán xe
📦 Nhận ký gửi xe

🔥 Điểm đáng tiền: 2 pin zin + đời 2025 + giấy tờ mua bán rõ ràng. Mua về đi hằng ngày hoặc chạy dịch vụ đều tiện.

📩 Quan tâm inbox ngay – xe đẹp, giá tốt, chốt sớm kẻo hết!",Kèm pin,VinFast,Feliz,27000000.0,7.4
134621518,Xe máy điện VinFast Feliz Neo 2025 Xám 39000 km,20500000,"Feliz Neo màu xám BS : 50-AC 735.12


- ODO : 39000
- Pin : 1 Pin zin 67v 30Ah + 1 pin song song sàn chân 67v 30Ah . Quãng đường đi được từ 130 - 150km 1 lần sạc
- Ngoại hình : 90%
- Thủ tục mua bán : công chứng mua bán
- Năm đăng ký : 09/2025
- Giá bán :  20,500,000
- Có hỗ trợ trả góp, nợ xấu
- Có cho thuê xe, trao đổi mua bán xe, ký gửi xe",2025,39000.0,Tp Hồ Chí Minh,Quận Tân Bình,"Feliz Neo màu xám BS : 50-AC 735.12


- ODO : 39000
- Pin : 1 Pin zin 67v 30Ah + 1 pin song song sàn chân 67v 30Ah . Quãng đường đi được từ 130 - 150km 1 lần sạc
- Ngoại hình : 90%
- Thủ tục mua bán : công chứng mua bán
- Năm đăng ký : 09/2025
- Giá bán :  20,500,000
- Có hỗ trợ trả góp, nợ xấu
- Có cho thuê xe, trao đổi mua bán xe, ký gửi xe",Kèm pin,VinFast,Feliz,27000000.0,24.1
134506458,Xe Điện 3sGo - Flazz 2026 Trắng 900 km,15900000,"Flazz BSTP ĐK 2026 Chính Chủ 
- Odo 900 cây
- Đã mua 2 pin
- Óc tán 7 màu keng 
- Còn đủ phụ kiện theo xe
- Bảo hành Vinfast toàn quốc
#Giá_15tr9 - Nậu xớ đưa 2tr1 hoặc 5tr1
⛔️ Nợ xấu đưa 2tr1 có LÃI SUẤT hoặc 8tr KO LÃI SUẤT
--------------------
✅ 𝗛𝗼̂̃ 𝗧𝗿𝗼̛̣ 𝗔𝗲 𝗟𝗲̂𝗻 𝗛𝗼̂̀ 𝗦𝗼̛ 𝗕𝗮𝗻𝗸 𝗡𝗵𝗮̣̂𝗻 𝗫𝗲 𝗩𝗮̀ 𝗖𝗮𝘃𝗲𝘁 𝗚𝗼̂́𝗰
✅ 𝗡𝗼̛̣ 𝗫𝗮̂́𝘂 – 𝗛𝗼̂̃ 𝗧𝗿𝗼̛̣ 𝟬 Đ𝗼̂̀𝗻𝗴 – 𝗞𝗵𝗼̂𝗻𝗴 𝗫𝗮́𝗰 𝗠𝗶𝗻𝗵
✅ 𝗡𝗼̛̣ 𝗫𝗮̂́𝘂 – 𝗛𝗼̂̃ 𝗧𝗿𝗼̛̣ Đ𝘂̛𝗮 𝟯𝟬% – 𝗞𝗵𝗼̂𝗻𝗴 𝗟𝗮̃𝗶
✅ Đ𝗼̂̉𝗶 𝗣𝗶𝗻 𝗞𝗵𝗼̂𝗻𝗴 𝗖𝗵𝗼̛̀ 𝗦𝗮̣c 𝗡𝗵𝗶𝗲̂̀𝘂 𝗖𝗵𝗶 𝗡𝗵𝗮́𝗻𝗵
✅ 𝗛ỗ 𝗧𝗿𝗼̛̣ 𝟮 𝗡𝗮̆𝗺 𝗫𝗲 𝗛𝘂̛ – 𝗖𝗼́ 𝗫𝗲 𝗞𝗵𝗮́𝗰 𝗗𝘂̀𝗻𝗴
✅ Đ𝗮̆𝗻𝗴 𝗞𝘆́ 𝗔𝗽𝗽 𝗫𝗮𝗻𝗵 𝗣𝗹𝗮𝘁𝗳𝗼𝗿𝗺 – 𝗧𝗮̣𝗶 𝗖𝗵𝗼̂̃
--------------------
🏠𝟮𝟴𝟴 𝗧𝗿𝘂̛𝗼̛̀𝗻𝗴 𝗖𝗵𝗶𝗻𝗵 - 𝗣𝗵ư𝗼̛̀𝗻𝗴 Đ𝗼̂𝗻𝗴 𝗛𝘂̛𝗻𝗴 𝗧𝗵𝘂𝗮̣̂𝗻 - 𝗛𝗖𝗠 (𝗤𝘂𝗮̣̂𝗻𝟭𝟮 𝗰𝘂̃)",2026,900.0,Tp Hồ Chí Minh,Quận 12,"Flazz BSTP ĐK 2026 Chính Chủ 
- Odo 900 cây
- Đã mua 2 pin
- Óc tán 7 màu keng 
- Còn đủ phụ kiện theo xe
- Bảo hành Vinfast toàn quốc
#Giá_15tr9 - Nậu xớ đưa 2tr1 hoặc 5tr1
⛔️ Nợ xấu đưa 2tr1 có LÃI SUẤT hoặc 8tr KO LÃI SUẤT
--------------------
✅ 𝗛𝗼̂̃ 𝗧𝗿𝗼̛̣ 𝗔𝗲 𝗟𝗲̂𝗻 𝗛𝗼̂̀ 𝗦𝗼̛ 𝗕𝗮𝗻𝗸 𝗡𝗵𝗮̣̂𝗻 𝗫𝗲 𝗩𝗮̀ 𝗖𝗮𝘃𝗲𝘁 𝗚𝗼̂́𝗰
✅ 𝗡𝗼̛̣ 𝗫𝗮̂́𝘂 – 𝗛𝗼̂̃ 𝗧𝗿𝗼̛̣ 𝟬 Đ𝗼̂̀𝗻𝗴 – 𝗞𝗵𝗼̂𝗻𝗴 𝗫𝗮́𝗰 𝗠𝗶𝗻𝗵
✅ 𝗡𝗼̛̣ 𝗫𝗮̂́𝘂 – 𝗛𝗼̂̃ 𝗧𝗿𝗼̛̣ Đ𝘂̛𝗮 𝟯𝟬% – 𝗞𝗵𝗼̂𝗻𝗴 𝗟𝗮̃𝗶
✅ Đ𝗼̂̉𝗶 𝗣𝗶𝗻 𝗞𝗵𝗼̂𝗻𝗴 𝗖𝗵𝗼̛̀ 𝗦𝗮̣c 𝗡𝗵𝗶𝗲̂̀𝘂 𝗖𝗵𝗶 𝗡𝗵𝗮́𝗻𝗵
✅ 𝗛ỗ 𝗧𝗿𝗼̛̣ 𝟮 𝗡𝗮̆𝗺 𝗫𝗲 𝗛𝘂̛ – 𝗖𝗼́ 𝗫𝗲 𝗞𝗵𝗮́𝗰 𝗗𝘂̀𝗻𝗴
✅ Đ𝗮̆𝗻𝗴 𝗞𝘆́ 𝗔𝗽𝗽 𝗫𝗮𝗻𝗵 𝗣𝗹𝗮𝘁𝗳𝗼𝗿𝗺 – 𝗧𝗮̣𝗶 𝗖𝗵𝗼̂̃
--------------------
🏠𝟮𝟴𝟴 𝗧𝗿𝘂̛𝗼̛̀𝗻𝗴 𝗖𝗵𝗶𝗻𝗵 - 𝗣𝗵ư𝗼̛̀𝗻𝗴 Đ𝗼̂𝗻𝗴 𝗛𝘂̛𝗻𝗴 𝗧𝗵𝘂𝗮̣̂𝗻 - 𝗛𝗖𝗠 (𝗤𝘂𝗮̣̂𝗻𝟭𝟮 𝗰𝘂̃)",Cần xác minh,Khác,Không phân loại,,
134555510,Xe Điện 3sGo - Datbike S1 Đen 10.000 km,44900000,"DatbikeS1 BSTP ĐK 2026 Chính Chủ 1 Lần sạc đi 285km
- Odo 10k hơn
- Óc tán 7 màu keng 
- Còn đủ phụ kiện theo xe 
- Bảo hành Datbike toàn quốc
⛔️ Nợ xấu đưa 5tr8 có LÃI SUẤT hoặc 24tr KO LÃI SUẤT
--------------------
✅ 𝗛𝗼̂̃ 𝗧𝗿𝗼̛̣ 𝗔𝗲 𝗟𝗲̂𝗻 𝗛𝗼̂̀ 𝗦𝗼̛ 𝗕𝗮𝗻𝗸 𝗡𝗵𝗮̣̂𝗻 𝗫𝗲 𝗩𝗮̀ 𝗖𝗮𝘃𝗲𝘁 𝗚𝗼̂́𝗰
✅ 𝗡𝗼̛̣ 𝗫𝗮̂́𝘂 – 𝗛𝗼̂̃ 𝗧𝗿𝗼̛̣ 𝟬 Đ𝗼̂̀𝗻𝗴 – 𝗞𝗵𝗼̂𝗻𝗴 𝗫𝗮́𝗰 𝗠𝗶𝗻𝗵
✅ 𝗡𝗼̛̣ 𝗫𝗮̂́𝘂 – 𝗛𝗼̂̃ 𝗧𝗿𝗼̛̣ Đ𝘂̛𝗮 𝟯𝟬% – 𝗞𝗵𝗼̂𝗻𝗴 𝗟𝗮̃𝗶
✅ Đ𝗼̂̉𝗶 𝗣𝗶𝗻 𝗞𝗵𝗼̂𝗻𝗴 𝗖𝗵𝗼̛̀ 𝗦𝗮̣c 𝗡𝗵𝗶𝗲̂̀𝘂 𝗖𝗵𝗶 𝗡𝗵𝗮́𝗻𝗵
✅ 𝗛ỗ 𝗧𝗿𝗼̛̣ 𝟮 𝗡𝗮̆𝗺 𝗫𝗲 𝗛𝘂̛ – 𝗖𝗼́ 𝗫𝗲 𝗞𝗵𝗮́𝗰 𝗗𝘂̀𝗻𝗴
✅ Đ𝗮̆𝗻𝗴 𝗞𝘆́ 𝗔𝗽𝗽 𝗫𝗮𝗻𝗵 𝗣𝗹𝗮𝘁𝗳𝗼𝗿𝗺 – 𝗧𝗮̣𝗶 𝗖𝗵𝗼̂̃
--------------------
🏠𝟮𝟴𝟴 𝗧𝗿𝘂̛𝗼̛̀𝗻𝗴 𝗖𝗵𝗶𝗻𝗵 - 𝗣𝗵ư𝗼̛̀𝗻𝗴 Đ𝗼̂𝗻𝗴 𝗛𝘂̛𝗻𝗴 𝗧𝗵𝘂𝗮̣̂𝗻 - 𝗛𝗖𝗠 (𝗤𝘂𝗮̣̂𝗻𝟭𝟮 𝗰𝘂̃)",2026,10000.0,Tp Hồ Chí Minh,Quận 12,"DatbikeS1 BSTP ĐK 2026 Chính Chủ 1 Lần sạc đi 285km
- Odo 10k hơn
- Óc tán 7 màu keng 
- Còn đủ phụ kiện theo xe 
- Bảo hành Datbike toàn quốc
⛔️ Nợ xấu đưa 5tr8 có LÃI SUẤT hoặc 24tr KO LÃI SUẤT
--------------------
✅ 𝗛𝗼̂̃ 𝗧𝗿𝗼̛̣ 𝗔𝗲 𝗟𝗲̂𝗻 𝗛𝗼̂̀ 𝗦𝗼̛ 𝗕𝗮𝗻𝗸 𝗡𝗵𝗮̣̂𝗻 𝗫𝗲 𝗩𝗮̀ 𝗖𝗮𝘃𝗲𝘁 𝗚𝗼̂́𝗰
✅ 𝗡𝗼̛̣ 𝗫𝗮̂́𝘂 – 𝗛𝗼̂̃ 𝗧𝗿𝗼̛̣ 𝟬 Đ𝗼̂̀𝗻𝗴 – 𝗞𝗵𝗼̂𝗻𝗴 𝗫𝗮́𝗰 𝗠𝗶𝗻𝗵
✅ 𝗡𝗼̛̣ 𝗫𝗮̂́𝘂 – 𝗛𝗼̂̃ 𝗧𝗿𝗼̛̣ Đ𝘂̛𝗮 𝟯𝟬% – 𝗞𝗵𝗼̂𝗻𝗴 𝗟𝗮̃𝗶
✅ Đ𝗼̂̉𝗶 𝗣𝗶𝗻 𝗞𝗵𝗼̂𝗻𝗴 𝗖𝗵𝗼̛̀ 𝗦𝗮̣c 𝗡𝗵𝗶𝗲̂̀𝘂 𝗖𝗵𝗶 𝗡𝗵𝗮́𝗻𝗵
✅ 𝗛ỗ 𝗧𝗿𝗼̛̣ 𝟮 𝗡𝗮̆𝗺 𝗫𝗲 𝗛𝘂̛ – 𝗖𝗼́ 𝗫𝗲 𝗞𝗵𝗮́𝗰 𝗗𝘂̀𝗻𝗴
✅ Đ𝗮̆𝗻𝗴 𝗞𝘆́ 𝗔𝗽𝗽 𝗫𝗮𝗻𝗵 𝗣𝗹𝗮𝘁𝗳𝗼𝗿𝗺 – 𝗧𝗮̣𝗶 𝗖𝗵𝗼̂̃
--------------------
🏠𝟮𝟴𝟴 𝗧𝗿𝘂̛𝗼̛̀𝗻𝗴 𝗖𝗵𝗶𝗻𝗵 - 𝗣𝗵ư𝗼̛̀𝗻𝗴 Đ𝗼̂𝗻𝗴 𝗛𝘂̛𝗻𝗴 𝗧𝗵𝘂𝗮̣̂𝗻 - 𝗛𝗖𝗠 (𝗤𝘂𝗮̣̂𝗻𝟭𝟮 𝗰𝘂̃)",Cần xác minh,Khác,Không phân loại,,
134620997,Xe máy điện Vespa Espero Classic 2022 Xanh ngọc,8400000,"Vespa Espero Classic 1. Đời cao 2022
Bình khoẻ. Đầy đủ giấy tờ
Ngoại hình đẹp như hình.
Giá hơn 8tr400

📍 Có thể xem xe và kiểm tra trực tiếp.
🏠 87 Máy tơ. Nam định
☎️ ***",2022,8000.0,Nam Định,Thành phố Nam Định,"Vespa Espero Classic 1. Đời cao 2022
Bình khoẻ. Đầy đủ giấy tờ
Ngoại hình đẹp như hình.
Giá hơn 8tr400

📍 Có thể xem xe và kiểm tra trực tiếp.
🏠 87 Máy tơ. Nam định
☎️ ***",Cần xác minh,Khác,Không phân loại,,
134434450,Xe đạp điện Yadea V1 Plus Đen,8500000,"Xe điện V1 Plus màu đen
- Kiểu dáng thời trang, dễ điều khiển.
- Động cơ êm ái.
- Pin bền bỉ, di chuyển quãng đường xa.",2025,1.0,Tp Hồ Chí Minh,Quận Tân Bình,"Xe điện V1 Plus màu đen
- Kiểu dáng thời trang, dễ điều khiển.
- Động cơ êm ái.
- Pin bền bỉ, di chuyển quãng đường xa.",Cần xác minh,Yadea,Yadea (Khác),9990000.0,14.9
134620393,Xe máy điện VinFast Vento Neo Trắng 9.000KM,29500000,"Vento Neo 9.000KM Cập Bến 😍😍😍

Giá..29.5Tr

☎️*** Minh Khờ",2025,9000.0,Tp Hồ Chí Minh,Quận Tân Phú,"Vento Neo 9.000KM Cập Bến 😍😍😍

Giá..29.5Tr

☎️*** Minh Khờ",Cần xác minh,VinFast,Vento,50000000.0,41.0
134620294,Vinfast Ludo Xe điện,6600000,Bán xe điện vinfast ludo acquy mới bảo hành 1 năm,2020,10.0,Hà Nội,Quận Tây Hồ,Bán xe điện vinfast ludo acquy mới bảo hành 1 năm,Cần xác minh,VinFast,Ludo,12900000.0,48.8
134620154,Xe máy điện VinFast Vento ABS Đen 7.000km,28800000,"Vento ABS lướt 7.000km
Chính chủ ký
-  Liền lạc đẹp keng
- 2 chìa 2 kính theo xe còn đủ
- Đã úp phuộc sau

Giá: 28tr8
☎️ ***",2025,7000.0,Tp Hồ Chí Minh,Quận 5,"Vento ABS lướt 7.000km
Chính chủ ký
-  Liền lạc đẹp keng
- 2 chìa 2 kính theo xe còn đủ
- Đã úp phuộc sau

Giá: 28tr8
☎️ ***",Cần xác minh,VinFast,Vento,50000000.0,42.4
134620115,Xe máy điện VinFast Vento Neo 2025 Trắng,29500000,"Khách lên đời để lại 
Vento neo siêu lướt
- Biển Tp chính chủ ký
- Pin 3.5, sạc 1000w đời mới 
- Liền lạc đẹp ken
- Góp đưa trước 30% nhận xe

Giá 29tr5
☎️***",2025,9000.0,Tp Hồ Chí Minh,Quận 5,"Khách lên đời để lại 
Vento neo siêu lướt
- Biển Tp chính chủ ký
- Pin 3.5, sạc 1000w đời mới 
- Liền lạc đẹp ken
- Góp đưa trước 30% nhận xe

Giá 29tr5
☎️***",Cần xác minh,VinFast,Vento,50000000.0,41.0
134620037,Xe máy điện Yadea Omee Trắng Ắc quy Graphene,14500000,"Xe máy điện Yadea Omee trắng, mới mua hơn 1 tuần, còn bảo hành hãng. 
 - Xe mới ra mắt 2026, thiết kế hiện đại. 
 - Pin ắc quy Graphene 48V22Ah, tốc độ tối đa 40km/h, công suất 400W. 
 - Phù hợp cho học sinh, sinh viên từ 16 tuổi trở lên hoặc người không có bằng lái. 
 - Giá 14.500.000 đồng.",2026,150.0,Tp Hồ Chí Minh,Thành phố Thủ Đức,"Xe máy điện Yadea Omee trắng, mới mua hơn 1 tuần, còn bảo hành hãng. 
 - Xe mới ra mắt 2026, thiết kế hiện đại. 
 - Pin ắc quy Graphene 48V22Ah, tốc độ tối đa 40km/h, công suất 400W. 
 - Phù hợp cho học sinh, sinh viên từ 16 tuổi trở lên hoặc người không có bằng lái. 
 - Giá 14.500.000 đồng.",Cần xác minh,Yadea,Yadea (Khác),9990000.0,-45.1
134599987,Xe điện Vespa Vision 2026 Xám Đã sử dụng,18500000,"Xe điện vision mới mua 2026 mới 98%

🔥🔥🔥 Siêu Phẩm Mới Về Ạ 🔥🔥🔥 

Vespa Siêu Siêu Lướt 2026

Xe Mới 95%, dk đầy đủ

SmartKey Zin
Xe Điện huy lâm Bán Rẻ 7tr So Với Mới 
Mà Lại Được Xe Như Mới Ạ 

📌 Ship Hàng TOÀN QUỐC - Nhanh chóng
---- 
📞 LH tư vấn miễn phí : ***( zalo / video call ) 
🕹️ Địa chỉ: 389 đội cấn-ba đình - Hà Nội. 
❇️ Cửa Hàng Xe Điện Huy Lâm",2026,5000.0,Hà Nội,Quận Ba Đình,"Xe điện vision mới mua 2026 mới 98%

🔥🔥🔥 Siêu Phẩm Mới Về Ạ 🔥🔥🔥 

Vespa Siêu Siêu Lướt 2026

Xe Mới 95%, dk đầy đủ

SmartKey Zin
Xe Điện huy lâm Bán Rẻ 7tr So Với Mới 
Mà Lại Được Xe Như Mới Ạ 

📌 Ship Hàng TOÀN QUỐC - Nhanh chóng
---- 
📞 LH tư vấn miễn phí : ***( zalo / video call ) 
🕹️ Địa chỉ: *** đội cấn-ba đình - Hà Nội. 
❇️ Cửa Hàng Xe Điện Huy Lâm",Kèm pin,Khác,Không phân loại,,
134619125,Xe máy điện VinFast Evo200 Lite Đen Việt Nam,20000000,"Trâu bò nhất dòng xe học sinh. Ko cần bằng lái. 
Evo200 lite biển SG.
Pin 3.5 kwh, trâu bò nhất nhà Vin. Tầm 100 - 140 km/sạc.
BH hãng đến 2028.
Biển SG, sang tên nhanh chóng.
20tr bao rút hồ sơ. 

Xe điện Z48
104 Đường số 1,kdc Cityland Center Hill, phường Hạnh Thông (t7 nghỉ)
***",2023,18000.0,Tp Hồ Chí Minh,Quận Gò Vấp,"Trâu bò nhất dòng xe học sinh. Ko cần bằng lái. 
Evo200 lite biển SG.
Pin 3.5 kwh, trâu bò nhất nhà Vin. Tầm 100 - 140 km/sạc.
BH hãng đến 2028.
Biển SG, sang tên nhanh chóng.
20tr bao rút hồ sơ. 

Xe điện Z48
*** Đường số 1,kdc Cityland Center Hill, phường Hạnh Thông (t7 nghỉ)
***",Cần xác minh,VinFast,Evo 200,18000000.0,-11.1
134618992,Vinfast Motio màu đỏ - Xe học sinh,8500000,"- Motio Vinfast.  Học sinh trên 16t đi ko cần bằng lái 
- 5 Bình acquy đi 50km/lần sạc 
- Chính chủ công chứng 
- Giá 8tr500k 
- Địa chỉ : 24/6. Đ.TL44. P.thạnh lộc. Q12",2025,10484.0,Tp Hồ Chí Minh,Quận 12,"- Motio Vinfast.  Học sinh trên 16t đi ko cần bằng lái 
- 5 Bình acquy đi 50km/lần sạc 
- Chính chủ công chứng 
- Giá 8tr500k 
- Địa chỉ : 24/6. Đ.TL44. P.thạnh lộc. Q12",Cần xác minh,Khác,Không phân loại,,
134618650,Xe máy điện VinFast Ludo/ Ko Bằng Lái (Cs2),8900000,"VinFast LuDo 50 / Pin / Không Bằng Lái
Trọng Lượng: 68Kg
Công Suất: 500w
Mua mới lúc trước 24.5 Triệu ( Pin Mua )
Năm SX : 2020
Xem Xe Tại CH2 Nguyễn Thông",2020,39000.0,Cần Thơ,Quận Bình Thuỷ,"VinFast LuDo 50 / Pin / Không Bằng Lái
Trọng Lượng: 68Kg
Công Suất: 500w
Mua mới lúc trước 24.5 Triệu ( Pin Mua )
Năm SX : 2020
Xem Xe Tại CH2 Nguyễn Thông",Cần xác minh,VinFast,Ludo,12900000.0,31.0
134602241,Xe Điện 3sGo - QuantumS1 BST 2025 Xanh 30k,35900000,"QuantumS1 BST9chù
- Đăng ký 2025
- Odo 30k
- Yên kimdang 
- Dàn áo keng ko trầy 98%
- Óc tán 7 màu keng 98%
- Còn đủ phụ kiện theo xe
❤️Xe keng 99% so với xe new 
⛔️ Nợ xấu đưa 8tr1 có LÃI SUẤT hoặc 19tr5 KO LÃI SUẤT
--------------------
✅ 𝗛𝗼̂̃ 𝗧𝗿𝗼̛̣ 𝗔𝗲 𝗟𝗲̂𝗻 𝗛𝗼̂̀ 𝗦𝗼̛ 𝗕𝗮𝗻𝗸 𝗡𝗵𝗮̣̂𝗻 𝗫𝗲 𝗩𝗮̀ 𝗖𝗮𝘃𝗲𝘁 𝗚𝗼̂́𝗰
✅ 𝗡𝗼̛̣ 𝗫𝗮̂́𝘂 – 𝗛𝗼̂̃ 𝗧𝗿𝗼̛̣ 𝟬 Đ𝗼̂̀𝗻𝗴 – 𝗞𝗵𝗼̂𝗻𝗴 𝗫𝗮́𝗰 𝗠𝗶𝗻𝗵
✅ 𝗡𝗼̛̣ 𝗫𝗮̂́𝘂 – 𝗛𝗼̂̃ 𝗧𝗿𝗼̛̣ Đ𝘂̛𝗮 𝟯𝟬% – 𝗞𝗵𝗼̂𝗻𝗴 𝗟𝗮̃𝗶
✅ Đ𝗼̂̉𝗶 𝗣𝗶𝗻 𝗞𝗵𝗼̂𝗻𝗴 𝗖𝗵𝗼̛̀ 𝗦𝗮̣c 𝗡𝗵𝗶𝗲̂̀𝘂 𝗖𝗵𝗶 𝗡𝗵𝗮́𝗻𝗵
✅ 𝗛ỗ 𝗧𝗿𝗼̛̣ 𝟮 𝗡𝗮̆𝗺 𝗫𝗲 𝗛𝘂̛ – 𝗖𝗼́ 𝗫𝗲 𝗞𝗵𝗮́𝗰 𝗗𝘂̀𝗻𝗴
✅ Đ𝗮̆𝗻𝗴 𝗞𝘆́ 𝗔𝗽𝗽 𝗫𝗮𝗻𝗵 𝗣𝗹𝗮𝘁𝗳𝗼𝗿𝗺 – 𝗧𝗮̣𝗶 𝗖𝗵𝗼̂̃
--------------------
🏠 𝟭𝟭𝟱 𝗣𝗵𝗮̣𝗺 𝗧𝗵𝗲̂́ 𝗛𝗶𝗲̂̉𝗻 - 𝗖𝗵𝗮́𝗻𝗵 𝗛𝘂̛𝗻𝗴 - 𝗛𝗖𝗠 ( 𝗤𝘂𝗮̣̂𝗻 𝟴 )
☎️ 𝗛𝗼𝘁𝗹𝗶𝗻𝗲 : *** - 𝗗𝗶𝗲̣̂𝘂",2025,30.0,Tp Hồ Chí Minh,Quận 8,"QuantumS1 BST9chù
- Đăng ký 2025
- Odo 30k
- Yên kimdang 
- Dàn áo keng ko trầy 98%
- Óc tán 7 màu keng 98%
- Còn đủ phụ kiện theo xe
❤️Xe keng 99% so với xe new 
⛔️ Nợ xấu đưa 8tr1 có LÃI SUẤT hoặc 19tr5 KO LÃI SUẤT
--------------------
✅ 𝗛𝗼̂̃ 𝗧𝗿𝗼̛̣ 𝗔𝗲 𝗟𝗲̂𝗻 𝗛𝗼̂̀ 𝗦𝗼̛ 𝗕𝗮𝗻𝗸 𝗡𝗵𝗮̣̂𝗻 𝗫𝗲 𝗩𝗮̀ 𝗖𝗮𝘃𝗲𝘁 𝗚𝗼̂́𝗰
✅ 𝗡𝗼̛̣ 𝗫𝗮̂́𝘂 – 𝗛𝗼̂̃ 𝗧𝗿𝗼̛̣ 𝟬 Đ𝗼̂̀𝗻𝗴 – 𝗞𝗵𝗼̂𝗻𝗴 𝗫𝗮́𝗰 𝗠𝗶𝗻𝗵
✅ 𝗡𝗼̛̣ 𝗫𝗮̂́𝘂 – 𝗛𝗼̂̃ 𝗧𝗿𝗼̛̣ Đ𝘂̛𝗮 𝟯𝟬% – 𝗞𝗵𝗼̂𝗻𝗴 𝗟𝗮̃𝗶
✅ Đ𝗼̂̉𝗶 𝗣𝗶𝗻 𝗞𝗵𝗼̂𝗻𝗴 𝗖𝗵𝗼̛̀ 𝗦𝗮̣c 𝗡𝗵𝗶𝗲̂̀𝘂 𝗖𝗵𝗶 𝗡𝗵𝗮́𝗻𝗵
✅ 𝗛ỗ 𝗧𝗿𝗼̛̣ 𝟮 𝗡𝗮̆𝗺 𝗫𝗲 𝗛𝘂̛ – 𝗖𝗼́ 𝗫𝗲 𝗞𝗵𝗮́𝗰 𝗗𝘂̀𝗻𝗴
✅ Đ𝗮̆𝗻𝗴 𝗞𝘆́ 𝗔𝗽𝗽 𝗫𝗮𝗻𝗵 𝗣𝗹𝗮𝘁𝗳𝗼𝗿𝗺 – 𝗧𝗮̣𝗶 𝗖𝗵𝗼̂̃
--------------------
🏠 𝟭𝟭𝟱 𝗣𝗵𝗮̣𝗺 𝗧𝗵𝗲̂́ 𝗛𝗶𝗲̂̉𝗻 - 𝗖𝗵𝗮́𝗻𝗵 𝗛𝘂̛𝗻𝗴 - 𝗛𝗖𝗠 ( 𝗤𝘂𝗮̣̂𝗻 𝟴 )
☎️ 𝗛𝗼𝘁𝗹𝗶𝗻𝗲 : *** - 𝗗𝗶𝗲̣̂𝘂",Cần xác minh,Khác,Không phân loại,,
134617456,Xe máy điện BEFORE ALL Latina VI 2.0 Trắng,12000000,"Xe máy điện mới mua được 3 tháng cần bán lại  hãng: BEFORE ALL
Dòng : latina vi 2.0 
Thiết kế theo kiểu dáng vespa 
Tốc độ tối đa 50km/h 
Pin chạy được 60km
Còn bảo hành 9 tháng
giá mua mới 18tr500 
bán lại 12tr000",2026,300.0,Đà Nẵng,Quận Ngũ Hành Sơn,"Xe máy điện mới mua được 3 tháng cần bán lại  hãng: BEFORE ALL
Dòng : latina vi 2.0 
Thiết kế theo kiểu dáng vespa 
Tốc độ tối đa 50km/h 
Pin chạy được 60km
Còn bảo hành 9 tháng
giá mua mới 18tr500 
bán lại 12tr000",Cần xác minh,Khác,Không phân loại,,
134617447,Xe máy điện DK Bike 2021,7900000,"Xe máy điện Soma SX không cần bằng lái btc 
1 lần sạc đi được 60km , tốc tối đa 46km giờ 
5 bình vừa thay mới còn bảo hành 1 năm 
Áo quần sạch sẽ không bể , full chức năng 
Giá : 7tr9 bình tân",2021,40000.0,Tp Hồ Chí Minh,Quận Bình Tân,"Xe máy điện Soma SX không cần bằng lái btc 
1 lần sạc đi được 60km , tốc tối đa 46km giờ 
5 bình vừa thay mới còn bảo hành 1 năm 
Áo quần sạch sẽ không bể , full chức năng 
Giá : 7tr9 bình tân",Cần xác minh,Khác,Không phân loại,,
134602534,Xe Điện 3sGo - EvoGrand Đen 14k km,22900000,"EvoGrand ĐK 4/2026 BST 9 chủ kí
- Odo 14k
- 2 pin mua theo xe
- Dàn áo keng ko trầy 98%
- Óc tán 7 màu keng 98%
- Còn đủ phụ kiện theo xe
❤️Xe keng 98% so với xe new 
⛔️ Nợ xấu đưa 0Đ có LÃI SUẤT hoặc 13tr KO LÃI SUẤT
--------------------
✅ 𝗛𝗼̂̃ 𝗧𝗿𝗼̛̣ 𝗔𝗲 𝗟𝗲̂𝗻 𝗛𝗼̂̀ 𝗦𝗼̛ 𝗕𝗮𝗻𝗸 𝗡𝗵𝗮̣̂𝗻 𝗫𝗲 𝗩𝗮̀ 𝗖𝗮𝘃𝗲𝘁 𝗚𝗼̂́𝗰
✅ 𝗡𝗼̛̣ 𝗫𝗮̂́𝘂 – 𝗛𝗼̂̃ 𝗧𝗿𝗼̛̣ 𝟬 Đ𝗼̂̀𝗻𝗴 – 𝗞𝗵𝗼̂𝗻𝗴 𝗫𝗮́𝗰 𝗠𝗶𝗻𝗵
✅ 𝗡𝗼̛̣ 𝗫𝗮̂́𝘂 – 𝗛𝗼̂̃ 𝗧𝗿𝗼̛̣ Đ𝘂̛𝗮 𝟯𝟬% – 𝗞𝗵𝗼̂𝗻𝗴 𝗟𝗮̃𝗶
✅ Đ𝗼̂̉𝗶 𝗣𝗶𝗻 𝗞𝗵𝗼̂𝗻𝗴 𝗖𝗵𝗼̛̀ 𝗦𝗮̣c 𝗡𝗵𝗶𝗲̂̀𝘂 𝗖𝗵𝗶 𝗡𝗵𝗮́𝗻𝗵
✅ 𝗛ỗ 𝗧𝗿𝗼̛̣ 𝟮 𝗡𝗮̆𝗺 𝗫𝗲 𝗛𝘂̛ – 𝗖𝗼́ 𝗫𝗲 𝗞𝗵𝗮́𝗰 𝗗𝘂̀𝗻𝗴
✅ Đ𝗮̆𝗻𝗴 𝗞𝘆́ 𝗔𝗽𝗽 𝗫𝗮𝗻𝗵 𝗣𝗹𝗮𝘁𝗳𝗼𝗿𝗺 – 𝗧𝗮̣𝗶 𝗖𝗵𝗼̂̃
--------------------
🏠 𝟭𝟭𝟱 𝗣𝗵𝗮̣𝗺 𝗧𝗵𝗲̂́ 𝗛𝗶𝗲̂̉𝗻 - 𝗖𝗵𝗮́𝗻𝗵 𝗛𝘂̛𝗻𝗴 - 𝗛𝗖𝗠 ( 𝗤𝘂𝗮̣̂𝗻 𝟴 )
☎️ 𝗛𝗼𝘁𝗹𝗶𝗻𝗲 : *** - 𝗗𝗶𝗲̣̂𝘂",2026,14000.0,Tp Hồ Chí Minh,Quận 8,"EvoGrand ĐK 4/2026 BST 9 chủ kí
- Odo 14k
- 2 pin mua theo xe
- Dàn áo keng ko trầy 98%
- Óc tán 7 màu keng 98%
- Còn đủ phụ kiện theo xe
❤️Xe keng 98% so với xe new 
⛔️ Nợ xấu đưa 0Đ có LÃI SUẤT hoặc 13tr KO LÃI SUẤT
--------------------
✅ 𝗛𝗼̂̃ 𝗧𝗿𝗼̛̣ 𝗔𝗲 𝗟𝗲̂𝗻 𝗛𝗼̂̀ 𝗦𝗼̛ 𝗕𝗮𝗻𝗸 𝗡𝗵𝗮̣̂𝗻 𝗫𝗲 𝗩𝗮̀ 𝗖𝗮𝘃𝗲𝘁 𝗚𝗼̂́𝗰
✅ 𝗡𝗼̛̣ 𝗫𝗮̂́𝘂 – 𝗛𝗼̂̃ 𝗧𝗿𝗼̛̣ 𝟬 Đ𝗼̂̀𝗻𝗴 – 𝗞𝗵𝗼̂𝗻𝗴 𝗫𝗮́𝗰 𝗠𝗶𝗻𝗵
✅ 𝗡𝗼̛̣ 𝗫𝗮̂́𝘂 – 𝗛𝗼̂̃ 𝗧𝗿𝗼̛̣ Đ𝘂̛𝗮 𝟯𝟬% – 𝗞𝗵𝗼̂𝗻𝗴 𝗟𝗮̃𝗶
✅ Đ𝗼̂̉𝗶 𝗣𝗶𝗻 𝗞𝗵𝗼̂𝗻𝗴 𝗖𝗵𝗼̛̀ 𝗦𝗮̣c 𝗡𝗵𝗶𝗲̂̀𝘂 𝗖𝗵𝗶 𝗡𝗵𝗮́𝗻𝗵
✅ 𝗛ỗ 𝗧𝗿𝗼̛̣ 𝟮 𝗡𝗮̆𝗺 𝗫𝗲 𝗛𝘂̛ – 𝗖𝗼́ 𝗫𝗲 𝗞𝗵𝗮́𝗰 𝗗𝘂̀𝗻𝗴
✅ Đ𝗮̆𝗻𝗴 𝗞𝘆́ 𝗔𝗽𝗽 𝗫𝗮𝗻𝗵 𝗣𝗹𝗮𝘁𝗳𝗼𝗿𝗺 – 𝗧𝗮̣𝗶 𝗖𝗵𝗼̂̃
--------------------
🏠 𝟭𝟭𝟱 𝗣𝗵𝗮̣𝗺 𝗧𝗵𝗲̂́ 𝗛𝗶𝗲̂̉𝗻 - 𝗖𝗵𝗮́𝗻𝗵 𝗛𝘂̛𝗻𝗴 - 𝗛𝗖𝗠 ( 𝗤𝘂𝗮̣̂𝗻 𝟴 )
☎️ 𝗛𝗼𝘁𝗹𝗶𝗻𝗲 : *** - 𝗗𝗶𝗲̣̂𝘂",Cần xác minh,Khác,Không phân loại,,
133873833,Xe máy điện SANTOSAR VS3 Xám 240W,12300000,"🏆🏆🏆 Hót Hót mẫu xe VS3 hottrend
🎈xe có thông số động cơ 240W, cho học sinh dưới 16t, cho mẹ đị chợ, cho chị em đi làm
📙Dòng xe có cốp rộng, chạy cực kỳ êm ái. Xe có giấy tờ đăng kiểm, hoá đơn đầy đủ ( đi đường không sợ công an), đặc biệt các em học sinh dứoi 16t chạy vẫn đúng quy định
💡xe được trang bị đèn led, thắng đĩa rất an toàn
🪫 chạy bình 48V30ah chính hãng an toàn không lo cháy nổ
🧾 bảo hành 12 tháng
💰giá 12",2026,,Tp Hồ Chí Minh,Thành phố Thủ Đức,"🏆🏆🏆 Hót Hót mẫu xe VS3 hottrend
🎈xe có thông số động cơ 240W, cho học sinh dưới 16t, cho mẹ đị chợ, cho chị em đi làm
📙Dòng xe có cốp rộng, chạy cực kỳ êm ái. Xe có giấy tờ đăng kiểm, hoá đơn đầy đủ ( đi đường không sợ công an), đặc biệt các em học sinh dứoi 16t chạy vẫn đúng quy định
💡xe được trang bị đèn led, thắng đĩa rất an toàn
🪫 chạy bình 48V30ah chính hãng an toàn không lo cháy nổ
🧾 bảo hành 12 tháng
💰giá 12",Cần xác minh,Khác,Không phân loại,,
134026009,Xe máy điện VinFast EVO 200 2024 Đen mờ 11000 km,20000000,"DƯ dùng bán lại chiếc xe máy điện VinFats EVO 200, màu đen mờ sản xuất 2024 , pin mua chạy 11 000km, pin sử dụng 100km mới sạc,xe luôn bảo dưỡng định kỳ tại hãng , bảo đảm xe còn sử dụng tốt,ngay chủ đứng tên bán, cam ơn anh chị đả xem tin.",2024,11000.0,Tp Hồ Chí Minh,Thành phố Thủ Đức,"DƯ dùng bán lại chiếc xe máy điện VinFats EVO 200, màu đen mờ sản xuất 2024 , pin mua chạy 11 000km, pin sử dụng 100km mới sạc,xe luôn bảo dưỡng định kỳ tại hãng , bảo đảm xe còn sử dụng tốt,ngay chủ đứng tên bán, cam ơn anh chị đả xem tin.",Cần xác minh,VinFast,Evo 200,18000000.0,-11.1
134563221,Xe điện V1  946 TỐT 90% CÒN SỔ BH,7900000,"XE MÁY ĐIỆN KONAXOAKA TỐT 90% CÒN SỔ BH

BÌNH SẠC ĐẦY ĐỦ
BẢO HÀNH DÀI HẠN
ZALO-GỌI TRỰC TIẾP ***
XE ĐẸP NHƯ HÌNH",2026,2000.0,Tp Hồ Chí Minh,Quận 1,"XE MÁY ĐIỆN KONAXOAKA TỐT 90% CÒN SỔ BH

BÌNH SẠC ĐẦY ĐỦ
BẢO HÀNH DÀI HẠN
ZALO-GỌI TRỰC TIẾP ***
XE ĐẸP NHƯ HÌNH",Cần xác minh,Khác,Không phân loại,,
134616801,Xe điện Sundiro Xám tím,6000000,"Cần bán xe điện như hình, xe chạy còn tốt, ngoại hình còn đẹp.",2026,5000.0,Tp Hồ Chí Minh,Quận 10,"Cần bán xe điện như hình, xe chạy còn tốt, ngoại hình còn đẹp.",Cần xác minh,Khác,Không phân loại,,
134602590,Xe Điên 3sGo - Evo200 2025 Trắng 10.000 km,21900000,"Evo200 ĐK 8/2025 Pin Mua BSTP
- Odo 10.000 Cây
- Dàn áo keng ko trầy 99%
- Óc tán 7 màu keng 99%
- Còn đủ phụ kiện theo xe
❤️Xe keng 99% so với xe new 
⛔️ Nợ xấu đưa 0Đ có LÃI SUẤT hoặc 12tr5 KO LÃI SUẤT
--------------------
✅ 𝗛𝗼̂̃ 𝗧𝗿𝗼̛̣ 𝗔𝗲 𝗟𝗲̂𝗻 𝗛𝗼̂̀ 𝗦𝗼̛ 𝗕𝗮𝗻𝗸 𝗡𝗵𝗮̣̂𝗻 𝗫𝗲 𝗩𝗮̀ 𝗖𝗮𝘃𝗲𝘁 𝗚𝗼̂́𝗰
✅ 𝗡𝗼̛̣ 𝗫𝗮̂́𝘂 – 𝗛𝗼̂̃ 𝗧𝗿𝗼̛̣ 𝟬 Đ𝗼̂̀𝗻𝗴 – 𝗞𝗵𝗼̂𝗻𝗴 𝗫𝗮́𝗰 𝗠𝗶𝗻𝗵
✅ 𝗡𝗼̛̣ 𝗫𝗮̂́𝘂 – 𝗛𝗼̂̃ 𝗧𝗿𝗼̛̣ Đ𝘂̛𝗮 𝟯𝟬% – 𝗞𝗵𝗼̂𝗻𝗴 𝗟𝗮̃𝗶
✅ Đ𝗼̂̉𝗶 𝗣𝗶𝗻 𝗞𝗵𝗼̂𝗻𝗴 𝗖𝗵𝗼̛̀ 𝗦𝗮̣c 𝗡𝗵𝗶𝗲̂̀𝘂 𝗖𝗵𝗶 𝗡𝗵𝗮́𝗻𝗵
✅ 𝗛ỗ 𝗧𝗿𝗼̛̣ 𝟮 𝗡𝗮̆𝗺 𝗫𝗲 𝗛𝘂̛ – 𝗖𝗼́ 𝗫𝗲 𝗞𝗵𝗮́𝗰 𝗗𝘂̀𝗻𝗴
✅ Đ𝗮̆𝗻𝗴 𝗞𝘆́ 𝗔𝗽𝗽 𝗫𝗮𝗻𝗵 𝗣𝗹𝗮𝘁𝗳𝗼𝗿𝗺 – 𝗧𝗮̣𝗶 𝗖𝗵𝗼̂̃
--------------------
🏠 𝟭𝟭𝟱 𝗣𝗵𝗮̣𝗺 𝗧𝗵𝗲̂́ 𝗛𝗶𝗲̂̉𝗻 - 𝗖𝗵𝗮́𝗻𝗵 𝗛𝘂̛𝗻𝗴 - 𝗛𝗖𝗠 ( 𝗤𝘂𝗮̣̂𝗻 𝟴 )
☎️ 𝗛𝗼𝘁𝗹𝗶𝗻𝗲 : *** - 𝗗𝗶𝗲̣̂𝘂",2025,10000.0,Tp Hồ Chí Minh,Quận 8,"Evo200 ĐK 8/2025 Pin Mua BSTP
- Odo 10.000 Cây
- Dàn áo keng ko trầy 99%
- Óc tán 7 màu keng 99%
- Còn đủ phụ kiện theo xe
❤️Xe keng 99% so với xe new 
⛔️ Nợ xấu đưa 0Đ có LÃI SUẤT hoặc 12tr5 KO LÃI SUẤT
--------------------
✅ 𝗛𝗼̂̃ 𝗧𝗿𝗼̛̣ 𝗔𝗲 𝗟𝗲̂𝗻 𝗛𝗼̂̀ 𝗦𝗼̛ 𝗕𝗮𝗻𝗸 𝗡𝗵𝗮̣̂𝗻 𝗫𝗲 𝗩𝗮̀ 𝗖𝗮𝘃𝗲𝘁 𝗚𝗼̂́𝗰
✅ 𝗡𝗼̛̣ 𝗫𝗮̂́𝘂 – 𝗛𝗼̂̃ 𝗧𝗿𝗼̛̣ 𝟬 Đ𝗼̂̀𝗻𝗴 – 𝗞𝗵𝗼̂𝗻𝗴 𝗫𝗮́𝗰 𝗠𝗶𝗻𝗵
✅ 𝗡𝗼̛̣ 𝗫𝗮̂́𝘂 – 𝗛𝗼̂̃ 𝗧𝗿𝗼̛̣ Đ𝘂̛𝗮 𝟯𝟬% – 𝗞𝗵𝗼̂𝗻𝗴 𝗟𝗮̃𝗶
✅ Đ𝗼̂̉𝗶 𝗣𝗶𝗻 𝗞𝗵𝗼̂𝗻𝗴 𝗖𝗵𝗼̛̀ 𝗦𝗮̣c 𝗡𝗵𝗶𝗲̂̀𝘂 𝗖𝗵𝗶 𝗡𝗵𝗮́𝗻𝗵
✅ 𝗛ỗ 𝗧𝗿𝗼̛̣ 𝟮 𝗡𝗮̆𝗺 𝗫𝗲 𝗛𝘂̛ – 𝗖𝗼́ 𝗫𝗲 𝗞𝗵𝗮́𝗰 𝗗𝘂̀𝗻𝗴
✅ Đ𝗮̆𝗻𝗴 𝗞𝘆́ 𝗔𝗽𝗽 𝗫𝗮𝗻𝗵 𝗣𝗹𝗮𝘁𝗳𝗼𝗿𝗺 – 𝗧𝗮̣𝗶 𝗖𝗵𝗼̂̃
--------------------
🏠 𝟭𝟭𝟱 𝗣𝗵𝗮̣𝗺 𝗧𝗵𝗲̂́ 𝗛𝗶𝗲̂̉𝗻 - 𝗖𝗵𝗮́𝗻𝗵 𝗛𝘂̛𝗻𝗴 - 𝗛𝗖𝗠 ( 𝗤𝘂𝗮̣̂𝗻 𝟴 )
☎️ 𝗛𝗼𝘁𝗹𝗶𝗻𝗲 : *** - 𝗗𝗶𝗲̣̂𝘂",Cần xác minh,VinFast,Evo 200,18000000.0,-21.7
133937642,Xe máy điện VinFast EVO GRAND Lite 2026 Trắng,19000000,a Ai cần liên hệ nhà ở Quận 12 thành phố Hồ Chí Minh cảm ơn xem như mới,2026,506.0,Tp Hồ Chí Minh,Quận 12,a Ai cần liên hệ nhà ở Quận 12 thành phố Hồ Chí Minh cảm ơn xem như mới,Cần xác minh,Khác,Không phân loại,,
134602453,Xe Điện 3sGo - DatBike Quantum S1 Đen,37900000,"QuantumS1 BSTP
- Odo không nói đâu
- Bảo Hành Pin 10 Năm 
- Sạc 1800w 
- Dàn áo keng ko trầy 98%
- Óc tán 7 màu keng 98%
- Còn đủ phụ kiện theo xe
❤️Xe keng 99% so với xe new 
⛔️ Nợ xấu đưa 3tr7 có LÃI SUẤT hoặc 16tr4 KO LÃI SUẤT
--------------------
✅ 𝗛𝗼̂̃ 𝗧𝗿𝗼̛̣ 𝗔𝗲 𝗟𝗲̂𝗻 𝗛𝗼̂̀ 𝗦𝗼̛ 𝗕𝗮𝗻𝗸 𝗡𝗵𝗮̣̂𝗻 𝗫𝗲 𝗩𝗮̀ 𝗖𝗮𝘃𝗲𝘁 𝗚𝗼̂́𝗰
✅ 𝗡𝗼̛̣ 𝗫𝗮̂́𝘂 – 𝗛𝗼̂̃ 𝗧𝗿𝗼̛̣ 𝟬 Đ𝗼̂̀𝗻𝗴 – 𝗞𝗵𝗼̂𝗻𝗴 𝗫𝗮́𝗰 𝗠𝗶𝗻𝗵
✅ 𝗡𝗼̛̣ 𝗫𝗮̂́𝘂 – 𝗛𝗼̂̃ 𝗧𝗿𝗼̛̣ Đ𝘂̛𝗮 𝟯𝟬% – 𝗞𝗵𝗼̂𝗻𝗴 𝗟𝗮̃𝗶
✅ Đ𝗼̂̉𝗶 𝗣𝗶𝗻 𝗞𝗵𝗼̂𝗻𝗴 𝗖𝗵𝗼̛̀ 𝗦𝗮̣c 𝗡𝗵𝗶𝗲̂̀𝘂 𝗖𝗵𝗶 𝗡𝗵𝗮́𝗻𝗵
✅ 𝗛ỗ 𝗧𝗿𝗼̛̣ 𝟮 𝗡𝗮̆𝗺 𝗫𝗲 𝗛𝘂̛ – 𝗖𝗼́ 𝗫𝗲 𝗞𝗵𝗮́𝗰 𝗗𝘂̀𝗻𝗴
✅ Đ𝗮̆𝗻𝗴 𝗞𝘆́ 𝗔𝗽𝗽 𝗫𝗮𝗻𝗵 𝗣𝗹𝗮𝘁𝗳𝗼𝗿𝗺 – 𝗧𝗮̣𝗶 𝗖𝗵𝗼̂̃
--------------------
🏠 𝟭𝟭𝟱 𝗣𝗵𝗮̣𝗺 𝗧𝗵𝗲̂́ 𝗛𝗶𝗲̂̉𝗻 - 𝗖𝗵𝗮́𝗻𝗵 𝗛𝘂̛𝗻𝗴 - 𝗛𝗖𝗠 ( 𝗤𝘂𝗮̣̂𝗻 𝟴 )
☎️ 𝗛𝗼𝘁𝗹𝗶𝗻𝗲 : *** - 𝗗𝗶𝗲̣̂𝘂",2026,,Tp Hồ Chí Minh,Quận 8,"QuantumS1 BSTP
- Odo không nói đâu
- Bảo Hành Pin 10 Năm 
- Sạc 1800w 
- Dàn áo keng ko trầy 98%
- Óc tán 7 màu keng 98%
- Còn đủ phụ kiện theo xe
❤️Xe keng 99% so với xe new 
⛔️ Nợ xấu đưa 3tr7 có LÃI SUẤT hoặc 16tr4 KO LÃI SUẤT
--------------------
✅ 𝗛𝗼̂̃ 𝗧𝗿𝗼̛̣ 𝗔𝗲 𝗟𝗲̂𝗻 𝗛𝗼̂̀ 𝗦𝗼̛ 𝗕𝗮𝗻𝗸 𝗡𝗵𝗮̣̂𝗻 𝗫𝗲 𝗩𝗮̀ 𝗖𝗮𝘃𝗲𝘁 𝗚𝗼̂́𝗰
✅ 𝗡𝗼̛̣ 𝗫𝗮̂́𝘂 – 𝗛𝗼̂̃ 𝗧𝗿𝗼̛̣ 𝟬 Đ𝗼̂̀𝗻𝗴 – 𝗞𝗵𝗼̂𝗻𝗴 𝗫𝗮́𝗰 𝗠𝗶𝗻𝗵
✅ 𝗡𝗼̛̣ 𝗫𝗮̂́𝘂 – 𝗛𝗼̂̃ 𝗧𝗿𝗼̛̣ Đ𝘂̛𝗮 𝟯𝟬% – 𝗞𝗵𝗼̂𝗻𝗴 𝗟𝗮̃𝗶
✅ Đ𝗼̂̉𝗶 𝗣𝗶𝗻 𝗞𝗵𝗼̂𝗻𝗴 𝗖𝗵𝗼̛̀ 𝗦𝗮̣c 𝗡𝗵𝗶𝗲̂̀𝘂 𝗖𝗵𝗶 𝗡𝗵𝗮́𝗻𝗵
✅ 𝗛ỗ 𝗧𝗿𝗼̛̣ 𝟮 𝗡𝗮̆𝗺 𝗫𝗲 𝗛𝘂̛ – 𝗖𝗼́ 𝗫𝗲 𝗞𝗵𝗮́𝗰 𝗗𝘂̀𝗻𝗴
✅ Đ𝗮̆𝗻𝗴 𝗞𝘆́ 𝗔𝗽𝗽 𝗫𝗮𝗻𝗵 𝗣𝗹𝗮𝘁𝗳𝗼𝗿𝗺 – 𝗧𝗮̣𝗶 𝗖𝗵𝗼̂̃
--------------------
🏠 𝟭𝟭𝟱 𝗣𝗵𝗮̣𝗺 𝗧𝗵𝗲̂́ 𝗛𝗶𝗲̂̉𝗻 - 𝗖𝗵𝗮́𝗻𝗵 𝗛𝘂̛𝗻𝗴 - 𝗛𝗖𝗠 ( 𝗤𝘂𝗮̣̂𝗻 𝟴 )
☎️ 𝗛𝗼𝘁𝗹𝗶𝗻𝗲 : *** - 𝗗𝗶𝗲̣̂𝘂",Cần xác minh,Dat Bike,Quantum,34900000.0,-8.6
134031255,"Vinfast Klara Pin cầm,xe đẹp biển Sài Gòn",10800000,"🍓🍓🍓 Xe bà xã đi đã đổi Evo200 nên thanh lý lại người dùng.
Xe Vinfast Klara màu hồng (Xe đẹp lắm nữ tính)
☘️ Biển Số Sài Gòn 41MĐ- chạy không cần bằng
Pin zin mua  + Sạc Zin: sạc đầy 2-3 tiếng đi được 40-50km/1 lần
- Động cơ mới thay trước tết, xe chạy mượt pin cầm tốt 40-50km, đã thay đồng hồ hiện đại + đèn led 2 tầng
🍇 Chị em mua về đưa đón con hay đi chợ vòng vòng trãi nghiệm ok nhé
🍏Ưu tiên: Học Sinh-Sinh Viên, xe chạy không cần bằng lái
🍇🍇🍇 Xem xe tại địa chỉ
Đường DN5, Đông Hưng Thuận,TPHCM( KDC AN SƯƠNG)",2020,28000.0,Tp Hồ Chí Minh,Quận 12,"🍓🍓🍓 Xe bà xã đi đã đổi Evo200 nên thanh lý lại người dùng.
Xe Vinfast Klara màu hồng (Xe đẹp lắm nữ tính)
☘️ Biển Số Sài Gòn 41MĐ- chạy không cần bằng
Pin zin mua  + Sạc Zin: sạc đầy 2-3 tiếng đi được 40-50km/1 lần
- Động cơ mới thay trước tết, xe chạy mượt pin cầm tốt 40-50km, đã thay đồng hồ hiện đại + đèn led 2 tầng
🍇 Chị em mua về đưa đón con hay đi chợ vòng vòng trãi nghiệm ok nhé
🍏Ưu tiên: Học Sinh-Sinh Viên, xe chạy không cần bằng lái
🍇🍇🍇 Xem xe tại địa chỉ
Đường DN5, Đông Hưng Thuận,TPHCM( KDC AN SƯƠNG)",Kèm pin,VinFast,Klara,35000000.0,69.1
134623797,Xe Điện Xmen,5000000,Cần bán 5 triệu xe đầy đủ giấy tờ đăng ký,2026,10000.0,Hà Nội,Huyện Phú Xuyên,Cần bán 5 triệu xe đầy đủ giấy tờ đăng ký,Cần xác minh,Khác,Không phân loại,,
134160705,VinFast Feliz 2025 Xanh oliu - Chính chủ - BSTP,21500000,"🔥 FELIZ 2025 1 PIN – XANH OLIU – CHÍNH CHỦ
📌 Date T6/2026
📌 Odo 12.000 km
📌 BSTP - Chính chủ
📌 Chính chủ, ủy quyền, sang tên công chứng nhanh gọn
💰 Giá: 2x
-----------------------
💚 Xe Điện Lướt Sài Gòn – Chuyên mua bán xe máy điện đã qua sử dụng tại TP.HCM
✅ Có trả góp – Cà thẻ – Giao tận nhà
📍 118A Chiến Lược, P. Bình Trị Đông, TP.HCM",2025,12000.0,Tp Hồ Chí Minh,Quận Bình Tân,"🔥 FELIZ 2025 1 PIN – XANH OLIU – CHÍNH CHỦ
📌 Date T6/2026
📌 Odo 12.000 km
📌 BSTP - Chính chủ
📌 Chính chủ, ủy quyền, sang tên công chứng nhanh gọn
💰 Giá: 2x
-----------------------
💚 Xe Điện Lướt Sài Gòn – Chuyên mua bán xe máy điện đã qua sử dụng tại TP.HCM
✅ Có trả góp – Cà thẻ – Giao tận nhà
📍 118A Chiến Lược, P. Bình Trị Đông, TP.HCM",Cần xác minh,VinFast,Feliz,27000000.0,20.4
134537840,Xe máy điện Yadea thể thao Cam đen,7500000,"Xe máy điện màu cam đen, kiểu dáng thể thao, phù hợp cho cả nam và nữ. 
- Xe chính chủ, có thể ký giấy sang tên. 
- Thích hợp cho học sinh, sinh viên không cần bằng lái. 
- Xe đang sử dụng tốt.",2023,123.0,Tp Hồ Chí Minh,Quận 12,"Xe máy điện màu cam đen, kiểu dáng thể thao, phù hợp cho cả nam và nữ. 
- Xe chính chủ, có thể ký giấy sang tên. 
- Thích hợp cho học sinh, sinh viên không cần bằng lái. 
- Xe đang sử dụng tốt.",Cần xác minh,Yadea,Yadea (Khác),14990000.0,50.0
134623423,Xe điện VinFast Klara màu Đen,10000000,"Tôi có 1 xe điện vinfast Klara màu đen như hình muốn bán do không có nhu cầu sử dụng. Xe còn đi tốt, vẫn chạy bình thường, vỏ còn nguyên vẹn, ko va chạm hay trầy xước. Xe tôi đi ít nên giữ gìn rất cẩn thận.",2020,19903.0,Hà Nội,Quận Ba Đình,"Tôi có 1 xe điện vinfast Klara màu đen như hình muốn bán do không có nhu cầu sử dụng. Xe còn đi tốt, vẫn chạy bình thường, vỏ còn nguyên vẹn, ko va chạm hay trầy xước. Xe tôi đi ít nên giữ gìn rất cẩn thận.",Cần xác minh,VinFast,Klara,35000000.0,71.4
133934022,Vinfast Evo200 Vàng zin 100% chính chủ,21900000,"     
 ✅ Vinfast Evo200 siêu đẹp ko một vết trầy 2025 
✅ Xe chính chủ Bstp ký mua bán ủy quyền đều được nhé 
✅ Pin 3.5 mua đứt bảo hành 8 năm ,sạc đầy đi được 200km
✅ Giá bán : 21,9tr
✅ Dt : 
✅ Xem xe Q6, Ship toàn quốc
",2025,14000.0,Tp Hồ Chí Minh,Quận 6,"     
 ✅ Vinfast Evo200 siêu đẹp ko một vết trầy 2025 
✅ Xe chính chủ Bstp ký mua bán ủy quyền đều được nhé 
✅ Pin 3.5 mua đứt bảo hành 8 năm ,sạc đầy đi được 200km
✅ Giá bán : 21,9tr
✅ Dt : 
✅ Xem xe Q6, Ship toàn quốc
",Kèm pin,VinFast,Evo 200,18000000.0,-21.7
134623388,Xe máy điện VinFast Feliz Đen 14000 km,19500000,Xe odo 14 ngàn xe hoạt động bình thường không lỗi làm gì chỉ việc mua về là chạy không cần suy nghĩ gì hết,2026,14000.0,Đồng Nai,Huyện Xuân Lộc,Xe odo 14 ngàn xe hoạt động bình thường không lỗi làm gì chỉ việc mua về là chạy không cần suy nghĩ gì hết,Cần xác minh,VinFast,Feliz,27000000.0,27.8
134623383,Xe máy điện VinFast Feliz Trắng 300 km,26000000,Xe mới mua về không đi như mới odo mới 300km xe sẵn 2 pin chỉ việc mua về là chạy không khác gì xe mới đầy đủ phụ kiện,2026,300.0,Đồng Nai,Huyện Xuân Lộc,Xe mới mua về không đi như mới odo mới 300km xe sẵn 2 pin chỉ việc mua về là chạy không khác gì xe mới đầy đủ phụ kiện,Cần xác minh,VinFast,Feliz,27000000.0,3.7
134623365,Xe máy điện  2026 Hồng Đã sử dụng,9500000,Xe mới mua được 4 ngày không có nhu cầu đi nữa bán lại mới 99% kh vết trầy xe hoạt động bình thường không lỗi chỉ việc về cắm sạc là chạy,2026,10.0,Đồng Nai,Huyện Xuân Lộc,Xe mới mua được 4 ngày không có nhu cầu đi nữa bán lại mới 99% kh vết trầy xe hoạt động bình thường không lỗi chỉ việc về cắm sạc là chạy,Cần xác minh,Khác,Không phân loại,,
134596908,Quantum S1 2025 lướt đẹp,38500000,"Xe máy điện màu trắng, pin 100% cho quãng đường di chuyển xa. 
- Thiết kế hiện đại, trẻ trung. 
- Vận hành êm ái, tiết kiệm năng lượng. 
- Phù hợp di chuyển trong thành phố.",2025,10.0,Tp Hồ Chí Minh,Quận Bình Tân,"Xe máy điện màu trắng, pin 100% cho quãng đường di chuyển xa. 
- Thiết kế hiện đại, trẻ trung. 
- Vận hành êm ái, tiết kiệm năng lượng. 
- Phù hợp di chuyển trong thành phố.",Cần xác minh,Dat Bike,Quantum,34900000.0,-10.3
134509389,Xe máy điện VinFast Evo200 2025 Đen,20900000,"Evo200  - Bstp 9 Chủ ĐK 2025
- Dàn áo dán keng 98%
- Óc tán 7 màu keng 98%
- Còn đủ phụ kiện theo xe
❤️Xe keng 98% so với xe new 
⛔️ Nợ xấu đưa 0đ có LÃI SUẤT hoặc 11tr KO LÃI SUẤT
--------------------
✅ 𝗛𝗼̂̃ 𝗧𝗿𝗼̛̣ 𝗔𝗲 𝗟𝗲̂𝗻 𝗛𝗼̂̀ 𝗦𝗼̛ 𝗕𝗮𝗻𝗸 𝗡𝗵𝗮̣̂𝗻 𝗫𝗲 𝗩𝗮̀ 𝗖𝗮𝘃𝗲𝘁 𝗚𝗼̂́𝗰
✅ 𝗡𝗼̛̣ 𝗫𝗮̂́𝘂 – 𝗛𝗼̂̃ 𝗧𝗿𝗼̛̣ 𝟬 Đ𝗼̂̀𝗻𝗴 – 𝗞𝗵𝗼̂𝗻𝗴 𝗫𝗮́𝗰 𝗠𝗶𝗻𝗵
✅ 𝗡𝗼̛̣ 𝗫𝗮̂́𝘂 – 𝗛𝗼̂̃ 𝗧𝗿𝗼̛̣ Đ𝘂̛𝗮 𝟯𝟬% – 𝗞𝗵𝗼̂𝗻𝗴 𝗟𝗮̃𝗶
✅ Đ𝗼̂̉𝗶 𝗣𝗶𝗻 𝗞𝗵𝗼̂𝗻𝗴 𝗖𝗵𝗼̛̀ 𝗦𝗮̣c 𝗡𝗵𝗶𝗲̂̀𝘂 𝗖𝗵𝗶 𝗡𝗵𝗮́𝗻𝗵
✅ 𝗛ỗ 𝗧𝗿𝗼̛̣ 𝟮 𝗡𝗮̆𝗺 𝗫𝗲 𝗛𝘂̛ – 𝗖𝗼́ 𝗫𝗲 𝗞𝗵𝗮́𝗰 𝗗𝘂̀𝗻𝗴
✅ Đ𝗮̆𝗻𝗴 𝗞𝘆́ 𝗔𝗽𝗽 𝗫𝗮𝗻𝗵 𝗣𝗹𝗮𝘁𝗳𝗼𝗿𝗺 – 𝗧𝗮̣𝗶 𝗖𝗵𝗼̂̃
--------------------
🏠𝟮𝟴𝟴 𝗧𝗿𝘂̛𝗼̛̀𝗻𝗴 𝗖𝗵𝗶𝗻𝗵 - 𝗣𝗵ư𝗼̛̀𝗻𝗴 Đ𝗼̂𝗻𝗴 𝗛𝘂̛𝗻𝗴 𝗧𝗵𝘂𝗮̣̂𝗻 - 𝗛𝗖𝗠 (𝗤𝘂𝗮̣̂𝗻𝟭𝟮 𝗰𝘂̃)",2025,,Tp Hồ Chí Minh,Quận 12,"Evo200  - Bstp 9 Chủ ĐK 2025
- Dàn áo dán keng 98%
- Óc tán 7 màu keng 98%
- Còn đủ phụ kiện theo xe
❤️Xe keng 98% so với xe new 
⛔️ Nợ xấu đưa 0đ có LÃI SUẤT hoặc 11tr KO LÃI SUẤT
--------------------
✅ 𝗛𝗼̂̃ 𝗧𝗿𝗼̛̣ 𝗔𝗲 𝗟𝗲̂𝗻 𝗛𝗼̂̀ 𝗦𝗼̛ 𝗕𝗮𝗻𝗸 𝗡𝗵𝗮̣̂𝗻 𝗫𝗲 𝗩𝗮̀ 𝗖𝗮𝘃𝗲𝘁 𝗚𝗼̂́𝗰
✅ 𝗡𝗼̛̣ 𝗫𝗮̂́𝘂 – 𝗛𝗼̂̃ 𝗧𝗿𝗼̛̣ 𝟬 Đ𝗼̂̀𝗻𝗴 – 𝗞𝗵𝗼̂𝗻𝗴 𝗫𝗮́𝗰 𝗠𝗶𝗻𝗵
✅ 𝗡𝗼̛̣ 𝗫𝗮̂́𝘂 – 𝗛𝗼̂̃ 𝗧𝗿𝗼̛̣ Đ𝘂̛𝗮 𝟯𝟬% – 𝗞𝗵𝗼̂𝗻𝗴 𝗟𝗮̃𝗶
✅ Đ𝗼̂̉𝗶 𝗣𝗶𝗻 𝗞𝗵𝗼̂𝗻𝗴 𝗖𝗵𝗼̛̀ 𝗦𝗮̣c 𝗡𝗵𝗶𝗲̂̀𝘂 𝗖𝗵𝗶 𝗡𝗵𝗮́𝗻𝗵
✅ 𝗛ỗ 𝗧𝗿𝗼̛̣ 𝟮 𝗡𝗮̆𝗺 𝗫𝗲 𝗛𝘂̛ – 𝗖𝗼́ 𝗫𝗲 𝗞𝗵𝗮́𝗰 𝗗𝘂̀𝗻𝗴
✅ Đ𝗮̆𝗻𝗴 𝗞𝘆́ 𝗔𝗽𝗽 𝗫𝗮𝗻𝗵 𝗣𝗹𝗮𝘁𝗳𝗼𝗿𝗺 – 𝗧𝗮̣𝗶 𝗖𝗵𝗼̂̃
--------------------
🏠𝟮𝟴𝟴 𝗧𝗿𝘂̛𝗼̛̀𝗻𝗴 𝗖𝗵𝗶𝗻𝗵 - 𝗣𝗵ư𝗼̛̀𝗻𝗴 Đ𝗼̂𝗻𝗴 𝗛𝘂̛𝗻𝗴 𝗧𝗵𝘂𝗮̣̂𝗻 - 𝗛𝗖𝗠 (𝗤𝘂𝗮̣̂𝗻𝟭𝟮 𝗰𝘂̃)",Cần xác minh,VinFast,Evo 200,18000000.0,-16.1
134622598,Xe máy điện Quantum s1 2025 Đen,43000000,"Xe máy điện Quantum s1  màu đen, kiểu dáng hiện đại, vận hành êm ái. 
- Xe mới, ít sử dụng. 
- Thiết kế thời trang, phù hợp di chuyển trong phố. 
- Tiết kiệm năng lượng, thân thiện môi trường.
Năm 12.2025",2025,6000.0,Tp Hồ Chí Minh,Thành phố Thủ Đức,"Xe máy điện Quantum s1  màu đen, kiểu dáng hiện đại, vận hành êm ái. 
- Xe mới, ít sử dụng. 
- Thiết kế thời trang, phù hợp di chuyển trong phố. 
- Tiết kiệm năng lượng, thân thiện môi trường.
Năm 12.2025",Cần xác minh,Dat Bike,Quantum,34900000.0,-23.2
134558900,Xe Điện 3sGo - EvoMax BST 65 Trắng 8000 km,20900000,"EvoMax BST 65 Chính Chủ
- Odo 8k
- Sẵn 2 pin thuê
- Óc tán 7 màu keng 
- Còn đủ phụ kiện theo xe
- Bảo hành Vinfats toàn quốc
⛔️ Nợ xấu đưa 0đ có LÃI SUẤT hoặc 12tr KO LÃI SUẤT
--------------------
✅ 𝗛𝗼̂̃ 𝗧𝗿𝗼̛̣ 𝗔𝗲 𝗟𝗲̂𝗻 𝗛𝗼̂̀ 𝗦𝗼̛ 𝗕𝗮𝗻𝗸 𝗡𝗵𝗮̣̂𝗻 𝗫𝗲 𝗩𝗮̀ 𝗖𝗮𝘃𝗲𝘁 𝗚𝗼̂́𝗰
✅ 𝗡𝗼̛̣ 𝗫𝗮̂́𝘂 – 𝗛𝗼̂̃ 𝗧𝗿𝗼̛̣ 𝟬 Đ𝗼̂̀𝗻𝗴 – 𝗞𝗵𝗼̂𝗻𝗴 𝗫𝗮́𝗰 𝗠𝗶𝗻𝗵
✅ 𝗡𝗼̛̣ 𝗫𝗮̂́𝘂 – 𝗛𝗼̂̃ 𝗧𝗿𝗼̛̣ Đ𝘂̛𝗮 𝟯𝟬% – 𝗞𝗵𝗼̂𝗻𝗴 𝗟𝗮̃𝗶
✅ Đ𝗼̂̉𝗶 𝗣𝗶𝗻 𝗞𝗵𝗼̂𝗻𝗴 𝗖𝗵𝗼̛̀ 𝗦𝗮̣c 𝗡𝗵𝗶𝗲̂̀𝘂 𝗖𝗵𝗶 𝗡𝗵𝗮́𝗻𝗵
✅ 𝗛ỗ 𝗧𝗿𝗼̛̣ 𝟮 𝗡𝗮̆𝗺 𝗫𝗲 𝗛𝘂̛ – 𝗖𝗼́ 𝗫𝗲 𝗞𝗵𝗮́𝗰 𝗗𝘂̀𝗻𝗴
✅ Đ𝗮̆𝗻𝗴 𝗞𝘆́ 𝗔𝗽𝗽 𝗫𝗮𝗻𝗵 𝗣𝗹𝗮𝘁𝗳𝗼𝗿𝗺 – 𝗧𝗮̣𝗶 𝗖𝗵𝗼̂̃
--------------------
🏠𝟮𝟴𝟴 𝗧𝗿𝘂̛𝗼̛̀𝗻𝗴 𝗖𝗵𝗶𝗻𝗵 - 𝗣𝗵ư𝗼̛̀𝗻𝗴 Đ𝗼̂𝗻𝗴 𝗛𝘂̛𝗻𝗴 𝗧𝗵𝘂𝗮̣̂𝗻 - 𝗛𝗖𝗠 (𝗤𝘂𝗮̣̂𝗻𝟭𝟮 𝗰𝘂̃)",2026,8000.0,Tp Hồ Chí Minh,Quận 12,"EvoMax BST 65 Chính Chủ
- Odo 8k
- Sẵn 2 pin thuê
- Óc tán 7 màu keng 
- Còn đủ phụ kiện theo xe
- Bảo hành Vinfats toàn quốc
⛔️ Nợ xấu đưa 0đ có LÃI SUẤT hoặc 12tr KO LÃI SUẤT
--------------------
✅ 𝗛𝗼̂̃ 𝗧𝗿𝗼̛̣ 𝗔𝗲 𝗟𝗲̂𝗻 𝗛𝗼̂̀ 𝗦𝗼̛ 𝗕𝗮𝗻𝗸 𝗡𝗵𝗮̣̂𝗻 𝗫𝗲 𝗩𝗮̀ 𝗖𝗮𝘃𝗲𝘁 𝗚𝗼̂́𝗰
✅ 𝗡𝗼̛̣ 𝗫𝗮̂́𝘂 – 𝗛𝗼̂̃ 𝗧𝗿𝗼̛̣ 𝟬 Đ𝗼̂̀𝗻𝗴 – 𝗞𝗵𝗼̂𝗻𝗴 𝗫𝗮́𝗰 𝗠𝗶𝗻𝗵
✅ 𝗡𝗼̛̣ 𝗫𝗮̂́𝘂 – 𝗛𝗼̂̃ 𝗧𝗿𝗼̛̣ Đ𝘂̛𝗮 𝟯𝟬% – 𝗞𝗵𝗼̂𝗻𝗴 𝗟𝗮̃𝗶
✅ Đ𝗼̂̉𝗶 𝗣𝗶𝗻 𝗞𝗵𝗼̂𝗻𝗴 𝗖𝗵𝗼̛̀ 𝗦𝗮̣c 𝗡𝗵𝗶𝗲̂̀𝘂 𝗖𝗵𝗶 𝗡𝗵𝗮́𝗻𝗵
✅ 𝗛ỗ 𝗧𝗿𝗼̛̣ 𝟮 𝗡𝗮̆𝗺 𝗫𝗲 𝗛𝘂̛ – 𝗖𝗼́ 𝗫𝗲 𝗞𝗵𝗮́𝗰 𝗗𝘂̀𝗻𝗴
✅ Đ𝗮̆𝗻𝗴 𝗞𝘆́ 𝗔𝗽𝗽 𝗫𝗮𝗻𝗵 𝗣𝗹𝗮𝘁𝗳𝗼𝗿𝗺 – 𝗧𝗮̣𝗶 𝗖𝗵𝗼̂̃
--------------------
🏠𝟮𝟴𝟴 𝗧𝗿𝘂̛𝗼̛̀𝗻𝗴 𝗖𝗵𝗶𝗻𝗵 - 𝗣𝗵ư𝗼̛̀𝗻𝗴 Đ𝗼̂𝗻𝗴 𝗛𝘂̛𝗻𝗴 𝗧𝗵𝘂𝗮̣̂𝗻 - 𝗛𝗖𝗠 (𝗤𝘂𝗮̣̂𝗻𝟭𝟮 𝗰𝘂̃)",Cần xác minh,Khác,Không phân loại,,
134366874,"Xe máy điện Typer 2 Trắng, Cam đã sử dụng",7800000,"Typer 2 đi ít còn như mới bán nửa giá mới

🛵TRẺ TRUNG - PHONG CÁCH - NĂNG ĐỘNG 
✴️ thanh lý xe typer2 
💸💸 giá bán 7tr800
☑️ màu sắc trung tính, thời trang (bảo hành 6 tháng) 
☑️ máy móc nguyên zin, an toàn tiết kiệm điện , Xanh, sạch không ồn 
☎️ Zalo *** (free ship Hà Nội, hỗ trợ ship toàn quốc  )
🏠 389 đội cấn -Hà Nội",2025,10000.0,Hà Nội,Quận Ba Đình,"Typer 2 đi ít còn như mới bán nửa giá mới

🛵TRẺ TRUNG - PHONG CÁCH - NĂNG ĐỘNG 
✴️ thanh lý xe typer2 
💸💸 giá bán 7tr800
☑️ màu sắc trung tính, thời trang (bảo hành 6 tháng) 
☑️ máy móc nguyên zin, an toàn tiết kiệm điện , Xanh, sạch không ồn 
☎️ Zalo *** (free ship Hà Nội, hỗ trợ ship toàn quốc  )
🏠 *** đội cấn -Hà Nội",Kèm pin,Khác,Không phân loại,,
134508320,Xe Điện 3sGo - Datbike S1 2026 Đen 10000 km,44900000,"DatbikeS1 BSTP ĐK 2026 Chính Chủ 1 Lần sạc đi 285km
- Odo 10k hơn
- Óc tán 7 màu keng 
- Còn đủ phụ kiện theo xe 
- Bảo hành Datbike toàn quốc
⛔️ Nợ xấu đưa 5tr8 có LÃI SUẤT hoặc 23tr KO LÃI SUẤT
--------------------
✅ 𝗛𝗼̂̃ 𝗧𝗿𝗼̛̣ 𝗔𝗲 𝗟𝗲̂𝗻 𝗛𝗼̂̀ 𝗦𝗼̛ 𝗕𝗮𝗻𝗸 𝗡𝗵𝗮̣̂𝗻 𝗫𝗲 𝗩𝗮̀ 𝗖𝗮𝘃𝗲𝘁 𝗚𝗼̂́𝗰
✅ 𝗡𝗼̛̣ 𝗫𝗮̂́𝘂 – 𝗛𝗼̂̃ 𝗧𝗿𝗼̛̣ 𝟬 Đ𝗼̂̀𝗻𝗴 – 𝗞𝗵𝗼̂𝗻𝗴 𝗫𝗮́𝗰 𝗠𝗶𝗻𝗵
✅ 𝗡𝗼̛̣ 𝗫𝗮̂́𝘂 – 𝗛𝗼̂̃ 𝗧𝗿𝗼̛̣ Đ𝘂̛𝗮 𝟯𝟬% – 𝗞𝗵𝗼̂𝗻𝗴 𝗟𝗮̃𝗶
✅ Đ𝗼̂̉𝗶 𝗣𝗶𝗻 𝗞𝗵𝗼̂𝗻𝗴 𝗖𝗵𝗼̛̀ 𝗦𝗮̣c 𝗡𝗵𝗶𝗲̂̀𝘂 𝗖𝗵𝗶 𝗡𝗵𝗮́𝗻𝗵
✅ 𝗛ỗ 𝗧𝗿𝗼̛̣ 𝟮 𝗡𝗮̆𝗺 𝗫𝗲 𝗛𝘂̛ – 𝗖𝗼́ 𝗫𝗲 𝗞𝗵𝗮́𝗰 𝗗𝘂̀𝗻𝗴
✅ Đ𝗮̆𝗻𝗴 𝗞𝘆́ 𝗔𝗽𝗽 𝗫𝗮𝗻𝗵 𝗣𝗹𝗮𝘁𝗳𝗼𝗿𝗺 – 𝗧𝗮̣𝗶 𝗖𝗵𝗼̂̃
--------------------
🏠𝟮𝟴𝟴 𝗧𝗿𝘂̛𝗼̛̀𝗻𝗴 𝗖𝗵𝗶𝗻𝗵 - 𝗣𝗵ư𝗼̛̀𝗻𝗴 Đ𝗼̂𝗻𝗴 𝗛𝘂̛𝗻𝗴 𝗧𝗵𝘂𝗮̣̂𝗻 - 𝗛𝗖𝗠 (𝗤𝘂𝗮̣̂𝗻𝟭𝟮 𝗰𝘂̃)",2025,10000.0,Tp Hồ Chí Minh,Quận 12,"DatbikeS1 BSTP ĐK 2026 Chính Chủ 1 Lần sạc đi 285km
- Odo 10k hơn
- Óc tán 7 màu keng 
- Còn đủ phụ kiện theo xe 
- Bảo hành Datbike toàn quốc
⛔️ Nợ xấu đưa 5tr8 có LÃI SUẤT hoặc 23tr KO LÃI SUẤT
--------------------
✅ 𝗛𝗼̂̃ 𝗧𝗿𝗼̛̣ 𝗔𝗲 𝗟𝗲̂𝗻 𝗛𝗼̂̀ 𝗦𝗼̛ 𝗕𝗮𝗻𝗸 𝗡𝗵𝗮̣̂𝗻 𝗫𝗲 𝗩𝗮̀ 𝗖𝗮𝘃𝗲𝘁 𝗚𝗼̂́𝗰
✅ 𝗡𝗼̛̣ 𝗫𝗮̂́𝘂 – 𝗛𝗼̂̃ 𝗧𝗿𝗼̛̣ 𝟬 Đ𝗼̂̀𝗻𝗴 – 𝗞𝗵𝗼̂𝗻𝗴 𝗫𝗮́𝗰 𝗠𝗶𝗻𝗵
✅ 𝗡𝗼̛̣ 𝗫𝗮̂́𝘂 – 𝗛𝗼̂̃ 𝗧𝗿𝗼̛̣ Đ𝘂̛𝗮 𝟯𝟬% – 𝗞𝗵𝗼̂𝗻𝗴 𝗟𝗮̃𝗶
✅ Đ𝗼̂̉𝗶 𝗣𝗶𝗻 𝗞𝗵𝗼̂𝗻𝗴 𝗖𝗵𝗼̛̀ 𝗦𝗮̣c 𝗡𝗵𝗶𝗲̂̀𝘂 𝗖𝗵𝗶 𝗡𝗵𝗮́𝗻𝗵
✅ 𝗛ỗ 𝗧𝗿𝗼̛̣ 𝟮 𝗡𝗮̆𝗺 𝗫𝗲 𝗛𝘂̛ – 𝗖𝗼́ 𝗫𝗲 𝗞𝗵𝗮́𝗰 𝗗𝘂̀𝗻𝗴
✅ Đ𝗮̆𝗻𝗴 𝗞𝘆́ 𝗔𝗽𝗽 𝗫𝗮𝗻𝗵 𝗣𝗹𝗮𝘁𝗳𝗼𝗿𝗺 – 𝗧𝗮̣𝗶 𝗖𝗵𝗼̂̃
--------------------
🏠𝟮𝟴𝟴 𝗧𝗿𝘂̛𝗼̛̀𝗻𝗴 𝗖𝗵𝗶𝗻𝗵 - 𝗣𝗵ư𝗼̛̀𝗻𝗴 Đ𝗼̂𝗻𝗴 𝗛𝘂̛𝗻𝗴 𝗧𝗵𝘂𝗮̣̂𝗻 - 𝗛𝗖𝗠 (𝗤𝘂𝗮̣̂𝗻𝟭𝟮 𝗰𝘂̃)",Cần xác minh,Khác,Không phân loại,,
134197994,CỬA HÀNG THU MUA XE MÁY ĐIỆN CŨ,35999000,"⭐️ CỬA HÀNG PHẠM TUẤN XE ĐIỆN CŨ 
CHUYÊN THU MUA XE ĐIỆN CŨ - GIÁ CAO - BAO MỌI GIẤY TỜ LIÊN QUAN
📌 Địa chỉ: 244 Thoại Ngọc Hầu . Phú Thạnh , Q .Tân Phú . TP HCM.
⭐️ ĐỊNH GIÁ MIỄN PHÍ XE MÁY ⭐️

❤️ Chuyên Thu Mua Xe Điện Cũ với các dòng như sau, Giá Bao Thị Trường
( VINFAST . YADEA . DATBIKE . PEGA...)

Giá thu từ: 1tr - 99tr

Dịch vụ đặc biệt:
❤️ Bấm Giá Trong Vòng 30s Để Khách Hàng Tham Khảo Giá
❤️ Hỗ Trợ Mua Tận Nơi ( Sài Gòn và những chỗ lân cận)


😍😍😍 CẦN KẾT NỐI VỚI SHOWROOM CÁC HÃNG XE ĐIỆN NEW THU CŨ ĐỔI MỚI CHO KHÁCH HÀNG

code: #thumuaxe #26003663_1",2025,1.0,Tp Hồ Chí Minh,Quận Tân Phú,"⭐️ CỬA HÀNG PHẠM TUẤN XE ĐIỆN CŨ 
CHUYÊN THU MUA XE ĐIỆN CŨ - GIÁ CAO - BAO MỌI GIẤY TỜ LIÊN QUAN
📌 Địa chỉ: 244 Thoại Ngọc Hầu . Phú Thạnh , Q .Tân Phú . TP HCM.
⭐️ ĐỊNH GIÁ MIỄN PHÍ XE MÁY ⭐️

❤️ Chuyên Thu Mua Xe Điện Cũ với các dòng như sau, Giá Bao Thị Trường
( VINFAST . YADEA . DATBIKE . PEGA...)

Giá thu từ: 1tr - 99tr

Dịch vụ đặc biệt:
❤️ Bấm Giá Trong Vòng 30s Để Khách Hàng Tham Khảo Giá
❤️ Hỗ Trợ Mua Tận Nơi ( Sài Gòn và những chỗ lân cận)


😍😍😍 CẦN KẾT NỐI VỚI SHOWROOM CÁC HÃNG XE ĐIỆN NEW THU CŨ ĐỔI MỚI CHO KHÁCH HÀNG

code: #thumuaxe #26003663_1",Cần xác minh,Khác,Không phân loại,,
134558870,Xe Điện 3sGo - Feliz II Trắng 700km,25900000,"Feliz II BSTP Chính Chủ 
- Odo 700km
- 2pin (free thuê 2pin 1 năm)
- Óc tán 7 màu keng 
- Còn đủ phụ kiện theo xe 
- Bảo hành Vinfast toàn quốc
⛔️ Nợ xấu đưa 0đ có LÃI SUẤT hoặc 15tr KO LÃI SUẤT
--------------------
✅ 𝗛𝗼̂̃ 𝗧𝗿𝗼̛̣ 𝗔𝗲 𝗟𝗲̂𝗻 𝗛𝗼̂̀ 𝗦𝗼̛ 𝗕𝗮𝗻𝗸 𝗡𝗵𝗮̣̂𝗻 𝗫𝗲 𝗩𝗮̀ 𝗖𝗮𝘃𝗲𝘁 𝗚𝗼̂́𝗰
✅ 𝗡𝗼̛̣ 𝗫𝗮̂́𝘂 – 𝗛𝗼̂̃ 𝗧𝗿𝗼̛̣ 𝟬 Đ𝗼̂̀𝗻𝗴 – 𝗞𝗵𝗼̂𝗻𝗴 𝗫𝗮́𝗰 𝗠𝗶𝗻𝗵
✅ 𝗡𝗼̛̣ 𝗫𝗮̂́𝘂 – 𝗛𝗼̂̃ 𝗧𝗿𝗼̛̣ Đ𝘂̛𝗮 𝟯𝟬% – 𝗞𝗵𝗼̂𝗻𝗴 𝗟𝗮̃𝗶
✅ Đ𝗼̂̉𝗶 𝗣𝗶𝗻 𝗞𝗵𝗼̂𝗻𝗴 𝗖𝗵𝗼̛̀ 𝗦𝗮̣c 𝗡𝗵𝗶𝗲̂̀𝘂 𝗖𝗵𝗶 𝗡𝗵𝗮́𝗻𝗵
✅ 𝗛ỗ 𝗧𝗿𝗼̛̣ 𝟮 𝗡𝗮̆𝗺 𝗫𝗲 𝗛𝘂̛ – 𝗖𝗼́ 𝗫𝗲 𝗞𝗵𝗮́𝗰 𝗗𝘂̀𝗻𝗴
✅ Đ𝗮̆𝗻𝗴 𝗞𝘆́ 𝗔𝗽𝗽 𝗫𝗮𝗻𝗵 𝗣𝗹𝗮𝘁𝗳𝗼𝗿𝗺 – 𝗧𝗮̣𝗶 𝗖𝗵𝗼̂̃
--------------------
🏠𝟮𝟴𝟴 𝗧𝗿𝘂̛𝗼̛̀𝗻𝗴 𝗖𝗵𝗶𝗻𝗵 - 𝗣𝗵ư𝗼̛̀𝗻𝗴 Đ𝗼̂𝗻𝗴 𝗛𝘂̛𝗻𝗴 𝗧𝗵𝘂𝗮̣̂𝗻 - 𝗛𝗖𝗠 (𝗤𝘂𝗮̣̂𝗻𝟭𝟮 𝗰𝘂̃)",2026,700.0,Tp Hồ Chí Minh,Quận 12,"Feliz II BSTP Chính Chủ 
- Odo 700km
- 2pin (free thuê 2pin 1 năm)
- Óc tán 7 màu keng 
- Còn đủ phụ kiện theo xe 
- Bảo hành Vinfast toàn quốc
⛔️ Nợ xấu đưa 0đ có LÃI SUẤT hoặc 15tr KO LÃI SUẤT
--------------------
✅ 𝗛𝗼̂̃ 𝗧𝗿𝗼̛̣ 𝗔𝗲 𝗟𝗲̂𝗻 𝗛𝗼̂̀ 𝗦𝗼̛ 𝗕𝗮𝗻𝗸 𝗡𝗵𝗮̣̂𝗻 𝗫𝗲 𝗩𝗮̀ 𝗖𝗮𝘃𝗲𝘁 𝗚𝗼̂́𝗰
✅ 𝗡𝗼̛̣ 𝗫𝗮̂́𝘂 – 𝗛𝗼̂̃ 𝗧𝗿𝗼̛̣ 𝟬 Đ𝗼̂̀𝗻𝗴 – 𝗞𝗵𝗼̂𝗻𝗴 𝗫𝗮́𝗰 𝗠𝗶𝗻𝗵
✅ 𝗡𝗼̛̣ 𝗫𝗮̂́𝘂 – 𝗛𝗼̂̃ 𝗧𝗿𝗼̛̣ Đ𝘂̛𝗮 𝟯𝟬% – 𝗞𝗵𝗼̂𝗻𝗴 𝗟𝗮̃𝗶
✅ Đ𝗼̂̉𝗶 𝗣𝗶𝗻 𝗞𝗵𝗼̂𝗻𝗴 𝗖𝗵𝗼̛̀ 𝗦𝗮̣c 𝗡𝗵𝗶𝗲̂̀𝘂 𝗖𝗵𝗶 𝗡𝗵𝗮́𝗻𝗵
✅ 𝗛ỗ 𝗧𝗿𝗼̛̣ 𝟮 𝗡𝗮̆𝗺 𝗫𝗲 𝗛𝘂̛ – 𝗖𝗼́ 𝗫𝗲 𝗞𝗵𝗮́𝗰 𝗗𝘂̀𝗻𝗴
✅ Đ𝗮̆𝗻𝗴 𝗞𝘆́ 𝗔𝗽𝗽 𝗫𝗮𝗻𝗵 𝗣𝗹𝗮𝘁𝗳𝗼𝗿𝗺 – 𝗧𝗮̣𝗶 𝗖𝗵𝗼̂̃
--------------------
🏠𝟮𝟴𝟴 𝗧𝗿𝘂̛𝗼̛̀𝗻𝗴 𝗖𝗵𝗶𝗻𝗵 - 𝗣𝗵ư𝗼̛̀𝗻𝗴 Đ𝗼̂𝗻𝗴 𝗛𝘂̛𝗻𝗴 𝗧𝗵𝘂𝗮̣̂𝗻 - 𝗛𝗖𝗠 (𝗤𝘂𝗮̣̂𝗻𝟭𝟮 𝗰𝘂̃)",Cần xác minh,VinFast,Feliz,27000000.0,4.1
134621837,Xe máy điện Xmen 2019 Đen Việt Nam,4900000,"BÁN XE MÁY ĐIỆN cũ :  Xmen 
Giá:4tr900  bình khỏe 30/35km/1 lần sạc 
Đk 2019 biển số 74 
xe ở Cầu Vượt Sóng Thần  Qlộ 1A 
LH: ***
Có nhan đổi xe điện cũ các loại",2019,8978.0,Tp Hồ Chí Minh,Thành phố Thủ Đức,"BÁN XE MÁY ĐIỆN cũ :  Xmen 
Giá:4tr900  bình khỏe 30/35km/1 lần sạc 
Đk 2019 biển số 74 
xe ở Cầu Vượt Sóng Thần  Qlộ 1A 
LH: ***
Có nhan đổi xe điện cũ các loại",Cần xác minh,Khác,Không phân loại,,
134621834,Xe máy điện VinFast Vento Neo Trắng 9.000KM,29500000,"Vento Neo 9.000KM Cập Bến 😍😍😍

Giá..29.5Tr

☎️*** Em bi",2025,9000.0,Tp Hồ Chí Minh,Quận Tân Phú,"Vento Neo 9.000KM Cập Bến 😍😍😍

Giá..29.5Tr

☎️*** Em bi",Cần xác minh,VinFast,Vento,50000000.0,41.0
134621825,"VinFast Feliz Neo 2025 Xám 38,900km",28000000,"Feliz Ne***


- ODO : 38,900km
- Pin : 72v 105Ah . Quãng đường đi được từ 200km 1 lần sạc
- Ngoại hình : 95%
- Thủ tục mua bán : công chứng mua bán ra tên mới. Chủ xe hỗ trợ rút hồ sơ
- Năm đăng ký : 10/2025
- Giá bán :  28,000,000
- Có hỗ trợ trả góp, nợ xấu
- Có cho thuê xe, trao đổi mua bán xe, ký gửi xe",2025,38900.0,Tp Hồ Chí Minh,Quận Tân Bình,"Feliz Ne***


- ODO : 38,900km
- Pin : 72v 105Ah . Quãng đường đi được từ 200km 1 lần sạc
- Ngoại hình : 95%
- Thủ tục mua bán : công chứng mua bán ra tên mới. Chủ xe hỗ trợ rút hồ sơ
- Năm đăng ký : 10/2025
- Giá bán :  28,000,000
- Có hỗ trợ trả góp, nợ xấu
- Có cho thuê xe, trao đổi mua bán xe, ký gửi xe",Cần xác minh,VinFast,Feliz,27000000.0,-3.7
134621821,Xe điện gogo,5200000,"bán xe điện còn rất tốt nhập khẩu nguyên chiếc giá vừa tầm ai mua cho con đi hoc câp 3 đỡ đươc bao nhiêu tiền nhà nhiêu xe lên bán nhanh cho gọn
ai thiên chí mua hoăc nhăn tin nêu ko nghe may kip",2019,5252.0,Hải Phòng,Quận Ngô Quyền,"bán xe điện còn rất tốt nhập khẩu nguyên chiếc giá vừa tầm ai mua cho con đi hoc câp 3 đỡ đươc bao nhiêu tiền nhà nhiêu xe lên bán nhanh cho gọn
ai thiên chí mua hoăc nhăn tin nêu ko nghe may kip",Cần xác minh,Dibao,Gogo,14500000.0,64.1
134621813,Quantum S3 odo 10k xe đẹp ken biển sg,32500000,"Quantum s3 xe đẹp ken 9 chủ ký 
Có gop nợ xấu tay đôi",2025,10412.0,Tp Hồ Chí Minh,Quận Tân Phú,"Quantum s3 xe đẹp ken 9 chủ ký 
Có gop nợ xấu tay đôi",Cần xác minh,Dat Bike,Quantum,34900000.0,6.9
133165398,Xe máy điện VinFast Feliz 2 Trắng,17500000,"Xe máy điện VinFast Feliz 2 màu trắng, thiết kế hiện đại, phù hợp cho cả nam và nữ. 
- Xe vận hành êm ái, tiết kiệm năng lượng. 
- Trang bị nhiều tính năng thông minh. 
- Xe mới, ít sử dụng.
- chuyển nhượng hợp đồng thuê 2 pin vinfast 1,5kw
",2026,1589.0,Đồng Nai,Huyện Trảng Bom,"Xe máy điện VinFast Feliz 2 màu trắng, thiết kế hiện đại, phù hợp cho cả nam và nữ. 
- Xe vận hành êm ái, tiết kiệm năng lượng. 
- Trang bị nhiều tính năng thông minh. 
- Xe mới, ít sử dụng.
- chuyển nhượng hợp đồng thuê 2 pin vinfast 1,5kw
",Cần xác minh,VinFast,Feliz,27000000.0,35.2
134536690,Xe Điện 3sGo -  Evo200Lite 2025 Đen,22900000,"Evo200Lite  - Bstp 9 Chủ ĐK 2025
- 2 Chìa khoá đầy đủ
- Dàn áo dán keng 98%
- Óc tán 7 màu keng 98%
- Còn đủ phụ kiện theo xe
❤️Xe keng 98% so với xe new 
⛔️ Nợ xấu đưa 3tr2 có LÃI SUẤT hoặc 12tr KO LÃI SUẤT
--------------------
✅ 𝗛𝗼̂̃ 𝗧𝗿𝗼̛̣ 𝗔𝗲 𝗟𝗲̂𝗻 𝗛𝗼̂̀ 𝗦𝗼̛ 𝗕𝗮𝗻𝗸 𝗡𝗵𝗮̣̂𝗻 𝗫𝗲 𝗩𝗮̀ 𝗖𝗮𝘃𝗲𝘁 𝗚𝗼̂́𝗰
✅ 𝗡𝗼̛̣ 𝗫𝗮̂́𝘂 – 𝗛𝗼̂̃ 𝗧𝗿𝗼̛̣ 𝟬 Đ𝗼̂̀𝗻𝗴 – 𝗞𝗵𝗼̂𝗻𝗴 𝗫𝗮́𝗰 𝗠𝗶𝗻𝗵
✅ 𝗡𝗼̛̣ 𝗫𝗮̂́𝘂 – 𝗛𝗼̂̃ 𝗧𝗿𝗼̛̣ Đ𝘂̛𝗮 𝟯𝟬% – 𝗞𝗵𝗼̂𝗻𝗴 𝗟𝗮̃𝗶
✅ Đ𝗼̂̉𝗶 𝗣𝗶𝗻 𝗞𝗵𝗼̂𝗻𝗴 𝗖𝗵𝗼̛̀ 𝗦𝗮̣c 𝗡𝗵𝗶𝗲̂̀𝘂 𝗖𝗵𝗶 𝗡𝗵𝗮́𝗻𝗵
✅ 𝗛ỗ 𝗧𝗿𝗼̛̣ 𝟮 𝗡𝗮̆𝗺 𝗫𝗲 𝗛𝘂̛ – 𝗖𝗼́ 𝗫𝗲 𝗞𝗵𝗮́𝗰 𝗗𝘂̀𝗻𝗴
✅ Đ𝗮̆𝗻𝗴 𝗞𝘆́ 𝗔𝗽𝗽 𝗫𝗮𝗻𝗵 𝗣𝗹𝗮𝘁𝗳𝗼𝗿𝗺 – 𝗧𝗮̣𝗶 𝗖𝗵𝗼̂̃
--------------------
🏠𝟮𝟴𝟴 𝗧𝗿𝘂̛𝗼̛̀𝗻𝗴 𝗖𝗵𝗶𝗻𝗵 - 𝗣𝗵ư𝗼̛̀𝗻𝗴 Đ𝗼̂𝗻𝗴 𝗛𝘂̛𝗻𝗴 𝗧𝗵𝘂𝗮̣̂𝗻 - 𝗛𝗖𝗠 (𝗤𝘂𝗮̣̂𝗻𝟭𝟮 𝗰𝘂̃)",2025,,Tp Hồ Chí Minh,Quận 12,"Evo200Lite  - Bstp 9 Chủ ĐK 2025
- 2 Chìa khoá đầy đủ
- Dàn áo dán keng 98%
- Óc tán 7 màu keng 98%
- Còn đủ phụ kiện theo xe
❤️Xe keng 98% so với xe new 
⛔️ Nợ xấu đưa 3tr2 có LÃI SUẤT hoặc 12tr KO LÃI SUẤT
--------------------
✅ 𝗛𝗼̂̃ 𝗧𝗿𝗼̛̣ 𝗔𝗲 𝗟𝗲̂𝗻 𝗛𝗼̂̀ 𝗦𝗼̛ 𝗕𝗮𝗻𝗸 𝗡𝗵𝗮̣̂𝗻 𝗫𝗲 𝗩𝗮̀ 𝗖𝗮𝘃𝗲𝘁 𝗚𝗼̂́𝗰
✅ 𝗡𝗼̛̣ 𝗫𝗮̂́𝘂 – 𝗛𝗼̂̃ 𝗧𝗿𝗼̛̣ 𝟬 Đ𝗼̂̀𝗻𝗴 – 𝗞𝗵𝗼̂𝗻𝗴 𝗫𝗮́𝗰 𝗠𝗶𝗻𝗵
✅ 𝗡𝗼̛̣ 𝗫𝗮̂́𝘂 – 𝗛𝗼̂̃ 𝗧𝗿𝗼̛̣ Đ𝘂̛𝗮 𝟯𝟬% – 𝗞𝗵𝗼̂𝗻𝗴 𝗟𝗮̃𝗶
✅ Đ𝗼̂̉𝗶 𝗣𝗶𝗻 𝗞𝗵𝗼̂𝗻𝗴 𝗖𝗵𝗼̛̀ 𝗦𝗮̣c 𝗡𝗵𝗶𝗲̂̀𝘂 𝗖𝗵𝗶 𝗡𝗵𝗮́𝗻𝗵
✅ 𝗛ỗ 𝗧𝗿𝗼̛̣ 𝟮 𝗡𝗮̆𝗺 𝗫𝗲 𝗛𝘂̛ – 𝗖𝗼́ 𝗫𝗲 𝗞𝗵𝗮́𝗰 𝗗𝘂̀𝗻𝗴
✅ Đ𝗮̆𝗻𝗴 𝗞𝘆́ 𝗔𝗽𝗽 𝗫𝗮𝗻𝗵 𝗣𝗹𝗮𝘁𝗳𝗼𝗿𝗺 – 𝗧𝗮̣𝗶 𝗖𝗵𝗼̂̃
--------------------
🏠𝟮𝟴𝟴 𝗧𝗿𝘂̛𝗼̛̀𝗻𝗴 𝗖𝗵𝗶𝗻𝗵 - 𝗣𝗵ư𝗼̛̀𝗻𝗴 Đ𝗼̂𝗻𝗴 𝗛𝘂̛𝗻𝗴 𝗧𝗵𝘂𝗮̣̂𝗻 - 𝗛𝗖𝗠 (𝗤𝘂𝗮̣̂𝗻𝟭𝟮 𝗰𝘂̃)",Cần xác minh,Khác,Không phân loại,,
134621561,Xe máy điện VinFast Feliz 2025 Trắng 2 pin 2.4kW,25000000,"FELIZ 2025 – 2 PIN ZIN – GIÁ 25 TRIỆU 🔥
Biển số: 50AD-256.57

🛵 Feliz 2025 – xe đẹp, 2 pin zin, sẵn sàng chạy ngay!

✨ Thông tin xe:

📍 ODO: 10.000 km
🔋 2 pin 2.4kW zin hãng
💎 Ngoại hình: 95%
📅 Đăng ký: 12/2025
📄 Công chứng mua bán
💰 Giá bán: 25.000.000đ

💳 HỖ TRỢ TRẢ GÓP – HỖ TRỢ HỒ SƠ NỢ XẤU
🛵 Có cho thuê xe
🔄 Nhận trao đổi – mua bán xe
📦 Nhận ký gửi xe

🔥 Điểm đáng tiền: 2 pin zin + đời 2025 + giấy tờ mua bán rõ ràng. Mua về đi hằng ngày hoặc chạy dịch vụ đều tiện.

📩 Quan tâm inbox ngay – xe đẹp, giá tốt, chốt sớm kẻo hết!",2025,10000.0,Tp Hồ Chí Minh,Quận Tân Bình,"FELIZ 2025 – 2 PIN ZIN – GIÁ 25 TRIỆU 🔥
Biển số: 50AD-256.57

🛵 Feliz 2025 – xe đẹp, 2 pin zin, sẵn sàng chạy ngay!

✨ Thông tin xe:

📍 ODO: 10.000 km
🔋 2 pin 2.4kW zin hãng
💎 Ngoại hình: 95%
📅 Đăng ký: 12/2025
📄 Công chứng mua bán
💰 Giá bán: 25.000.000đ

💳 HỖ TRỢ TRẢ GÓP – HỖ TRỢ HỒ SƠ NỢ XẤU
🛵 Có cho thuê xe
🔄 Nhận trao đổi – mua bán xe
📦 Nhận ký gửi xe

🔥 Điểm đáng tiền: 2 pin zin + đời 2025 + giấy tờ mua bán rõ ràng. Mua về đi hằng ngày hoặc chạy dịch vụ đều tiện.

📩 Quan tâm inbox ngay – xe đẹp, giá tốt, chốt sớm kẻo hết!",Kèm pin,VinFast,Feliz,27000000.0,7.4
134621518,Xe máy điện VinFast Feliz Neo 2025 Xám 39000 km,20500000,"Feliz Neo màu xám BS : 50-AC 735.12


- ODO : 39000
- Pin : 1 Pin zin 67v 30Ah + 1 pin song song sàn chân 67v 30Ah . Quãng đường đi được từ 130 - 150km 1 lần sạc
- Ngoại hình : 90%
- Thủ tục mua bán : công chứng mua bán
- Năm đăng ký : 09/2025
- Giá bán :  20,500,000
- Có hỗ trợ trả góp, nợ xấu
- Có cho thuê xe, trao đổi mua bán xe, ký gửi xe",2025,39000.0,Tp Hồ Chí Minh,Quận Tân Bình,"Feliz Neo màu xám BS : 50-AC 735.12


- ODO : 39000
- Pin : 1 Pin zin 67v 30Ah + 1 pin song song sàn chân 67v 30Ah . Quãng đường đi được từ 130 - 150km 1 lần sạc
- Ngoại hình : 90%
- Thủ tục mua bán : công chứng mua bán
- Năm đăng ký : 09/2025
- Giá bán :  20,500,000
- Có hỗ trợ trả góp, nợ xấu
- Có cho thuê xe, trao đổi mua bán xe, ký gửi xe",Kèm pin,VinFast,Feliz,27000000.0,24.1
134506458,Xe Điện 3sGo - Flazz 2026 Trắng 900 km,15900000,"Flazz BSTP ĐK 2026 Chính Chủ 
- Odo 900 cây
- Đã mua 2 pin
- Óc tán 7 màu keng 
- Còn đủ phụ kiện theo xe
- Bảo hành Vinfast toàn quốc
#Giá_15tr9 - Nậu xớ đưa 2tr1 hoặc 5tr1
⛔️ Nợ xấu đưa 2tr1 có LÃI SUẤT hoặc 8tr KO LÃI SUẤT
--------------------
✅ 𝗛𝗼̂̃ 𝗧𝗿𝗼̛̣ 𝗔𝗲 𝗟𝗲̂𝗻 𝗛𝗼̂̀ 𝗦𝗼̛ 𝗕𝗮𝗻𝗸 𝗡𝗵𝗮̣̂𝗻 𝗫𝗲 𝗩𝗮̀ 𝗖𝗮𝘃𝗲𝘁 𝗚𝗼̂́𝗰
✅ 𝗡𝗼̛̣ 𝗫𝗮̂́𝘂 – 𝗛𝗼̂̃ 𝗧𝗿𝗼̛̣ 𝟬 Đ𝗼̂̀𝗻𝗴 – 𝗞𝗵𝗼̂𝗻𝗴 𝗫𝗮́𝗰 𝗠𝗶𝗻𝗵
✅ 𝗡𝗼̛̣ 𝗫𝗮̂́𝘂 – 𝗛𝗼̂̃ 𝗧𝗿𝗼̛̣ Đ𝘂̛𝗮 𝟯𝟬% – 𝗞𝗵𝗼̂𝗻𝗴 𝗟𝗮̃𝗶
✅ Đ𝗼̂̉𝗶 𝗣𝗶𝗻 𝗞𝗵𝗼̂𝗻𝗴 𝗖𝗵𝗼̛̀ 𝗦𝗮̣c 𝗡𝗵𝗶𝗲̂̀𝘂 𝗖𝗵𝗶 𝗡𝗵𝗮́𝗻𝗵
✅ 𝗛ỗ 𝗧𝗿𝗼̛̣ 𝟮 𝗡𝗮̆𝗺 𝗫𝗲 𝗛𝘂̛ – 𝗖𝗼́ 𝗫𝗲 𝗞𝗵𝗮́𝗰 𝗗𝘂̀𝗻𝗴
✅ Đ𝗮̆𝗻𝗴 𝗞𝘆́ 𝗔𝗽𝗽 𝗫𝗮𝗻𝗵 𝗣𝗹𝗮𝘁𝗳𝗼𝗿𝗺 – 𝗧𝗮̣𝗶 𝗖𝗵𝗼̂̃
--------------------
🏠𝟮𝟴𝟴 𝗧𝗿𝘂̛𝗼̛̀𝗻𝗴 𝗖𝗵𝗶𝗻𝗵 - 𝗣𝗵ư𝗼̛̀𝗻𝗴 Đ𝗼̂𝗻𝗴 𝗛𝘂̛𝗻𝗴 𝗧𝗵𝘂𝗮̣̂𝗻 - 𝗛𝗖𝗠 (𝗤𝘂𝗮̣̂𝗻𝟭𝟮 𝗰𝘂̃)",2026,900.0,Tp Hồ Chí Minh,Quận 12,"Flazz BSTP ĐK 2026 Chính Chủ 
- Odo 900 cây
- Đã mua 2 pin
- Óc tán 7 màu keng 
- Còn đủ phụ kiện theo xe
- Bảo hành Vinfast toàn quốc
#Giá_15tr9 - Nậu xớ đưa 2tr1 hoặc 5tr1
⛔️ Nợ xấu đưa 2tr1 có LÃI SUẤT hoặc 8tr KO LÃI SUẤT
--------------------
✅ 𝗛𝗼̂̃ 𝗧𝗿𝗼̛̣ 𝗔𝗲 𝗟𝗲̂𝗻 𝗛𝗼̂̀ 𝗦𝗼̛ 𝗕𝗮𝗻𝗸 𝗡𝗵𝗮̣̂𝗻 𝗫𝗲 𝗩𝗮̀ 𝗖𝗮𝘃𝗲𝘁 𝗚𝗼̂́𝗰
✅ 𝗡𝗼̛̣ 𝗫𝗮̂́𝘂 – 𝗛𝗼̂̃ 𝗧𝗿𝗼̛̣ 𝟬 Đ𝗼̂̀𝗻𝗴 – 𝗞𝗵𝗼̂𝗻𝗴 𝗫𝗮́𝗰 𝗠𝗶𝗻𝗵
✅ 𝗡𝗼̛̣ 𝗫𝗮̂́𝘂 – 𝗛𝗼̂̃ 𝗧𝗿𝗼̛̣ Đ𝘂̛𝗮 𝟯𝟬% – 𝗞𝗵𝗼̂𝗻𝗴 𝗟𝗮̃𝗶
✅ Đ𝗼̂̉𝗶 𝗣𝗶𝗻 𝗞𝗵𝗼̂𝗻𝗴 𝗖𝗵𝗼̛̀ 𝗦𝗮̣c 𝗡𝗵𝗶𝗲̂̀𝘂 𝗖𝗵𝗶 𝗡𝗵𝗮́𝗻𝗵
✅ 𝗛ỗ 𝗧𝗿𝗼̛̣ 𝟮 𝗡𝗮̆𝗺 𝗫𝗲 𝗛𝘂̛ – 𝗖𝗼́ 𝗫𝗲 𝗞𝗵𝗮́𝗰 𝗗𝘂̀𝗻𝗴
✅ Đ𝗮̆𝗻𝗴 𝗞𝘆́ 𝗔𝗽𝗽 𝗫𝗮𝗻𝗵 𝗣𝗹𝗮𝘁𝗳𝗼𝗿𝗺 – 𝗧𝗮̣𝗶 𝗖𝗵𝗼̂̃
--------------------
🏠𝟮𝟴𝟴 𝗧𝗿𝘂̛𝗼̛̀𝗻𝗴 𝗖𝗵𝗶𝗻𝗵 - 𝗣𝗵ư𝗼̛̀𝗻𝗴 Đ𝗼̂𝗻𝗴 𝗛𝘂̛𝗻𝗴 𝗧𝗵𝘂𝗮̣̂𝗻 - 𝗛𝗖𝗠 (𝗤𝘂𝗮̣̂𝗻𝟭𝟮 𝗰𝘂̃)",Cần xác minh,Khác,Không phân loại,,
134555510,Xe Điện 3sGo - Datbike S1 Đen 10.000 km,44900000,"DatbikeS1 BSTP ĐK 2026 Chính Chủ 1 Lần sạc đi 285km
- Odo 10k hơn
- Óc tán 7 màu keng 
- Còn đủ phụ kiện theo xe 
- Bảo hành Datbike toàn quốc
⛔️ Nợ xấu đưa 5tr8 có LÃI SUẤT hoặc 24tr KO LÃI SUẤT
--------------------
✅ 𝗛𝗼̂̃ 𝗧𝗿𝗼̛̣ 𝗔𝗲 𝗟𝗲̂𝗻 𝗛𝗼̂̀ 𝗦𝗼̛ 𝗕𝗮𝗻𝗸 𝗡𝗵𝗮̣̂𝗻 𝗫𝗲 𝗩𝗮̀ 𝗖𝗮𝘃𝗲𝘁 𝗚𝗼̂́𝗰
✅ 𝗡𝗼̛̣ 𝗫𝗮̂́𝘂 – 𝗛𝗼̂̃ 𝗧𝗿𝗼̛̣ 𝟬 Đ𝗼̂̀𝗻𝗴 – 𝗞𝗵𝗼̂𝗻𝗴 𝗫𝗮́𝗰 𝗠𝗶𝗻𝗵
✅ 𝗡𝗼̛̣ 𝗫𝗮̂́𝘂 – 𝗛𝗼̂̃ 𝗧𝗿𝗼̛̣ Đ𝘂̛𝗮 𝟯𝟬% – 𝗞𝗵𝗼̂𝗻𝗴 𝗟𝗮̃𝗶
✅ Đ𝗼̂̉𝗶 𝗣𝗶𝗻 𝗞𝗵𝗼̂𝗻𝗴 𝗖𝗵𝗼̛̀ 𝗦𝗮̣c 𝗡𝗵𝗶𝗲̂̀𝘂 𝗖𝗵𝗶 𝗡𝗵𝗮́𝗻𝗵
✅ 𝗛ỗ 𝗧𝗿𝗼̛̣ 𝟮 𝗡𝗮̆𝗺 𝗫𝗲 𝗛𝘂̛ – 𝗖𝗼́ 𝗫𝗲 𝗞𝗵𝗮́𝗰 𝗗𝘂̀𝗻𝗴
✅ Đ𝗮̆𝗻𝗴 𝗞𝘆́ 𝗔𝗽𝗽 𝗫𝗮𝗻𝗵 𝗣𝗹𝗮𝘁𝗳𝗼𝗿𝗺 – 𝗧𝗮̣𝗶 𝗖𝗵𝗼̂̃
--------------------
🏠𝟮𝟴𝟴 𝗧𝗿𝘂̛𝗼̛̀𝗻𝗴 𝗖𝗵𝗶𝗻𝗵 - 𝗣𝗵ư𝗼̛̀𝗻𝗴 Đ𝗼̂𝗻𝗴 𝗛𝘂̛𝗻𝗴 𝗧𝗵𝘂𝗮̣̂𝗻 - 𝗛𝗖𝗠 (𝗤𝘂𝗮̣̂𝗻𝟭𝟮 𝗰𝘂̃)",2026,10000.0,Tp Hồ Chí Minh,Quận 12,"DatbikeS1 BSTP ĐK 2026 Chính Chủ 1 Lần sạc đi 285km
- Odo 10k hơn
- Óc tán 7 màu keng 
- Còn đủ phụ kiện theo xe 
- Bảo hành Datbike toàn quốc
⛔️ Nợ xấu đưa 5tr8 có LÃI SUẤT hoặc 24tr KO LÃI SUẤT
--------------------
✅ 𝗛𝗼̂̃ 𝗧𝗿𝗼̛̣ 𝗔𝗲 𝗟𝗲̂𝗻 𝗛𝗼̂̀ 𝗦𝗼̛ 𝗕𝗮𝗻𝗸 𝗡𝗵𝗮̣̂𝗻 𝗫𝗲 𝗩𝗮̀ 𝗖𝗮𝘃𝗲𝘁 𝗚𝗼̂́𝗰
✅ 𝗡𝗼̛̣ 𝗫𝗮̂́𝘂 – 𝗛𝗼̂̃ 𝗧𝗿𝗼̛̣ 𝟬 Đ𝗼̂̀𝗻𝗴 – 𝗞𝗵𝗼̂𝗻𝗴 𝗫𝗮́𝗰 𝗠𝗶𝗻𝗵
✅ 𝗡𝗼̛̣ 𝗫𝗮̂́𝘂 – 𝗛𝗼̂̃ 𝗧𝗿𝗼̛̣ Đ𝘂̛𝗮 𝟯𝟬% – 𝗞𝗵𝗼̂𝗻𝗴 𝗟𝗮̃𝗶
✅ Đ𝗼̂̉𝗶 𝗣𝗶𝗻 𝗞𝗵𝗼̂𝗻𝗴 𝗖𝗵𝗼̛̀ 𝗦𝗮̣c 𝗡𝗵𝗶𝗲̂̀𝘂 𝗖𝗵𝗶 𝗡𝗵𝗮́𝗻𝗵
✅ 𝗛ỗ 𝗧𝗿𝗼̛̣ 𝟮 𝗡𝗮̆𝗺 𝗫𝗲 𝗛𝘂̛ – 𝗖𝗼́ 𝗫𝗲 𝗞𝗵𝗮́𝗰 𝗗𝘂̀𝗻𝗴
✅ Đ𝗮̆𝗻𝗴 𝗞𝘆́ 𝗔𝗽𝗽 𝗫𝗮𝗻𝗵 𝗣𝗹𝗮𝘁𝗳𝗼𝗿𝗺 – 𝗧𝗮̣𝗶 𝗖𝗵𝗼̂̃
--------------------
🏠𝟮𝟴𝟴 𝗧𝗿𝘂̛𝗼̛̀𝗻𝗴 𝗖𝗵𝗶𝗻𝗵 - 𝗣𝗵ư𝗼̛̀𝗻𝗴 Đ𝗼̂𝗻𝗴 𝗛𝘂̛𝗻𝗴 𝗧𝗵𝘂𝗮̣̂𝗻 - 𝗛𝗖𝗠 (𝗤𝘂𝗮̣̂𝗻𝟭𝟮 𝗰𝘂̃)",Cần xác minh,Khác,Không phân loại,,
134620997,Xe máy điện Vespa Espero Classic 2022 Xanh ngọc,8400000,"Vespa Espero Classic 1. Đời cao 2022
Bình khoẻ. Đầy đủ giấy tờ
Ngoại hình đẹp như hình.
Giá hơn 8tr400

📍 Có thể xem xe và kiểm tra trực tiếp.
🏠 87 Máy tơ. Nam định
☎️ ***",2022,8000.0,Nam Định,Thành phố Nam Định,"Vespa Espero Classic 1. Đời cao 2022
Bình khoẻ. Đầy đủ giấy tờ
Ngoại hình đẹp như hình.
Giá hơn 8tr400

📍 Có thể xem xe và kiểm tra trực tiếp.
🏠 87 Máy tơ. Nam định
☎️ ***",Cần xác minh,Khác,Không phân loại,,
134434450,Xe đạp điện Yadea V1 Plus Đen,8500000,"Xe điện V1 Plus màu đen
- Kiểu dáng thời trang, dễ điều khiển.
- Động cơ êm ái.
- Pin bền bỉ, di chuyển quãng đường xa.",2025,1.0,Tp Hồ Chí Minh,Quận Tân Bình,"Xe điện V1 Plus màu đen
- Kiểu dáng thời trang, dễ điều khiển.
- Động cơ êm ái.
- Pin bền bỉ, di chuyển quãng đường xa.",Cần xác minh,Yadea,Yadea (Khác),9990000.0,14.9
134620393,Xe máy điện VinFast Vento Neo Trắng 9.000KM,29500000,"Vento Neo 9.000KM Cập Bến 😍😍😍

Giá..29.5Tr

☎️*** Minh Khờ",2025,9000.0,Tp Hồ Chí Minh,Quận Tân Phú,"Vento Neo 9.000KM Cập Bến 😍😍😍

Giá..29.5Tr

☎️*** Minh Khờ",Cần xác minh,VinFast,Vento,50000000.0,41.0
134620294,Vinfast Ludo Xe điện,6600000,Bán xe điện vinfast ludo acquy mới bảo hành 1 năm,2020,10.0,Hà Nội,Quận Tây Hồ,Bán xe điện vinfast ludo acquy mới bảo hành 1 năm,Cần xác minh,VinFast,Ludo,12900000.0,48.8
134620154,Xe máy điện VinFast Vento ABS Đen 7.000km,28800000,"Vento ABS lướt 7.000km
Chính chủ ký
-  Liền lạc đẹp keng
- 2 chìa 2 kính theo xe còn đủ
- Đã úp phuộc sau

Giá: 28tr8
☎️ ***",2025,7000.0,Tp Hồ Chí Minh,Quận 5,"Vento ABS lướt 7.000km
Chính chủ ký
-  Liền lạc đẹp keng
- 2 chìa 2 kính theo xe còn đủ
- Đã úp phuộc sau

Giá: 28tr8
☎️ ***",Cần xác minh,VinFast,Vento,50000000.0,42.4
134620115,Xe máy điện VinFast Vento Neo 2025 Trắng,29500000,"Khách lên đời để lại 
Vento neo siêu lướt
- Biển Tp chính chủ ký
- Pin 3.5, sạc 1000w đời mới 
- Liền lạc đẹp ken
- Góp đưa trước 30% nhận xe

Giá 29tr5
☎️***",2025,9000.0,Tp Hồ Chí Minh,Quận 5,"Khách lên đời để lại 
Vento neo siêu lướt
- Biển Tp chính chủ ký
- Pin 3.5, sạc 1000w đời mới 
- Liền lạc đẹp ken
- Góp đưa trước 30% nhận xe

Giá 29tr5
☎️***",Cần xác minh,VinFast,Vento,50000000.0,41.0
134620037,Xe máy điện Yadea Omee Trắng Ắc quy Graphene,14500000,"Xe máy điện Yadea Omee trắng, mới mua hơn 1 tuần, còn bảo hành hãng. 
 - Xe mới ra mắt 2026, thiết kế hiện đại. 
 - Pin ắc quy Graphene 48V22Ah, tốc độ tối đa 40km/h, công suất 400W. 
 - Phù hợp cho học sinh, sinh viên từ 16 tuổi trở lên hoặc người không có bằng lái. 
 - Giá 14.500.000 đồng.",2026,150.0,Tp Hồ Chí Minh,Thành phố Thủ Đức,"Xe máy điện Yadea Omee trắng, mới mua hơn 1 tuần, còn bảo hành hãng. 
 - Xe mới ra mắt 2026, thiết kế hiện đại. 
 - Pin ắc quy Graphene 48V22Ah, tốc độ tối đa 40km/h, công suất 400W. 
 - Phù hợp cho học sinh, sinh viên từ 16 tuổi trở lên hoặc người không có bằng lái. 
 - Giá 14.500.000 đồng.",Cần xác minh,Yadea,Yadea (Khác),9990000.0,-45.1
134599987,Xe điện Vespa Vision 2026 Xám Đã sử dụng,18500000,"Xe điện vision mới mua 2026 mới 98%

🔥🔥🔥 Siêu Phẩm Mới Về Ạ 🔥🔥🔥 

Vespa Siêu Siêu Lướt 2026

Xe Mới 95%, dk đầy đủ

SmartKey Zin
Xe Điện huy lâm Bán Rẻ 7tr So Với Mới 
Mà Lại Được Xe Như Mới Ạ 

📌 Ship Hàng TOÀN QUỐC - Nhanh chóng
---- 
📞 LH tư vấn miễn phí : ***( zalo / video call ) 
🕹️ Địa chỉ: 389 đội cấn-ba đình - Hà Nội. 
❇️ Cửa Hàng Xe Điện Huy Lâm",2026,5000.0,Hà Nội,Quận Ba Đình,"Xe điện vision mới mua 2026 mới 98%

🔥🔥🔥 Siêu Phẩm Mới Về Ạ 🔥🔥🔥 

Vespa Siêu Siêu Lướt 2026

Xe Mới 95%, dk đầy đủ

SmartKey Zin
Xe Điện huy lâm Bán Rẻ 7tr So Với Mới 
Mà Lại Được Xe Như Mới Ạ 

📌 Ship Hàng TOÀN QUỐC - Nhanh chóng
---- 
📞 LH tư vấn miễn phí : ***( zalo / video call ) 
🕹️ Địa chỉ: *** đội cấn-ba đình - Hà Nội. 
❇️ Cửa Hàng Xe Điện Huy Lâm",Kèm pin,Khác,Không phân loại,,
134619125,Xe máy điện VinFast Evo200 Lite Đen Việt Nam,20000000,"Trâu bò nhất dòng xe học sinh. Ko cần bằng lái. 
Evo200 lite biển SG.
Pin 3.5 kwh, trâu bò nhất nhà Vin. Tầm 100 - 140 km/sạc.
BH hãng đến 2028.
Biển SG, sang tên nhanh chóng.
20tr bao rút hồ sơ. 

Xe điện Z48
104 Đường số 1,kdc Cityland Center Hill, phường Hạnh Thông (t7 nghỉ)
***",2023,18000.0,Tp Hồ Chí Minh,Quận Gò Vấp,"Trâu bò nhất dòng xe học sinh. Ko cần bằng lái. 
Evo200 lite biển SG.
Pin 3.5 kwh, trâu bò nhất nhà Vin. Tầm 100 - 140 km/sạc.
BH hãng đến 2028.
Biển SG, sang tên nhanh chóng.
20tr bao rút hồ sơ. 

Xe điện Z48
*** Đường số 1,kdc Cityland Center Hill, phường Hạnh Thông (t7 nghỉ)
***",Cần xác minh,VinFast,Evo 200,18000000.0,-11.1
134618992,Vinfast Motio màu đỏ - Xe học sinh,8500000,"- Motio Vinfast.  Học sinh trên 16t đi ko cần bằng lái 
- 5 Bình acquy đi 50km/lần sạc 
- Chính chủ công chứng 
- Giá 8tr500k 
- Địa chỉ : 24/6. Đ.TL44. P.thạnh lộc. Q12",2025,10484.0,Tp Hồ Chí Minh,Quận 12,"- Motio Vinfast.  Học sinh trên 16t đi ko cần bằng lái 
- 5 Bình acquy đi 50km/lần sạc 
- Chính chủ công chứng 
- Giá 8tr500k 
- Địa chỉ : 24/6. Đ.TL44. P.thạnh lộc. Q12",Cần xác minh,Khác,Không phân loại,,
134618650,Xe máy điện VinFast Ludo/ Ko Bằng Lái (Cs2),8900000,"VinFast LuDo 50 / Pin / Không Bằng Lái
Trọng Lượng: 68Kg
Công Suất: 500w
Mua mới lúc trước 24.5 Triệu ( Pin Mua )
Năm SX : 2020
Xem Xe Tại CH2 Nguyễn Thông",2020,39000.0,Cần Thơ,Quận Bình Thuỷ,"VinFast LuDo 50 / Pin / Không Bằng Lái
Trọng Lượng: 68Kg
Công Suất: 500w
Mua mới lúc trước 24.5 Triệu ( Pin Mua )
Năm SX : 2020
Xem Xe Tại CH2 Nguyễn Thông",Cần xác minh,VinFast,Ludo,12900000.0,31.0
134602241,Xe Điện 3sGo - QuantumS1 BST 2025 Xanh 30k,35900000,"QuantumS1 BST9chù
- Đăng ký 2025
- Odo 30k
- Yên kimdang 
- Dàn áo keng ko trầy 98%
- Óc tán 7 màu keng 98%
- Còn đủ phụ kiện theo xe
❤️Xe keng 99% so với xe new 
⛔️ Nợ xấu đưa 8tr1 có LÃI SUẤT hoặc 19tr5 KO LÃI SUẤT
--------------------
✅ 𝗛𝗼̂̃ 𝗧𝗿𝗼̛̣ 𝗔𝗲 𝗟𝗲̂𝗻 𝗛𝗼̂̀ 𝗦𝗼̛ 𝗕𝗮𝗻𝗸 𝗡𝗵𝗮̣̂𝗻 𝗫𝗲 𝗩𝗮̀ 𝗖𝗮𝘃𝗲𝘁 𝗚𝗼̂́𝗰
✅ 𝗡𝗼̛̣ 𝗫𝗮̂́𝘂 – 𝗛𝗼̂̃ 𝗧𝗿𝗼̛̣ 𝟬 Đ𝗼̂̀𝗻𝗴 – 𝗞𝗵𝗼̂𝗻𝗴 𝗫𝗮́𝗰 𝗠𝗶𝗻𝗵
✅ 𝗡𝗼̛̣ 𝗫𝗮̂́𝘂 – 𝗛𝗼̂̃ 𝗧𝗿𝗼̛̣ Đ𝘂̛𝗮 𝟯𝟬% – 𝗞𝗵𝗼̂𝗻𝗴 𝗟𝗮̃𝗶
✅ Đ𝗼̂̉𝗶 𝗣𝗶𝗻 𝗞𝗵𝗼̂𝗻𝗴 𝗖𝗵𝗼̛̀ 𝗦𝗮̣c 𝗡𝗵𝗶𝗲̂̀𝘂 𝗖𝗵𝗶 𝗡𝗵𝗮́𝗻𝗵
✅ 𝗛ỗ 𝗧𝗿𝗼̛̣ 𝟮 𝗡𝗮̆𝗺 𝗫𝗲 𝗛𝘂̛ – 𝗖𝗼́ 𝗫𝗲 𝗞𝗵𝗮́𝗰 𝗗𝘂̀𝗻𝗴
✅ Đ𝗮̆𝗻𝗴 𝗞𝘆́ 𝗔𝗽𝗽 𝗫𝗮𝗻𝗵 𝗣𝗹𝗮𝘁𝗳𝗼𝗿𝗺 – 𝗧𝗮̣𝗶 𝗖𝗵𝗼̂̃
--------------------
🏠 𝟭𝟭𝟱 𝗣𝗵𝗮̣𝗺 𝗧𝗵𝗲̂́ 𝗛𝗶𝗲̂̉𝗻 - 𝗖𝗵𝗮́𝗻𝗵 𝗛𝘂̛𝗻𝗴 - 𝗛𝗖𝗠 ( 𝗤𝘂𝗮̣̂𝗻 𝟴 )
☎️ 𝗛𝗼𝘁𝗹𝗶𝗻𝗲 : *** - 𝗗𝗶𝗲̣̂𝘂",2025,30.0,Tp Hồ Chí Minh,Quận 8,"QuantumS1 BST9chù
- Đăng ký 2025
- Odo 30k
- Yên kimdang 
- Dàn áo keng ko trầy 98%
- Óc tán 7 màu keng 98%
- Còn đủ phụ kiện theo xe
❤️Xe keng 99% so với xe new 
⛔️ Nợ xấu đưa 8tr1 có LÃI SUẤT hoặc 19tr5 KO LÃI SUẤT
--------------------
✅ 𝗛𝗼̂̃ 𝗧𝗿𝗼̛̣ 𝗔𝗲 𝗟𝗲̂𝗻 𝗛𝗼̂̀ 𝗦𝗼̛ 𝗕𝗮𝗻𝗸 𝗡𝗵𝗮̣̂𝗻 𝗫𝗲 𝗩𝗮̀ 𝗖𝗮𝘃𝗲𝘁 𝗚𝗼̂́𝗰
✅ 𝗡𝗼̛̣ 𝗫𝗮̂́𝘂 – 𝗛𝗼̂̃ 𝗧𝗿𝗼̛̣ 𝟬 Đ𝗼̂̀𝗻𝗴 – 𝗞𝗵𝗼̂𝗻𝗴 𝗫𝗮́𝗰 𝗠𝗶𝗻𝗵
✅ 𝗡𝗼̛̣ 𝗫𝗮̂́𝘂 – 𝗛𝗼̂̃ 𝗧𝗿𝗼̛̣ Đ𝘂̛𝗮 𝟯𝟬% – 𝗞𝗵𝗼̂𝗻𝗴 𝗟𝗮̃𝗶
✅ Đ𝗼̂̉𝗶 𝗣𝗶𝗻 𝗞𝗵𝗼̂𝗻𝗴 𝗖𝗵𝗼̛̀ 𝗦𝗮̣c 𝗡𝗵𝗶𝗲̂̀𝘂 𝗖𝗵𝗶 𝗡𝗵𝗮́𝗻𝗵
✅ 𝗛ỗ 𝗧𝗿𝗼̛̣ 𝟮 𝗡𝗮̆𝗺 𝗫𝗲 𝗛𝘂̛ – 𝗖𝗼́ 𝗫𝗲 𝗞𝗵𝗮́𝗰 𝗗𝘂̀𝗻𝗴
✅ Đ𝗮̆𝗻𝗴 𝗞𝘆́ 𝗔𝗽𝗽 𝗫𝗮𝗻𝗵 𝗣𝗹𝗮𝘁𝗳𝗼𝗿𝗺 – 𝗧𝗮̣𝗶 𝗖𝗵𝗼̂̃
--------------------
🏠 𝟭𝟭𝟱 𝗣𝗵𝗮̣𝗺 𝗧𝗵𝗲̂́ 𝗛𝗶𝗲̂̉𝗻 - 𝗖𝗵𝗮́𝗻𝗵 𝗛𝘂̛𝗻𝗴 - 𝗛𝗖𝗠 ( 𝗤𝘂𝗮̣̂𝗻 𝟴 )
☎️ 𝗛𝗼𝘁𝗹𝗶𝗻𝗲 : *** - 𝗗𝗶𝗲̣̂𝘂",Cần xác minh,Khác,Không phân loại,,
134617456,Xe máy điện BEFORE ALL Latina VI 2.0 Trắng,12000000,"Xe máy điện mới mua được 3 tháng cần bán lại  hãng: BEFORE ALL
Dòng : latina vi 2.0 
Thiết kế theo kiểu dáng vespa 
Tốc độ tối đa 50km/h 
Pin chạy được 60km
Còn bảo hành 9 tháng
giá mua mới 18tr500 
bán lại 12tr000",2026,300.0,Đà Nẵng,Quận Ngũ Hành Sơn,"Xe máy điện mới mua được 3 tháng cần bán lại  hãng: BEFORE ALL
Dòng : latina vi 2.0 
Thiết kế theo kiểu dáng vespa 
Tốc độ tối đa 50km/h 
Pin chạy được 60km
Còn bảo hành 9 tháng
giá mua mới 18tr500 
bán lại 12tr000",Cần xác minh,Khác,Không phân loại,,
134617447,Xe máy điện DK Bike 2021,7900000,"Xe máy điện Soma SX không cần bằng lái btc 
1 lần sạc đi được 60km , tốc tối đa 46km giờ 
5 bình vừa thay mới còn bảo hành 1 năm 
Áo quần sạch sẽ không bể , full chức năng 
Giá : 7tr9 bình tân",2021,40000.0,Tp Hồ Chí Minh,Quận Bình Tân,"Xe máy điện Soma SX không cần bằng lái btc 
1 lần sạc đi được 60km , tốc tối đa 46km giờ 
5 bình vừa thay mới còn bảo hành 1 năm 
Áo quần sạch sẽ không bể , full chức năng 
Giá : 7tr9 bình tân",Cần xác minh,Khác,Không phân loại,,
134602534,Xe Điện 3sGo - EvoGrand Đen 14k km,22900000,"EvoGrand ĐK 4/2026 BST 9 chủ kí
- Odo 14k
- 2 pin mua theo xe
- Dàn áo keng ko trầy 98%
- Óc tán 7 màu keng 98%
- Còn đủ phụ kiện theo xe
❤️Xe keng 98% so với xe new 
⛔️ Nợ xấu đưa 0Đ có LÃI SUẤT hoặc 13tr KO LÃI SUẤT
--------------------
✅ 𝗛𝗼̂̃ 𝗧𝗿𝗼̛̣ 𝗔𝗲 𝗟𝗲̂𝗻 𝗛𝗼̂̀ 𝗦𝗼̛ 𝗕𝗮𝗻𝗸 𝗡𝗵𝗮̣̂𝗻 𝗫𝗲 𝗩𝗮̀ 𝗖𝗮𝘃𝗲𝘁 𝗚𝗼̂́𝗰
✅ 𝗡𝗼̛̣ 𝗫𝗮̂́𝘂 – 𝗛𝗼̂̃ 𝗧𝗿𝗼̛̣ 𝟬 Đ𝗼̂̀𝗻𝗴 – 𝗞𝗵𝗼̂𝗻𝗴 𝗫𝗮́𝗰 𝗠𝗶𝗻𝗵
✅ 𝗡𝗼̛̣ 𝗫𝗮̂́𝘂 – 𝗛𝗼̂̃ 𝗧𝗿𝗼̛̣ Đ𝘂̛𝗮 𝟯𝟬% – 𝗞𝗵𝗼̂𝗻𝗴 𝗟𝗮̃𝗶
✅ Đ𝗼̂̉𝗶 𝗣𝗶𝗻 𝗞𝗵𝗼̂𝗻𝗴 𝗖𝗵𝗼̛̀ 𝗦𝗮̣c 𝗡𝗵𝗶𝗲̂̀𝘂 𝗖𝗵𝗶 𝗡𝗵𝗮́𝗻𝗵
✅ 𝗛ỗ 𝗧𝗿𝗼̛̣ 𝟮 𝗡𝗮̆𝗺 𝗫𝗲 𝗛𝘂̛ – 𝗖𝗼́ 𝗫𝗲 𝗞𝗵𝗮́𝗰 𝗗𝘂̀𝗻𝗴
✅ Đ𝗮̆𝗻𝗴 𝗞𝘆́ 𝗔𝗽𝗽 𝗫𝗮𝗻𝗵 𝗣𝗹𝗮𝘁𝗳𝗼𝗿𝗺 – 𝗧𝗮̣𝗶 𝗖𝗵𝗼̂̃
--------------------
🏠 𝟭𝟭𝟱 𝗣𝗵𝗮̣𝗺 𝗧𝗵𝗲̂́ 𝗛𝗶𝗲̂̉𝗻 - 𝗖𝗵𝗮́𝗻𝗵 𝗛𝘂̛𝗻𝗴 - 𝗛𝗖𝗠 ( 𝗤𝘂𝗮̣̂𝗻 𝟴 )
☎️ 𝗛𝗼𝘁𝗹𝗶𝗻𝗲 : *** - 𝗗𝗶𝗲̣̂𝘂",2026,14000.0,Tp Hồ Chí Minh,Quận 8,"EvoGrand ĐK 4/2026 BST 9 chủ kí
- Odo 14k
- 2 pin mua theo xe
- Dàn áo keng ko trầy 98%
- Óc tán 7 màu keng 98%
- Còn đủ phụ kiện theo xe
❤️Xe keng 98% so với xe new 
⛔️ Nợ xấu đưa 0Đ có LÃI SUẤT hoặc 13tr KO LÃI SUẤT
--------------------
✅ 𝗛𝗼̂̃ 𝗧𝗿𝗼̛̣ 𝗔𝗲 𝗟𝗲̂𝗻 𝗛𝗼̂̀ 𝗦𝗼̛ 𝗕𝗮𝗻𝗸 𝗡𝗵𝗮̣̂𝗻 𝗫𝗲 𝗩𝗮̀ 𝗖𝗮𝘃𝗲𝘁 𝗚𝗼̂́𝗰
✅ 𝗡𝗼̛̣ 𝗫𝗮̂́𝘂 – 𝗛𝗼̂̃ 𝗧𝗿𝗼̛̣ 𝟬 Đ𝗼̂̀𝗻𝗴 – 𝗞𝗵𝗼̂𝗻𝗴 𝗫𝗮́𝗰 𝗠𝗶𝗻𝗵
✅ 𝗡𝗼̛̣ 𝗫𝗮̂́𝘂 – 𝗛𝗼̂̃ 𝗧𝗿𝗼̛̣ Đ𝘂̛𝗮 𝟯𝟬% – 𝗞𝗵𝗼̂𝗻𝗴 𝗟𝗮̃𝗶
✅ Đ𝗼̂̉𝗶 𝗣𝗶𝗻 𝗞𝗵𝗼̂𝗻𝗴 𝗖𝗵𝗼̛̀ 𝗦𝗮̣c 𝗡𝗵𝗶𝗲̂̀𝘂 𝗖𝗵𝗶 𝗡𝗵𝗮́𝗻𝗵
✅ 𝗛ỗ 𝗧𝗿𝗼̛̣ 𝟮 𝗡𝗮̆𝗺 𝗫𝗲 𝗛𝘂̛ – 𝗖𝗼́ 𝗫𝗲 𝗞𝗵𝗮́𝗰 𝗗𝘂̀𝗻𝗴
✅ Đ𝗮̆𝗻𝗴 𝗞𝘆́ 𝗔𝗽𝗽 𝗫𝗮𝗻𝗵 𝗣𝗹𝗮𝘁𝗳𝗼𝗿𝗺 – 𝗧𝗮̣𝗶 𝗖𝗵𝗼̂̃
--------------------
🏠 𝟭𝟭𝟱 𝗣𝗵𝗮̣𝗺 𝗧𝗵𝗲̂́ 𝗛𝗶𝗲̂̉𝗻 - 𝗖𝗵𝗮́𝗻𝗵 𝗛𝘂̛𝗻𝗴 - 𝗛𝗖𝗠 ( 𝗤𝘂𝗮̣̂𝗻 𝟴 )
☎️ 𝗛𝗼𝘁𝗹𝗶𝗻𝗲 : *** - 𝗗𝗶𝗲̣̂𝘂",Cần xác minh,Khác,Không phân loại,,
133873833,Xe máy điện SANTOSAR VS3 Xám 240W,12300000,"🏆🏆🏆 Hót Hót mẫu xe VS3 hottrend
🎈xe có thông số động cơ 240W, cho học sinh dưới 16t, cho mẹ đị chợ, cho chị em đi làm
📙Dòng xe có cốp rộng, chạy cực kỳ êm ái. Xe có giấy tờ đăng kiểm, hoá đơn đầy đủ ( đi đường không sợ công an), đặc biệt các em học sinh dứoi 16t chạy vẫn đúng quy định
💡xe được trang bị đèn led, thắng đĩa rất an toàn
🪫 chạy bình 48V30ah chính hãng an toàn không lo cháy nổ
🧾 bảo hành 12 tháng
💰giá 12",2026,,Tp Hồ Chí Minh,Thành phố Thủ Đức,"🏆🏆🏆 Hót Hót mẫu xe VS3 hottrend
🎈xe có thông số động cơ 240W, cho học sinh dưới 16t, cho mẹ đị chợ, cho chị em đi làm
📙Dòng xe có cốp rộng, chạy cực kỳ êm ái. Xe có giấy tờ đăng kiểm, hoá đơn đầy đủ ( đi đường không sợ công an), đặc biệt các em học sinh dứoi 16t chạy vẫn đúng quy định
💡xe được trang bị đèn led, thắng đĩa rất an toàn
🪫 chạy bình 48V30ah chính hãng an toàn không lo cháy nổ
🧾 bảo hành 12 tháng
💰giá 12",Cần xác minh,Khác,Không phân loại,,
134026009,Xe máy điện VinFast EVO 200 2024 Đen mờ 11000 km,20000000,"DƯ dùng bán lại chiếc xe máy điện VinFats EVO 200, màu đen mờ sản xuất 2024 , pin mua chạy 11 000km, pin sử dụng 100km mới sạc,xe luôn bảo dưỡng định kỳ tại hãng , bảo đảm xe còn sử dụng tốt,ngay chủ đứng tên bán, cam ơn anh chị đả xem tin.",2024,11000.0,Tp Hồ Chí Minh,Thành phố Thủ Đức,"DƯ dùng bán lại chiếc xe máy điện VinFats EVO 200, màu đen mờ sản xuất 2024 , pin mua chạy 11 000km, pin sử dụng 100km mới sạc,xe luôn bảo dưỡng định kỳ tại hãng , bảo đảm xe còn sử dụng tốt,ngay chủ đứng tên bán, cam ơn anh chị đả xem tin.",Cần xác minh,VinFast,Evo 200,18000000.0,-11.1
134563221,Xe điện V1  946 TỐT 90% CÒN SỔ BH,7900000,"XE MÁY ĐIỆN KONAXOAKA TỐT 90% CÒN SỔ BH

BÌNH SẠC ĐẦY ĐỦ
BẢO HÀNH DÀI HẠN
ZALO-GỌI TRỰC TIẾP ***
XE ĐẸP NHƯ HÌNH",2026,2000.0,Tp Hồ Chí Minh,Quận 1,"XE MÁY ĐIỆN KONAXOAKA TỐT 90% CÒN SỔ BH

BÌNH SẠC ĐẦY ĐỦ
BẢO HÀNH DÀI HẠN
ZALO-GỌI TRỰC TIẾP ***
XE ĐẸP NHƯ HÌNH",Cần xác minh,Khác,Không phân loại,,
134616801,Xe điện Sundiro Xám tím,6000000,"Cần bán xe điện như hình, xe chạy còn tốt, ngoại hình còn đẹp.",2026,5000.0,Tp Hồ Chí Minh,Quận 10,"Cần bán xe điện như hình, xe chạy còn tốt, ngoại hình còn đẹp.",Cần xác minh,Khác,Không phân loại,,
134602590,Xe Điên 3sGo - Evo200 2025 Trắng 10.000 km,21900000,"Evo200 ĐK 8/2025 Pin Mua BSTP
- Odo 10.000 Cây
- Dàn áo keng ko trầy 99%
- Óc tán 7 màu keng 99%
- Còn đủ phụ kiện theo xe
❤️Xe keng 99% so với xe new 
⛔️ Nợ xấu đưa 0Đ có LÃI SUẤT hoặc 12tr5 KO LÃI SUẤT
--------------------
✅ 𝗛𝗼̂̃ 𝗧𝗿𝗼̛̣ 𝗔𝗲 𝗟𝗲̂𝗻 𝗛𝗼̂̀ 𝗦𝗼̛ 𝗕𝗮𝗻𝗸 𝗡𝗵𝗮̣̂𝗻 𝗫𝗲 𝗩𝗮̀ 𝗖𝗮𝘃𝗲𝘁 𝗚𝗼̂́𝗰
✅ 𝗡𝗼̛̣ 𝗫𝗮̂́𝘂 – 𝗛𝗼̂̃ 𝗧𝗿𝗼̛̣ 𝟬 Đ𝗼̂̀𝗻𝗴 – 𝗞𝗵𝗼̂𝗻𝗴 𝗫𝗮́𝗰 𝗠𝗶𝗻𝗵
✅ 𝗡𝗼̛̣ 𝗫𝗮̂́𝘂 – 𝗛𝗼̂̃ 𝗧𝗿𝗼̛̣ Đ𝘂̛𝗮 𝟯𝟬% – 𝗞𝗵𝗼̂𝗻𝗴 𝗟𝗮̃𝗶
✅ Đ𝗼̂̉𝗶 𝗣𝗶𝗻 𝗞𝗵𝗼̂𝗻𝗴 𝗖𝗵𝗼̛̀ 𝗦𝗮̣c 𝗡𝗵𝗶𝗲̂̀𝘂 𝗖𝗵𝗶 𝗡𝗵𝗮́𝗻𝗵
✅ 𝗛ỗ 𝗧𝗿𝗼̛̣ 𝟮 𝗡𝗮̆𝗺 𝗫𝗲 𝗛𝘂̛ – 𝗖𝗼́ 𝗫𝗲 𝗞𝗵𝗮́𝗰 𝗗𝘂̀𝗻𝗴
✅ Đ𝗮̆𝗻𝗴 𝗞𝘆́ 𝗔𝗽𝗽 𝗫𝗮𝗻𝗵 𝗣𝗹𝗮𝘁𝗳𝗼𝗿𝗺 – 𝗧𝗮̣𝗶 𝗖𝗵𝗼̂̃
--------------------
🏠 𝟭𝟭𝟱 𝗣𝗵𝗮̣𝗺 𝗧𝗵𝗲̂́ 𝗛𝗶𝗲̂̉𝗻 - 𝗖𝗵𝗮́𝗻𝗵 𝗛𝘂̛𝗻𝗴 - 𝗛𝗖𝗠 ( 𝗤𝘂𝗮̣̂𝗻 𝟴 )
☎️ 𝗛𝗼𝘁𝗹𝗶𝗻𝗲 : *** - 𝗗𝗶𝗲̣̂𝘂",2025,10000.0,Tp Hồ Chí Minh,Quận 8,"Evo200 ĐK 8/2025 Pin Mua BSTP
- Odo 10.000 Cây
- Dàn áo keng ko trầy 99%
- Óc tán 7 màu keng 99%
- Còn đủ phụ kiện theo xe
❤️Xe keng 99% so với xe new 
⛔️ Nợ xấu đưa 0Đ có LÃI SUẤT hoặc 12tr5 KO LÃI SUẤT
--------------------
✅ 𝗛𝗼̂̃ 𝗧𝗿𝗼̛̣ 𝗔𝗲 𝗟𝗲̂𝗻 𝗛𝗼̂̀ 𝗦𝗼̛ 𝗕𝗮𝗻𝗸 𝗡𝗵𝗮̣̂𝗻 𝗫𝗲 𝗩𝗮̀ 𝗖𝗮𝘃𝗲𝘁 𝗚𝗼̂́𝗰
✅ 𝗡𝗼̛̣ 𝗫𝗮̂́𝘂 – 𝗛𝗼̂̃ 𝗧𝗿𝗼̛̣ 𝟬 Đ𝗼̂̀𝗻𝗴 – 𝗞𝗵𝗼̂𝗻𝗴 𝗫𝗮́𝗰 𝗠𝗶𝗻𝗵
✅ 𝗡𝗼̛̣ 𝗫𝗮̂́𝘂 – 𝗛𝗼̂̃ 𝗧𝗿𝗼̛̣ Đ𝘂̛𝗮 𝟯𝟬% – 𝗞𝗵𝗼̂𝗻𝗴 𝗟𝗮̃𝗶
✅ Đ𝗼̂̉𝗶 𝗣𝗶𝗻 𝗞𝗵𝗼̂𝗻𝗴 𝗖𝗵𝗼̛̀ 𝗦𝗮̣c 𝗡𝗵𝗶𝗲̂̀𝘂 𝗖𝗵𝗶 𝗡𝗵𝗮́𝗻𝗵
✅ 𝗛ỗ 𝗧𝗿𝗼̛̣ 𝟮 𝗡𝗮̆𝗺 𝗫𝗲 𝗛𝘂̛ – 𝗖𝗼́ 𝗫𝗲 𝗞𝗵𝗮́𝗰 𝗗𝘂̀𝗻𝗴
✅ Đ𝗮̆𝗻𝗴 𝗞𝘆́ 𝗔𝗽𝗽 𝗫𝗮𝗻𝗵 𝗣𝗹𝗮𝘁𝗳𝗼𝗿𝗺 – 𝗧𝗮̣𝗶 𝗖𝗵𝗼̂̃
--------------------
🏠 𝟭𝟭𝟱 𝗣𝗵𝗮̣𝗺 𝗧𝗵𝗲̂́ 𝗛𝗶𝗲̂̉𝗻 - 𝗖𝗵𝗮́𝗻𝗵 𝗛𝘂̛𝗻𝗴 - 𝗛𝗖𝗠 ( 𝗤𝘂𝗮̣̂𝗻 𝟴 )
☎️ 𝗛𝗼𝘁𝗹𝗶𝗻𝗲 : *** - 𝗗𝗶𝗲̣̂𝘂",Cần xác minh,VinFast,Evo 200,18000000.0,-21.7
133937642,Xe máy điện VinFast EVO GRAND Lite 2026 Trắng,19000000,a Ai cần liên hệ nhà ở Quận 12 thành phố Hồ Chí Minh cảm ơn xem như mới,2026,506.0,Tp Hồ Chí Minh,Quận 12,a Ai cần liên hệ nhà ở Quận 12 thành phố Hồ Chí Minh cảm ơn xem như mới,Cần xác minh,Khác,Không phân loại,,
134602453,Xe Điện 3sGo - DatBike Quantum S1 Đen,37900000,"QuantumS1 BSTP
- Odo không nói đâu
- Bảo Hành Pin 10 Năm 
- Sạc 1800w 
- Dàn áo keng ko trầy 98%
- Óc tán 7 màu keng 98%
- Còn đủ phụ kiện theo xe
❤️Xe keng 99% so với xe new 
⛔️ Nợ xấu đưa 3tr7 có LÃI SUẤT hoặc 16tr4 KO LÃI SUẤT
--------------------
✅ 𝗛𝗼̂̃ 𝗧𝗿𝗼̛̣ 𝗔𝗲 𝗟𝗲̂𝗻 𝗛𝗼̂̀ 𝗦𝗼̛ 𝗕𝗮𝗻𝗸 𝗡𝗵𝗮̣̂𝗻 𝗫𝗲 𝗩𝗮̀ 𝗖𝗮𝘃𝗲𝘁 𝗚𝗼̂́𝗰
✅ 𝗡𝗼̛̣ 𝗫𝗮̂́𝘂 – 𝗛𝗼̂̃ 𝗧𝗿𝗼̛̣ 𝟬 Đ𝗼̂̀𝗻𝗴 – 𝗞𝗵𝗼̂𝗻𝗴 𝗫𝗮́𝗰 𝗠𝗶𝗻𝗵
✅ 𝗡𝗼̛̣ 𝗫𝗮̂́𝘂 – 𝗛𝗼̂̃ 𝗧𝗿𝗼̛̣ Đ𝘂̛𝗮 𝟯𝟬% – 𝗞𝗵𝗼̂𝗻𝗴 𝗟𝗮̃𝗶
✅ Đ𝗼̂̉𝗶 𝗣𝗶𝗻 𝗞𝗵𝗼̂𝗻𝗴 𝗖𝗵𝗼̛̀ 𝗦𝗮̣c 𝗡𝗵𝗶𝗲̂̀𝘂 𝗖𝗵𝗶 𝗡𝗵𝗮́𝗻𝗵
✅ 𝗛ỗ 𝗧𝗿𝗼̛̣ 𝟮 𝗡𝗮̆𝗺 𝗫𝗲 𝗛𝘂̛ – 𝗖𝗼́ 𝗫𝗲 𝗞𝗵𝗮́𝗰 𝗗𝘂̀𝗻𝗴
✅ Đ𝗮̆𝗻𝗴 𝗞𝘆́ 𝗔𝗽𝗽 𝗫𝗮𝗻𝗵 𝗣𝗹𝗮𝘁𝗳𝗼𝗿𝗺 – 𝗧𝗮̣𝗶 𝗖𝗵𝗼̂̃
--------------------
🏠 𝟭𝟭𝟱 𝗣𝗵𝗮̣𝗺 𝗧𝗵𝗲̂́ 𝗛𝗶𝗲̂̉𝗻 - 𝗖𝗵𝗮́𝗻𝗵 𝗛𝘂̛𝗻𝗴 - 𝗛𝗖𝗠 ( 𝗤𝘂𝗮̣̂𝗻 𝟴 )
☎️ 𝗛𝗼𝘁𝗹𝗶𝗻𝗲 : *** - 𝗗𝗶𝗲̣̂𝘂",2026,,Tp Hồ Chí Minh,Quận 8,"QuantumS1 BSTP
- Odo không nói đâu
- Bảo Hành Pin 10 Năm 
- Sạc 1800w 
- Dàn áo keng ko trầy 98%
- Óc tán 7 màu keng 98%
- Còn đủ phụ kiện theo xe
❤️Xe keng 99% so với xe new 
⛔️ Nợ xấu đưa 3tr7 có LÃI SUẤT hoặc 16tr4 KO LÃI SUẤT
--------------------
✅ 𝗛𝗼̂̃ 𝗧𝗿𝗼̛̣ 𝗔𝗲 𝗟𝗲̂𝗻 𝗛𝗼̂̀ 𝗦𝗼̛ 𝗕𝗮𝗻𝗸 𝗡𝗵𝗮̣̂𝗻 𝗫𝗲 𝗩𝗮̀ 𝗖𝗮𝘃𝗲𝘁 𝗚𝗼̂́𝗰
✅ 𝗡𝗼̛̣ 𝗫𝗮̂́𝘂 – 𝗛𝗼̂̃ 𝗧𝗿𝗼̛̣ 𝟬 Đ𝗼̂̀𝗻𝗴 – 𝗞𝗵𝗼̂𝗻𝗴 𝗫𝗮́𝗰 𝗠𝗶𝗻𝗵
✅ 𝗡𝗼̛̣ 𝗫𝗮̂́𝘂 – 𝗛𝗼̂̃ 𝗧𝗿𝗼̛̣ Đ𝘂̛𝗮 𝟯𝟬% – 𝗞𝗵𝗼̂𝗻𝗴 𝗟𝗮̃𝗶
✅ Đ𝗼̂̉𝗶 𝗣𝗶𝗻 𝗞𝗵𝗼̂𝗻𝗴 𝗖𝗵𝗼̛̀ 𝗦𝗮̣c 𝗡𝗵𝗶𝗲̂̀𝘂 𝗖𝗵𝗶 𝗡𝗵𝗮́𝗻𝗵
✅ 𝗛ỗ 𝗧𝗿𝗼̛̣ 𝟮 𝗡𝗮̆𝗺 𝗫𝗲 𝗛𝘂̛ – 𝗖𝗼́ 𝗫𝗲 𝗞𝗵𝗮́𝗰 𝗗𝘂̀𝗻𝗴
✅ Đ𝗮̆𝗻𝗴 𝗞𝘆́ 𝗔𝗽𝗽 𝗫𝗮𝗻𝗵 𝗣𝗹𝗮𝘁𝗳𝗼𝗿𝗺 – 𝗧𝗮̣𝗶 𝗖𝗵𝗼̂̃
--------------------
🏠 𝟭𝟭𝟱 𝗣𝗵𝗮̣𝗺 𝗧𝗵𝗲̂́ 𝗛𝗶𝗲̂̉𝗻 - 𝗖𝗵𝗮́𝗻𝗵 𝗛𝘂̛𝗻𝗴 - 𝗛𝗖𝗠 ( 𝗤𝘂𝗮̣̂𝗻 𝟴 )
☎️ 𝗛𝗼𝘁𝗹𝗶𝗻𝗲 : *** - 𝗗𝗶𝗲̣̂𝘂",Cần xác minh,Dat Bike,Quantum,34900000.0,-8.6
134031255,"Vinfast Klara Pin cầm,xe đẹp biển Sài Gòn",10800000,"🍓🍓🍓 Xe bà xã đi đã đổi Evo200 nên thanh lý lại người dùng.
Xe Vinfast Klara màu hồng (Xe đẹp lắm nữ tính)
☘️ Biển Số Sài Gòn 41MĐ- chạy không cần bằng
Pin zin mua  + Sạc Zin: sạc đầy 2-3 tiếng đi được 40-50km/1 lần
- Động cơ mới thay trước tết, xe chạy mượt pin cầm tốt 40-50km, đã thay đồng hồ hiện đại + đèn led 2 tầng
🍇 Chị em mua về đưa đón con hay đi chợ vòng vòng trãi nghiệm ok nhé
🍏Ưu tiên: Học Sinh-Sinh Viên, xe chạy không cần bằng lái
🍇🍇🍇 Xem xe tại địa chỉ
Đường DN5, Đông Hưng Thuận,TPHCM( KDC AN SƯƠNG)",2020,28000.0,Tp Hồ Chí Minh,Quận 12,"🍓🍓🍓 Xe bà xã đi đã đổi Evo200 nên thanh lý lại người dùng.
Xe Vinfast Klara màu hồng (Xe đẹp lắm nữ tính)
☘️ Biển Số Sài Gòn 41MĐ- chạy không cần bằng
Pin zin mua  + Sạc Zin: sạc đầy 2-3 tiếng đi được 40-50km/1 lần
- Động cơ mới thay trước tết, xe chạy mượt pin cầm tốt 40-50km, đã thay đồng hồ hiện đại + đèn led 2 tầng
🍇 Chị em mua về đưa đón con hay đi chợ vòng vòng trãi nghiệm ok nhé
🍏Ưu tiên: Học Sinh-Sinh Viên, xe chạy không cần bằng lái
🍇🍇🍇 Xem xe tại địa chỉ
Đường DN5, Đông Hưng Thuận,TPHCM( KDC AN SƯƠNG)",Kèm pin,VinFast,Klara,35000000.0,69.1
134623797,Xe Điện Xmen,5000000,Cần bán 5 triệu xe đầy đủ giấy tờ đăng ký,2026,10000.0,Hà Nội,Huyện Phú Xuyên,Cần bán 5 triệu xe đầy đủ giấy tờ đăng ký,Cần xác minh,Khác,Không phân loại,,
134160705,VinFast Feliz 2025 Xanh oliu - Chính chủ - BSTP,21500000,"🔥 FELIZ 2025 1 PIN – XANH OLIU – CHÍNH CHỦ
📌 Date T6/2026
📌 Odo 12.000 km
📌 BSTP - Chính chủ
📌 Chính chủ, ủy quyền, sang tên công chứng nhanh gọn
💰 Giá: 2x
-----------------------
💚 Xe Điện Lướt Sài Gòn – Chuyên mua bán xe máy điện đã qua sử dụng tại TP.HCM
✅ Có trả góp – Cà thẻ – Giao tận nhà
📍 118A Chiến Lược, P. Bình Trị Đông, TP.HCM",2025,12000.0,Tp Hồ Chí Minh,Quận Bình Tân,"🔥 FELIZ 2025 1 PIN – XANH OLIU – CHÍNH CHỦ
📌 Date T6/2026
📌 Odo 12.000 km
📌 BSTP - Chính chủ
📌 Chính chủ, ủy quyền, sang tên công chứng nhanh gọn
💰 Giá: 2x
-----------------------
💚 Xe Điện Lướt Sài Gòn – Chuyên mua bán xe máy điện đã qua sử dụng tại TP.HCM
✅ Có trả góp – Cà thẻ – Giao tận nhà
📍 118A Chiến Lược, P. Bình Trị Đông, TP.HCM",Cần xác minh,VinFast,Feliz,27000000.0,20.4
134537840,Xe máy điện Yadea thể thao Cam đen,7500000,"Xe máy điện màu cam đen, kiểu dáng thể thao, phù hợp cho cả nam và nữ. 
- Xe chính chủ, có thể ký giấy sang tên. 
- Thích hợp cho học sinh, sinh viên không cần bằng lái. 
- Xe đang sử dụng tốt.",2023,123.0,Tp Hồ Chí Minh,Quận 12,"Xe máy điện màu cam đen, kiểu dáng thể thao, phù hợp cho cả nam và nữ. 
- Xe chính chủ, có thể ký giấy sang tên. 
- Thích hợp cho học sinh, sinh viên không cần bằng lái. 
- Xe đang sử dụng tốt.",Cần xác minh,Yadea,Yadea (Khác),14990000.0,50.0
134623423,Xe điện VinFast Klara màu Đen,10000000,"Tôi có 1 xe điện vinfast Klara màu đen như hình muốn bán do không có nhu cầu sử dụng. Xe còn đi tốt, vẫn chạy bình thường, vỏ còn nguyên vẹn, ko va chạm hay trầy xước. Xe tôi đi ít nên giữ gìn rất cẩn thận.",2020,19903.0,Hà Nội,Quận Ba Đình,"Tôi có 1 xe điện vinfast Klara màu đen như hình muốn bán do không có nhu cầu sử dụng. Xe còn đi tốt, vẫn chạy bình thường, vỏ còn nguyên vẹn, ko va chạm hay trầy xước. Xe tôi đi ít nên giữ gìn rất cẩn thận.",Cần xác minh,VinFast,Klara,35000000.0,71.4
133934022,Vinfast Evo200 Vàng zin 100% chính chủ,21900000,"     
 ✅ Vinfast Evo200 siêu đẹp ko một vết trầy 2025 
✅ Xe chính chủ Bstp ký mua bán ủy quyền đều được nhé 
✅ Pin 3.5 mua đứt bảo hành 8 năm ,sạc đầy đi được 200km
✅ Giá bán : 21,9tr
✅ Dt : 
✅ Xem xe Q6, Ship toàn quốc
",2025,14000.0,Tp Hồ Chí Minh,Quận 6,"     
 ✅ Vinfast Evo200 siêu đẹp ko một vết trầy 2025 
✅ Xe chính chủ Bstp ký mua bán ủy quyền đều được nhé 
✅ Pin 3.5 mua đứt bảo hành 8 năm ,sạc đầy đi được 200km
✅ Giá bán : 21,9tr
✅ Dt : 
✅ Xem xe Q6, Ship toàn quốc
",Kèm pin,VinFast,Evo 200,18000000.0,-21.7
134623388,Xe máy điện VinFast Feliz Đen 14000 km,19500000,Xe odo 14 ngàn xe hoạt động bình thường không lỗi làm gì chỉ việc mua về là chạy không cần suy nghĩ gì hết,2026,14000.0,Đồng Nai,Huyện Xuân Lộc,Xe odo 14 ngàn xe hoạt động bình thường không lỗi làm gì chỉ việc mua về là chạy không cần suy nghĩ gì hết,Cần xác minh,VinFast,Feliz,27000000.0,27.8
134623383,Xe máy điện VinFast Feliz Trắng 300 km,26000000,Xe mới mua về không đi như mới odo mới 300km xe sẵn 2 pin chỉ việc mua về là chạy không khác gì xe mới đầy đủ phụ kiện,2026,300.0,Đồng Nai,Huyện Xuân Lộc,Xe mới mua về không đi như mới odo mới 300km xe sẵn 2 pin chỉ việc mua về là chạy không khác gì xe mới đầy đủ phụ kiện,Cần xác minh,VinFast,Feliz,27000000.0,3.7
134623365,Xe máy điện  2026 Hồng Đã sử dụng,9500000,Xe mới mua được 4 ngày không có nhu cầu đi nữa bán lại mới 99% kh vết trầy xe hoạt động bình thường không lỗi chỉ việc về cắm sạc là chạy,2026,10.0,Đồng Nai,Huyện Xuân Lộc,Xe mới mua được 4 ngày không có nhu cầu đi nữa bán lại mới 99% kh vết trầy xe hoạt động bình thường không lỗi chỉ việc về cắm sạc là chạy,Cần xác minh,Khác,Không phân loại,,
134596908,Quantum S1 2025 lướt đẹp,38500000,"Xe máy điện màu trắng, pin 100% cho quãng đường di chuyển xa. 
- Thiết kế hiện đại, trẻ trung. 
- Vận hành êm ái, tiết kiệm năng lượng. 
- Phù hợp di chuyển trong thành phố.",2025,10.0,Tp Hồ Chí Minh,Quận Bình Tân,"Xe máy điện màu trắng, pin 100% cho quãng đường di chuyển xa. 
- Thiết kế hiện đại, trẻ trung. 
- Vận hành êm ái, tiết kiệm năng lượng. 
- Phù hợp di chuyển trong thành phố.",Cần xác minh,Dat Bike,Quantum,34900000.0,-10.3
134509389,Xe máy điện VinFast Evo200 2025 Đen,20900000,"Evo200  - Bstp 9 Chủ ĐK 2025
- Dàn áo dán keng 98%
- Óc tán 7 màu keng 98%
- Còn đủ phụ kiện theo xe
❤️Xe keng 98% so với xe new 
⛔️ Nợ xấu đưa 0đ có LÃI SUẤT hoặc 11tr KO LÃI SUẤT
--------------------
✅ 𝗛𝗼̂̃ 𝗧𝗿𝗼̛̣ 𝗔𝗲 𝗟𝗲̂𝗻 𝗛𝗼̂̀ 𝗦𝗼̛ 𝗕𝗮𝗻𝗸 𝗡𝗵𝗮̣̂𝗻 𝗫𝗲 𝗩𝗮̀ 𝗖𝗮𝘃𝗲𝘁 𝗚𝗼̂́𝗰
✅ 𝗡𝗼̛̣ 𝗫𝗮̂́𝘂 – 𝗛𝗼̂̃ 𝗧𝗿𝗼̛̣ 𝟬 Đ𝗼̂̀𝗻𝗴 – 𝗞𝗵𝗼̂𝗻𝗴 𝗫𝗮́𝗰 𝗠𝗶𝗻𝗵
✅ 𝗡𝗼̛̣ 𝗫𝗮̂́𝘂 – 𝗛𝗼̂̃ 𝗧𝗿𝗼̛̣ Đ𝘂̛𝗮 𝟯𝟬% – 𝗞𝗵𝗼̂𝗻𝗴 𝗟𝗮̃𝗶
✅ Đ𝗼̂̉𝗶 𝗣𝗶𝗻 𝗞𝗵𝗼̂𝗻𝗴 𝗖𝗵𝗼̛̀ 𝗦𝗮̣c 𝗡𝗵𝗶𝗲̂̀𝘂 𝗖𝗵𝗶 𝗡𝗵𝗮́𝗻𝗵
✅ 𝗛ỗ 𝗧𝗿𝗼̛̣ 𝟮 𝗡𝗮̆𝗺 𝗫𝗲 𝗛𝘂̛ – 𝗖𝗼́ 𝗫𝗲 𝗞𝗵𝗮́𝗰 𝗗𝘂̀𝗻𝗴
✅ Đ𝗮̆𝗻𝗴 𝗞𝘆́ 𝗔𝗽𝗽 𝗫𝗮𝗻𝗵 𝗣𝗹𝗮𝘁𝗳𝗼𝗿𝗺 – 𝗧𝗮̣𝗶 𝗖𝗵𝗼̂̃
--------------------
🏠𝟮𝟴𝟴 𝗧𝗿𝘂̛𝗼̛̀𝗻𝗴 𝗖𝗵𝗶𝗻𝗵 - 𝗣𝗵ư𝗼̛̀𝗻𝗴 Đ𝗼̂𝗻𝗴 𝗛𝘂̛𝗻𝗴 𝗧𝗵𝘂𝗮̣̂𝗻 - 𝗛𝗖𝗠 (𝗤𝘂𝗮̣̂𝗻𝟭𝟮 𝗰𝘂̃)",2025,,Tp Hồ Chí Minh,Quận 12,"Evo200  - Bstp 9 Chủ ĐK 2025
- Dàn áo dán keng 98%
- Óc tán 7 màu keng 98%
- Còn đủ phụ kiện theo xe
❤️Xe keng 98% so với xe new 
⛔️ Nợ xấu đưa 0đ có LÃI SUẤT hoặc 11tr KO LÃI SUẤT
--------------------
✅ 𝗛𝗼̂̃ 𝗧𝗿𝗼̛̣ 𝗔𝗲 𝗟𝗲̂𝗻 𝗛𝗼̂̀ 𝗦𝗼̛ 𝗕𝗮𝗻𝗸 𝗡𝗵𝗮̣̂𝗻 𝗫𝗲 𝗩𝗮̀ 𝗖𝗮𝘃𝗲𝘁 𝗚𝗼̂́𝗰
✅ 𝗡𝗼̛̣ 𝗫𝗮̂́𝘂 – 𝗛𝗼̂̃ 𝗧𝗿𝗼̛̣ 𝟬 Đ𝗼̂̀𝗻𝗴 – 𝗞𝗵𝗼̂𝗻𝗴 𝗫𝗮́𝗰 𝗠𝗶𝗻𝗵
✅ 𝗡𝗼̛̣ 𝗫𝗮̂́𝘂 – 𝗛𝗼̂̃ 𝗧𝗿𝗼̛̣ Đ𝘂̛𝗮 𝟯𝟬% – 𝗞𝗵𝗼̂𝗻𝗴 𝗟𝗮̃𝗶
✅ Đ𝗼̂̉𝗶 𝗣𝗶𝗻 𝗞𝗵𝗼̂𝗻𝗴 𝗖𝗵𝗼̛̀ 𝗦𝗮̣c 𝗡𝗵𝗶𝗲̂̀𝘂 𝗖𝗵𝗶 𝗡𝗵𝗮́𝗻𝗵
✅ 𝗛ỗ 𝗧𝗿𝗼̛̣ 𝟮 𝗡𝗮̆𝗺 𝗫𝗲 𝗛𝘂̛ – 𝗖𝗼́ 𝗫𝗲 𝗞𝗵𝗮́𝗰 𝗗𝘂̀𝗻𝗴
✅ Đ𝗮̆𝗻𝗴 𝗞𝘆́ 𝗔𝗽𝗽 𝗫𝗮𝗻𝗵 𝗣𝗹𝗮𝘁𝗳𝗼𝗿𝗺 – 𝗧𝗮̣𝗶 𝗖𝗵𝗼̂̃
--------------------
🏠𝟮𝟴𝟴 𝗧𝗿𝘂̛𝗼̛̀𝗻𝗴 𝗖𝗵𝗶𝗻𝗵 - 𝗣𝗵ư𝗼̛̀𝗻𝗴 Đ𝗼̂𝗻𝗴 𝗛𝘂̛𝗻𝗴 𝗧𝗵𝘂𝗮̣̂𝗻 - 𝗛𝗖𝗠 (𝗤𝘂𝗮̣̂𝗻𝟭𝟮 𝗰𝘂̃)",Cần xác minh,VinFast,Evo 200,18000000.0,-16.1
134622598,Xe máy điện Quantum s1 2025 Đen,43000000,"Xe máy điện Quantum s1  màu đen, kiểu dáng hiện đại, vận hành êm ái. 
- Xe mới, ít sử dụng. 
- Thiết kế thời trang, phù hợp di chuyển trong phố. 
- Tiết kiệm năng lượng, thân thiện môi trường.
Năm 12.2025",2025,6000.0,Tp Hồ Chí Minh,Thành phố Thủ Đức,"Xe máy điện Quantum s1  màu đen, kiểu dáng hiện đại, vận hành êm ái. 
- Xe mới, ít sử dụng. 
- Thiết kế thời trang, phù hợp di chuyển trong phố. 
- Tiết kiệm năng lượng, thân thiện môi trường.
Năm 12.2025",Cần xác minh,Dat Bike,Quantum,34900000.0,-23.2
134558900,Xe Điện 3sGo - EvoMax BST 65 Trắng 8000 km,20900000,"EvoMax BST 65 Chính Chủ
- Odo 8k
- Sẵn 2 pin thuê
- Óc tán 7 màu keng 
- Còn đủ phụ kiện theo xe
- Bảo hành Vinfats toàn quốc
⛔️ Nợ xấu đưa 0đ có LÃI SUẤT hoặc 12tr KO LÃI SUẤT
--------------------
✅ 𝗛𝗼̂̃ 𝗧𝗿𝗼̛̣ 𝗔𝗲 𝗟𝗲̂𝗻 𝗛𝗼̂̀ 𝗦𝗼̛ 𝗕𝗮𝗻𝗸 𝗡𝗵𝗮̣̂𝗻 𝗫𝗲 𝗩𝗮̀ 𝗖𝗮𝘃𝗲𝘁 𝗚𝗼̂́𝗰
✅ 𝗡𝗼̛̣ 𝗫𝗮̂́𝘂 – 𝗛𝗼̂̃ 𝗧𝗿𝗼̛̣ 𝟬 Đ𝗼̂̀𝗻𝗴 – 𝗞𝗵𝗼̂𝗻𝗴 𝗫𝗮́𝗰 𝗠𝗶𝗻𝗵
✅ 𝗡𝗼̛̣ 𝗫𝗮̂́𝘂 – 𝗛𝗼̂̃ 𝗧𝗿𝗼̛̣ Đ𝘂̛𝗮 𝟯𝟬% – 𝗞𝗵𝗼̂𝗻𝗴 𝗟𝗮̃𝗶
✅ Đ𝗼̂̉𝗶 𝗣𝗶𝗻 𝗞𝗵𝗼̂𝗻𝗴 𝗖𝗵𝗼̛̀ 𝗦𝗮̣c 𝗡𝗵𝗶𝗲̂̀𝘂 𝗖𝗵𝗶 𝗡𝗵𝗮́𝗻𝗵
✅ 𝗛ỗ 𝗧𝗿𝗼̛̣ 𝟮 𝗡𝗮̆𝗺 𝗫𝗲 𝗛𝘂̛ – 𝗖𝗼́ 𝗫𝗲 𝗞𝗵𝗮́𝗰 𝗗𝘂̀𝗻𝗴
✅ Đ𝗮̆𝗻𝗴 𝗞𝘆́ 𝗔𝗽𝗽 𝗫𝗮𝗻𝗵 𝗣𝗹𝗮𝘁𝗳𝗼𝗿𝗺 – 𝗧𝗮̣𝗶 𝗖𝗵𝗼̂̃
--------------------
🏠𝟮𝟴𝟴 𝗧𝗿𝘂̛𝗼̛̀𝗻𝗴 𝗖𝗵𝗶𝗻𝗵 - 𝗣𝗵ư𝗼̛̀𝗻𝗴 Đ𝗼̂𝗻𝗴 𝗛𝘂̛𝗻𝗴 𝗧𝗵𝘂𝗮̣̂𝗻 - 𝗛𝗖𝗠 (𝗤𝘂𝗮̣̂𝗻𝟭𝟮 𝗰𝘂̃)",2026,8000.0,Tp Hồ Chí Minh,Quận 12,"EvoMax BST 65 Chính Chủ
- Odo 8k
- Sẵn 2 pin thuê
- Óc tán 7 màu keng 
- Còn đủ phụ kiện theo xe
- Bảo hành Vinfats toàn quốc
⛔️ Nợ xấu đưa 0đ có LÃI SUẤT hoặc 12tr KO LÃI SUẤT
--------------------
✅ 𝗛𝗼̂̃ 𝗧𝗿𝗼̛̣ 𝗔𝗲 𝗟𝗲̂𝗻 𝗛𝗼̂̀ 𝗦𝗼̛ 𝗕𝗮𝗻𝗸 𝗡𝗵𝗮̣̂𝗻 𝗫𝗲 𝗩𝗮̀ 𝗖𝗮𝘃𝗲𝘁 𝗚𝗼̂́𝗰
✅ 𝗡𝗼̛̣ 𝗫𝗮̂́𝘂 – 𝗛𝗼̂̃ 𝗧𝗿𝗼̛̣ 𝟬 Đ𝗼̂̀𝗻𝗴 – 𝗞𝗵𝗼̂𝗻𝗴 𝗫𝗮́𝗰 𝗠𝗶𝗻𝗵
✅ 𝗡𝗼̛̣ 𝗫𝗮̂́𝘂 – 𝗛𝗼̂̃ 𝗧𝗿𝗼̛̣ Đ𝘂̛𝗮 𝟯𝟬% – 𝗞𝗵𝗼̂𝗻𝗴 𝗟𝗮̃𝗶
✅ Đ𝗼̂̉𝗶 𝗣𝗶𝗻 𝗞𝗵𝗼̂𝗻𝗴 𝗖𝗵𝗼̛̀ 𝗦𝗮̣c 𝗡𝗵𝗶𝗲̂̀𝘂 𝗖𝗵𝗶 𝗡𝗵𝗮́𝗻𝗵
✅ 𝗛ỗ 𝗧𝗿𝗼̛̣ 𝟮 𝗡𝗮̆𝗺 𝗫𝗲 𝗛𝘂̛ – 𝗖𝗼́ 𝗫𝗲 𝗞𝗵𝗮́𝗰 𝗗𝘂̀𝗻𝗴
✅ Đ𝗮̆𝗻𝗴 𝗞𝘆́ 𝗔𝗽𝗽 𝗫𝗮𝗻𝗵 𝗣𝗹𝗮𝘁𝗳𝗼𝗿𝗺 – 𝗧𝗮̣𝗶 𝗖𝗵𝗼̂̃
--------------------
🏠𝟮𝟴𝟴 𝗧𝗿𝘂̛𝗼̛̀𝗻𝗴 𝗖𝗵𝗶𝗻𝗵 - 𝗣𝗵ư𝗼̛̀𝗻𝗴 Đ𝗼̂𝗻𝗴 𝗛𝘂̛𝗻𝗴 𝗧𝗵𝘂𝗮̣̂𝗻 - 𝗛𝗖𝗠 (𝗤𝘂𝗮̣̂𝗻𝟭𝟮 𝗰𝘂̃)",Cần xác minh,Khác,Không phân loại,,
134366874,"Xe máy điện Typer 2 Trắng, Cam đã sử dụng",7800000,"Typer 2 đi ít còn như mới bán nửa giá mới

🛵TRẺ TRUNG - PHONG CÁCH - NĂNG ĐỘNG 
✴️ thanh lý xe typer2 
💸💸 giá bán 7tr800
☑️ màu sắc trung tính, thời trang (bảo hành 6 tháng) 
☑️ máy móc nguyên zin, an toàn tiết kiệm điện , Xanh, sạch không ồn 
☎️ Zalo *** (free ship Hà Nội, hỗ trợ ship toàn quốc  )
🏠 389 đội cấn -Hà Nội",2025,10000.0,Hà Nội,Quận Ba Đình,"Typer 2 đi ít còn như mới bán nửa giá mới

🛵TRẺ TRUNG - PHONG CÁCH - NĂNG ĐỘNG 
✴️ thanh lý xe typer2 
💸💸 giá bán 7tr800
☑️ màu sắc trung tính, thời trang (bảo hành 6 tháng) 
☑️ máy móc nguyên zin, an toàn tiết kiệm điện , Xanh, sạch không ồn 
☎️ Zalo *** (free ship Hà Nội, hỗ trợ ship toàn quốc  )
🏠 *** đội cấn -Hà Nội",Kèm pin,Khác,Không phân loại,,
134508320,Xe Điện 3sGo - Datbike S1 2026 Đen 10000 km,44900000,"DatbikeS1 BSTP ĐK 2026 Chính Chủ 1 Lần sạc đi 285km
- Odo 10k hơn
- Óc tán 7 màu keng 
- Còn đủ phụ kiện theo xe 
- Bảo hành Datbike toàn quốc
⛔️ Nợ xấu đưa 5tr8 có LÃI SUẤT hoặc 23tr KO LÃI SUẤT
--------------------
✅ 𝗛𝗼̂̃ 𝗧𝗿𝗼̛̣ 𝗔𝗲 𝗟𝗲̂𝗻 𝗛𝗼̂̀ 𝗦𝗼̛ 𝗕𝗮𝗻𝗸 𝗡𝗵𝗮̣̂𝗻 𝗫𝗲 𝗩𝗮̀ 𝗖𝗮𝘃𝗲𝘁 𝗚𝗼̂́𝗰
✅ 𝗡𝗼̛̣ 𝗫𝗮̂́𝘂 – 𝗛𝗼̂̃ 𝗧𝗿𝗼̛̣ 𝟬 Đ𝗼̂̀𝗻𝗴 – 𝗞𝗵𝗼̂𝗻𝗴 𝗫𝗮́𝗰 𝗠𝗶𝗻𝗵
✅ 𝗡𝗼̛̣ 𝗫𝗮̂́𝘂 – 𝗛𝗼̂̃ 𝗧𝗿𝗼̛̣ Đ𝘂̛𝗮 𝟯𝟬% – 𝗞𝗵𝗼̂𝗻𝗴 𝗟𝗮̃𝗶
✅ Đ𝗼̂̉𝗶 𝗣𝗶𝗻 𝗞𝗵𝗼̂𝗻𝗴 𝗖𝗵𝗼̛̀ 𝗦𝗮̣c 𝗡𝗵𝗶𝗲̂̀𝘂 𝗖𝗵𝗶 𝗡𝗵𝗮́𝗻𝗵
✅ 𝗛ỗ 𝗧𝗿𝗼̛̣ 𝟮 𝗡𝗮̆𝗺 𝗫𝗲 𝗛𝘂̛ – 𝗖𝗼́ 𝗫𝗲 𝗞𝗵𝗮́𝗰 𝗗𝘂̀𝗻𝗴
✅ Đ𝗮̆𝗻𝗴 𝗞𝘆́ 𝗔𝗽𝗽 𝗫𝗮𝗻𝗵 𝗣𝗹𝗮𝘁𝗳𝗼𝗿𝗺 – 𝗧𝗮̣𝗶 𝗖𝗵𝗼̂̃
--------------------
🏠𝟮𝟴𝟴 𝗧𝗿𝘂̛𝗼̛̀𝗻𝗴 𝗖𝗵𝗶𝗻𝗵 - 𝗣𝗵ư𝗼̛̀𝗻𝗴 Đ𝗼̂𝗻𝗴 𝗛𝘂̛𝗻𝗴 𝗧𝗵𝘂𝗮̣̂𝗻 - 𝗛𝗖𝗠 (𝗤𝘂𝗮̣̂𝗻𝟭𝟮 𝗰𝘂̃)",2025,10000.0,Tp Hồ Chí Minh,Quận 12,"DatbikeS1 BSTP ĐK 2026 Chính Chủ 1 Lần sạc đi 285km
- Odo 10k hơn
- Óc tán 7 màu keng 
- Còn đủ phụ kiện theo xe 
- Bảo hành Datbike toàn quốc
⛔️ Nợ xấu đưa 5tr8 có LÃI SUẤT hoặc 23tr KO LÃI SUẤT
--------------------
✅ 𝗛𝗼̂̃ 𝗧𝗿𝗼̛̣ 𝗔𝗲 𝗟𝗲̂𝗻 𝗛𝗼̂̀ 𝗦𝗼̛ 𝗕𝗮𝗻𝗸 𝗡𝗵𝗮̣̂𝗻 𝗫𝗲 𝗩𝗮̀ 𝗖𝗮𝘃𝗲𝘁 𝗚𝗼̂́𝗰
✅ 𝗡𝗼̛̣ 𝗫𝗮̂́𝘂 – 𝗛𝗼̂̃ 𝗧𝗿𝗼̛̣ 𝟬 Đ𝗼̂̀𝗻𝗴 – 𝗞𝗵𝗼̂𝗻𝗴 𝗫𝗮́𝗰 𝗠𝗶𝗻𝗵
✅ 𝗡𝗼̛̣ 𝗫𝗮̂́𝘂 – 𝗛𝗼̂̃ 𝗧𝗿𝗼̛̣ Đ𝘂̛𝗮 𝟯𝟬% – 𝗞𝗵𝗼̂𝗻𝗴 𝗟𝗮̃𝗶
✅ Đ𝗼̂̉𝗶 𝗣𝗶𝗻 𝗞𝗵𝗼̂𝗻𝗴 𝗖𝗵𝗼̛̀ 𝗦𝗮̣c 𝗡𝗵𝗶𝗲̂̀𝘂 𝗖𝗵𝗶 𝗡𝗵𝗮́𝗻𝗵
✅ 𝗛ỗ 𝗧𝗿𝗼̛̣ 𝟮 𝗡𝗮̆𝗺 𝗫𝗲 𝗛𝘂̛ – 𝗖𝗼́ 𝗫𝗲 𝗞𝗵𝗮́𝗰 𝗗𝘂̀𝗻𝗴
✅ Đ𝗮̆𝗻𝗴 𝗞𝘆́ 𝗔𝗽𝗽 𝗫𝗮𝗻𝗵 𝗣𝗹𝗮𝘁𝗳𝗼𝗿𝗺 – 𝗧𝗮̣𝗶 𝗖𝗵𝗼̂̃
--------------------
🏠𝟮𝟴𝟴 𝗧𝗿𝘂̛𝗼̛̀𝗻𝗴 𝗖𝗵𝗶𝗻𝗵 - 𝗣𝗵ư𝗼̛̀𝗻𝗴 Đ𝗼̂𝗻𝗴 𝗛𝘂̛𝗻𝗴 𝗧𝗵𝘂𝗮̣̂𝗻 - 𝗛𝗖𝗠 (𝗤𝘂𝗮̣̂𝗻𝟭𝟮 𝗰𝘂̃)",Cần xác minh,Khác,Không phân loại,,
134197994,CỬA HÀNG THU MUA XE MÁY ĐIỆN CŨ,35999000,"⭐️ CỬA HÀNG PHẠM TUẤN XE ĐIỆN CŨ 
CHUYÊN THU MUA XE ĐIỆN CŨ - GIÁ CAO - BAO MỌI GIẤY TỜ LIÊN QUAN
📌 Địa chỉ: 244 Thoại Ngọc Hầu . Phú Thạnh , Q .Tân Phú . TP HCM.
⭐️ ĐỊNH GIÁ MIỄN PHÍ XE MÁY ⭐️

❤️ Chuyên Thu Mua Xe Điện Cũ với các dòng như sau, Giá Bao Thị Trường
( VINFAST . YADEA . DATBIKE . PEGA...)

Giá thu từ: 1tr - 99tr

Dịch vụ đặc biệt:
❤️ Bấm Giá Trong Vòng 30s Để Khách Hàng Tham Khảo Giá
❤️ Hỗ Trợ Mua Tận Nơi ( Sài Gòn và những chỗ lân cận)


😍😍😍 CẦN KẾT NỐI VỚI SHOWROOM CÁC HÃNG XE ĐIỆN NEW THU CŨ ĐỔI MỚI CHO KHÁCH HÀNG

code: #thumuaxe #26003663_1",2025,1.0,Tp Hồ Chí Minh,Quận Tân Phú,"⭐️ CỬA HÀNG PHẠM TUẤN XE ĐIỆN CŨ 
CHUYÊN THU MUA XE ĐIỆN CŨ - GIÁ CAO - BAO MỌI GIẤY TỜ LIÊN QUAN
📌 Địa chỉ: 244 Thoại Ngọc Hầu . Phú Thạnh , Q .Tân Phú . TP HCM.
⭐️ ĐỊNH GIÁ MIỄN PHÍ XE MÁY ⭐️

❤️ Chuyên Thu Mua Xe Điện Cũ với các dòng như sau, Giá Bao Thị Trường
( VINFAST . YADEA . DATBIKE . PEGA...)

Giá thu từ: 1tr - 99tr

Dịch vụ đặc biệt:
❤️ Bấm Giá Trong Vòng 30s Để Khách Hàng Tham Khảo Giá
❤️ Hỗ Trợ Mua Tận Nơi ( Sài Gòn và những chỗ lân cận)


😍😍😍 CẦN KẾT NỐI VỚI SHOWROOM CÁC HÃNG XE ĐIỆN NEW THU CŨ ĐỔI MỚI CHO KHÁCH HÀNG

code: #thumuaxe #26003663_1",Cần xác minh,Khác,Không phân loại,,
134558870,Xe Điện 3sGo - Feliz II Trắng 700km,25900000,"Feliz II BSTP Chính Chủ 
- Odo 700km
- 2pin (free thuê 2pin 1 năm)
- Óc tán 7 màu keng 
- Còn đủ phụ kiện theo xe 
- Bảo hành Vinfast toàn quốc
⛔️ Nợ xấu đưa 0đ có LÃI SUẤT hoặc 15tr KO LÃI SUẤT
--------------------
✅ 𝗛𝗼̂̃ 𝗧𝗿𝗼̛̣ 𝗔𝗲 𝗟𝗲̂𝗻 𝗛𝗼̂̀ 𝗦𝗼̛ 𝗕𝗮𝗻𝗸 𝗡𝗵𝗮̣̂𝗻 𝗫𝗲 𝗩𝗮̀ 𝗖𝗮𝘃𝗲𝘁 𝗚𝗼̂́𝗰
✅ 𝗡𝗼̛̣ 𝗫𝗮̂́𝘂 – 𝗛𝗼̂̃ 𝗧𝗿𝗼̛̣ 𝟬 Đ𝗼̂̀𝗻𝗴 – 𝗞𝗵𝗼̂𝗻𝗴 𝗫𝗮́𝗰 𝗠𝗶𝗻𝗵
✅ 𝗡𝗼̛̣ 𝗫𝗮̂́𝘂 – 𝗛𝗼̂̃ 𝗧𝗿𝗼̛̣ Đ𝘂̛𝗮 𝟯𝟬% – 𝗞𝗵𝗼̂𝗻𝗴 𝗟𝗮̃𝗶
✅ Đ𝗼̂̉𝗶 𝗣𝗶𝗻 𝗞𝗵𝗼̂𝗻𝗴 𝗖𝗵𝗼̛̀ 𝗦𝗮̣c 𝗡𝗵𝗶𝗲̂̀𝘂 𝗖𝗵𝗶 𝗡𝗵𝗮́𝗻𝗵
✅ 𝗛ỗ 𝗧𝗿𝗼̛̣ 𝟮 𝗡𝗮̆𝗺 𝗫𝗲 𝗛𝘂̛ – 𝗖𝗼́ 𝗫𝗲 𝗞𝗵𝗮́𝗰 𝗗𝘂̀𝗻𝗴
✅ Đ𝗮̆𝗻𝗴 𝗞𝘆́ 𝗔𝗽𝗽 𝗫𝗮𝗻𝗵 𝗣𝗹𝗮𝘁𝗳𝗼𝗿𝗺 – 𝗧𝗮̣𝗶 𝗖𝗵𝗼̂̃
--------------------
🏠𝟮𝟴𝟴 𝗧𝗿𝘂̛𝗼̛̀𝗻𝗴 𝗖𝗵𝗶𝗻𝗵 - 𝗣𝗵ư𝗼̛̀𝗻𝗴 Đ𝗼̂𝗻𝗴 𝗛𝘂̛𝗻𝗴 𝗧𝗵𝘂𝗮̣̂𝗻 - 𝗛𝗖𝗠 (𝗤𝘂𝗮̣̂𝗻𝟭𝟮 𝗰𝘂̃)",2026,700.0,Tp Hồ Chí Minh,Quận 12,"Feliz II BSTP Chính Chủ 
- Odo 700km
- 2pin (free thuê 2pin 1 năm)
- Óc tán 7 màu keng 
- Còn đủ phụ kiện theo xe 
- Bảo hành Vinfast toàn quốc
⛔️ Nợ xấu đưa 0đ có LÃI SUẤT hoặc 15tr KO LÃI SUẤT
--------------------
✅ 𝗛𝗼̂̃ 𝗧𝗿𝗼̛̣ 𝗔𝗲 𝗟𝗲̂𝗻 𝗛𝗼̂̀ 𝗦𝗼̛ 𝗕𝗮𝗻𝗸 𝗡𝗵𝗮̣̂𝗻 𝗫𝗲 𝗩𝗮̀ 𝗖𝗮𝘃𝗲𝘁 𝗚𝗼̂́𝗰
✅ 𝗡𝗼̛̣ 𝗫𝗮̂́𝘂 – 𝗛𝗼̂̃ 𝗧𝗿𝗼̛̣ 𝟬 Đ𝗼̂̀𝗻𝗴 – 𝗞𝗵𝗼̂𝗻𝗴 𝗫𝗮́𝗰 𝗠𝗶𝗻𝗵
✅ 𝗡𝗼̛̣ 𝗫𝗮̂́𝘂 – 𝗛𝗼̂̃ 𝗧𝗿𝗼̛̣ Đ𝘂̛𝗮 𝟯𝟬% – 𝗞𝗵𝗼̂𝗻𝗴 𝗟𝗮̃𝗶
✅ Đ𝗼̂̉𝗶 𝗣𝗶𝗻 𝗞𝗵𝗼̂𝗻𝗴 𝗖𝗵𝗼̛̀ 𝗦𝗮̣c 𝗡𝗵𝗶𝗲̂̀𝘂 𝗖𝗵𝗶 𝗡𝗵𝗮́𝗻𝗵
✅ 𝗛ỗ 𝗧𝗿𝗼̛̣ 𝟮 𝗡𝗮̆𝗺 𝗫𝗲 𝗛𝘂̛ – 𝗖𝗼́ 𝗫𝗲 𝗞𝗵𝗮́𝗰 𝗗𝘂̀𝗻𝗴
✅ Đ𝗮̆𝗻𝗴 𝗞𝘆́ 𝗔𝗽𝗽 𝗫𝗮𝗻𝗵 𝗣𝗹𝗮𝘁𝗳𝗼𝗿𝗺 – 𝗧𝗮̣𝗶 𝗖𝗵𝗼̂̃
--------------------
🏠𝟮𝟴𝟴 𝗧𝗿𝘂̛𝗼̛̀𝗻𝗴 𝗖𝗵𝗶𝗻𝗵 - 𝗣𝗵ư𝗼̛̀𝗻𝗴 Đ𝗼̂𝗻𝗴 𝗛𝘂̛𝗻𝗴 𝗧𝗵𝘂𝗮̣̂𝗻 - 𝗛𝗖𝗠 (𝗤𝘂𝗮̣̂𝗻𝟭𝟮 𝗰𝘂̃)",Cần xác minh,VinFast,Feliz,27000000.0,4.1
134621837,Xe máy điện Xmen 2019 Đen Việt Nam,4900000,"BÁN XE MÁY ĐIỆN cũ :  Xmen 
Giá:4tr900  bình khỏe 30/35km/1 lần sạc 
Đk 2019 biển số 74 
xe ở Cầu Vượt Sóng Thần  Qlộ 1A 
LH: ***
Có nhan đổi xe điện cũ các loại",2019,8978.0,Tp Hồ Chí Minh,Thành phố Thủ Đức,"BÁN XE MÁY ĐIỆN cũ :  Xmen 
Giá:4tr900  bình khỏe 30/35km/1 lần sạc 
Đk 2019 biển số 74 
xe ở Cầu Vượt Sóng Thần  Qlộ 1A 
LH: ***
Có nhan đổi xe điện cũ các loại",Cần xác minh,Khác,Không phân loại,,
134621834,Xe máy điện VinFast Vento Neo Trắng 9.000KM,29500000,"Vento Neo 9.000KM Cập Bến 😍😍😍

Giá..29.5Tr

☎️*** Em bi",2025,9000.0,Tp Hồ Chí Minh,Quận Tân Phú,"Vento Neo 9.000KM Cập Bến 😍😍😍

Giá..29.5Tr

☎️*** Em bi",Cần xác minh,VinFast,Vento,50000000.0,41.0
134621825,"VinFast Feliz Neo 2025 Xám 38,900km",28000000,"Feliz Ne***


- ODO : 38,900km
- Pin : 72v 105Ah . Quãng đường đi được từ 200km 1 lần sạc
- Ngoại hình : 95%
- Thủ tục mua bán : công chứng mua bán ra tên mới. Chủ xe hỗ trợ rút hồ sơ
- Năm đăng ký : 10/2025
- Giá bán :  28,000,000
- Có hỗ trợ trả góp, nợ xấu
- Có cho thuê xe, trao đổi mua bán xe, ký gửi xe",2025,38900.0,Tp Hồ Chí Minh,Quận Tân Bình,"Feliz Ne***


- ODO : 38,900km
- Pin : 72v 105Ah . Quãng đường đi được từ 200km 1 lần sạc
- Ngoại hình : 95%
- Thủ tục mua bán : công chứng mua bán ra tên mới. Chủ xe hỗ trợ rút hồ sơ
- Năm đăng ký : 10/2025
- Giá bán :  28,000,000
- Có hỗ trợ trả góp, nợ xấu
- Có cho thuê xe, trao đổi mua bán xe, ký gửi xe",Cần xác minh,VinFast,Feliz,27000000.0,-3.7
134621821,Xe điện gogo,5200000,"bán xe điện còn rất tốt nhập khẩu nguyên chiếc giá vừa tầm ai mua cho con đi hoc câp 3 đỡ đươc bao nhiêu tiền nhà nhiêu xe lên bán nhanh cho gọn
ai thiên chí mua hoăc nhăn tin nêu ko nghe may kip",2019,5252.0,Hải Phòng,Quận Ngô Quyền,"bán xe điện còn rất tốt nhập khẩu nguyên chiếc giá vừa tầm ai mua cho con đi hoc câp 3 đỡ đươc bao nhiêu tiền nhà nhiêu xe lên bán nhanh cho gọn
ai thiên chí mua hoăc nhăn tin nêu ko nghe may kip",Cần xác minh,Dibao,Gogo,14500000.0,64.1
134621813,Quantum S3 odo 10k xe đẹp ken biển sg,32500000,"Quantum s3 xe đẹp ken 9 chủ ký 
Có gop nợ xấu tay đôi",2025,10412.0,Tp Hồ Chí Minh,Quận Tân Phú,"Quantum s3 xe đẹp ken 9 chủ ký 
Có gop nợ xấu tay đôi",Cần xác minh,Dat Bike,Quantum,34900000.0,6.9
133165398,Xe máy điện VinFast Feliz 2 Trắng,17500000,"Xe máy điện VinFast Feliz 2 màu trắng, thiết kế hiện đại, phù hợp cho cả nam và nữ. 
- Xe vận hành êm ái, tiết kiệm năng lượng. 
- Trang bị nhiều tính năng thông minh. 
- Xe mới, ít sử dụng.
- chuyển nhượng hợp đồng thuê 2 pin vinfast 1,5kw
",2026,1589.0,Đồng Nai,Huyện Trảng Bom,"Xe máy điện VinFast Feliz 2 màu trắng, thiết kế hiện đại, phù hợp cho cả nam và nữ. 
- Xe vận hành êm ái, tiết kiệm năng lượng. 
- Trang bị nhiều tính năng thông minh. 
- Xe mới, ít sử dụng.
- chuyển nhượng hợp đồng thuê 2 pin vinfast 1,5kw
",Cần xác minh,VinFast,Feliz,27000000.0,35.2
134536690,Xe Điện 3sGo -  Evo200Lite 2025 Đen,22900000,"Evo200Lite  - Bstp 9 Chủ ĐK 2025
- 2 Chìa khoá đầy đủ
- Dàn áo dán keng 98%
- Óc tán 7 màu keng 98%
- Còn đủ phụ kiện theo xe
❤️Xe keng 98% so với xe new 
⛔️ Nợ xấu đưa 3tr2 có LÃI SUẤT hoặc 12tr KO LÃI SUẤT
--------------------
✅ 𝗛𝗼̂̃ 𝗧𝗿𝗼̛̣ 𝗔𝗲 𝗟𝗲̂𝗻 𝗛𝗼̂̀ 𝗦𝗼̛ 𝗕𝗮𝗻𝗸 𝗡𝗵𝗮̣̂𝗻 𝗫𝗲 𝗩𝗮̀ 𝗖𝗮𝘃𝗲𝘁 𝗚𝗼̂́𝗰
✅ 𝗡𝗼̛̣ 𝗫𝗮̂́𝘂 – 𝗛𝗼̂̃ 𝗧𝗿𝗼̛̣ 𝟬 Đ𝗼̂̀𝗻𝗴 – 𝗞𝗵𝗼̂𝗻𝗴 𝗫𝗮́𝗰 𝗠𝗶𝗻𝗵
✅ 𝗡𝗼̛̣ 𝗫𝗮̂́𝘂 – 𝗛𝗼̂̃ 𝗧𝗿𝗼̛̣ Đ𝘂̛𝗮 𝟯𝟬% – 𝗞𝗵𝗼̂𝗻𝗴 𝗟𝗮̃𝗶
✅ Đ𝗼̂̉𝗶 𝗣𝗶𝗻 𝗞𝗵𝗼̂𝗻𝗴 𝗖𝗵𝗼̛̀ 𝗦𝗮̣c 𝗡𝗵𝗶𝗲̂̀𝘂 𝗖𝗵𝗶 𝗡𝗵𝗮́𝗻𝗵
✅ 𝗛ỗ 𝗧𝗿𝗼̛̣ 𝟮 𝗡𝗮̆𝗺 𝗫𝗲 𝗛𝘂̛ – 𝗖𝗼́ 𝗫𝗲 𝗞𝗵𝗮́𝗰 𝗗𝘂̀𝗻𝗴
✅ Đ𝗮̆𝗻𝗴 𝗞𝘆́ 𝗔𝗽𝗽 𝗫𝗮𝗻𝗵 𝗣𝗹𝗮𝘁𝗳𝗼𝗿𝗺 – 𝗧𝗮̣𝗶 𝗖𝗵𝗼̂̃
--------------------
🏠𝟮𝟴𝟴 𝗧𝗿𝘂̛𝗼̛̀𝗻𝗴 𝗖𝗵𝗶𝗻𝗵 - 𝗣𝗵ư𝗼̛̀𝗻𝗴 Đ𝗼̂𝗻𝗴 𝗛𝘂̛𝗻𝗴 𝗧𝗵𝘂𝗮̣̂𝗻 - 𝗛𝗖𝗠 (𝗤𝘂𝗮̣̂𝗻𝟭𝟮 𝗰𝘂̃)",2025,,Tp Hồ Chí Minh,Quận 12,"Evo200Lite  - Bstp 9 Chủ ĐK 2025
- 2 Chìa khoá đầy đủ
- Dàn áo dán keng 98%
- Óc tán 7 màu keng 98%
- Còn đủ phụ kiện theo xe
❤️Xe keng 98% so với xe new 
⛔️ Nợ xấu đưa 3tr2 có LÃI SUẤT hoặc 12tr KO LÃI SUẤT
--------------------
✅ 𝗛𝗼̂̃ 𝗧𝗿𝗼̛̣ 𝗔𝗲 𝗟𝗲̂𝗻 𝗛𝗼̂̀ 𝗦𝗼̛ 𝗕𝗮𝗻𝗸 𝗡𝗵𝗮̣̂𝗻 𝗫𝗲 𝗩𝗮̀ 𝗖𝗮𝘃𝗲𝘁 𝗚𝗼̂́𝗰
✅ 𝗡𝗼̛̣ 𝗫𝗮̂́𝘂 – 𝗛𝗼̂̃ 𝗧𝗿𝗼̛̣ 𝟬 Đ𝗼̂̀𝗻𝗴 – 𝗞𝗵𝗼̂𝗻𝗴 𝗫𝗮́𝗰 𝗠𝗶𝗻𝗵
✅ 𝗡𝗼̛̣ 𝗫𝗮̂́𝘂 – 𝗛𝗼̂̃ 𝗧𝗿𝗼̛̣ Đ𝘂̛𝗮 𝟯𝟬% – 𝗞𝗵𝗼̂𝗻𝗴 𝗟𝗮̃𝗶
✅ Đ𝗼̂̉𝗶 𝗣𝗶𝗻 𝗞𝗵𝗼̂𝗻𝗴 𝗖𝗵𝗼̛̀ 𝗦𝗮̣c 𝗡𝗵𝗶𝗲̂̀𝘂 𝗖𝗵𝗶 𝗡𝗵𝗮́𝗻𝗵
✅ 𝗛ỗ 𝗧𝗿𝗼̛̣ 𝟮 𝗡𝗮̆𝗺 𝗫𝗲 𝗛𝘂̛ – 𝗖𝗼́ 𝗫𝗲 𝗞𝗵𝗮́𝗰 𝗗𝘂̀𝗻𝗴
✅ Đ𝗮̆𝗻𝗴 𝗞𝘆́ 𝗔𝗽𝗽 𝗫𝗮𝗻𝗵 𝗣𝗹𝗮𝘁𝗳𝗼𝗿𝗺 – 𝗧𝗮̣𝗶 𝗖𝗵𝗼̂̃
--------------------
🏠𝟮𝟴𝟴 𝗧𝗿𝘂̛𝗼̛̀𝗻𝗴 𝗖𝗵𝗶𝗻𝗵 - 𝗣𝗵ư𝗼̛̀𝗻𝗴 Đ𝗼̂𝗻𝗴 𝗛𝘂̛𝗻𝗴 𝗧𝗵𝘂𝗮̣̂𝗻 - 𝗛𝗖𝗠 (𝗤𝘂𝗮̣̂𝗻𝟭𝟮 𝗰𝘂̃)",Cần xác minh,Khác,Không phân loại,,
134621561,Xe máy điện VinFast Feliz 2025 Trắng 2 pin 2.4kW,25000000,"FELIZ 2025 – 2 PIN ZIN – GIÁ 25 TRIỆU 🔥
Biển số: 50AD-256.57

🛵 Feliz 2025 – xe đẹp, 2 pin zin, sẵn sàng chạy ngay!

✨ Thông tin xe:

📍 ODO: 10.000 km
🔋 2 pin 2.4kW zin hãng
💎 Ngoại hình: 95%
📅 Đăng ký: 12/2025
📄 Công chứng mua bán
💰 Giá bán: 25.000.000đ

💳 HỖ TRỢ TRẢ GÓP – HỖ TRỢ HỒ SƠ NỢ XẤU
🛵 Có cho thuê xe
🔄 Nhận trao đổi – mua bán xe
📦 Nhận ký gửi xe

🔥 Điểm đáng tiền: 2 pin zin + đời 2025 + giấy tờ mua bán rõ ràng. Mua về đi hằng ngày hoặc chạy dịch vụ đều tiện.

📩 Quan tâm inbox ngay – xe đẹp, giá tốt, chốt sớm kẻo hết!",2025,10000.0,Tp Hồ Chí Minh,Quận Tân Bình,"FELIZ 2025 – 2 PIN ZIN – GIÁ 25 TRIỆU 🔥
Biển số: 50AD-256.57

🛵 Feliz 2025 – xe đẹp, 2 pin zin, sẵn sàng chạy ngay!

✨ Thông tin xe:

📍 ODO: 10.000 km
🔋 2 pin 2.4kW zin hãng
💎 Ngoại hình: 95%
📅 Đăng ký: 12/2025
📄 Công chứng mua bán
💰 Giá bán: 25.000.000đ

💳 HỖ TRỢ TRẢ GÓP – HỖ TRỢ HỒ SƠ NỢ XẤU
🛵 Có cho thuê xe
🔄 Nhận trao đổi – mua bán xe
📦 Nhận ký gửi xe

🔥 Điểm đáng tiền: 2 pin zin + đời 2025 + giấy tờ mua bán rõ ràng. Mua về đi hằng ngày hoặc chạy dịch vụ đều tiện.

📩 Quan tâm inbox ngay – xe đẹp, giá tốt, chốt sớm kẻo hết!",Kèm pin,VinFast,Feliz,27000000.0,7.4
134621518,Xe máy điện VinFast Feliz Neo 2025 Xám 39000 km,20500000,"Feliz Neo màu xám BS : 50-AC 735.12


- ODO : 39000
- Pin : 1 Pin zin 67v 30Ah + 1 pin song song sàn chân 67v 30Ah . Quãng đường đi được từ 130 - 150km 1 lần sạc
- Ngoại hình : 90%
- Thủ tục mua bán : công chứng mua bán
- Năm đăng ký : 09/2025
- Giá bán :  20,500,000
- Có hỗ trợ trả góp, nợ xấu
- Có cho thuê xe, trao đổi mua bán xe, ký gửi xe",2025,39000.0,Tp Hồ Chí Minh,Quận Tân Bình,"Feliz Neo màu xám BS : 50-AC 735.12


- ODO : 39000
- Pin : 1 Pin zin 67v 30Ah + 1 pin song song sàn chân 67v 30Ah . Quãng đường đi được từ 130 - 150km 1 lần sạc
- Ngoại hình : 90%
- Thủ tục mua bán : công chứng mua bán
- Năm đăng ký : 09/2025
- Giá bán :  20,500,000
- Có hỗ trợ trả góp, nợ xấu
- Có cho thuê xe, trao đổi mua bán xe, ký gửi xe",Kèm pin,VinFast,Feliz,27000000.0,24.1
134506458,Xe Điện 3sGo - Flazz 2026 Trắng 900 km,15900000,"Flazz BSTP ĐK 2026 Chính Chủ 
- Odo 900 cây
- Đã mua 2 pin
- Óc tán 7 màu keng 
- Còn đủ phụ kiện theo xe
- Bảo hành Vinfast toàn quốc
#Giá_15tr9 - Nậu xớ đưa 2tr1 hoặc 5tr1
⛔️ Nợ xấu đưa 2tr1 có LÃI SUẤT hoặc 8tr KO LÃI SUẤT
--------------------
✅ 𝗛𝗼̂̃ 𝗧𝗿𝗼̛̣ 𝗔𝗲 𝗟𝗲̂𝗻 𝗛𝗼̂̀ 𝗦𝗼̛ 𝗕𝗮𝗻𝗸 𝗡𝗵𝗮̣̂𝗻 𝗫𝗲 𝗩𝗮̀ 𝗖𝗮𝘃𝗲𝘁 𝗚𝗼̂́𝗰
✅ 𝗡𝗼̛̣ 𝗫𝗮̂́𝘂 – 𝗛𝗼̂̃ 𝗧𝗿𝗼̛̣ 𝟬 Đ𝗼̂̀𝗻𝗴 – 𝗞𝗵𝗼̂𝗻𝗴 𝗫𝗮́𝗰 𝗠𝗶𝗻𝗵
✅ 𝗡𝗼̛̣ 𝗫𝗮̂́𝘂 – 𝗛𝗼̂̃ 𝗧𝗿𝗼̛̣ Đ𝘂̛𝗮 𝟯𝟬% – 𝗞𝗵𝗼̂𝗻𝗴 𝗟𝗮̃𝗶
✅ Đ𝗼̂̉𝗶 𝗣𝗶𝗻 𝗞𝗵𝗼̂𝗻𝗴 𝗖𝗵𝗼̛̀ 𝗦𝗮̣c 𝗡𝗵𝗶𝗲̂̀𝘂 𝗖𝗵𝗶 𝗡𝗵𝗮́𝗻𝗵
✅ 𝗛ỗ 𝗧𝗿𝗼̛̣ 𝟮 𝗡𝗮̆𝗺 𝗫𝗲 𝗛𝘂̛ – 𝗖𝗼́ 𝗫𝗲 𝗞𝗵𝗮́𝗰 𝗗𝘂̀𝗻𝗴
✅ Đ𝗮̆𝗻𝗴 𝗞𝘆́ 𝗔𝗽𝗽 𝗫𝗮𝗻𝗵 𝗣𝗹𝗮𝘁𝗳𝗼𝗿𝗺 – 𝗧𝗮̣𝗶 𝗖𝗵𝗼̂̃
--------------------
🏠𝟮𝟴𝟴 𝗧𝗿𝘂̛𝗼̛̀𝗻𝗴 𝗖𝗵𝗶𝗻𝗵 - 𝗣𝗵ư𝗼̛̀𝗻𝗴 Đ𝗼̂𝗻𝗴 𝗛𝘂̛𝗻𝗴 𝗧𝗵𝘂𝗮̣̂𝗻 - 𝗛𝗖𝗠 (𝗤𝘂𝗮̣̂𝗻𝟭𝟮 𝗰𝘂̃)",2026,900.0,Tp Hồ Chí Minh,Quận 12,"Flazz BSTP ĐK 2026 Chính Chủ 
- Odo 900 cây
- Đã mua 2 pin
- Óc tán 7 màu keng 
- Còn đủ phụ kiện theo xe
- Bảo hành Vinfast toàn quốc
#Giá_15tr9 - Nậu xớ đưa 2tr1 hoặc 5tr1
⛔️ Nợ xấu đưa 2tr1 có LÃI SUẤT hoặc 8tr KO LÃI SUẤT
--------------------
✅ 𝗛𝗼̂̃ 𝗧𝗿𝗼̛̣ 𝗔𝗲 𝗟𝗲̂𝗻 𝗛𝗼̂̀ 𝗦𝗼̛ 𝗕𝗮𝗻𝗸 𝗡𝗵𝗮̣̂𝗻 𝗫𝗲 𝗩𝗮̀ 𝗖𝗮𝘃𝗲𝘁 𝗚𝗼̂́𝗰
✅ 𝗡𝗼̛̣ 𝗫𝗮̂́𝘂 – 𝗛𝗼̂̃ 𝗧𝗿𝗼̛̣ 𝟬 Đ𝗼̂̀𝗻𝗴 – 𝗞𝗵𝗼̂𝗻𝗴 𝗫𝗮́𝗰 𝗠𝗶𝗻𝗵
✅ 𝗡𝗼̛̣ 𝗫𝗮̂́𝘂 – 𝗛𝗼̂̃ 𝗧𝗿𝗼̛̣ Đ𝘂̛𝗮 𝟯𝟬% – 𝗞𝗵𝗼̂𝗻𝗴 𝗟𝗮̃𝗶
✅ Đ𝗼̂̉𝗶 𝗣𝗶𝗻 𝗞𝗵𝗼̂𝗻𝗴 𝗖𝗵𝗼̛̀ 𝗦𝗮̣c 𝗡𝗵𝗶𝗲̂̀𝘂 𝗖𝗵𝗶 𝗡𝗵𝗮́𝗻𝗵
✅ 𝗛ỗ 𝗧𝗿𝗼̛̣ 𝟮 𝗡𝗮̆𝗺 𝗫𝗲 𝗛𝘂̛ – 𝗖𝗼́ 𝗫𝗲 𝗞𝗵𝗮́𝗰 𝗗𝘂̀𝗻𝗴
✅ Đ𝗮̆𝗻𝗴 𝗞𝘆́ 𝗔𝗽𝗽 𝗫𝗮𝗻𝗵 𝗣𝗹𝗮𝘁𝗳𝗼𝗿𝗺 – 𝗧𝗮̣𝗶 𝗖𝗵𝗼̂̃
--------------------
🏠𝟮𝟴𝟴 𝗧𝗿𝘂̛𝗼̛̀𝗻𝗴 𝗖𝗵𝗶𝗻𝗵 - 𝗣𝗵ư𝗼̛̀𝗻𝗴 Đ𝗼̂𝗻𝗴 𝗛𝘂̛𝗻𝗴 𝗧𝗵𝘂𝗮̣̂𝗻 - 𝗛𝗖𝗠 (𝗤𝘂𝗮̣̂𝗻𝟭𝟮 𝗰𝘂̃)",Cần xác minh,Khác,Không phân loại,,
134555510,Xe Điện 3sGo - Datbike S1 Đen 10.000 km,44900000,"DatbikeS1 BSTP ĐK 2026 Chính Chủ 1 Lần sạc đi 285km
- Odo 10k hơn
- Óc tán 7 màu keng 
- Còn đủ phụ kiện theo xe 
- Bảo hành Datbike toàn quốc
⛔️ Nợ xấu đưa 5tr8 có LÃI SUẤT hoặc 24tr KO LÃI SUẤT
--------------------
✅ 𝗛𝗼̂̃ 𝗧𝗿𝗼̛̣ 𝗔𝗲 𝗟𝗲̂𝗻 𝗛𝗼̂̀ 𝗦𝗼̛ 𝗕𝗮𝗻𝗸 𝗡𝗵𝗮̣̂𝗻 𝗫𝗲 𝗩𝗮̀ 𝗖𝗮𝘃𝗲𝘁 𝗚𝗼̂́𝗰
✅ 𝗡𝗼̛̣ 𝗫𝗮̂́𝘂 – 𝗛𝗼̂̃ 𝗧𝗿𝗼̛̣ 𝟬 Đ𝗼̂̀𝗻𝗴 – 𝗞𝗵𝗼̂𝗻𝗴 𝗫𝗮́𝗰 𝗠𝗶𝗻𝗵
✅ 𝗡𝗼̛̣ 𝗫𝗮̂́𝘂 – 𝗛𝗼̂̃ 𝗧𝗿𝗼̛̣ Đ𝘂̛𝗮 𝟯𝟬% – 𝗞𝗵𝗼̂𝗻𝗴 𝗟𝗮̃𝗶
✅ Đ𝗼̂̉𝗶 𝗣𝗶𝗻 𝗞𝗵𝗼̂𝗻𝗴 𝗖𝗵𝗼̛̀ 𝗦𝗮̣c 𝗡𝗵𝗶𝗲̂̀𝘂 𝗖𝗵𝗶 𝗡𝗵𝗮́𝗻𝗵
✅ 𝗛ỗ 𝗧𝗿𝗼̛̣ 𝟮 𝗡𝗮̆𝗺 𝗫𝗲 𝗛𝘂̛ – 𝗖𝗼́ 𝗫𝗲 𝗞𝗵𝗮́𝗰 𝗗𝘂̀𝗻𝗴
✅ Đ𝗮̆𝗻𝗴 𝗞𝘆́ 𝗔𝗽𝗽 𝗫𝗮𝗻𝗵 𝗣𝗹𝗮𝘁𝗳𝗼𝗿𝗺 – 𝗧𝗮̣𝗶 𝗖𝗵𝗼̂̃
--------------------
🏠𝟮𝟴𝟴 𝗧𝗿𝘂̛𝗼̛̀𝗻𝗴 𝗖𝗵𝗶𝗻𝗵 - 𝗣𝗵ư𝗼̛̀𝗻𝗴 Đ𝗼̂𝗻𝗴 𝗛𝘂̛𝗻𝗴 𝗧𝗵𝘂𝗮̣̂𝗻 - 𝗛𝗖𝗠 (𝗤𝘂𝗮̣̂𝗻𝟭𝟮 𝗰𝘂̃)",2026,10000.0,Tp Hồ Chí Minh,Quận 12,"DatbikeS1 BSTP ĐK 2026 Chính Chủ 1 Lần sạc đi 285km
- Odo 10k hơn
- Óc tán 7 màu keng 
- Còn đủ phụ kiện theo xe 
- Bảo hành Datbike toàn quốc
⛔️ Nợ xấu đưa 5tr8 có LÃI SUẤT hoặc 24tr KO LÃI SUẤT
--------------------
✅ 𝗛𝗼̂̃ 𝗧𝗿𝗼̛̣ 𝗔𝗲 𝗟𝗲̂𝗻 𝗛𝗼̂̀ 𝗦𝗼̛ 𝗕𝗮𝗻𝗸 𝗡𝗵𝗮̣̂𝗻 𝗫𝗲 𝗩𝗮̀ 𝗖𝗮𝘃𝗲𝘁 𝗚𝗼̂́𝗰
✅ 𝗡𝗼̛̣ 𝗫𝗮̂́𝘂 – 𝗛𝗼̂̃ 𝗧𝗿𝗼̛̣ 𝟬 Đ𝗼̂̀𝗻𝗴 – 𝗞𝗵𝗼̂𝗻𝗴 𝗫𝗮́𝗰 𝗠𝗶𝗻𝗵
✅ 𝗡𝗼̛̣ 𝗫𝗮̂́𝘂 – 𝗛𝗼̂̃ 𝗧𝗿𝗼̛̣ Đ𝘂̛𝗮 𝟯𝟬% – 𝗞𝗵𝗼̂𝗻𝗴 𝗟𝗮̃𝗶
✅ Đ𝗼̂̉𝗶 𝗣𝗶𝗻 𝗞𝗵𝗼̂𝗻𝗴 𝗖𝗵𝗼̛̀ 𝗦𝗮̣c 𝗡𝗵𝗶𝗲̂̀𝘂 𝗖𝗵𝗶 𝗡𝗵𝗮́𝗻𝗵
✅ 𝗛ỗ 𝗧𝗿𝗼̛̣ 𝟮 𝗡𝗮̆𝗺 𝗫𝗲 𝗛𝘂̛ – 𝗖𝗼́ 𝗫𝗲 𝗞𝗵𝗮́𝗰 𝗗𝘂̀𝗻𝗴
✅ Đ𝗮̆𝗻𝗴 𝗞𝘆́ 𝗔𝗽𝗽 𝗫𝗮𝗻𝗵 𝗣𝗹𝗮𝘁𝗳𝗼𝗿𝗺 – 𝗧𝗮̣𝗶 𝗖𝗵𝗼̂̃
--------------------
🏠𝟮𝟴𝟴 𝗧𝗿𝘂̛𝗼̛̀𝗻𝗴 𝗖𝗵𝗶𝗻𝗵 - 𝗣𝗵ư𝗼̛̀𝗻𝗴 Đ𝗼̂𝗻𝗴 𝗛𝘂̛𝗻𝗴 𝗧𝗵𝘂𝗮̣̂𝗻 - 𝗛𝗖𝗠 (𝗤𝘂𝗮̣̂𝗻𝟭𝟮 𝗰𝘂̃)",Cần xác minh,Khác,Không phân loại,,
134620997,Xe máy điện Vespa Espero Classic 2022 Xanh ngọc,8400000,"Vespa Espero Classic 1. Đời cao 2022
Bình khoẻ. Đầy đủ giấy tờ
Ngoại hình đẹp như hình.
Giá hơn 8tr400

📍 Có thể xem xe và kiểm tra trực tiếp.
🏠 87 Máy tơ. Nam định
☎️ ***",2022,8000.0,Nam Định,Thành phố Nam Định,"Vespa Espero Classic 1. Đời cao 2022
Bình khoẻ. Đầy đủ giấy tờ
Ngoại hình đẹp như hình.
Giá hơn 8tr400

📍 Có thể xem xe và kiểm tra trực tiếp.
🏠 87 Máy tơ. Nam định
☎️ ***",Cần xác minh,Khác,Không phân loại,,
134434450,Xe đạp điện Yadea V1 Plus Đen,8500000,"Xe điện V1 Plus màu đen
- Kiểu dáng thời trang, dễ điều khiển.
- Động cơ êm ái.
- Pin bền bỉ, di chuyển quãng đường xa.",2025,1.0,Tp Hồ Chí Minh,Quận Tân Bình,"Xe điện V1 Plus màu đen
- Kiểu dáng thời trang, dễ điều khiển.
- Động cơ êm ái.
- Pin bền bỉ, di chuyển quãng đường xa.",Cần xác minh,Yadea,Yadea (Khác),9990000.0,14.9
134620393,Xe máy điện VinFast Vento Neo Trắng 9.000KM,29500000,"Vento Neo 9.000KM Cập Bến 😍😍😍

Giá..29.5Tr

☎️*** Minh Khờ",2025,9000.0,Tp Hồ Chí Minh,Quận Tân Phú,"Vento Neo 9.000KM Cập Bến 😍😍😍

Giá..29.5Tr

☎️*** Minh Khờ",Cần xác minh,VinFast,Vento,50000000.0,41.0
134620294,Vinfast Ludo Xe điện,6600000,Bán xe điện vinfast ludo acquy mới bảo hành 1 năm,2020,10.0,Hà Nội,Quận Tây Hồ,Bán xe điện vinfast ludo acquy mới bảo hành 1 năm,Cần xác minh,VinFast,Ludo,12900000.0,48.8
134620154,Xe máy điện VinFast Vento ABS Đen 7.000km,28800000,"Vento ABS lướt 7.000km
Chính chủ ký
-  Liền lạc đẹp keng
- 2 chìa 2 kính theo xe còn đủ
- Đã úp phuộc sau

Giá: 28tr8
☎️ ***",2025,7000.0,Tp Hồ Chí Minh,Quận 5,"Vento ABS lướt 7.000km
Chính chủ ký
-  Liền lạc đẹp keng
- 2 chìa 2 kính theo xe còn đủ
- Đã úp phuộc sau

Giá: 28tr8
☎️ ***",Cần xác minh,VinFast,Vento,50000000.0,42.4
134620115,Xe máy điện VinFast Vento Neo 2025 Trắng,29500000,"Khách lên đời để lại 
Vento neo siêu lướt
- Biển Tp chính chủ ký
- Pin 3.5, sạc 1000w đời mới 
- Liền lạc đẹp ken
- Góp đưa trước 30% nhận xe

Giá 29tr5
☎️***",2025,9000.0,Tp Hồ Chí Minh,Quận 5,"Khách lên đời để lại 
Vento neo siêu lướt
- Biển Tp chính chủ ký
- Pin 3.5, sạc 1000w đời mới 
- Liền lạc đẹp ken
- Góp đưa trước 30% nhận xe

Giá 29tr5
☎️***",Cần xác minh,VinFast,Vento,50000000.0,41.0
134620037,Xe máy điện Yadea Omee Trắng Ắc quy Graphene,14500000,"Xe máy điện Yadea Omee trắng, mới mua hơn 1 tuần, còn bảo hành hãng. 
 - Xe mới ra mắt 2026, thiết kế hiện đại. 
 - Pin ắc quy Graphene 48V22Ah, tốc độ tối đa 40km/h, công suất 400W. 
 - Phù hợp cho học sinh, sinh viên từ 16 tuổi trở lên hoặc người không có bằng lái. 
 - Giá 14.500.000 đồng.",2026,150.0,Tp Hồ Chí Minh,Thành phố Thủ Đức,"Xe máy điện Yadea Omee trắng, mới mua hơn 1 tuần, còn bảo hành hãng. 
 - Xe mới ra mắt 2026, thiết kế hiện đại. 
 - Pin ắc quy Graphene 48V22Ah, tốc độ tối đa 40km/h, công suất 400W. 
 - Phù hợp cho học sinh, sinh viên từ 16 tuổi trở lên hoặc người không có bằng lái. 
 - Giá 14.500.000 đồng.",Cần xác minh,Yadea,Yadea (Khác),9990000.0,-45.1
134599987,Xe điện Vespa Vision 2026 Xám Đã sử dụng,18500000,"Xe điện vision mới mua 2026 mới 98%

🔥🔥🔥 Siêu Phẩm Mới Về Ạ 🔥🔥🔥 

Vespa Siêu Siêu Lướt 2026

Xe Mới 95%, dk đầy đủ

SmartKey Zin
Xe Điện huy lâm Bán Rẻ 7tr So Với Mới 
Mà Lại Được Xe Như Mới Ạ 

📌 Ship Hàng TOÀN QUỐC - Nhanh chóng
---- 
📞 LH tư vấn miễn phí : ***( zalo / video call ) 
🕹️ Địa chỉ: 389 đội cấn-ba đình - Hà Nội. 
❇️ Cửa Hàng Xe Điện Huy Lâm",2026,5000.0,Hà Nội,Quận Ba Đình,"Xe điện vision mới mua 2026 mới 98%

🔥🔥🔥 Siêu Phẩm Mới Về Ạ 🔥🔥🔥 

Vespa Siêu Siêu Lướt 2026

Xe Mới 95%, dk đầy đủ

SmartKey Zin
Xe Điện huy lâm Bán Rẻ 7tr So Với Mới 
Mà Lại Được Xe Như Mới Ạ 

📌 Ship Hàng TOÀN QUỐC - Nhanh chóng
---- 
📞 LH tư vấn miễn phí : ***( zalo / video call ) 
🕹️ Địa chỉ: *** đội cấn-ba đình - Hà Nội. 
❇️ Cửa Hàng Xe Điện Huy Lâm",Kèm pin,Khác,Không phân loại,,
134619125,Xe máy điện VinFast Evo200 Lite Đen Việt Nam,20000000,"Trâu bò nhất dòng xe học sinh. Ko cần bằng lái. 
Evo200 lite biển SG.
Pin 3.5 kwh, trâu bò nhất nhà Vin. Tầm 100 - 140 km/sạc.
BH hãng đến 2028.
Biển SG, sang tên nhanh chóng.
20tr bao rút hồ sơ. 

Xe điện Z48
104 Đường số 1,kdc Cityland Center Hill, phường Hạnh Thông (t7 nghỉ)
***",2023,18000.0,Tp Hồ Chí Minh,Quận Gò Vấp,"Trâu bò nhất dòng xe học sinh. Ko cần bằng lái. 
Evo200 lite biển SG.
Pin 3.5 kwh, trâu bò nhất nhà Vin. Tầm 100 - 140 km/sạc.
BH hãng đến 2028.
Biển SG, sang tên nhanh chóng.
20tr bao rút hồ sơ. 

Xe điện Z48
*** Đường số 1,kdc Cityland Center Hill, phường Hạnh Thông (t7 nghỉ)
***",Cần xác minh,VinFast,Evo 200,18000000.0,-11.1
134618992,Vinfast Motio màu đỏ - Xe học sinh,8500000,"- Motio Vinfast.  Học sinh trên 16t đi ko cần bằng lái 
- 5 Bình acquy đi 50km/lần sạc 
- Chính chủ công chứng 
- Giá 8tr500k 
- Địa chỉ : 24/6. Đ.TL44. P.thạnh lộc. Q12",2025,10484.0,Tp Hồ Chí Minh,Quận 12,"- Motio Vinfast.  Học sinh trên 16t đi ko cần bằng lái 
- 5 Bình acquy đi 50km/lần sạc 
- Chính chủ công chứng 
- Giá 8tr500k 
- Địa chỉ : 24/6. Đ.TL44. P.thạnh lộc. Q12",Cần xác minh,Khác,Không phân loại,,
134618650,Xe máy điện VinFast Ludo/ Ko Bằng Lái (Cs2),8900000,"VinFast LuDo 50 / Pin / Không Bằng Lái
Trọng Lượng: 68Kg
Công Suất: 500w
Mua mới lúc trước 24.5 Triệu ( Pin Mua )
Năm SX : 2020
Xem Xe Tại CH2 Nguyễn Thông",2020,39000.0,Cần Thơ,Quận Bình Thuỷ,"VinFast LuDo 50 / Pin / Không Bằng Lái
Trọng Lượng: 68Kg
Công Suất: 500w
Mua mới lúc trước 24.5 Triệu ( Pin Mua )
Năm SX : 2020
Xem Xe Tại CH2 Nguyễn Thông",Cần xác minh,VinFast,Ludo,12900000.0,31.0
134602241,Xe Điện 3sGo - QuantumS1 BST 2025 Xanh 30k,35900000,"QuantumS1 BST9chù
- Đăng ký 2025
- Odo 30k
- Yên kimdang 
- Dàn áo keng ko trầy 98%
- Óc tán 7 màu keng 98%
- Còn đủ phụ kiện theo xe
❤️Xe keng 99% so với xe new 
⛔️ Nợ xấu đưa 8tr1 có LÃI SUẤT hoặc 19tr5 KO LÃI SUẤT
--------------------
✅ 𝗛𝗼̂̃ 𝗧𝗿𝗼̛̣ 𝗔𝗲 𝗟𝗲̂𝗻 𝗛𝗼̂̀ 𝗦𝗼̛ 𝗕𝗮𝗻𝗸 𝗡𝗵𝗮̣̂𝗻 𝗫𝗲 𝗩𝗮̀ 𝗖𝗮𝘃𝗲𝘁 𝗚𝗼̂́𝗰
✅ 𝗡𝗼̛̣ 𝗫𝗮̂́𝘂 – 𝗛𝗼̂̃ 𝗧𝗿𝗼̛̣ 𝟬 Đ𝗼̂̀𝗻𝗴 – 𝗞𝗵𝗼̂𝗻𝗴 𝗫𝗮́𝗰 𝗠𝗶𝗻𝗵
✅ 𝗡𝗼̛̣ 𝗫𝗮̂́𝘂 – 𝗛𝗼̂̃ 𝗧𝗿𝗼̛̣ Đ𝘂̛𝗮 𝟯𝟬% – 𝗞𝗵𝗼̂𝗻𝗴 𝗟𝗮̃𝗶
✅ Đ𝗼̂̉𝗶 𝗣𝗶𝗻 𝗞𝗵𝗼̂𝗻𝗴 𝗖𝗵𝗼̛̀ 𝗦𝗮̣c 𝗡𝗵𝗶𝗲̂̀𝘂 𝗖𝗵𝗶 𝗡𝗵𝗮́𝗻𝗵
✅ 𝗛ỗ 𝗧𝗿𝗼̛̣ 𝟮 𝗡𝗮̆𝗺 𝗫𝗲 𝗛𝘂̛ – 𝗖𝗼́ 𝗫𝗲 𝗞𝗵𝗮́𝗰 𝗗𝘂̀𝗻𝗴
✅ Đ𝗮̆𝗻𝗴 𝗞𝘆́ 𝗔𝗽𝗽 𝗫𝗮𝗻𝗵 𝗣𝗹𝗮𝘁𝗳𝗼𝗿𝗺 – 𝗧𝗮̣𝗶 𝗖𝗵𝗼̂̃
--------------------
🏠 𝟭𝟭𝟱 𝗣𝗵𝗮̣𝗺 𝗧𝗵𝗲̂́ 𝗛𝗶𝗲̂̉𝗻 - 𝗖𝗵𝗮́𝗻𝗵 𝗛𝘂̛𝗻𝗴 - 𝗛𝗖𝗠 ( 𝗤𝘂𝗮̣̂𝗻 𝟴 )
☎️ 𝗛𝗼𝘁𝗹𝗶𝗻𝗲 : *** - 𝗗𝗶𝗲̣̂𝘂",2025,30.0,Tp Hồ Chí Minh,Quận 8,"QuantumS1 BST9chù
- Đăng ký 2025
- Odo 30k
- Yên kimdang 
- Dàn áo keng ko trầy 98%
- Óc tán 7 màu keng 98%
- Còn đủ phụ kiện theo xe
❤️Xe keng 99% so với xe new 
⛔️ Nợ xấu đưa 8tr1 có LÃI SUẤT hoặc 19tr5 KO LÃI SUẤT
--------------------
✅ 𝗛𝗼̂̃ 𝗧𝗿𝗼̛̣ 𝗔𝗲 𝗟𝗲̂𝗻 𝗛𝗼̂̀ 𝗦𝗼̛ 𝗕𝗮𝗻𝗸 𝗡𝗵𝗮̣̂𝗻 𝗫𝗲 𝗩𝗮̀ 𝗖𝗮𝘃𝗲𝘁 𝗚𝗼̂́𝗰
✅ 𝗡𝗼̛̣ 𝗫𝗮̂́𝘂 – 𝗛𝗼̂̃ 𝗧𝗿𝗼̛̣ 𝟬 Đ𝗼̂̀𝗻𝗴 – 𝗞𝗵𝗼̂𝗻𝗴 𝗫𝗮́𝗰 𝗠𝗶𝗻𝗵
✅ 𝗡𝗼̛̣ 𝗫𝗮̂́𝘂 – 𝗛𝗼̂̃ 𝗧𝗿𝗼̛̣ Đ𝘂̛𝗮 𝟯𝟬% – 𝗞𝗵𝗼̂𝗻𝗴 𝗟𝗮̃𝗶
✅ Đ𝗼̂̉𝗶 𝗣𝗶𝗻 𝗞𝗵𝗼̂𝗻𝗴 𝗖𝗵𝗼̛̀ 𝗦𝗮̣c 𝗡𝗵𝗶𝗲̂̀𝘂 𝗖𝗵𝗶 𝗡𝗵𝗮́𝗻𝗵
✅ 𝗛ỗ 𝗧𝗿𝗼̛̣ 𝟮 𝗡𝗮̆𝗺 𝗫𝗲 𝗛𝘂̛ – 𝗖𝗼́ 𝗫𝗲 𝗞𝗵𝗮́𝗰 𝗗𝘂̀𝗻𝗴
✅ Đ𝗮̆𝗻𝗴 𝗞𝘆́ 𝗔𝗽𝗽 𝗫𝗮𝗻𝗵 𝗣𝗹𝗮𝘁𝗳𝗼𝗿𝗺 – 𝗧𝗮̣𝗶 𝗖𝗵𝗼̂̃
--------------------
🏠 𝟭𝟭𝟱 𝗣𝗵𝗮̣𝗺 𝗧𝗵𝗲̂́ 𝗛𝗶𝗲̂̉𝗻 - 𝗖𝗵𝗮́𝗻𝗵 𝗛𝘂̛𝗻𝗴 - 𝗛𝗖𝗠 ( 𝗤𝘂𝗮̣̂𝗻 𝟴 )
☎️ 𝗛𝗼𝘁𝗹𝗶𝗻𝗲 : *** - 𝗗𝗶𝗲̣̂𝘂",Cần xác minh,Khác,Không phân loại,,
134617456,Xe máy điện BEFORE ALL Latina VI 2.0 Trắng,12000000,"Xe máy điện mới mua được 3 tháng cần bán lại  hãng: BEFORE ALL
Dòng : latina vi 2.0 
Thiết kế theo kiểu dáng vespa 
Tốc độ tối đa 50km/h 
Pin chạy được 60km
Còn bảo hành 9 tháng
giá mua mới 18tr500 
bán lại 12tr000",2026,300.0,Đà Nẵng,Quận Ngũ Hành Sơn,"Xe máy điện mới mua được 3 tháng cần bán lại  hãng: BEFORE ALL
Dòng : latina vi 2.0 
Thiết kế theo kiểu dáng vespa 
Tốc độ tối đa 50km/h 
Pin chạy được 60km
Còn bảo hành 9 tháng
giá mua mới 18tr500 
bán lại 12tr000",Cần xác minh,Khác,Không phân loại,,
134617447,Xe máy điện DK Bike 2021,7900000,"Xe máy điện Soma SX không cần bằng lái btc 
1 lần sạc đi được 60km , tốc tối đa 46km giờ 
5 bình vừa thay mới còn bảo hành 1 năm 
Áo quần sạch sẽ không bể , full chức năng 
Giá : 7tr9 bình tân",2021,40000.0,Tp Hồ Chí Minh,Quận Bình Tân,"Xe máy điện Soma SX không cần bằng lái btc 
1 lần sạc đi được 60km , tốc tối đa 46km giờ 
5 bình vừa thay mới còn bảo hành 1 năm 
Áo quần sạch sẽ không bể , full chức năng 
Giá : 7tr9 bình tân",Cần xác minh,Khác,Không phân loại,,
134602534,Xe Điện 3sGo - EvoGrand Đen 14k km,22900000,"EvoGrand ĐK 4/2026 BST 9 chủ kí
- Odo 14k
- 2 pin mua theo xe
- Dàn áo keng ko trầy 98%
- Óc tán 7 màu keng 98%
- Còn đủ phụ kiện theo xe
❤️Xe keng 98% so với xe new 
⛔️ Nợ xấu đưa 0Đ có LÃI SUẤT hoặc 13tr KO LÃI SUẤT
--------------------
✅ 𝗛𝗼̂̃ 𝗧𝗿𝗼̛̣ 𝗔𝗲 𝗟𝗲̂𝗻 𝗛𝗼̂̀ 𝗦𝗼̛ 𝗕𝗮𝗻𝗸 𝗡𝗵𝗮̣̂𝗻 𝗫𝗲 𝗩𝗮̀ 𝗖𝗮𝘃𝗲𝘁 𝗚𝗼̂́𝗰
✅ 𝗡𝗼̛̣ 𝗫𝗮̂́𝘂 – 𝗛𝗼̂̃ 𝗧𝗿𝗼̛̣ 𝟬 Đ𝗼̂̀𝗻𝗴 – 𝗞𝗵𝗼̂𝗻𝗴 𝗫𝗮́𝗰 𝗠𝗶𝗻𝗵
✅ 𝗡𝗼̛̣ 𝗫𝗮̂́𝘂 – 𝗛𝗼̂̃ 𝗧𝗿𝗼̛̣ Đ𝘂̛𝗮 𝟯𝟬% – 𝗞𝗵𝗼̂𝗻𝗴 𝗟𝗮̃𝗶
✅ Đ𝗼̂̉𝗶 𝗣𝗶𝗻 𝗞𝗵𝗼̂𝗻𝗴 𝗖𝗵𝗼̛̀ 𝗦𝗮̣c 𝗡𝗵𝗶𝗲̂̀𝘂 𝗖𝗵𝗶 𝗡𝗵𝗮́𝗻𝗵
✅ 𝗛ỗ 𝗧𝗿𝗼̛̣ 𝟮 𝗡𝗮̆𝗺 𝗫𝗲 𝗛𝘂̛ – 𝗖𝗼́ 𝗫𝗲 𝗞𝗵𝗮́𝗰 𝗗𝘂̀𝗻𝗴
✅ Đ𝗮̆𝗻𝗴 𝗞𝘆́ 𝗔𝗽𝗽 𝗫𝗮𝗻𝗵 𝗣𝗹𝗮𝘁𝗳𝗼𝗿𝗺 – 𝗧𝗮̣𝗶 𝗖𝗵𝗼̂̃
--------------------
🏠 𝟭𝟭𝟱 𝗣𝗵𝗮̣𝗺 𝗧𝗵𝗲̂́ 𝗛𝗶𝗲̂̉𝗻 - 𝗖𝗵𝗮́𝗻𝗵 𝗛𝘂̛𝗻𝗴 - 𝗛𝗖𝗠 ( 𝗤𝘂𝗮̣̂𝗻 𝟴 )
☎️ 𝗛𝗼𝘁𝗹𝗶𝗻𝗲 : *** - 𝗗𝗶𝗲̣̂𝘂",2026,14000.0,Tp Hồ Chí Minh,Quận 8,"EvoGrand ĐK 4/2026 BST 9 chủ kí
- Odo 14k
- 2 pin mua theo xe
- Dàn áo keng ko trầy 98%
- Óc tán 7 màu keng 98%
- Còn đủ phụ kiện theo xe
❤️Xe keng 98% so với xe new 
⛔️ Nợ xấu đưa 0Đ có LÃI SUẤT hoặc 13tr KO LÃI SUẤT
--------------------
✅ 𝗛𝗼̂̃ 𝗧𝗿𝗼̛̣ 𝗔𝗲 𝗟𝗲̂𝗻 𝗛𝗼̂̀ 𝗦𝗼̛ 𝗕𝗮𝗻𝗸 𝗡𝗵𝗮̣̂𝗻 𝗫𝗲 𝗩𝗮̀ 𝗖𝗮𝘃𝗲𝘁 𝗚𝗼̂́𝗰
✅ 𝗡𝗼̛̣ 𝗫𝗮̂́𝘂 – 𝗛𝗼̂̃ 𝗧𝗿𝗼̛̣ 𝟬 Đ𝗼̂̀𝗻𝗴 – 𝗞𝗵𝗼̂𝗻𝗴 𝗫𝗮́𝗰 𝗠𝗶𝗻𝗵
✅ 𝗡𝗼̛̣ 𝗫𝗮̂́𝘂 – 𝗛𝗼̂̃ 𝗧𝗿𝗼̛̣ Đ𝘂̛𝗮 𝟯𝟬% – 𝗞𝗵𝗼̂𝗻𝗴 𝗟𝗮̃𝗶
✅ Đ𝗼̂̉𝗶 𝗣𝗶𝗻 𝗞𝗵𝗼̂𝗻𝗴 𝗖𝗵𝗼̛̀ 𝗦𝗮̣c 𝗡𝗵𝗶𝗲̂̀𝘂 𝗖𝗵𝗶 𝗡𝗵𝗮́𝗻𝗵
✅ 𝗛ỗ 𝗧𝗿𝗼̛̣ 𝟮 𝗡𝗮̆𝗺 𝗫𝗲 𝗛𝘂̛ – 𝗖𝗼́ 𝗫𝗲 𝗞𝗵𝗮́𝗰 𝗗𝘂̀𝗻𝗴
✅ Đ𝗮̆𝗻𝗴 𝗞𝘆́ 𝗔𝗽𝗽 𝗫𝗮𝗻𝗵 𝗣𝗹𝗮𝘁𝗳𝗼𝗿𝗺 – 𝗧𝗮̣𝗶 𝗖𝗵𝗼̂̃
--------------------
🏠 𝟭𝟭𝟱 𝗣𝗵𝗮̣𝗺 𝗧𝗵𝗲̂́ 𝗛𝗶𝗲̂̉𝗻 - 𝗖𝗵𝗮́𝗻𝗵 𝗛𝘂̛𝗻𝗴 - 𝗛𝗖𝗠 ( 𝗤𝘂𝗮̣̂𝗻 𝟴 )
☎️ 𝗛𝗼𝘁𝗹𝗶𝗻𝗲 : *** - 𝗗𝗶𝗲̣̂𝘂",Cần xác minh,Khác,Không phân loại,,
133873833,Xe máy điện SANTOSAR VS3 Xám 240W,12300000,"🏆🏆🏆 Hót Hót mẫu xe VS3 hottrend
🎈xe có thông số động cơ 240W, cho học sinh dưới 16t, cho mẹ đị chợ, cho chị em đi làm
📙Dòng xe có cốp rộng, chạy cực kỳ êm ái. Xe có giấy tờ đăng kiểm, hoá đơn đầy đủ ( đi đường không sợ công an), đặc biệt các em học sinh dứoi 16t chạy vẫn đúng quy định
💡xe được trang bị đèn led, thắng đĩa rất an toàn
🪫 chạy bình 48V30ah chính hãng an toàn không lo cháy nổ
🧾 bảo hành 12 tháng
💰giá 12",2026,,Tp Hồ Chí Minh,Thành phố Thủ Đức,"🏆🏆🏆 Hót Hót mẫu xe VS3 hottrend
🎈xe có thông số động cơ 240W, cho học sinh dưới 16t, cho mẹ đị chợ, cho chị em đi làm
📙Dòng xe có cốp rộng, chạy cực kỳ êm ái. Xe có giấy tờ đăng kiểm, hoá đơn đầy đủ ( đi đường không sợ công an), đặc biệt các em học sinh dứoi 16t chạy vẫn đúng quy định
💡xe được trang bị đèn led, thắng đĩa rất an toàn
🪫 chạy bình 48V30ah chính hãng an toàn không lo cháy nổ
🧾 bảo hành 12 tháng
💰giá 12",Cần xác minh,Khác,Không phân loại,,
134026009,Xe máy điện VinFast EVO 200 2024 Đen mờ 11000 km,20000000,"DƯ dùng bán lại chiếc xe máy điện VinFats EVO 200, màu đen mờ sản xuất 2024 , pin mua chạy 11 000km, pin sử dụng 100km mới sạc,xe luôn bảo dưỡng định kỳ tại hãng , bảo đảm xe còn sử dụng tốt,ngay chủ đứng tên bán, cam ơn anh chị đả xem tin.",2024,11000.0,Tp Hồ Chí Minh,Thành phố Thủ Đức,"DƯ dùng bán lại chiếc xe máy điện VinFats EVO 200, màu đen mờ sản xuất 2024 , pin mua chạy 11 000km, pin sử dụng 100km mới sạc,xe luôn bảo dưỡng định kỳ tại hãng , bảo đảm xe còn sử dụng tốt,ngay chủ đứng tên bán, cam ơn anh chị đả xem tin.",Cần xác minh,VinFast,Evo 200,18000000.0,-11.1
134563221,Xe điện V1  946 TỐT 90% CÒN SỔ BH,7900000,"XE MÁY ĐIỆN KONAXOAKA TỐT 90% CÒN SỔ BH

BÌNH SẠC ĐẦY ĐỦ
BẢO HÀNH DÀI HẠN
ZALO-GỌI TRỰC TIẾP ***
XE ĐẸP NHƯ HÌNH",2026,2000.0,Tp Hồ Chí Minh,Quận 1,"XE MÁY ĐIỆN KONAXOAKA TỐT 90% CÒN SỔ BH

BÌNH SẠC ĐẦY ĐỦ
BẢO HÀNH DÀI HẠN
ZALO-GỌI TRỰC TIẾP ***
XE ĐẸP NHƯ HÌNH",Cần xác minh,Khác,Không phân loại,,
134616801,Xe điện Sundiro Xám tím,6000000,"Cần bán xe điện như hình, xe chạy còn tốt, ngoại hình còn đẹp.",2026,5000.0,Tp Hồ Chí Minh,Quận 10,"Cần bán xe điện như hình, xe chạy còn tốt, ngoại hình còn đẹp.",Cần xác minh,Khác,Không phân loại,,
134602590,Xe Điên 3sGo - Evo200 2025 Trắng 10.000 km,21900000,"Evo200 ĐK 8/2025 Pin Mua BSTP
- Odo 10.000 Cây
- Dàn áo keng ko trầy 99%
- Óc tán 7 màu keng 99%
- Còn đủ phụ kiện theo xe
❤️Xe keng 99% so với xe new 
⛔️ Nợ xấu đưa 0Đ có LÃI SUẤT hoặc 12tr5 KO LÃI SUẤT
--------------------
✅ 𝗛𝗼̂̃ 𝗧𝗿𝗼̛̣ 𝗔𝗲 𝗟𝗲̂𝗻 𝗛𝗼̂̀ 𝗦𝗼̛ 𝗕𝗮𝗻𝗸 𝗡𝗵𝗮̣̂𝗻 𝗫𝗲 𝗩𝗮̀ 𝗖𝗮𝘃𝗲𝘁 𝗚𝗼̂́𝗰
✅ 𝗡𝗼̛̣ 𝗫𝗮̂́𝘂 – 𝗛𝗼̂̃ 𝗧𝗿𝗼̛̣ 𝟬 Đ𝗼̂̀𝗻𝗴 – 𝗞𝗵𝗼̂𝗻𝗴 𝗫𝗮́𝗰 𝗠𝗶𝗻𝗵
✅ 𝗡𝗼̛̣ 𝗫𝗮̂́𝘂 – 𝗛𝗼̂̃ 𝗧𝗿𝗼̛̣ Đ𝘂̛𝗮 𝟯𝟬% – 𝗞𝗵𝗼̂𝗻𝗴 𝗟𝗮̃𝗶
✅ Đ𝗼̂̉𝗶 𝗣𝗶𝗻 𝗞𝗵𝗼̂𝗻𝗴 𝗖𝗵𝗼̛̀ 𝗦𝗮̣c 𝗡𝗵𝗶𝗲̂̀𝘂 𝗖𝗵𝗶 𝗡𝗵𝗮́𝗻𝗵
✅ 𝗛ỗ 𝗧𝗿𝗼̛̣ 𝟮 𝗡𝗮̆𝗺 𝗫𝗲 𝗛𝘂̛ – 𝗖𝗼́ 𝗫𝗲 𝗞𝗵𝗮́𝗰 𝗗𝘂̀𝗻𝗴
✅ Đ𝗮̆𝗻𝗴 𝗞𝘆́ 𝗔𝗽𝗽 𝗫𝗮𝗻𝗵 𝗣𝗹𝗮𝘁𝗳𝗼𝗿𝗺 – 𝗧𝗮̣𝗶 𝗖𝗵𝗼̂̃
--------------------
🏠 𝟭𝟭𝟱 𝗣𝗵𝗮̣𝗺 𝗧𝗵𝗲̂́ 𝗛𝗶𝗲̂̉𝗻 - 𝗖𝗵𝗮́𝗻𝗵 𝗛𝘂̛𝗻𝗴 - 𝗛𝗖𝗠 ( 𝗤𝘂𝗮̣̂𝗻 𝟴 )
☎️ 𝗛𝗼𝘁𝗹𝗶𝗻𝗲 : *** - 𝗗𝗶𝗲̣̂𝘂",2025,10000.0,Tp Hồ Chí Minh,Quận 8,"Evo200 ĐK 8/2025 Pin Mua BSTP
- Odo 10.000 Cây
- Dàn áo keng ko trầy 99%
- Óc tán 7 màu keng 99%
- Còn đủ phụ kiện theo xe
❤️Xe keng 99% so với xe new 
⛔️ Nợ xấu đưa 0Đ có LÃI SUẤT hoặc 12tr5 KO LÃI SUẤT
--------------------
✅ 𝗛𝗼̂̃ 𝗧𝗿𝗼̛̣ 𝗔𝗲 𝗟𝗲̂𝗻 𝗛𝗼̂̀ 𝗦𝗼̛ 𝗕𝗮𝗻𝗸 𝗡𝗵𝗮̣̂𝗻 𝗫𝗲 𝗩𝗮̀ 𝗖𝗮𝘃𝗲𝘁 𝗚𝗼̂́𝗰
✅ 𝗡𝗼̛̣ 𝗫𝗮̂́𝘂 – 𝗛𝗼̂̃ 𝗧𝗿𝗼̛̣ 𝟬 Đ𝗼̂̀𝗻𝗴 – 𝗞𝗵𝗼̂𝗻𝗴 𝗫𝗮́𝗰 𝗠𝗶𝗻𝗵
✅ 𝗡𝗼̛̣ 𝗫𝗮̂́𝘂 – 𝗛𝗼̂̃ 𝗧𝗿𝗼̛̣ Đ𝘂̛𝗮 𝟯𝟬% – 𝗞𝗵𝗼̂𝗻𝗴 𝗟𝗮̃𝗶
✅ Đ𝗼̂̉𝗶 𝗣𝗶𝗻 𝗞𝗵𝗼̂𝗻𝗴 𝗖𝗵𝗼̛̀ 𝗦𝗮̣c 𝗡𝗵𝗶𝗲̂̀𝘂 𝗖𝗵𝗶 𝗡𝗵𝗮́𝗻𝗵
✅ 𝗛ỗ 𝗧𝗿𝗼̛̣ 𝟮 𝗡𝗮̆𝗺 𝗫𝗲 𝗛𝘂̛ – 𝗖𝗼́ 𝗫𝗲 𝗞𝗵𝗮́𝗰 𝗗𝘂̀𝗻𝗴
✅ Đ𝗮̆𝗻𝗴 𝗞𝘆́ 𝗔𝗽𝗽 𝗫𝗮𝗻𝗵 𝗣𝗹𝗮𝘁𝗳𝗼𝗿𝗺 – 𝗧𝗮̣𝗶 𝗖𝗵𝗼̂̃
--------------------
🏠 𝟭𝟭𝟱 𝗣𝗵𝗮̣𝗺 𝗧𝗵𝗲̂́ 𝗛𝗶𝗲̂̉𝗻 - 𝗖𝗵𝗮́𝗻𝗵 𝗛𝘂̛𝗻𝗴 - 𝗛𝗖𝗠 ( 𝗤𝘂𝗮̣̂𝗻 𝟴 )
☎️ 𝗛𝗼𝘁𝗹𝗶𝗻𝗲 : *** - 𝗗𝗶𝗲̣̂𝘂",Cần xác minh,VinFast,Evo 200,18000000.0,-21.7
133937642,Xe máy điện VinFast EVO GRAND Lite 2026 Trắng,19000000,a Ai cần liên hệ nhà ở Quận 12 thành phố Hồ Chí Minh cảm ơn xem như mới,2026,506.0,Tp Hồ Chí Minh,Quận 12,a Ai cần liên hệ nhà ở Quận 12 thành phố Hồ Chí Minh cảm ơn xem như mới,Cần xác minh,Khác,Không phân loại,,
134602453,Xe Điện 3sGo - DatBike Quantum S1 Đen,37900000,"QuantumS1 BSTP
- Odo không nói đâu
- Bảo Hành Pin 10 Năm 
- Sạc 1800w 
- Dàn áo keng ko trầy 98%
- Óc tán 7 màu keng 98%
- Còn đủ phụ kiện theo xe
❤️Xe keng 99% so với xe new 
⛔️ Nợ xấu đưa 3tr7 có LÃI SUẤT hoặc 16tr4 KO LÃI SUẤT
--------------------
✅ 𝗛𝗼̂̃ 𝗧𝗿𝗼̛̣ 𝗔𝗲 𝗟𝗲̂𝗻 𝗛𝗼̂̀ 𝗦𝗼̛ 𝗕𝗮𝗻𝗸 𝗡𝗵𝗮̣̂𝗻 𝗫𝗲 𝗩𝗮̀ 𝗖𝗮𝘃𝗲𝘁 𝗚𝗼̂́𝗰
✅ 𝗡𝗼̛̣ 𝗫𝗮̂́𝘂 – 𝗛𝗼̂̃ 𝗧𝗿𝗼̛̣ 𝟬 Đ𝗼̂̀𝗻𝗴 – 𝗞𝗵𝗼̂𝗻𝗴 𝗫𝗮́𝗰 𝗠𝗶𝗻𝗵
✅ 𝗡𝗼̛̣ 𝗫𝗮̂́𝘂 – 𝗛𝗼̂̃ 𝗧𝗿𝗼̛̣ Đ𝘂̛𝗮 𝟯𝟬% – 𝗞𝗵𝗼̂𝗻𝗴 𝗟𝗮̃𝗶
✅ Đ𝗼̂̉𝗶 𝗣𝗶𝗻 𝗞𝗵𝗼̂𝗻𝗴 𝗖𝗵𝗼̛̀ 𝗦𝗮̣c 𝗡𝗵𝗶𝗲̂̀𝘂 𝗖𝗵𝗶 𝗡𝗵𝗮́𝗻𝗵
✅ 𝗛ỗ 𝗧𝗿𝗼̛̣ 𝟮 𝗡𝗮̆𝗺 𝗫𝗲 𝗛𝘂̛ – 𝗖𝗼́ 𝗫𝗲 𝗞𝗵𝗮́𝗰 𝗗𝘂̀𝗻𝗴
✅ Đ𝗮̆𝗻𝗴 𝗞𝘆́ 𝗔𝗽𝗽 𝗫𝗮𝗻𝗵 𝗣𝗹𝗮𝘁𝗳𝗼𝗿𝗺 – 𝗧𝗮̣𝗶 𝗖𝗵𝗼̂̃
--------------------
🏠 𝟭𝟭𝟱 𝗣𝗵𝗮̣𝗺 𝗧𝗵𝗲̂́ 𝗛𝗶𝗲̂̉𝗻 - 𝗖𝗵𝗮́𝗻𝗵 𝗛𝘂̛𝗻𝗴 - 𝗛𝗖𝗠 ( 𝗤𝘂𝗮̣̂𝗻 𝟴 )
☎️ 𝗛𝗼𝘁𝗹𝗶𝗻𝗲 : *** - 𝗗𝗶𝗲̣̂𝘂",2026,,Tp Hồ Chí Minh,Quận 8,"QuantumS1 BSTP
- Odo không nói đâu
- Bảo Hành Pin 10 Năm 
- Sạc 1800w 
- Dàn áo keng ko trầy 98%
- Óc tán 7 màu keng 98%
- Còn đủ phụ kiện theo xe
❤️Xe keng 99% so với xe new 
⛔️ Nợ xấu đưa 3tr7 có LÃI SUẤT hoặc 16tr4 KO LÃI SUẤT
--------------------
✅ 𝗛𝗼̂̃ 𝗧𝗿𝗼̛̣ 𝗔𝗲 𝗟𝗲̂𝗻 𝗛𝗼̂̀ 𝗦𝗼̛ 𝗕𝗮𝗻𝗸 𝗡𝗵𝗮̣̂𝗻 𝗫𝗲 𝗩𝗮̀ 𝗖𝗮𝘃𝗲𝘁 𝗚𝗼̂́𝗰
✅ 𝗡𝗼̛̣ 𝗫𝗮̂́𝘂 – 𝗛𝗼̂̃ 𝗧𝗿𝗼̛̣ 𝟬 Đ𝗼̂̀𝗻𝗴 – 𝗞𝗵𝗼̂𝗻𝗴 𝗫𝗮́𝗰 𝗠𝗶𝗻𝗵
✅ 𝗡𝗼̛̣ 𝗫𝗮̂́𝘂 – 𝗛𝗼̂̃ 𝗧𝗿𝗼̛̣ Đ𝘂̛𝗮 𝟯𝟬% – 𝗞𝗵𝗼̂𝗻𝗴 𝗟𝗮̃𝗶
✅ Đ𝗼̂̉𝗶 𝗣𝗶𝗻 𝗞𝗵𝗼̂𝗻𝗴 𝗖𝗵𝗼̛̀ 𝗦𝗮̣c 𝗡𝗵𝗶𝗲̂̀𝘂 𝗖𝗵𝗶 𝗡𝗵𝗮́𝗻𝗵
✅ 𝗛ỗ 𝗧𝗿𝗼̛̣ 𝟮 𝗡𝗮̆𝗺 𝗫𝗲 𝗛𝘂̛ – 𝗖𝗼́ 𝗫𝗲 𝗞𝗵𝗮́𝗰 𝗗𝘂̀𝗻𝗴
✅ Đ𝗮̆𝗻𝗴 𝗞𝘆́ 𝗔𝗽𝗽 𝗫𝗮𝗻𝗵 𝗣𝗹𝗮𝘁𝗳𝗼𝗿𝗺 – 𝗧𝗮̣𝗶 𝗖𝗵𝗼̂̃
--------------------
🏠 𝟭𝟭𝟱 𝗣𝗵𝗮̣𝗺 𝗧𝗵𝗲̂́ 𝗛𝗶𝗲̂̉𝗻 - 𝗖𝗵𝗮́𝗻𝗵 𝗛𝘂̛𝗻𝗴 - 𝗛𝗖𝗠 ( 𝗤𝘂𝗮̣̂𝗻 𝟴 )
☎️ 𝗛𝗼𝘁𝗹𝗶𝗻𝗲 : *** - 𝗗𝗶𝗲̣̂𝘂",Cần xác minh,Dat Bike,Quantum,34900000.0,-8.6
134031255,"Vinfast Klara Pin cầm,xe đẹp biển Sài Gòn",10800000,"🍓🍓🍓 Xe bà xã đi đã đổi Evo200 nên thanh lý lại người dùng.
Xe Vinfast Klara màu hồng (Xe đẹp lắm nữ tính)
☘️ Biển Số Sài Gòn 41MĐ- chạy không cần bằng
Pin zin mua  + Sạc Zin: sạc đầy 2-3 tiếng đi được 40-50km/1 lần
- Động cơ mới thay trước tết, xe chạy mượt pin cầm tốt 40-50km, đã thay đồng hồ hiện đại + đèn led 2 tầng
🍇 Chị em mua về đưa đón con hay đi chợ vòng vòng trãi nghiệm ok nhé
🍏Ưu tiên: Học Sinh-Sinh Viên, xe chạy không cần bằng lái
🍇🍇🍇 Xem xe tại địa chỉ
Đường DN5, Đông Hưng Thuận,TPHCM( KDC AN SƯƠNG)",2020,28000.0,Tp Hồ Chí Minh,Quận 12,"🍓🍓🍓 Xe bà xã đi đã đổi Evo200 nên thanh lý lại người dùng.
Xe Vinfast Klara màu hồng (Xe đẹp lắm nữ tính)
☘️ Biển Số Sài Gòn 41MĐ- chạy không cần bằng
Pin zin mua  + Sạc Zin: sạc đầy 2-3 tiếng đi được 40-50km/1 lần
- Động cơ mới thay trước tết, xe chạy mượt pin cầm tốt 40-50km, đã thay đồng hồ hiện đại + đèn led 2 tầng
🍇 Chị em mua về đưa đón con hay đi chợ vòng vòng trãi nghiệm ok nhé
🍏Ưu tiên: Học Sinh-Sinh Viên, xe chạy không cần bằng lái
🍇🍇🍇 Xem xe tại địa chỉ
Đường DN5, Đông Hưng Thuận,TPHCM( KDC AN SƯƠNG)",Kèm pin,VinFast,Klara,35000000.0,69.1
134623797,Xe Điện Xmen,5000000,Cần bán 5 triệu xe đầy đủ giấy tờ đăng ký,2026,10000.0,Hà Nội,Huyện Phú Xuyên,Cần bán 5 triệu xe đầy đủ giấy tờ đăng ký,Cần xác minh,Khác,Không phân loại,,
134160705,VinFast Feliz 2025 Xanh oliu - Chính chủ - BSTP,21500000,"🔥 FELIZ 2025 1 PIN – XANH OLIU – CHÍNH CHỦ
📌 Date T6/2026
📌 Odo 12.000 km
📌 BSTP - Chính chủ
📌 Chính chủ, ủy quyền, sang tên công chứng nhanh gọn
💰 Giá: 2x
-----------------------
💚 Xe Điện Lướt Sài Gòn – Chuyên mua bán xe máy điện đã qua sử dụng tại TP.HCM
✅ Có trả góp – Cà thẻ – Giao tận nhà
📍 118A Chiến Lược, P. Bình Trị Đông, TP.HCM",2025,12000.0,Tp Hồ Chí Minh,Quận Bình Tân,"🔥 FELIZ 2025 1 PIN – XANH OLIU – CHÍNH CHỦ
📌 Date T6/2026
📌 Odo 12.000 km
📌 BSTP - Chính chủ
📌 Chính chủ, ủy quyền, sang tên công chứng nhanh gọn
💰 Giá: 2x
-----------------------
💚 Xe Điện Lướt Sài Gòn – Chuyên mua bán xe máy điện đã qua sử dụng tại TP.HCM
✅ Có trả góp – Cà thẻ – Giao tận nhà
📍 118A Chiến Lược, P. Bình Trị Đông, TP.HCM",Cần xác minh,VinFast,Feliz,27000000.0,20.4
134537840,Xe máy điện Yadea thể thao Cam đen,7500000,"Xe máy điện màu cam đen, kiểu dáng thể thao, phù hợp cho cả nam và nữ. 
- Xe chính chủ, có thể ký giấy sang tên. 
- Thích hợp cho học sinh, sinh viên không cần bằng lái. 
- Xe đang sử dụng tốt.",2023,123.0,Tp Hồ Chí Minh,Quận 12,"Xe máy điện màu cam đen, kiểu dáng thể thao, phù hợp cho cả nam và nữ. 
- Xe chính chủ, có thể ký giấy sang tên. 
- Thích hợp cho học sinh, sinh viên không cần bằng lái. 
- Xe đang sử dụng tốt.",Cần xác minh,Yadea,Yadea (Khác),14990000.0,50.0
134623423,Xe điện VinFast Klara màu Đen,10000000,"Tôi có 1 xe điện vinfast Klara màu đen như hình muốn bán do không có nhu cầu sử dụng. Xe còn đi tốt, vẫn chạy bình thường, vỏ còn nguyên vẹn, ko va chạm hay trầy xước. Xe tôi đi ít nên giữ gìn rất cẩn thận.",2020,19903.0,Hà Nội,Quận Ba Đình,"Tôi có 1 xe điện vinfast Klara màu đen như hình muốn bán do không có nhu cầu sử dụng. Xe còn đi tốt, vẫn chạy bình thường, vỏ còn nguyên vẹn, ko va chạm hay trầy xước. Xe tôi đi ít nên giữ gìn rất cẩn thận.",Cần xác minh,VinFast,Klara,35000000.0,71.4
133934022,Vinfast Evo200 Vàng zin 100% chính chủ,21900000,"     
 ✅ Vinfast Evo200 siêu đẹp ko một vết trầy 2025 
✅ Xe chính chủ Bstp ký mua bán ủy quyền đều được nhé 
✅ Pin 3.5 mua đứt bảo hành 8 năm ,sạc đầy đi được 200km
✅ Giá bán : 21,9tr
✅ Dt : 
✅ Xem xe Q6, Ship toàn quốc
",2025,14000.0,Tp Hồ Chí Minh,Quận 6,"     
 ✅ Vinfast Evo200 siêu đẹp ko một vết trầy 2025 
✅ Xe chính chủ Bstp ký mua bán ủy quyền đều được nhé 
✅ Pin 3.5 mua đứt bảo hành 8 năm ,sạc đầy đi được 200km
✅ Giá bán : 21,9tr
✅ Dt : 
✅ Xem xe Q6, Ship toàn quốc
",Kèm pin,VinFast,Evo 200,18000000.0,-21.7
134623388,Xe máy điện VinFast Feliz Đen 14000 km,19500000,Xe odo 14 ngàn xe hoạt động bình thường không lỗi làm gì chỉ việc mua về là chạy không cần suy nghĩ gì hết,2026,14000.0,Đồng Nai,Huyện Xuân Lộc,Xe odo 14 ngàn xe hoạt động bình thường không lỗi làm gì chỉ việc mua về là chạy không cần suy nghĩ gì hết,Cần xác minh,VinFast,Feliz,27000000.0,27.8
134623383,Xe máy điện VinFast Feliz Trắng 300 km,26000000,Xe mới mua về không đi như mới odo mới 300km xe sẵn 2 pin chỉ việc mua về là chạy không khác gì xe mới đầy đủ phụ kiện,2026,300.0,Đồng Nai,Huyện Xuân Lộc,Xe mới mua về không đi như mới odo mới 300km xe sẵn 2 pin chỉ việc mua về là chạy không khác gì xe mới đầy đủ phụ kiện,Cần xác minh,VinFast,Feliz,27000000.0,3.7
134623365,Xe máy điện  2026 Hồng Đã sử dụng,9500000,Xe mới mua được 4 ngày không có nhu cầu đi nữa bán lại mới 99% kh vết trầy xe hoạt động bình thường không lỗi chỉ việc về cắm sạc là chạy,2026,10.0,Đồng Nai,Huyện Xuân Lộc,Xe mới mua được 4 ngày không có nhu cầu đi nữa bán lại mới 99% kh vết trầy xe hoạt động bình thường không lỗi chỉ việc về cắm sạc là chạy,Cần xác minh,Khác,Không phân loại,,
134596908,Quantum S1 2025 lướt đẹp,38500000,"Xe máy điện màu trắng, pin 100% cho quãng đường di chuyển xa. 
- Thiết kế hiện đại, trẻ trung. 
- Vận hành êm ái, tiết kiệm năng lượng. 
- Phù hợp di chuyển trong thành phố.",2025,10.0,Tp Hồ Chí Minh,Quận Bình Tân,"Xe máy điện màu trắng, pin 100% cho quãng đường di chuyển xa. 
- Thiết kế hiện đại, trẻ trung. 
- Vận hành êm ái, tiết kiệm năng lượng. 
- Phù hợp di chuyển trong thành phố.",Cần xác minh,Dat Bike,Quantum,34900000.0,-10.3
134509389,Xe máy điện VinFast Evo200 2025 Đen,20900000,"Evo200  - Bstp 9 Chủ ĐK 2025
- Dàn áo dán keng 98%
- Óc tán 7 màu keng 98%
- Còn đủ phụ kiện theo xe
❤️Xe keng 98% so với xe new 
⛔️ Nợ xấu đưa 0đ có LÃI SUẤT hoặc 11tr KO LÃI SUẤT
--------------------
✅ 𝗛𝗼̂̃ 𝗧𝗿𝗼̛̣ 𝗔𝗲 𝗟𝗲̂𝗻 𝗛𝗼̂̀ 𝗦𝗼̛ 𝗕𝗮𝗻𝗸 𝗡𝗵𝗮̣̂𝗻 𝗫𝗲 𝗩𝗮̀ 𝗖𝗮𝘃𝗲𝘁 𝗚𝗼̂́𝗰
✅ 𝗡𝗼̛̣ 𝗫𝗮̂́𝘂 – 𝗛𝗼̂̃ 𝗧𝗿𝗼̛̣ 𝟬 Đ𝗼̂̀𝗻𝗴 – 𝗞𝗵𝗼̂𝗻𝗴 𝗫𝗮́𝗰 𝗠𝗶𝗻𝗵
✅ 𝗡𝗼̛̣ 𝗫𝗮̂́𝘂 – 𝗛𝗼̂̃ 𝗧𝗿𝗼̛̣ Đ𝘂̛𝗮 𝟯𝟬% – 𝗞𝗵𝗼̂𝗻𝗴 𝗟𝗮̃𝗶
✅ Đ𝗼̂̉𝗶 𝗣𝗶𝗻 𝗞𝗵𝗼̂𝗻𝗴 𝗖𝗵𝗼̛̀ 𝗦𝗮̣c 𝗡𝗵𝗶𝗲̂̀𝘂 𝗖𝗵𝗶 𝗡𝗵𝗮́𝗻𝗵
✅ 𝗛ỗ 𝗧𝗿𝗼̛̣ 𝟮 𝗡𝗮̆𝗺 𝗫𝗲 𝗛𝘂̛ – 𝗖𝗼́ 𝗫𝗲 𝗞𝗵𝗮́𝗰 𝗗𝘂̀𝗻𝗴
✅ Đ𝗮̆𝗻𝗴 𝗞𝘆́ 𝗔𝗽𝗽 𝗫𝗮𝗻𝗵 𝗣𝗹𝗮𝘁𝗳𝗼𝗿𝗺 – 𝗧𝗮̣𝗶 𝗖𝗵𝗼̂̃
--------------------
🏠𝟮𝟴𝟴 𝗧𝗿𝘂̛𝗼̛̀𝗻𝗴 𝗖𝗵𝗶𝗻𝗵 - 𝗣𝗵ư𝗼̛̀𝗻𝗴 Đ𝗼̂𝗻𝗴 𝗛𝘂̛𝗻𝗴 𝗧𝗵𝘂𝗮̣̂𝗻 - 𝗛𝗖𝗠 (𝗤𝘂𝗮̣̂𝗻𝟭𝟮 𝗰𝘂̃)",2025,,Tp Hồ Chí Minh,Quận 12,"Evo200  - Bstp 9 Chủ ĐK 2025
- Dàn áo dán keng 98%
- Óc tán 7 màu keng 98%
- Còn đủ phụ kiện theo xe
❤️Xe keng 98% so với xe new 
⛔️ Nợ xấu đưa 0đ có LÃI SUẤT hoặc 11tr KO LÃI SUẤT
--------------------
✅ 𝗛𝗼̂̃ 𝗧𝗿𝗼̛̣ 𝗔𝗲 𝗟𝗲̂𝗻 𝗛𝗼̂̀ 𝗦𝗼̛ 𝗕𝗮𝗻𝗸 𝗡𝗵𝗮̣̂𝗻 𝗫𝗲 𝗩𝗮̀ 𝗖𝗮𝘃𝗲𝘁 𝗚𝗼̂́𝗰
✅ 𝗡𝗼̛̣ 𝗫𝗮̂́𝘂 – 𝗛𝗼̂̃ 𝗧𝗿𝗼̛̣ 𝟬 Đ𝗼̂̀𝗻𝗴 – 𝗞𝗵𝗼̂𝗻𝗴 𝗫𝗮́𝗰 𝗠𝗶𝗻𝗵
✅ 𝗡𝗼̛̣ 𝗫𝗮̂́𝘂 – 𝗛𝗼̂̃ 𝗧𝗿𝗼̛̣ Đ𝘂̛𝗮 𝟯𝟬% – 𝗞𝗵𝗼̂𝗻𝗴 𝗟𝗮̃𝗶
✅ Đ𝗼̂̉𝗶 𝗣𝗶𝗻 𝗞𝗵𝗼̂𝗻𝗴 𝗖𝗵𝗼̛̀ 𝗦𝗮̣c 𝗡𝗵𝗶𝗲̂̀𝘂 𝗖𝗵𝗶 𝗡𝗵𝗮́𝗻𝗵
✅ 𝗛ỗ 𝗧𝗿𝗼̛̣ 𝟮 𝗡𝗮̆𝗺 𝗫𝗲 𝗛𝘂̛ – 𝗖𝗼́ 𝗫𝗲 𝗞𝗵𝗮́𝗰 𝗗𝘂̀𝗻𝗴
✅ Đ𝗮̆𝗻𝗴 𝗞𝘆́ 𝗔𝗽𝗽 𝗫𝗮𝗻𝗵 𝗣𝗹𝗮𝘁𝗳𝗼𝗿𝗺 – 𝗧𝗮̣𝗶 𝗖𝗵𝗼̂̃
--------------------
🏠𝟮𝟴𝟴 𝗧𝗿𝘂̛𝗼̛̀𝗻𝗴 𝗖𝗵𝗶𝗻𝗵 - 𝗣𝗵ư𝗼̛̀𝗻𝗴 Đ𝗼̂𝗻𝗴 𝗛𝘂̛𝗻𝗴 𝗧𝗵𝘂𝗮̣̂𝗻 - 𝗛𝗖𝗠 (𝗤𝘂𝗮̣̂𝗻𝟭𝟮 𝗰𝘂̃)",Cần xác minh,VinFast,Evo 200,18000000.0,-16.1
134622598,Xe máy điện Quantum s1 2025 Đen,43000000,"Xe máy điện Quantum s1  màu đen, kiểu dáng hiện đại, vận hành êm ái. 
- Xe mới, ít sử dụng. 
- Thiết kế thời trang, phù hợp di chuyển trong phố. 
- Tiết kiệm năng lượng, thân thiện môi trường.
Năm 12.2025",2025,6000.0,Tp Hồ Chí Minh,Thành phố Thủ Đức,"Xe máy điện Quantum s1  màu đen, kiểu dáng hiện đại, vận hành êm ái. 
- Xe mới, ít sử dụng. 
- Thiết kế thời trang, phù hợp di chuyển trong phố. 
- Tiết kiệm năng lượng, thân thiện môi trường.
Năm 12.2025",Cần xác minh,Dat Bike,Quantum,34900000.0,-23.2
134558900,Xe Điện 3sGo - EvoMax BST 65 Trắng 8000 km,20900000,"EvoMax BST 65 Chính Chủ
- Odo 8k
- Sẵn 2 pin thuê
- Óc tán 7 màu keng 
- Còn đủ phụ kiện theo xe
- Bảo hành Vinfats toàn quốc
⛔️ Nợ xấu đưa 0đ có LÃI SUẤT hoặc 12tr KO LÃI SUẤT
--------------------
✅ 𝗛𝗼̂̃ 𝗧𝗿𝗼̛̣ 𝗔𝗲 𝗟𝗲̂𝗻 𝗛𝗼̂̀ 𝗦𝗼̛ 𝗕𝗮𝗻𝗸 𝗡𝗵𝗮̣̂𝗻 𝗫𝗲 𝗩𝗮̀ 𝗖𝗮𝘃𝗲𝘁 𝗚𝗼̂́𝗰
✅ 𝗡𝗼̛̣ 𝗫𝗮̂́𝘂 – 𝗛𝗼̂̃ 𝗧𝗿𝗼̛̣ 𝟬 Đ𝗼̂̀𝗻𝗴 – 𝗞𝗵𝗼̂𝗻𝗴 𝗫𝗮́𝗰 𝗠𝗶𝗻𝗵
✅ 𝗡𝗼̛̣ 𝗫𝗮̂́𝘂 – 𝗛𝗼̂̃ 𝗧𝗿𝗼̛̣ Đ𝘂̛𝗮 𝟯𝟬% – 𝗞𝗵𝗼̂𝗻𝗴 𝗟𝗮̃𝗶
✅ Đ𝗼̂̉𝗶 𝗣𝗶𝗻 𝗞𝗵𝗼̂𝗻𝗴 𝗖𝗵𝗼̛̀ 𝗦𝗮̣c 𝗡𝗵𝗶𝗲̂̀𝘂 𝗖𝗵𝗶 𝗡𝗵𝗮́𝗻𝗵
✅ 𝗛ỗ 𝗧𝗿𝗼̛̣ 𝟮 𝗡𝗮̆𝗺 𝗫𝗲 𝗛𝘂̛ – 𝗖𝗼́ 𝗫𝗲 𝗞𝗵𝗮́𝗰 𝗗𝘂̀𝗻𝗴
✅ Đ𝗮̆𝗻𝗴 𝗞𝘆́ 𝗔𝗽𝗽 𝗫𝗮𝗻𝗵 𝗣𝗹𝗮𝘁𝗳𝗼𝗿𝗺 – 𝗧𝗮̣𝗶 𝗖𝗵𝗼̂̃
--------------------
🏠𝟮𝟴𝟴 𝗧𝗿𝘂̛𝗼̛̀𝗻𝗴 𝗖𝗵𝗶𝗻𝗵 - 𝗣𝗵ư𝗼̛̀𝗻𝗴 Đ𝗼̂𝗻𝗴 𝗛𝘂̛𝗻𝗴 𝗧𝗵𝘂𝗮̣̂𝗻 - 𝗛𝗖𝗠 (𝗤𝘂𝗮̣̂𝗻𝟭𝟮 𝗰𝘂̃)",2026,8000.0,Tp Hồ Chí Minh,Quận 12,"EvoMax BST 65 Chính Chủ
- Odo 8k
- Sẵn 2 pin thuê
- Óc tán 7 màu keng 
- Còn đủ phụ kiện theo xe
- Bảo hành Vinfats toàn quốc
⛔️ Nợ xấu đưa 0đ có LÃI SUẤT hoặc 12tr KO LÃI SUẤT
--------------------
✅ 𝗛𝗼̂̃ 𝗧𝗿𝗼̛̣ 𝗔𝗲 𝗟𝗲̂𝗻 𝗛𝗼̂̀ 𝗦𝗼̛ 𝗕𝗮𝗻𝗸 𝗡𝗵𝗮̣̂𝗻 𝗫𝗲 𝗩𝗮̀ 𝗖𝗮𝘃𝗲𝘁 𝗚𝗼̂́𝗰
✅ 𝗡𝗼̛̣ 𝗫𝗮̂́𝘂 – 𝗛𝗼̂̃ 𝗧𝗿𝗼̛̣ 𝟬 Đ𝗼̂̀𝗻𝗴 – 𝗞𝗵𝗼̂𝗻𝗴 𝗫𝗮́𝗰 𝗠𝗶𝗻𝗵
✅ 𝗡𝗼̛̣ 𝗫𝗮̂́𝘂 – 𝗛𝗼̂̃ 𝗧𝗿𝗼̛̣ Đ𝘂̛𝗮 𝟯𝟬% – 𝗞𝗵𝗼̂𝗻𝗴 𝗟𝗮̃𝗶
✅ Đ𝗼̂̉𝗶 𝗣𝗶𝗻 𝗞𝗵𝗼̂𝗻𝗴 𝗖𝗵𝗼̛̀ 𝗦𝗮̣c 𝗡𝗵𝗶𝗲̂̀𝘂 𝗖𝗵𝗶 𝗡𝗵𝗮́𝗻𝗵
✅ 𝗛ỗ 𝗧𝗿𝗼̛̣ 𝟮 𝗡𝗮̆𝗺 𝗫𝗲 𝗛𝘂̛ – 𝗖𝗼́ 𝗫𝗲 𝗞𝗵𝗮́𝗰 𝗗𝘂̀𝗻𝗴
✅ Đ𝗮̆𝗻𝗴 𝗞𝘆́ 𝗔𝗽𝗽 𝗫𝗮𝗻𝗵 𝗣𝗹𝗮𝘁𝗳𝗼𝗿𝗺 – 𝗧𝗮̣𝗶 𝗖𝗵𝗼̂̃
--------------------
🏠𝟮𝟴𝟴 𝗧𝗿𝘂̛𝗼̛̀𝗻𝗴 𝗖𝗵𝗶𝗻𝗵 - 𝗣𝗵ư𝗼̛̀𝗻𝗴 Đ𝗼̂𝗻𝗴 𝗛𝘂̛𝗻𝗴 𝗧𝗵𝘂𝗮̣̂𝗻 - 𝗛𝗖𝗠 (𝗤𝘂𝗮̣̂𝗻𝟭𝟮 𝗰𝘂̃)",Cần xác minh,Khác,Không phân loại,,
134366874,"Xe máy điện Typer 2 Trắng, Cam đã sử dụng",7800000,"Typer 2 đi ít còn như mới bán nửa giá mới

🛵TRẺ TRUNG - PHONG CÁCH - NĂNG ĐỘNG 
✴️ thanh lý xe typer2 
💸💸 giá bán 7tr800
☑️ màu sắc trung tính, thời trang (bảo hành 6 tháng) 
☑️ máy móc nguyên zin, an toàn tiết kiệm điện , Xanh, sạch không ồn 
☎️ Zalo *** (free ship Hà Nội, hỗ trợ ship toàn quốc  )
🏠 389 đội cấn -Hà Nội",2025,10000.0,Hà Nội,Quận Ba Đình,"Typer 2 đi ít còn như mới bán nửa giá mới

🛵TRẺ TRUNG - PHONG CÁCH - NĂNG ĐỘNG 
✴️ thanh lý xe typer2 
💸💸 giá bán 7tr800
☑️ màu sắc trung tính, thời trang (bảo hành 6 tháng) 
☑️ máy móc nguyên zin, an toàn tiết kiệm điện , Xanh, sạch không ồn 
☎️ Zalo *** (free ship Hà Nội, hỗ trợ ship toàn quốc  )
🏠 *** đội cấn -Hà Nội",Kèm pin,Khác,Không phân loại,,
134508320,Xe Điện 3sGo - Datbike S1 2026 Đen 10000 km,44900000,"DatbikeS1 BSTP ĐK 2026 Chính Chủ 1 Lần sạc đi 285km
- Odo 10k hơn
- Óc tán 7 màu keng 
- Còn đủ phụ kiện theo xe 
- Bảo hành Datbike toàn quốc
⛔️ Nợ xấu đưa 5tr8 có LÃI SUẤT hoặc 23tr KO LÃI SUẤT
--------------------
✅ 𝗛𝗼̂̃ 𝗧𝗿𝗼̛̣ 𝗔𝗲 𝗟𝗲̂𝗻 𝗛𝗼̂̀ 𝗦𝗼̛ 𝗕𝗮𝗻𝗸 𝗡𝗵𝗮̣̂𝗻 𝗫𝗲 𝗩𝗮̀ 𝗖𝗮𝘃𝗲𝘁 𝗚𝗼̂́𝗰
✅ 𝗡𝗼̛̣ 𝗫𝗮̂́𝘂 – 𝗛𝗼̂̃ 𝗧𝗿𝗼̛̣ 𝟬 Đ𝗼̂̀𝗻𝗴 – 𝗞𝗵𝗼̂𝗻𝗴 𝗫𝗮́𝗰 𝗠𝗶𝗻𝗵
✅ 𝗡𝗼̛̣ 𝗫𝗮̂́𝘂 – 𝗛𝗼̂̃ 𝗧𝗿𝗼̛̣ Đ𝘂̛𝗮 𝟯𝟬% – 𝗞𝗵𝗼̂𝗻𝗴 𝗟𝗮̃𝗶
✅ Đ𝗼̂̉𝗶 𝗣𝗶𝗻 𝗞𝗵𝗼̂𝗻𝗴 𝗖𝗵𝗼̛̀ 𝗦𝗮̣c 𝗡𝗵𝗶𝗲̂̀𝘂 𝗖𝗵𝗶 𝗡𝗵𝗮́𝗻𝗵
✅ 𝗛ỗ 𝗧𝗿𝗼̛̣ 𝟮 𝗡𝗮̆𝗺 𝗫𝗲 𝗛𝘂̛ – 𝗖𝗼́ 𝗫𝗲 𝗞𝗵𝗮́𝗰 𝗗𝘂̀𝗻𝗴
✅ Đ𝗮̆𝗻𝗴 𝗞𝘆́ 𝗔𝗽𝗽 𝗫𝗮𝗻𝗵 𝗣𝗹𝗮𝘁𝗳𝗼𝗿𝗺 – 𝗧𝗮̣𝗶 𝗖𝗵𝗼̂̃
--------------------
🏠𝟮𝟴𝟴 𝗧𝗿𝘂̛𝗼̛̀𝗻𝗴 𝗖𝗵𝗶𝗻𝗵 - 𝗣𝗵ư𝗼̛̀𝗻𝗴 Đ𝗼̂𝗻𝗴 𝗛𝘂̛𝗻𝗴 𝗧𝗵𝘂𝗮̣̂𝗻 - 𝗛𝗖𝗠 (𝗤𝘂𝗮̣̂𝗻𝟭𝟮 𝗰𝘂̃)",2025,10000.0,Tp Hồ Chí Minh,Quận 12,"DatbikeS1 BSTP ĐK 2026 Chính Chủ 1 Lần sạc đi 285km
- Odo 10k hơn
- Óc tán 7 màu keng 
- Còn đủ phụ kiện theo xe 
- Bảo hành Datbike toàn quốc
⛔️ Nợ xấu đưa 5tr8 có LÃI SUẤT hoặc 23tr KO LÃI SUẤT
--------------------
✅ 𝗛𝗼̂̃ 𝗧𝗿𝗼̛̣ 𝗔𝗲 𝗟𝗲̂𝗻 𝗛𝗼̂̀ 𝗦𝗼̛ 𝗕𝗮𝗻𝗸 𝗡𝗵𝗮̣̂𝗻 𝗫𝗲 𝗩𝗮̀ 𝗖𝗮𝘃𝗲𝘁 𝗚𝗼̂́𝗰
✅ 𝗡𝗼̛̣ 𝗫𝗮̂́𝘂 – 𝗛𝗼̂̃ 𝗧𝗿𝗼̛̣ 𝟬 Đ𝗼̂̀𝗻𝗴 – 𝗞𝗵𝗼̂𝗻𝗴 𝗫𝗮́𝗰 𝗠𝗶𝗻𝗵
✅ 𝗡𝗼̛̣ 𝗫𝗮̂́𝘂 – 𝗛𝗼̂̃ 𝗧𝗿𝗼̛̣ Đ𝘂̛𝗮 𝟯𝟬% – 𝗞𝗵𝗼̂𝗻𝗴 𝗟𝗮̃𝗶
✅ Đ𝗼̂̉𝗶 𝗣𝗶𝗻 𝗞𝗵𝗼̂𝗻𝗴 𝗖𝗵𝗼̛̀ 𝗦𝗮̣c 𝗡𝗵𝗶𝗲̂̀𝘂 𝗖𝗵𝗶 𝗡𝗵𝗮́𝗻𝗵
✅ 𝗛ỗ 𝗧𝗿𝗼̛̣ 𝟮 𝗡𝗮̆𝗺 𝗫𝗲 𝗛𝘂̛ – 𝗖𝗼́ 𝗫𝗲 𝗞𝗵𝗮́𝗰 𝗗𝘂̀𝗻𝗴
✅ Đ𝗮̆𝗻𝗴 𝗞𝘆́ 𝗔𝗽𝗽 𝗫𝗮𝗻𝗵 𝗣𝗹𝗮𝘁𝗳𝗼𝗿𝗺 – 𝗧𝗮̣𝗶 𝗖𝗵𝗼̂̃
--------------------
🏠𝟮𝟴𝟴 𝗧𝗿𝘂̛𝗼̛̀𝗻𝗴 𝗖𝗵𝗶𝗻𝗵 - 𝗣𝗵ư𝗼̛̀𝗻𝗴 Đ𝗼̂𝗻𝗴 𝗛𝘂̛𝗻𝗴 𝗧𝗵𝘂𝗮̣̂𝗻 - 𝗛𝗖𝗠 (𝗤𝘂𝗮̣̂𝗻𝟭𝟮 𝗰𝘂̃)",Cần xác minh,Khác,Không phân loại,,
134197994,CỬA HÀNG THU MUA XE MÁY ĐIỆN CŨ,35999000,"⭐️ CỬA HÀNG PHẠM TUẤN XE ĐIỆN CŨ 
CHUYÊN THU MUA XE ĐIỆN CŨ - GIÁ CAO - BAO MỌI GIẤY TỜ LIÊN QUAN
📌 Địa chỉ: 244 Thoại Ngọc Hầu . Phú Thạnh , Q .Tân Phú . TP HCM.
⭐️ ĐỊNH GIÁ MIỄN PHÍ XE MÁY ⭐️

❤️ Chuyên Thu Mua Xe Điện Cũ với các dòng như sau, Giá Bao Thị Trường
( VINFAST . YADEA . DATBIKE . PEGA...)

Giá thu từ: 1tr - 99tr

Dịch vụ đặc biệt:
❤️ Bấm Giá Trong Vòng 30s Để Khách Hàng Tham Khảo Giá
❤️ Hỗ Trợ Mua Tận Nơi ( Sài Gòn và những chỗ lân cận)


😍😍😍 CẦN KẾT NỐI VỚI SHOWROOM CÁC HÃNG XE ĐIỆN NEW THU CŨ ĐỔI MỚI CHO KHÁCH HÀNG

code: #thumuaxe #26003663_1",2025,1.0,Tp Hồ Chí Minh,Quận Tân Phú,"⭐️ CỬA HÀNG PHẠM TUẤN XE ĐIỆN CŨ 
CHUYÊN THU MUA XE ĐIỆN CŨ - GIÁ CAO - BAO MỌI GIẤY TỜ LIÊN QUAN
📌 Địa chỉ: 244 Thoại Ngọc Hầu . Phú Thạnh , Q .Tân Phú . TP HCM.
⭐️ ĐỊNH GIÁ MIỄN PHÍ XE MÁY ⭐️

❤️ Chuyên Thu Mua Xe Điện Cũ với các dòng như sau, Giá Bao Thị Trường
( VINFAST . YADEA . DATBIKE . PEGA...)

Giá thu từ: 1tr - 99tr

Dịch vụ đặc biệt:
❤️ Bấm Giá Trong Vòng 30s Để Khách Hàng Tham Khảo Giá
❤️ Hỗ Trợ Mua Tận Nơi ( Sài Gòn và những chỗ lân cận)


😍😍😍 CẦN KẾT NỐI VỚI SHOWROOM CÁC HÃNG XE ĐIỆN NEW THU CŨ ĐỔI MỚI CHO KHÁCH HÀNG

code: #thumuaxe #26003663_1",Cần xác minh,Khác,Không phân loại,,
134558870,Xe Điện 3sGo - Feliz II Trắng 700km,25900000,"Feliz II BSTP Chính Chủ 
- Odo 700km
- 2pin (free thuê 2pin 1 năm)
- Óc tán 7 màu keng 
- Còn đủ phụ kiện theo xe 
- Bảo hành Vinfast toàn quốc
⛔️ Nợ xấu đưa 0đ có LÃI SUẤT hoặc 15tr KO LÃI SUẤT
--------------------
✅ 𝗛𝗼̂̃ 𝗧𝗿𝗼̛̣ 𝗔𝗲 𝗟𝗲̂𝗻 𝗛𝗼̂̀ 𝗦𝗼̛ 𝗕𝗮𝗻𝗸 𝗡𝗵𝗮̣̂𝗻 𝗫𝗲 𝗩𝗮̀ 𝗖𝗮𝘃𝗲𝘁 𝗚𝗼̂́𝗰
✅ 𝗡𝗼̛̣ 𝗫𝗮̂́𝘂 – 𝗛𝗼̂̃ 𝗧𝗿𝗼̛̣ 𝟬 Đ𝗼̂̀𝗻𝗴 – 𝗞𝗵𝗼̂𝗻𝗴 𝗫𝗮́𝗰 𝗠𝗶𝗻𝗵
✅ 𝗡𝗼̛̣ 𝗫𝗮̂́𝘂 – 𝗛𝗼̂̃ 𝗧𝗿𝗼̛̣ Đ𝘂̛𝗮 𝟯𝟬% – 𝗞𝗵𝗼̂𝗻𝗴 𝗟𝗮̃𝗶
✅ Đ𝗼̂̉𝗶 𝗣𝗶𝗻 𝗞𝗵𝗼̂𝗻𝗴 𝗖𝗵𝗼̛̀ 𝗦𝗮̣c 𝗡𝗵𝗶𝗲̂̀𝘂 𝗖𝗵𝗶 𝗡𝗵𝗮́𝗻𝗵
✅ 𝗛ỗ 𝗧𝗿𝗼̛̣ 𝟮 𝗡𝗮̆𝗺 𝗫𝗲 𝗛𝘂̛ – 𝗖𝗼́ 𝗫𝗲 𝗞𝗵𝗮́𝗰 𝗗𝘂̀𝗻𝗴
✅ Đ𝗮̆𝗻𝗴 𝗞𝘆́ 𝗔𝗽𝗽 𝗫𝗮𝗻𝗵 𝗣𝗹𝗮𝘁𝗳𝗼𝗿𝗺 – 𝗧𝗮̣𝗶 𝗖𝗵𝗼̂̃
--------------------
🏠𝟮𝟴𝟴 𝗧𝗿𝘂̛𝗼̛̀𝗻𝗴 𝗖𝗵𝗶𝗻𝗵 - 𝗣𝗵ư𝗼̛̀𝗻𝗴 Đ𝗼̂𝗻𝗴 𝗛𝘂̛𝗻𝗴 𝗧𝗵𝘂𝗮̣̂𝗻 - 𝗛𝗖𝗠 (𝗤𝘂𝗮̣̂𝗻𝟭𝟮 𝗰𝘂̃)",2026,700.0,Tp Hồ Chí Minh,Quận 12,"Feliz II BSTP Chính Chủ 
- Odo 700km
- 2pin (free thuê 2pin 1 năm)
- Óc tán 7 màu keng 
- Còn đủ phụ kiện theo xe 
- Bảo hành Vinfast toàn quốc
⛔️ Nợ xấu đưa 0đ có LÃI SUẤT hoặc 15tr KO LÃI SUẤT
--------------------
✅ 𝗛𝗼̂̃ 𝗧𝗿𝗼̛̣ 𝗔𝗲 𝗟𝗲̂𝗻 𝗛𝗼̂̀ 𝗦𝗼̛ 𝗕𝗮𝗻𝗸 𝗡𝗵𝗮̣̂𝗻 𝗫𝗲 𝗩𝗮̀ 𝗖𝗮𝘃𝗲𝘁 𝗚𝗼̂́𝗰
✅ 𝗡𝗼̛̣ 𝗫𝗮̂́𝘂 – 𝗛𝗼̂̃ 𝗧𝗿𝗼̛̣ 𝟬 Đ𝗼̂̀𝗻𝗴 – 𝗞𝗵𝗼̂𝗻𝗴 𝗫𝗮́𝗰 𝗠𝗶𝗻𝗵
✅ 𝗡𝗼̛̣ 𝗫𝗮̂́𝘂 – 𝗛𝗼̂̃ 𝗧𝗿𝗼̛̣ Đ𝘂̛𝗮 𝟯𝟬% – 𝗞𝗵𝗼̂𝗻𝗴 𝗟𝗮̃𝗶
✅ Đ𝗼̂̉𝗶 𝗣𝗶𝗻 𝗞𝗵𝗼̂𝗻𝗴 𝗖𝗵𝗼̛̀ 𝗦𝗮̣c 𝗡𝗵𝗶𝗲̂̀𝘂 𝗖𝗵𝗶 𝗡𝗵𝗮́𝗻𝗵
✅ 𝗛ỗ 𝗧𝗿𝗼̛̣ 𝟮 𝗡𝗮̆𝗺 𝗫𝗲 𝗛𝘂̛ – 𝗖𝗼́ 𝗫𝗲 𝗞𝗵𝗮́𝗰 𝗗𝘂̀𝗻𝗴
✅ Đ𝗮̆𝗻𝗴 𝗞𝘆́ 𝗔𝗽𝗽 𝗫𝗮𝗻𝗵 𝗣𝗹𝗮𝘁𝗳𝗼𝗿𝗺 – 𝗧𝗮̣𝗶 𝗖𝗵𝗼̂̃
--------------------
🏠𝟮𝟴𝟴 𝗧𝗿𝘂̛𝗼̛̀𝗻𝗴 𝗖𝗵𝗶𝗻𝗵 - 𝗣𝗵ư𝗼̛̀𝗻𝗴 Đ𝗼̂𝗻𝗴 𝗛𝘂̛𝗻𝗴 𝗧𝗵𝘂𝗮̣̂𝗻 - 𝗛𝗖𝗠 (𝗤𝘂𝗮̣̂𝗻𝟭𝟮 𝗰𝘂̃)",Cần xác minh,VinFast,Feliz,27000000.0,4.1
134621837,Xe máy điện Xmen 2019 Đen Việt Nam,4900000,"BÁN XE MÁY ĐIỆN cũ :  Xmen 
Giá:4tr900  bình khỏe 30/35km/1 lần sạc 
Đk 2019 biển số 74 
xe ở Cầu Vượt Sóng Thần  Qlộ 1A 
LH: ***
Có nhan đổi xe điện cũ các loại",2019,8978.0,Tp Hồ Chí Minh,Thành phố Thủ Đức,"BÁN XE MÁY ĐIỆN cũ :  Xmen 
Giá:4tr900  bình khỏe 30/35km/1 lần sạc 
Đk 2019 biển số 74 
xe ở Cầu Vượt Sóng Thần  Qlộ 1A 
LH: ***
Có nhan đổi xe điện cũ các loại",Cần xác minh,Khác,Không phân loại,,
134621834,Xe máy điện VinFast Vento Neo Trắng 9.000KM,29500000,"Vento Neo 9.000KM Cập Bến 😍😍😍

Giá..29.5Tr

☎️*** Em bi",2025,9000.0,Tp Hồ Chí Minh,Quận Tân Phú,"Vento Neo 9.000KM Cập Bến 😍😍😍

Giá..29.5Tr

☎️*** Em bi",Cần xác minh,VinFast,Vento,50000000.0,41.0
134621825,"VinFast Feliz Neo 2025 Xám 38,900km",28000000,"Feliz Ne***


- ODO : 38,900km
- Pin : 72v 105Ah . Quãng đường đi được từ 200km 1 lần sạc
- Ngoại hình : 95%
- Thủ tục mua bán : công chứng mua bán ra tên mới. Chủ xe hỗ trợ rút hồ sơ
- Năm đăng ký : 10/2025
- Giá bán :  28,000,000
- Có hỗ trợ trả góp, nợ xấu
- Có cho thuê xe, trao đổi mua bán xe, ký gửi xe",2025,38900.0,Tp Hồ Chí Minh,Quận Tân Bình,"Feliz Ne***


- ODO : 38,900km
- Pin : 72v 105Ah . Quãng đường đi được từ 200km 1 lần sạc
- Ngoại hình : 95%
- Thủ tục mua bán : công chứng mua bán ra tên mới. Chủ xe hỗ trợ rút hồ sơ
- Năm đăng ký : 10/2025
- Giá bán :  28,000,000
- Có hỗ trợ trả góp, nợ xấu
- Có cho thuê xe, trao đổi mua bán xe, ký gửi xe",Cần xác minh,VinFast,Feliz,27000000.0,-3.7
134621821,Xe điện gogo,5200000,"bán xe điện còn rất tốt nhập khẩu nguyên chiếc giá vừa tầm ai mua cho con đi hoc câp 3 đỡ đươc bao nhiêu tiền nhà nhiêu xe lên bán nhanh cho gọn
ai thiên chí mua hoăc nhăn tin nêu ko nghe may kip",2019,5252.0,Hải Phòng,Quận Ngô Quyền,"bán xe điện còn rất tốt nhập khẩu nguyên chiếc giá vừa tầm ai mua cho con đi hoc câp 3 đỡ đươc bao nhiêu tiền nhà nhiêu xe lên bán nhanh cho gọn
ai thiên chí mua hoăc nhăn tin nêu ko nghe may kip",Cần xác minh,Dibao,Gogo,14500000.0,64.1
134621813,Quantum S3 odo 10k xe đẹp ken biển sg,32500000,"Quantum s3 xe đẹp ken 9 chủ ký 
Có gop nợ xấu tay đôi",2025,10412.0,Tp Hồ Chí Minh,Quận Tân Phú,"Quantum s3 xe đẹp ken 9 chủ ký 
Có gop nợ xấu tay đôi",Cần xác minh,Dat Bike,Quantum,34900000.0,6.9
133165398,Xe máy điện VinFast Feliz 2 Trắng,17500000,"Xe máy điện VinFast Feliz 2 màu trắng, thiết kế hiện đại, phù hợp cho cả nam và nữ. 
- Xe vận hành êm ái, tiết kiệm năng lượng. 
- Trang bị nhiều tính năng thông minh. 
- Xe mới, ít sử dụng.
- chuyển nhượng hợp đồng thuê 2 pin vinfast 1,5kw
",2026,1589.0,Đồng Nai,Huyện Trảng Bom,"Xe máy điện VinFast Feliz 2 màu trắng, thiết kế hiện đại, phù hợp cho cả nam và nữ. 
- Xe vận hành êm ái, tiết kiệm năng lượng. 
- Trang bị nhiều tính năng thông minh. 
- Xe mới, ít sử dụng.
- chuyển nhượng hợp đồng thuê 2 pin vinfast 1,5kw
",Cần xác minh,VinFast,Feliz,27000000.0,35.2
134536690,Xe Điện 3sGo -  Evo200Lite 2025 Đen,22900000,"Evo200Lite  - Bstp 9 Chủ ĐK 2025
- 2 Chìa khoá đầy đủ
- Dàn áo dán keng 98%
- Óc tán 7 màu keng 98%
- Còn đủ phụ kiện theo xe
❤️Xe keng 98% so với xe new 
⛔️ Nợ xấu đưa 3tr2 có LÃI SUẤT hoặc 12tr KO LÃI SUẤT
--------------------
✅ 𝗛𝗼̂̃ 𝗧𝗿𝗼̛̣ 𝗔𝗲 𝗟𝗲̂𝗻 𝗛𝗼̂̀ 𝗦𝗼̛ 𝗕𝗮𝗻𝗸 𝗡𝗵𝗮̣̂𝗻 𝗫𝗲 𝗩𝗮̀ 𝗖𝗮𝘃𝗲𝘁 𝗚𝗼̂́𝗰
✅ 𝗡𝗼̛̣ 𝗫𝗮̂́𝘂 – 𝗛𝗼̂̃ 𝗧𝗿𝗼̛̣ 𝟬 Đ𝗼̂̀𝗻𝗴 – 𝗞𝗵𝗼̂𝗻𝗴 𝗫𝗮́𝗰 𝗠𝗶𝗻𝗵
✅ 𝗡𝗼̛̣ 𝗫𝗮̂́𝘂 – 𝗛𝗼̂̃ 𝗧𝗿𝗼̛̣ Đ𝘂̛𝗮 𝟯𝟬% – 𝗞𝗵𝗼̂𝗻𝗴 𝗟𝗮̃𝗶
✅ Đ𝗼̂̉𝗶 𝗣𝗶𝗻 𝗞𝗵𝗼̂𝗻𝗴 𝗖𝗵𝗼̛̀ 𝗦𝗮̣c 𝗡𝗵𝗶𝗲̂̀𝘂 𝗖𝗵𝗶 𝗡𝗵𝗮́𝗻𝗵
✅ 𝗛ỗ 𝗧𝗿𝗼̛̣ 𝟮 𝗡𝗮̆𝗺 𝗫𝗲 𝗛𝘂̛ – 𝗖𝗼́ 𝗫𝗲 𝗞𝗵𝗮́𝗰 𝗗𝘂̀𝗻𝗴
✅ Đ𝗮̆𝗻𝗴 𝗞𝘆́ 𝗔𝗽𝗽 𝗫𝗮𝗻𝗵 𝗣𝗹𝗮𝘁𝗳𝗼𝗿𝗺 – 𝗧𝗮̣𝗶 𝗖𝗵𝗼̂̃
--------------------
🏠𝟮𝟴𝟴 𝗧𝗿𝘂̛𝗼̛̀𝗻𝗴 𝗖𝗵𝗶𝗻𝗵 - 𝗣𝗵ư𝗼̛̀𝗻𝗴 Đ𝗼̂𝗻𝗴 𝗛𝘂̛𝗻𝗴 𝗧𝗵𝘂𝗮̣̂𝗻 - 𝗛𝗖𝗠 (𝗤𝘂𝗮̣̂𝗻𝟭𝟮 𝗰𝘂̃)",2025,,Tp Hồ Chí Minh,Quận 12,"Evo200Lite  - Bstp 9 Chủ ĐK 2025
- 2 Chìa khoá đầy đủ
- Dàn áo dán keng 98%
- Óc tán 7 màu keng 98%
- Còn đủ phụ kiện theo xe
❤️Xe keng 98% so với xe new 
⛔️ Nợ xấu đưa 3tr2 có LÃI SUẤT hoặc 12tr KO LÃI SUẤT
--------------------
✅ 𝗛𝗼̂̃ 𝗧𝗿𝗼̛̣ 𝗔𝗲 𝗟𝗲̂𝗻 𝗛𝗼̂̀ 𝗦𝗼̛ 𝗕𝗮𝗻𝗸 𝗡𝗵𝗮̣̂𝗻 𝗫𝗲 𝗩𝗮̀ 𝗖𝗮𝘃𝗲𝘁 𝗚𝗼̂́𝗰
✅ 𝗡𝗼̛̣ 𝗫𝗮̂́𝘂 – 𝗛𝗼̂̃ 𝗧𝗿𝗼̛̣ 𝟬 Đ𝗼̂̀𝗻𝗴 – 𝗞𝗵𝗼̂𝗻𝗴 𝗫𝗮́𝗰 𝗠𝗶𝗻𝗵
✅ 𝗡𝗼̛̣ 𝗫𝗮̂́𝘂 – 𝗛𝗼̂̃ 𝗧𝗿𝗼̛̣ Đ𝘂̛𝗮 𝟯𝟬% – 𝗞𝗵𝗼̂𝗻𝗴 𝗟𝗮̃𝗶
✅ Đ𝗼̂̉𝗶 𝗣𝗶𝗻 𝗞𝗵𝗼̂𝗻𝗴 𝗖𝗵𝗼̛̀ 𝗦𝗮̣c 𝗡𝗵𝗶𝗲̂̀𝘂 𝗖𝗵𝗶 𝗡𝗵𝗮́𝗻𝗵
✅ 𝗛ỗ 𝗧𝗿𝗼̛̣ 𝟮 𝗡𝗮̆𝗺 𝗫𝗲 𝗛𝘂̛ – 𝗖𝗼́ 𝗫𝗲 𝗞𝗵𝗮́𝗰 𝗗𝘂̀𝗻𝗴
✅ Đ𝗮̆𝗻𝗴 𝗞𝘆́ 𝗔𝗽𝗽 𝗫𝗮𝗻𝗵 𝗣𝗹𝗮𝘁𝗳𝗼𝗿𝗺 – 𝗧𝗮̣𝗶 𝗖𝗵𝗼̂̃
--------------------
🏠𝟮𝟴𝟴 𝗧𝗿𝘂̛𝗼̛̀𝗻𝗴 𝗖𝗵𝗶𝗻𝗵 - 𝗣𝗵ư𝗼̛̀𝗻𝗴 Đ𝗼̂𝗻𝗴 𝗛𝘂̛𝗻𝗴 𝗧𝗵𝘂𝗮̣̂𝗻 - 𝗛𝗖𝗠 (𝗤𝘂𝗮̣̂𝗻𝟭𝟮 𝗰𝘂̃)",Cần xác minh,Khác,Không phân loại,,
134621561,Xe máy điện VinFast Feliz 2025 Trắng 2 pin 2.4kW,25000000,"FELIZ 2025 – 2 PIN ZIN – GIÁ 25 TRIỆU 🔥
Biển số: 50AD-256.57

🛵 Feliz 2025 – xe đẹp, 2 pin zin, sẵn sàng chạy ngay!

✨ Thông tin xe:

📍 ODO: 10.000 km
🔋 2 pin 2.4kW zin hãng
💎 Ngoại hình: 95%
📅 Đăng ký: 12/2025
📄 Công chứng mua bán
💰 Giá bán: 25.000.000đ

💳 HỖ TRỢ TRẢ GÓP – HỖ TRỢ HỒ SƠ NỢ XẤU
🛵 Có cho thuê xe
🔄 Nhận trao đổi – mua bán xe
📦 Nhận ký gửi xe

🔥 Điểm đáng tiền: 2 pin zin + đời 2025 + giấy tờ mua bán rõ ràng. Mua về đi hằng ngày hoặc chạy dịch vụ đều tiện.

📩 Quan tâm inbox ngay – xe đẹp, giá tốt, chốt sớm kẻo hết!",2025,10000.0,Tp Hồ Chí Minh,Quận Tân Bình,"FELIZ 2025 – 2 PIN ZIN – GIÁ 25 TRIỆU 🔥
Biển số: 50AD-256.57

🛵 Feliz 2025 – xe đẹp, 2 pin zin, sẵn sàng chạy ngay!

✨ Thông tin xe:

📍 ODO: 10.000 km
🔋 2 pin 2.4kW zin hãng
💎 Ngoại hình: 95%
📅 Đăng ký: 12/2025
📄 Công chứng mua bán
💰 Giá bán: 25.000.000đ

💳 HỖ TRỢ TRẢ GÓP – HỖ TRỢ HỒ SƠ NỢ XẤU
🛵 Có cho thuê xe
🔄 Nhận trao đổi – mua bán xe
📦 Nhận ký gửi xe

🔥 Điểm đáng tiền: 2 pin zin + đời 2025 + giấy tờ mua bán rõ ràng. Mua về đi hằng ngày hoặc chạy dịch vụ đều tiện.

📩 Quan tâm inbox ngay – xe đẹp, giá tốt, chốt sớm kẻo hết!",Kèm pin,VinFast,Feliz,27000000.0,7.4
134621518,Xe máy điện VinFast Feliz Neo 2025 Xám 39000 km,20500000,"Feliz Neo màu xám BS : 50-AC 735.12


- ODO : 39000
- Pin : 1 Pin zin 67v 30Ah + 1 pin song song sàn chân 67v 30Ah . Quãng đường đi được từ 130 - 150km 1 lần sạc
- Ngoại hình : 90%
- Thủ tục mua bán : công chứng mua bán
- Năm đăng ký : 09/2025
- Giá bán :  20,500,000
- Có hỗ trợ trả góp, nợ xấu
- Có cho thuê xe, trao đổi mua bán xe, ký gửi xe",2025,39000.0,Tp Hồ Chí Minh,Quận Tân Bình,"Feliz Neo màu xám BS : 50-AC 735.12


- ODO : 39000
- Pin : 1 Pin zin 67v 30Ah + 1 pin song song sàn chân 67v 30Ah . Quãng đường đi được từ 130 - 150km 1 lần sạc
- Ngoại hình : 90%
- Thủ tục mua bán : công chứng mua bán
- Năm đăng ký : 09/2025
- Giá bán :  20,500,000
- Có hỗ trợ trả góp, nợ xấu
- Có cho thuê xe, trao đổi mua bán xe, ký gửi xe",Kèm pin,VinFast,Feliz,27000000.0,24.1
134506458,Xe Điện 3sGo - Flazz 2026 Trắng 900 km,15900000,"Flazz BSTP ĐK 2026 Chính Chủ 
- Odo 900 cây
- Đã mua 2 pin
- Óc tán 7 màu keng 
- Còn đủ phụ kiện theo xe
- Bảo hành Vinfast toàn quốc
#Giá_15tr9 - Nậu xớ đưa 2tr1 hoặc 5tr1
⛔️ Nợ xấu đưa 2tr1 có LÃI SUẤT hoặc 8tr KO LÃI SUẤT
--------------------
✅ 𝗛𝗼̂̃ 𝗧𝗿𝗼̛̣ 𝗔𝗲 𝗟𝗲̂𝗻 𝗛𝗼̂̀ 𝗦𝗼̛ 𝗕𝗮𝗻𝗸 𝗡𝗵𝗮̣̂𝗻 𝗫𝗲 𝗩𝗮̀ 𝗖𝗮𝘃𝗲𝘁 𝗚𝗼̂́𝗰
✅ 𝗡𝗼̛̣ 𝗫𝗮̂́𝘂 – 𝗛𝗼̂̃ 𝗧𝗿𝗼̛̣ 𝟬 Đ𝗼̂̀𝗻𝗴 – 𝗞𝗵𝗼̂𝗻𝗴 𝗫𝗮́𝗰 𝗠𝗶𝗻𝗵
✅ 𝗡𝗼̛̣ 𝗫𝗮̂́𝘂 – 𝗛𝗼̂̃ 𝗧𝗿𝗼̛̣ Đ𝘂̛𝗮 𝟯𝟬% – 𝗞𝗵𝗼̂𝗻𝗴 𝗟𝗮̃𝗶
✅ Đ𝗼̂̉𝗶 𝗣𝗶𝗻 𝗞𝗵𝗼̂𝗻𝗴 𝗖𝗵𝗼̛̀ 𝗦𝗮̣c 𝗡𝗵𝗶𝗲̂̀𝘂 𝗖𝗵𝗶 𝗡𝗵𝗮́𝗻𝗵
✅ 𝗛ỗ 𝗧𝗿𝗼̛̣ 𝟮 𝗡𝗮̆𝗺 𝗫𝗲 𝗛𝘂̛ – 𝗖𝗼́ 𝗫𝗲 𝗞𝗵𝗮́𝗰 𝗗𝘂̀𝗻𝗴
✅ Đ𝗮̆𝗻𝗴 𝗞𝘆́ 𝗔𝗽𝗽 𝗫𝗮𝗻𝗵 𝗣𝗹𝗮𝘁𝗳𝗼𝗿𝗺 – 𝗧𝗮̣𝗶 𝗖𝗵𝗼̂̃
--------------------
🏠𝟮𝟴𝟴 𝗧𝗿𝘂̛𝗼̛̀𝗻𝗴 𝗖𝗵𝗶𝗻𝗵 - 𝗣𝗵ư𝗼̛̀𝗻𝗴 Đ𝗼̂𝗻𝗴 𝗛𝘂̛𝗻𝗴 𝗧𝗵𝘂𝗮̣̂𝗻 - 𝗛𝗖𝗠 (𝗤𝘂𝗮̣̂𝗻𝟭𝟮 𝗰𝘂̃)",2026,900.0,Tp Hồ Chí Minh,Quận 12,"Flazz BSTP ĐK 2026 Chính Chủ 
- Odo 900 cây
- Đã mua 2 pin
- Óc tán 7 màu keng 
- Còn đủ phụ kiện theo xe
- Bảo hành Vinfast toàn quốc
#Giá_15tr9 - Nậu xớ đưa 2tr1 hoặc 5tr1
⛔️ Nợ xấu đưa 2tr1 có LÃI SUẤT hoặc 8tr KO LÃI SUẤT
--------------------
✅ 𝗛𝗼̂̃ 𝗧𝗿𝗼̛̣ 𝗔𝗲 𝗟𝗲̂𝗻 𝗛𝗼̂̀ 𝗦𝗼̛ 𝗕𝗮𝗻𝗸 𝗡𝗵𝗮̣̂𝗻 𝗫𝗲 𝗩𝗮̀ 𝗖𝗮𝘃𝗲𝘁 𝗚𝗼̂́𝗰
✅ 𝗡𝗼̛̣ 𝗫𝗮̂́𝘂 – 𝗛𝗼̂̃ 𝗧𝗿𝗼̛̣ 𝟬 Đ𝗼̂̀𝗻𝗴 – 𝗞𝗵𝗼̂𝗻𝗴 𝗫𝗮́𝗰 𝗠𝗶𝗻𝗵
✅ 𝗡𝗼̛̣ 𝗫𝗮̂́𝘂 – 𝗛𝗼̂̃ 𝗧𝗿𝗼̛̣ Đ𝘂̛𝗮 𝟯𝟬% – 𝗞𝗵𝗼̂𝗻𝗴 𝗟𝗮̃𝗶
✅ Đ𝗼̂̉𝗶 𝗣𝗶𝗻 𝗞𝗵𝗼̂𝗻𝗴 𝗖𝗵𝗼̛̀ 𝗦𝗮̣c 𝗡𝗵𝗶𝗲̂̀𝘂 𝗖𝗵𝗶 𝗡𝗵𝗮́𝗻𝗵
✅ 𝗛ỗ 𝗧𝗿𝗼̛̣ 𝟮 𝗡𝗮̆𝗺 𝗫𝗲 𝗛𝘂̛ – 𝗖𝗼́ 𝗫𝗲 𝗞𝗵𝗮́𝗰 𝗗𝘂̀𝗻𝗴
✅ Đ𝗮̆𝗻𝗴 𝗞𝘆́ 𝗔𝗽𝗽 𝗫𝗮𝗻𝗵 𝗣𝗹𝗮𝘁𝗳𝗼𝗿𝗺 – 𝗧𝗮̣𝗶 𝗖𝗵𝗼̂̃
--------------------
🏠𝟮𝟴𝟴 𝗧𝗿𝘂̛𝗼̛̀𝗻𝗴 𝗖𝗵𝗶𝗻𝗵 - 𝗣𝗵ư𝗼̛̀𝗻𝗴 Đ𝗼̂𝗻𝗴 𝗛𝘂̛𝗻𝗴 𝗧𝗵𝘂𝗮̣̂𝗻 - 𝗛𝗖𝗠 (𝗤𝘂𝗮̣̂𝗻𝟭𝟮 𝗰𝘂̃)",Cần xác minh,Khác,Không phân loại,,
134555510,Xe Điện 3sGo - Datbike S1 Đen 10.000 km,44900000,"DatbikeS1 BSTP ĐK 2026 Chính Chủ 1 Lần sạc đi 285km
- Odo 10k hơn
- Óc tán 7 màu keng 
- Còn đủ phụ kiện theo xe 
- Bảo hành Datbike toàn quốc
⛔️ Nợ xấu đưa 5tr8 có LÃI SUẤT hoặc 24tr KO LÃI SUẤT
--------------------
✅ 𝗛𝗼̂̃ 𝗧𝗿𝗼̛̣ 𝗔𝗲 𝗟𝗲̂𝗻 𝗛𝗼̂̀ 𝗦𝗼̛ 𝗕𝗮𝗻𝗸 𝗡𝗵𝗮̣̂𝗻 𝗫𝗲 𝗩𝗮̀ 𝗖𝗮𝘃𝗲𝘁 𝗚𝗼̂́𝗰
✅ 𝗡𝗼̛̣ 𝗫𝗮̂́𝘂 – 𝗛𝗼̂̃ 𝗧𝗿𝗼̛̣ 𝟬 Đ𝗼̂̀𝗻𝗴 – 𝗞𝗵𝗼̂𝗻𝗴 𝗫𝗮́𝗰 𝗠𝗶𝗻𝗵
✅ 𝗡𝗼̛̣ 𝗫𝗮̂́𝘂 – 𝗛𝗼̂̃ 𝗧𝗿𝗼̛̣ Đ𝘂̛𝗮 𝟯𝟬% – 𝗞𝗵𝗼̂𝗻𝗴 𝗟𝗮̃𝗶
✅ Đ𝗼̂̉𝗶 𝗣𝗶𝗻 𝗞𝗵𝗼̂𝗻𝗴 𝗖𝗵𝗼̛̀ 𝗦𝗮̣c 𝗡𝗵𝗶𝗲̂̀𝘂 𝗖𝗵𝗶 𝗡𝗵𝗮́𝗻𝗵
✅ 𝗛ỗ 𝗧𝗿𝗼̛̣ 𝟮 𝗡𝗮̆𝗺 𝗫𝗲 𝗛𝘂̛ – 𝗖𝗼́ 𝗫𝗲 𝗞𝗵𝗮́𝗰 𝗗𝘂̀𝗻𝗴
✅ Đ𝗮̆𝗻𝗴 𝗞𝘆́ 𝗔𝗽𝗽 𝗫𝗮𝗻𝗵 𝗣𝗹𝗮𝘁𝗳𝗼𝗿𝗺 – 𝗧𝗮̣𝗶 𝗖𝗵𝗼̂̃
--------------------
🏠𝟮𝟴𝟴 𝗧𝗿𝘂̛𝗼̛̀𝗻𝗴 𝗖𝗵𝗶𝗻𝗵 - 𝗣𝗵ư𝗼̛̀𝗻𝗴 Đ𝗼̂𝗻𝗴 𝗛𝘂̛𝗻𝗴 𝗧𝗵𝘂𝗮̣̂𝗻 - 𝗛𝗖𝗠 (𝗤𝘂𝗮̣̂𝗻𝟭𝟮 𝗰𝘂̃)",2026,10000.0,Tp Hồ Chí Minh,Quận 12,"DatbikeS1 BSTP ĐK 2026 Chính Chủ 1 Lần sạc đi 285km
- Odo 10k hơn
- Óc tán 7 màu keng 
- Còn đủ phụ kiện theo xe 
- Bảo hành Datbike toàn quốc
⛔️ Nợ xấu đưa 5tr8 có LÃI SUẤT hoặc 24tr KO LÃI SUẤT
--------------------
✅ 𝗛𝗼̂̃ 𝗧𝗿𝗼̛̣ 𝗔𝗲 𝗟𝗲̂𝗻 𝗛𝗼̂̀ 𝗦𝗼̛ 𝗕𝗮𝗻𝗸 𝗡𝗵𝗮̣̂𝗻 𝗫𝗲 𝗩𝗮̀ 𝗖𝗮𝘃𝗲𝘁 𝗚𝗼̂́𝗰
✅ 𝗡𝗼̛̣ 𝗫𝗮̂́𝘂 – 𝗛𝗼̂̃ 𝗧𝗿𝗼̛̣ 𝟬 Đ𝗼̂̀𝗻𝗴 – 𝗞𝗵𝗼̂𝗻𝗴 𝗫𝗮́𝗰 𝗠𝗶𝗻𝗵
✅ 𝗡𝗼̛̣ 𝗫𝗮̂́𝘂 – 𝗛𝗼̂̃ 𝗧𝗿𝗼̛̣ Đ𝘂̛𝗮 𝟯𝟬% – 𝗞𝗵𝗼̂𝗻𝗴 𝗟𝗮̃𝗶
✅ Đ𝗼̂̉𝗶 𝗣𝗶𝗻 𝗞𝗵𝗼̂𝗻𝗴 𝗖𝗵𝗼̛̀ 𝗦𝗮̣c 𝗡𝗵𝗶𝗲̂̀𝘂 𝗖𝗵𝗶 𝗡𝗵𝗮́𝗻𝗵
✅ 𝗛ỗ 𝗧𝗿𝗼̛̣ 𝟮 𝗡𝗮̆𝗺 𝗫𝗲 𝗛𝘂̛ – 𝗖𝗼́ 𝗫𝗲 𝗞𝗵𝗮́𝗰 𝗗𝘂̀𝗻𝗴
✅ Đ𝗮̆𝗻𝗴 𝗞𝘆́ 𝗔𝗽𝗽 𝗫𝗮𝗻𝗵 𝗣𝗹𝗮𝘁𝗳𝗼𝗿𝗺 – 𝗧𝗮̣𝗶 𝗖𝗵𝗼̂̃
--------------------
🏠𝟮𝟴𝟴 𝗧𝗿𝘂̛𝗼̛̀𝗻𝗴 𝗖𝗵𝗶𝗻𝗵 - 𝗣𝗵ư𝗼̛̀𝗻𝗴 Đ𝗼̂𝗻𝗴 𝗛𝘂̛𝗻𝗴 𝗧𝗵𝘂𝗮̣̂𝗻 - 𝗛𝗖𝗠 (𝗤𝘂𝗮̣̂𝗻𝟭𝟮 𝗰𝘂̃)",Cần xác minh,Khác,Không phân loại,,
134620997,Xe máy điện Vespa Espero Classic 2022 Xanh ngọc,8400000,"Vespa Espero Classic 1. Đời cao 2022
Bình khoẻ. Đầy đủ giấy tờ
Ngoại hình đẹp như hình.
Giá hơn 8tr400

📍 Có thể xem xe và kiểm tra trực tiếp.
🏠 87 Máy tơ. Nam định
☎️ ***",2022,8000.0,Nam Định,Thành phố Nam Định,"Vespa Espero Classic 1. Đời cao 2022
Bình khoẻ. Đầy đủ giấy tờ
Ngoại hình đẹp như hình.
Giá hơn 8tr400

📍 Có thể xem xe và kiểm tra trực tiếp.
🏠 87 Máy tơ. Nam định
☎️ ***",Cần xác minh,Khác,Không phân loại,,
134434450,Xe đạp điện Yadea V1 Plus Đen,8500000,"Xe điện V1 Plus màu đen
- Kiểu dáng thời trang, dễ điều khiển.
- Động cơ êm ái.
- Pin bền bỉ, di chuyển quãng đường xa.",2025,1.0,Tp Hồ Chí Minh,Quận Tân Bình,"Xe điện V1 Plus màu đen
- Kiểu dáng thời trang, dễ điều khiển.
- Động cơ êm ái.
- Pin bền bỉ, di chuyển quãng đường xa.",Cần xác minh,Yadea,Yadea (Khác),9990000.0,14.9
134620393,Xe máy điện VinFast Vento Neo Trắng 9.000KM,29500000,"Vento Neo 9.000KM Cập Bến 😍😍😍

Giá..29.5Tr

☎️*** Minh Khờ",2025,9000.0,Tp Hồ Chí Minh,Quận Tân Phú,"Vento Neo 9.000KM Cập Bến 😍😍😍

Giá..29.5Tr

☎️*** Minh Khờ",Cần xác minh,VinFast,Vento,50000000.0,41.0
134620294,Vinfast Ludo Xe điện,6600000,Bán xe điện vinfast ludo acquy mới bảo hành 1 năm,2020,10.0,Hà Nội,Quận Tây Hồ,Bán xe điện vinfast ludo acquy mới bảo hành 1 năm,Cần xác minh,VinFast,Ludo,12900000.0,48.8
134620154,Xe máy điện VinFast Vento ABS Đen 7.000km,28800000,"Vento ABS lướt 7.000km
Chính chủ ký
-  Liền lạc đẹp keng
- 2 chìa 2 kính theo xe còn đủ
- Đã úp phuộc sau

Giá: 28tr8
☎️ ***",2025,7000.0,Tp Hồ Chí Minh,Quận 5,"Vento ABS lướt 7.000km
Chính chủ ký
-  Liền lạc đẹp keng
- 2 chìa 2 kính theo xe còn đủ
- Đã úp phuộc sau

Giá: 28tr8
☎️ ***",Cần xác minh,VinFast,Vento,50000000.0,42.4
134620115,Xe máy điện VinFast Vento Neo 2025 Trắng,29500000,"Khách lên đời để lại 
Vento neo siêu lướt
- Biển Tp chính chủ ký
- Pin 3.5, sạc 1000w đời mới 
- Liền lạc đẹp ken
- Góp đưa trước 30% nhận xe

Giá 29tr5
☎️***",2025,9000.0,Tp Hồ Chí Minh,Quận 5,"Khách lên đời để lại 
Vento neo siêu lướt
- Biển Tp chính chủ ký
- Pin 3.5, sạc 1000w đời mới 
- Liền lạc đẹp ken
- Góp đưa trước 30% nhận xe

Giá 29tr5
☎️***",Cần xác minh,VinFast,Vento,50000000.0,41.0
134620037,Xe máy điện Yadea Omee Trắng Ắc quy Graphene,14500000,"Xe máy điện Yadea Omee trắng, mới mua hơn 1 tuần, còn bảo hành hãng. 
 - Xe mới ra mắt 2026, thiết kế hiện đại. 
 - Pin ắc quy Graphene 48V22Ah, tốc độ tối đa 40km/h, công suất 400W. 
 - Phù hợp cho học sinh, sinh viên từ 16 tuổi trở lên hoặc người không có bằng lái. 
 - Giá 14.500.000 đồng.",2026,150.0,Tp Hồ Chí Minh,Thành phố Thủ Đức,"Xe máy điện Yadea Omee trắng, mới mua hơn 1 tuần, còn bảo hành hãng. 
 - Xe mới ra mắt 2026, thiết kế hiện đại. 
 - Pin ắc quy Graphene 48V22Ah, tốc độ tối đa 40km/h, công suất 400W. 
 - Phù hợp cho học sinh, sinh viên từ 16 tuổi trở lên hoặc người không có bằng lái. 
 - Giá 14.500.000 đồng.",Cần xác minh,Yadea,Yadea (Khác),9990000.0,-45.1
134599987,Xe điện Vespa Vision 2026 Xám Đã sử dụng,18500000,"Xe điện vision mới mua 2026 mới 98%

🔥🔥🔥 Siêu Phẩm Mới Về Ạ 🔥🔥🔥 

Vespa Siêu Siêu Lướt 2026

Xe Mới 95%, dk đầy đủ

SmartKey Zin
Xe Điện huy lâm Bán Rẻ 7tr So Với Mới 
Mà Lại Được Xe Như Mới Ạ 

📌 Ship Hàng TOÀN QUỐC - Nhanh chóng
---- 
📞 LH tư vấn miễn phí : ***( zalo / video call ) 
🕹️ Địa chỉ: 389 đội cấn-ba đình - Hà Nội. 
❇️ Cửa Hàng Xe Điện Huy Lâm",2026,5000.0,Hà Nội,Quận Ba Đình,"Xe điện vision mới mua 2026 mới 98%

🔥🔥🔥 Siêu Phẩm Mới Về Ạ 🔥🔥🔥 

Vespa Siêu Siêu Lướt 2026

Xe Mới 95%, dk đầy đủ

SmartKey Zin
Xe Điện huy lâm Bán Rẻ 7tr So Với Mới 
Mà Lại Được Xe Như Mới Ạ 

📌 Ship Hàng TOÀN QUỐC - Nhanh chóng
---- 
📞 LH tư vấn miễn phí : ***( zalo / video call ) 
🕹️ Địa chỉ: *** đội cấn-ba đình - Hà Nội. 
❇️ Cửa Hàng Xe Điện Huy Lâm",Kèm pin,Khác,Không phân loại,,
134619125,Xe máy điện VinFast Evo200 Lite Đen Việt Nam,20000000,"Trâu bò nhất dòng xe học sinh. Ko cần bằng lái. 
Evo200 lite biển SG.
Pin 3.5 kwh, trâu bò nhất nhà Vin. Tầm 100 - 140 km/sạc.
BH hãng đến 2028.
Biển SG, sang tên nhanh chóng.
20tr bao rút hồ sơ. 

Xe điện Z48
104 Đường số 1,kdc Cityland Center Hill, phường Hạnh Thông (t7 nghỉ)
***",2023,18000.0,Tp Hồ Chí Minh,Quận Gò Vấp,"Trâu bò nhất dòng xe học sinh. Ko cần bằng lái. 
Evo200 lite biển SG.
Pin 3.5 kwh, trâu bò nhất nhà Vin. Tầm 100 - 140 km/sạc.
BH hãng đến 2028.
Biển SG, sang tên nhanh chóng.
20tr bao rút hồ sơ. 

Xe điện Z48
*** Đường số 1,kdc Cityland Center Hill, phường Hạnh Thông (t7 nghỉ)
***",Cần xác minh,VinFast,Evo 200,18000000.0,-11.1
134618992,Vinfast Motio màu đỏ - Xe học sinh,8500000,"- Motio Vinfast.  Học sinh trên 16t đi ko cần bằng lái 
- 5 Bình acquy đi 50km/lần sạc 
- Chính chủ công chứng 
- Giá 8tr500k 
- Địa chỉ : 24/6. Đ.TL44. P.thạnh lộc. Q12",2025,10484.0,Tp Hồ Chí Minh,Quận 12,"- Motio Vinfast.  Học sinh trên 16t đi ko cần bằng lái 
- 5 Bình acquy đi 50km/lần sạc 
- Chính chủ công chứng 
- Giá 8tr500k 
- Địa chỉ : 24/6. Đ.TL44. P.thạnh lộc. Q12",Cần xác minh,Khác,Không phân loại,,
134618650,Xe máy điện VinFast Ludo/ Ko Bằng Lái (Cs2),8900000,"VinFast LuDo 50 / Pin / Không Bằng Lái
Trọng Lượng: 68Kg
Công Suất: 500w
Mua mới lúc trước 24.5 Triệu ( Pin Mua )
Năm SX : 2020
Xem Xe Tại CH2 Nguyễn Thông",2020,39000.0,Cần Thơ,Quận Bình Thuỷ,"VinFast LuDo 50 / Pin / Không Bằng Lái
Trọng Lượng: 68Kg
Công Suất: 500w
Mua mới lúc trước 24.5 Triệu ( Pin Mua )
Năm SX : 2020
Xem Xe Tại CH2 Nguyễn Thông",Cần xác minh,VinFast,Ludo,12900000.0,31.0
134602241,Xe Điện 3sGo - QuantumS1 BST 2025 Xanh 30k,35900000,"QuantumS1 BST9chù
- Đăng ký 2025
- Odo 30k
- Yên kimdang 
- Dàn áo keng ko trầy 98%
- Óc tán 7 màu keng 98%
- Còn đủ phụ kiện theo xe
❤️Xe keng 99% so với xe new 
⛔️ Nợ xấu đưa 8tr1 có LÃI SUẤT hoặc 19tr5 KO LÃI SUẤT
--------------------
✅ 𝗛𝗼̂̃ 𝗧𝗿𝗼̛̣ 𝗔𝗲 𝗟𝗲̂𝗻 𝗛𝗼̂̀ 𝗦𝗼̛ 𝗕𝗮𝗻𝗸 𝗡𝗵𝗮̣̂𝗻 𝗫𝗲 𝗩𝗮̀ 𝗖𝗮𝘃𝗲𝘁 𝗚𝗼̂́𝗰
✅ 𝗡𝗼̛̣ 𝗫𝗮̂́𝘂 – 𝗛𝗼̂̃ 𝗧𝗿𝗼̛̣ 𝟬 Đ𝗼̂̀𝗻𝗴 – 𝗞𝗵𝗼̂𝗻𝗴 𝗫𝗮́𝗰 𝗠𝗶𝗻𝗵
✅ 𝗡𝗼̛̣ 𝗫𝗮̂́𝘂 – 𝗛𝗼̂̃ 𝗧𝗿𝗼̛̣ Đ𝘂̛𝗮 𝟯𝟬% – 𝗞𝗵𝗼̂𝗻𝗴 𝗟𝗮̃𝗶
✅ Đ𝗼̂̉𝗶 𝗣𝗶𝗻 𝗞𝗵𝗼̂𝗻𝗴 𝗖𝗵𝗼̛̀ 𝗦𝗮̣c 𝗡𝗵𝗶𝗲̂̀𝘂 𝗖𝗵𝗶 𝗡𝗵𝗮́𝗻𝗵
✅ 𝗛ỗ 𝗧𝗿𝗼̛̣ 𝟮 𝗡𝗮̆𝗺 𝗫𝗲 𝗛𝘂̛ – 𝗖𝗼́ 𝗫𝗲 𝗞𝗵𝗮́𝗰 𝗗𝘂̀𝗻𝗴
✅ Đ𝗮̆𝗻𝗴 𝗞𝘆́ 𝗔𝗽𝗽 𝗫𝗮𝗻𝗵 𝗣𝗹𝗮𝘁𝗳𝗼𝗿𝗺 – 𝗧𝗮̣𝗶 𝗖𝗵𝗼̂̃
--------------------
🏠 𝟭𝟭𝟱 𝗣𝗵𝗮̣𝗺 𝗧𝗵𝗲̂́ 𝗛𝗶𝗲̂̉𝗻 - 𝗖𝗵𝗮́𝗻𝗵 𝗛𝘂̛𝗻𝗴 - 𝗛𝗖𝗠 ( 𝗤𝘂𝗮̣̂𝗻 𝟴 )
☎️ 𝗛𝗼𝘁𝗹𝗶𝗻𝗲 : *** - 𝗗𝗶𝗲̣̂𝘂",2025,30.0,Tp Hồ Chí Minh,Quận 8,"QuantumS1 BST9chù
- Đăng ký 2025
- Odo 30k
- Yên kimdang 
- Dàn áo keng ko trầy 98%
- Óc tán 7 màu keng 98%
- Còn đủ phụ kiện theo xe
❤️Xe keng 99% so với xe new 
⛔️ Nợ xấu đưa 8tr1 có LÃI SUẤT hoặc 19tr5 KO LÃI SUẤT
--------------------
✅ 𝗛𝗼̂̃ 𝗧𝗿𝗼̛̣ 𝗔𝗲 𝗟𝗲̂𝗻 𝗛𝗼̂̀ 𝗦𝗼̛ 𝗕𝗮𝗻𝗸 𝗡𝗵𝗮̣̂𝗻 𝗫𝗲 𝗩𝗮̀ 𝗖𝗮𝘃𝗲𝘁 𝗚𝗼̂́𝗰
✅ 𝗡𝗼̛̣ 𝗫𝗮̂́𝘂 – 𝗛𝗼̂̃ 𝗧𝗿𝗼̛̣ 𝟬 Đ𝗼̂̀𝗻𝗴 – 𝗞𝗵𝗼̂𝗻𝗴 𝗫𝗮́𝗰 𝗠𝗶𝗻𝗵
✅ 𝗡𝗼̛̣ 𝗫𝗮̂́𝘂 – 𝗛𝗼̂̃ 𝗧𝗿𝗼̛̣ Đ𝘂̛𝗮 𝟯𝟬% – 𝗞𝗵𝗼̂𝗻𝗴 𝗟𝗮̃𝗶
✅ Đ𝗼̂̉𝗶 𝗣𝗶𝗻 𝗞𝗵𝗼̂𝗻𝗴 𝗖𝗵𝗼̛̀ 𝗦𝗮̣c 𝗡𝗵𝗶𝗲̂̀𝘂 𝗖𝗵𝗶 𝗡𝗵𝗮́𝗻𝗵
✅ 𝗛ỗ 𝗧𝗿𝗼̛̣ 𝟮 𝗡𝗮̆𝗺 𝗫𝗲 𝗛𝘂̛ – 𝗖𝗼́ 𝗫𝗲 𝗞𝗵𝗮́𝗰 𝗗𝘂̀𝗻𝗴
✅ Đ𝗮̆𝗻𝗴 𝗞𝘆́ 𝗔𝗽𝗽 𝗫𝗮𝗻𝗵 𝗣𝗹𝗮𝘁𝗳𝗼𝗿𝗺 – 𝗧𝗮̣𝗶 𝗖𝗵𝗼̂̃
--------------------
🏠 𝟭𝟭𝟱 𝗣𝗵𝗮̣𝗺 𝗧𝗵𝗲̂́ 𝗛𝗶𝗲̂̉𝗻 - 𝗖𝗵𝗮́𝗻𝗵 𝗛𝘂̛𝗻𝗴 - 𝗛𝗖𝗠 ( 𝗤𝘂𝗮̣̂𝗻 𝟴 )
☎️ 𝗛𝗼𝘁𝗹𝗶𝗻𝗲 : *** - 𝗗𝗶𝗲̣̂𝘂",Cần xác minh,Khác,Không phân loại,,
134617456,Xe máy điện BEFORE ALL Latina VI 2.0 Trắng,12000000,"Xe máy điện mới mua được 3 tháng cần bán lại  hãng: BEFORE ALL
Dòng : latina vi 2.0 
Thiết kế theo kiểu dáng vespa 
Tốc độ tối đa 50km/h 
Pin chạy được 60km
Còn bảo hành 9 tháng
giá mua mới 18tr500 
bán lại 12tr000",2026,300.0,Đà Nẵng,Quận Ngũ Hành Sơn,"Xe máy điện mới mua được 3 tháng cần bán lại  hãng: BEFORE ALL
Dòng : latina vi 2.0 
Thiết kế theo kiểu dáng vespa 
Tốc độ tối đa 50km/h 
Pin chạy được 60km
Còn bảo hành 9 tháng
giá mua mới 18tr500 
bán lại 12tr000",Cần xác minh,Khác,Không phân loại,,
134617447,Xe máy điện DK Bike 2021,7900000,"Xe máy điện Soma SX không cần bằng lái btc 
1 lần sạc đi được 60km , tốc tối đa 46km giờ 
5 bình vừa thay mới còn bảo hành 1 năm 
Áo quần sạch sẽ không bể , full chức năng 
Giá : 7tr9 bình tân",2021,40000.0,Tp Hồ Chí Minh,Quận Bình Tân,"Xe máy điện Soma SX không cần bằng lái btc 
1 lần sạc đi được 60km , tốc tối đa 46km giờ 
5 bình vừa thay mới còn bảo hành 1 năm 
Áo quần sạch sẽ không bể , full chức năng 
Giá : 7tr9 bình tân",Cần xác minh,Khác,Không phân loại,,
134602534,Xe Điện 3sGo - EvoGrand Đen 14k km,22900000,"EvoGrand ĐK 4/2026 BST 9 chủ kí
- Odo 14k
- 2 pin mua theo xe
- Dàn áo keng ko trầy 98%
- Óc tán 7 màu keng 98%
- Còn đủ phụ kiện theo xe
❤️Xe keng 98% so với xe new 
⛔️ Nợ xấu đưa 0Đ có LÃI SUẤT hoặc 13tr KO LÃI SUẤT
--------------------
✅ 𝗛𝗼̂̃ 𝗧𝗿𝗼̛̣ 𝗔𝗲 𝗟𝗲̂𝗻 𝗛𝗼̂̀ 𝗦𝗼̛ 𝗕𝗮𝗻𝗸 𝗡𝗵𝗮̣̂𝗻 𝗫𝗲 𝗩𝗮̀ 𝗖𝗮𝘃𝗲𝘁 𝗚𝗼̂́𝗰
✅ 𝗡𝗼̛̣ 𝗫𝗮̂́𝘂 – 𝗛𝗼̂̃ 𝗧𝗿𝗼̛̣ 𝟬 Đ𝗼̂̀𝗻𝗴 – 𝗞𝗵𝗼̂𝗻𝗴 𝗫𝗮́𝗰 𝗠𝗶𝗻𝗵
✅ 𝗡𝗼̛̣ 𝗫𝗮̂́𝘂 – 𝗛𝗼̂̃ 𝗧𝗿𝗼̛̣ Đ𝘂̛𝗮 𝟯𝟬% – 𝗞𝗵𝗼̂𝗻𝗴 𝗟𝗮̃𝗶
✅ Đ𝗼̂̉𝗶 𝗣𝗶𝗻 𝗞𝗵𝗼̂𝗻𝗴 𝗖𝗵𝗼̛̀ 𝗦𝗮̣c 𝗡𝗵𝗶𝗲̂̀𝘂 𝗖𝗵𝗶 𝗡𝗵𝗮́𝗻𝗵
✅ 𝗛ỗ 𝗧𝗿𝗼̛̣ 𝟮 𝗡𝗮̆𝗺 𝗫𝗲 𝗛𝘂̛ – 𝗖𝗼́ 𝗫𝗲 𝗞𝗵𝗮́𝗰 𝗗𝘂̀𝗻𝗴
✅ Đ𝗮̆𝗻𝗴 𝗞𝘆́ 𝗔𝗽𝗽 𝗫𝗮𝗻𝗵 𝗣𝗹𝗮𝘁𝗳𝗼𝗿𝗺 – 𝗧𝗮̣𝗶 𝗖𝗵𝗼̂̃
--------------------
🏠 𝟭𝟭𝟱 𝗣𝗵𝗮̣𝗺 𝗧𝗵𝗲̂́ 𝗛𝗶𝗲̂̉𝗻 - 𝗖𝗵𝗮́𝗻𝗵 𝗛𝘂̛𝗻𝗴 - 𝗛𝗖𝗠 ( 𝗤𝘂𝗮̣̂𝗻 𝟴 )
☎️ 𝗛𝗼𝘁𝗹𝗶𝗻𝗲 : *** - 𝗗𝗶𝗲̣̂𝘂",2026,14000.0,Tp Hồ Chí Minh,Quận 8,"EvoGrand ĐK 4/2026 BST 9 chủ kí
- Odo 14k
- 2 pin mua theo xe
- Dàn áo keng ko trầy 98%
- Óc tán 7 màu keng 98%
- Còn đủ phụ kiện theo xe
❤️Xe keng 98% so với xe new 
⛔️ Nợ xấu đưa 0Đ có LÃI SUẤT hoặc 13tr KO LÃI SUẤT
--------------------
✅ 𝗛𝗼̂̃ 𝗧𝗿𝗼̛̣ 𝗔𝗲 𝗟𝗲̂𝗻 𝗛𝗼̂̀ 𝗦𝗼̛ 𝗕𝗮𝗻𝗸 𝗡𝗵𝗮̣̂𝗻 𝗫𝗲 𝗩𝗮̀ 𝗖𝗮𝘃𝗲𝘁 𝗚𝗼̂́𝗰
✅ 𝗡𝗼̛̣ 𝗫𝗮̂́𝘂 – 𝗛𝗼̂̃ 𝗧𝗿𝗼̛̣ 𝟬 Đ𝗼̂̀𝗻𝗴 – 𝗞𝗵𝗼̂𝗻𝗴 𝗫𝗮́𝗰 𝗠𝗶𝗻𝗵
✅ 𝗡𝗼̛̣ 𝗫𝗮̂́𝘂 – 𝗛𝗼̂̃ 𝗧𝗿𝗼̛̣ Đ𝘂̛𝗮 𝟯𝟬% – 𝗞𝗵𝗼̂𝗻𝗴 𝗟𝗮̃𝗶
✅ Đ𝗼̂̉𝗶 𝗣𝗶𝗻 𝗞𝗵𝗼̂𝗻𝗴 𝗖𝗵𝗼̛̀ 𝗦𝗮̣c 𝗡𝗵𝗶𝗲̂̀𝘂 𝗖𝗵𝗶 𝗡𝗵𝗮́𝗻𝗵
✅ 𝗛ỗ 𝗧𝗿𝗼̛̣ 𝟮 𝗡𝗮̆𝗺 𝗫𝗲 𝗛𝘂̛ – 𝗖𝗼́ 𝗫𝗲 𝗞𝗵𝗮́𝗰 𝗗𝘂̀𝗻𝗴
✅ Đ𝗮̆𝗻𝗴 𝗞𝘆́ 𝗔𝗽𝗽 𝗫𝗮𝗻𝗵 𝗣𝗹𝗮𝘁𝗳𝗼𝗿𝗺 – 𝗧𝗮̣𝗶 𝗖𝗵𝗼̂̃
--------------------
🏠 𝟭𝟭𝟱 𝗣𝗵𝗮̣𝗺 𝗧𝗵𝗲̂́ 𝗛𝗶𝗲̂̉𝗻 - 𝗖𝗵𝗮́𝗻𝗵 𝗛𝘂̛𝗻𝗴 - 𝗛𝗖𝗠 ( 𝗤𝘂𝗮̣̂𝗻 𝟴 )
☎️ 𝗛𝗼𝘁𝗹𝗶𝗻𝗲 : *** - 𝗗𝗶𝗲̣̂𝘂",Cần xác minh,Khác,Không phân loại,,
133873833,Xe máy điện SANTOSAR VS3 Xám 240W,12300000,"🏆🏆🏆 Hót Hót mẫu xe VS3 hottrend
🎈xe có thông số động cơ 240W, cho học sinh dưới 16t, cho mẹ đị chợ, cho chị em đi làm
📙Dòng xe có cốp rộng, chạy cực kỳ êm ái. Xe có giấy tờ đăng kiểm, hoá đơn đầy đủ ( đi đường không sợ công an), đặc biệt các em học sinh dứoi 16t chạy vẫn đúng quy định
💡xe được trang bị đèn led, thắng đĩa rất an toàn
🪫 chạy bình 48V30ah chính hãng an toàn không lo cháy nổ
🧾 bảo hành 12 tháng
💰giá 12",2026,,Tp Hồ Chí Minh,Thành phố Thủ Đức,"🏆🏆🏆 Hót Hót mẫu xe VS3 hottrend
🎈xe có thông số động cơ 240W, cho học sinh dưới 16t, cho mẹ đị chợ, cho chị em đi làm
📙Dòng xe có cốp rộng, chạy cực kỳ êm ái. Xe có giấy tờ đăng kiểm, hoá đơn đầy đủ ( đi đường không sợ công an), đặc biệt các em học sinh dứoi 16t chạy vẫn đúng quy định
💡xe được trang bị đèn led, thắng đĩa rất an toàn
🪫 chạy bình 48V30ah chính hãng an toàn không lo cháy nổ
🧾 bảo hành 12 tháng
💰giá 12",Cần xác minh,Khác,Không phân loại,,
134026009,Xe máy điện VinFast EVO 200 2024 Đen mờ 11000 km,20000000,"DƯ dùng bán lại chiếc xe máy điện VinFats EVO 200, màu đen mờ sản xuất 2024 , pin mua chạy 11 000km, pin sử dụng 100km mới sạc,xe luôn bảo dưỡng định kỳ tại hãng , bảo đảm xe còn sử dụng tốt,ngay chủ đứng tên bán, cam ơn anh chị đả xem tin.",2024,11000.0,Tp Hồ Chí Minh,Thành phố Thủ Đức,"DƯ dùng bán lại chiếc xe máy điện VinFats EVO 200, màu đen mờ sản xuất 2024 , pin mua chạy 11 000km, pin sử dụng 100km mới sạc,xe luôn bảo dưỡng định kỳ tại hãng , bảo đảm xe còn sử dụng tốt,ngay chủ đứng tên bán, cam ơn anh chị đả xem tin.",Cần xác minh,VinFast,Evo 200,18000000.0,-11.1
134563221,Xe điện V1  946 TỐT 90% CÒN SỔ BH,7900000,"XE MÁY ĐIỆN KONAXOAKA TỐT 90% CÒN SỔ BH

BÌNH SẠC ĐẦY ĐỦ
BẢO HÀNH DÀI HẠN
ZALO-GỌI TRỰC TIẾP ***
XE ĐẸP NHƯ HÌNH",2026,2000.0,Tp Hồ Chí Minh,Quận 1,"XE MÁY ĐIỆN KONAXOAKA TỐT 90% CÒN SỔ BH

BÌNH SẠC ĐẦY ĐỦ
BẢO HÀNH DÀI HẠN
ZALO-GỌI TRỰC TIẾP ***
XE ĐẸP NHƯ HÌNH",Cần xác minh,Khác,Không phân loại,,
134616801,Xe điện Sundiro Xám tím,6000000,"Cần bán xe điện như hình, xe chạy còn tốt, ngoại hình còn đẹp.",2026,5000.0,Tp Hồ Chí Minh,Quận 10,"Cần bán xe điện như hình, xe chạy còn tốt, ngoại hình còn đẹp.",Cần xác minh,Khác,Không phân loại,,
134602590,Xe Điên 3sGo - Evo200 2025 Trắng 10.000 km,21900000,"Evo200 ĐK 8/2025 Pin Mua BSTP
- Odo 10.000 Cây
- Dàn áo keng ko trầy 99%
- Óc tán 7 màu keng 99%
- Còn đủ phụ kiện theo xe
❤️Xe keng 99% so với xe new 
⛔️ Nợ xấu đưa 0Đ có LÃI SUẤT hoặc 12tr5 KO LÃI SUẤT
--------------------
✅ 𝗛𝗼̂̃ 𝗧𝗿𝗼̛̣ 𝗔𝗲 𝗟𝗲̂𝗻 𝗛𝗼̂̀ 𝗦𝗼̛ 𝗕𝗮𝗻𝗸 𝗡𝗵𝗮̣̂𝗻 𝗫𝗲 𝗩𝗮̀ 𝗖𝗮𝘃𝗲𝘁 𝗚𝗼̂́𝗰
✅ 𝗡𝗼̛̣ 𝗫𝗮̂́𝘂 – 𝗛𝗼̂̃ 𝗧𝗿𝗼̛̣ 𝟬 Đ𝗼̂̀𝗻𝗴 – 𝗞𝗵𝗼̂𝗻𝗴 𝗫𝗮́𝗰 𝗠𝗶𝗻𝗵
✅ 𝗡𝗼̛̣ 𝗫𝗮̂́𝘂 – 𝗛𝗼̂̃ 𝗧𝗿𝗼̛̣ Đ𝘂̛𝗮 𝟯𝟬% – 𝗞𝗵𝗼̂𝗻𝗴 𝗟𝗮̃𝗶
✅ Đ𝗼̂̉𝗶 𝗣𝗶𝗻 𝗞𝗵𝗼̂𝗻𝗴 𝗖𝗵𝗼̛̀ 𝗦𝗮̣c 𝗡𝗵𝗶𝗲̂̀𝘂 𝗖𝗵𝗶 𝗡𝗵𝗮́𝗻𝗵
✅ 𝗛ỗ 𝗧𝗿𝗼̛̣ 𝟮 𝗡𝗮̆𝗺 𝗫𝗲 𝗛𝘂̛ – 𝗖𝗼́ 𝗫𝗲 𝗞𝗵𝗮́𝗰 𝗗𝘂̀𝗻𝗴
✅ Đ𝗮̆𝗻𝗴 𝗞𝘆́ 𝗔𝗽𝗽 𝗫𝗮𝗻𝗵 𝗣𝗹𝗮𝘁𝗳𝗼𝗿𝗺 – 𝗧𝗮̣𝗶 𝗖𝗵𝗼̂̃
--------------------
🏠 𝟭𝟭𝟱 𝗣𝗵𝗮̣𝗺 𝗧𝗵𝗲̂́ 𝗛𝗶𝗲̂̉𝗻 - 𝗖𝗵𝗮́𝗻𝗵 𝗛𝘂̛𝗻𝗴 - 𝗛𝗖𝗠 ( 𝗤𝘂𝗮̣̂𝗻 𝟴 )
☎️ 𝗛𝗼𝘁𝗹𝗶𝗻𝗲 : *** - 𝗗𝗶𝗲̣̂𝘂",2025,10000.0,Tp Hồ Chí Minh,Quận 8,"Evo200 ĐK 8/2025 Pin Mua BSTP
- Odo 10.000 Cây
- Dàn áo keng ko trầy 99%
- Óc tán 7 màu keng 99%
- Còn đủ phụ kiện theo xe
❤️Xe keng 99% so với xe new 
⛔️ Nợ xấu đưa 0Đ có LÃI SUẤT hoặc 12tr5 KO LÃI SUẤT
--------------------
✅ 𝗛𝗼̂̃ 𝗧𝗿𝗼̛̣ 𝗔𝗲 𝗟𝗲̂𝗻 𝗛𝗼̂̀ 𝗦𝗼̛ 𝗕𝗮𝗻𝗸 𝗡𝗵𝗮̣̂𝗻 𝗫𝗲 𝗩𝗮̀ 𝗖𝗮𝘃𝗲𝘁 𝗚𝗼̂́𝗰
✅ 𝗡𝗼̛̣ 𝗫𝗮̂́𝘂 – 𝗛𝗼̂̃ 𝗧𝗿𝗼̛̣ 𝟬 Đ𝗼̂̀𝗻𝗴 – 𝗞𝗵𝗼̂𝗻𝗴 𝗫𝗮́𝗰 𝗠𝗶𝗻𝗵
✅ 𝗡𝗼̛̣ 𝗫𝗮̂́𝘂 – 𝗛𝗼̂̃ 𝗧𝗿𝗼̛̣ Đ𝘂̛𝗮 𝟯𝟬% – 𝗞𝗵𝗼̂𝗻𝗴 𝗟𝗮̃𝗶
✅ Đ𝗼̂̉𝗶 𝗣𝗶𝗻 𝗞𝗵𝗼̂𝗻𝗴 𝗖𝗵𝗼̛̀ 𝗦𝗮̣c 𝗡𝗵𝗶𝗲̂̀𝘂 𝗖𝗵𝗶 𝗡𝗵𝗮́𝗻𝗵
✅ 𝗛ỗ 𝗧𝗿𝗼̛̣ 𝟮 𝗡𝗮̆𝗺 𝗫𝗲 𝗛𝘂̛ – 𝗖𝗼́ 𝗫𝗲 𝗞𝗵𝗮́𝗰 𝗗𝘂̀𝗻𝗴
✅ Đ𝗮̆𝗻𝗴 𝗞𝘆́ 𝗔𝗽𝗽 𝗫𝗮𝗻𝗵 𝗣𝗹𝗮𝘁𝗳𝗼𝗿𝗺 – 𝗧𝗮̣𝗶 𝗖𝗵𝗼̂̃
--------------------
🏠 𝟭𝟭𝟱 𝗣𝗵𝗮̣𝗺 𝗧𝗵𝗲̂́ 𝗛𝗶𝗲̂̉𝗻 - 𝗖𝗵𝗮́𝗻𝗵 𝗛𝘂̛𝗻𝗴 - 𝗛𝗖𝗠 ( 𝗤𝘂𝗮̣̂𝗻 𝟴 )
☎️ 𝗛𝗼𝘁𝗹𝗶𝗻𝗲 : *** - 𝗗𝗶𝗲̣̂𝘂",Cần xác minh,VinFast,Evo 200,18000000.0,-21.7
133937642,Xe máy điện VinFast EVO GRAND Lite 2026 Trắng,19000000,a Ai cần liên hệ nhà ở Quận 12 thành phố Hồ Chí Minh cảm ơn xem như mới,2026,506.0,Tp Hồ Chí Minh,Quận 12,a Ai cần liên hệ nhà ở Quận 12 thành phố Hồ Chí Minh cảm ơn xem như mới,Cần xác minh,Khác,Không phân loại,,
134602453,Xe Điện 3sGo - DatBike Quantum S1 Đen,37900000,"QuantumS1 BSTP
- Odo không nói đâu
- Bảo Hành Pin 10 Năm 
- Sạc 1800w 
- Dàn áo keng ko trầy 98%
- Óc tán 7 màu keng 98%
- Còn đủ phụ kiện theo xe
❤️Xe keng 99% so với xe new 
⛔️ Nợ xấu đưa 3tr7 có LÃI SUẤT hoặc 16tr4 KO LÃI SUẤT
--------------------
✅ 𝗛𝗼̂̃ 𝗧𝗿𝗼̛̣ 𝗔𝗲 𝗟𝗲̂𝗻 𝗛𝗼̂̀ 𝗦𝗼̛ 𝗕𝗮𝗻𝗸 𝗡𝗵𝗮̣̂𝗻 𝗫𝗲 𝗩𝗮̀ 𝗖𝗮𝘃𝗲𝘁 𝗚𝗼̂́𝗰
✅ 𝗡𝗼̛̣ 𝗫𝗮̂́𝘂 – 𝗛𝗼̂̃ 𝗧𝗿𝗼̛̣ 𝟬 Đ𝗼̂̀𝗻𝗴 – 𝗞𝗵𝗼̂𝗻𝗴 𝗫𝗮́𝗰 𝗠𝗶𝗻𝗵
✅ 𝗡𝗼̛̣ 𝗫𝗮̂́𝘂 – 𝗛𝗼̂̃ 𝗧𝗿𝗼̛̣ Đ𝘂̛𝗮 𝟯𝟬% – 𝗞𝗵𝗼̂𝗻𝗴 𝗟𝗮̃𝗶
✅ Đ𝗼̂̉𝗶 𝗣𝗶𝗻 𝗞𝗵𝗼̂𝗻𝗴 𝗖𝗵𝗼̛̀ 𝗦𝗮̣c 𝗡𝗵𝗶𝗲̂̀𝘂 𝗖𝗵𝗶 𝗡𝗵𝗮́𝗻𝗵
✅ 𝗛ỗ 𝗧𝗿𝗼̛̣ 𝟮 𝗡𝗮̆𝗺 𝗫𝗲 𝗛𝘂̛ – 𝗖𝗼́ 𝗫𝗲 𝗞𝗵𝗮́𝗰 𝗗𝘂̀𝗻𝗴
✅ Đ𝗮̆𝗻𝗴 𝗞𝘆́ 𝗔𝗽𝗽 𝗫𝗮𝗻𝗵 𝗣𝗹𝗮𝘁𝗳𝗼𝗿𝗺 – 𝗧𝗮̣𝗶 𝗖𝗵𝗼̂̃
--------------------
🏠 𝟭𝟭𝟱 𝗣𝗵𝗮̣𝗺 𝗧𝗵𝗲̂́ 𝗛𝗶𝗲̂̉𝗻 - 𝗖𝗵𝗮́𝗻𝗵 𝗛𝘂̛𝗻𝗴 - 𝗛𝗖𝗠 ( 𝗤𝘂𝗮̣̂𝗻 𝟴 )
☎️ 𝗛𝗼𝘁𝗹𝗶𝗻𝗲 : *** - 𝗗𝗶𝗲̣̂𝘂",2026,,Tp Hồ Chí Minh,Quận 8,"QuantumS1 BSTP
- Odo không nói đâu
- Bảo Hành Pin 10 Năm 
- Sạc 1800w 
- Dàn áo keng ko trầy 98%
- Óc tán 7 màu keng 98%
- Còn đủ phụ kiện theo xe
❤️Xe keng 99% so với xe new 
⛔️ Nợ xấu đưa 3tr7 có LÃI SUẤT hoặc 16tr4 KO LÃI SUẤT
--------------------
✅ 𝗛𝗼̂̃ 𝗧𝗿𝗼̛̣ 𝗔𝗲 𝗟𝗲̂𝗻 𝗛𝗼̂̀ 𝗦𝗼̛ 𝗕𝗮𝗻𝗸 𝗡𝗵𝗮̣̂𝗻 𝗫𝗲 𝗩𝗮̀ 𝗖𝗮𝘃𝗲𝘁 𝗚𝗼̂́𝗰
✅ 𝗡𝗼̛̣ 𝗫𝗮̂́𝘂 – 𝗛𝗼̂̃ 𝗧𝗿𝗼̛̣ 𝟬 Đ𝗼̂̀𝗻𝗴 – 𝗞𝗵𝗼̂𝗻𝗴 𝗫𝗮́𝗰 𝗠𝗶𝗻𝗵
✅ 𝗡𝗼̛̣ 𝗫𝗮̂́𝘂 – 𝗛𝗼̂̃ 𝗧𝗿𝗼̛̣ Đ𝘂̛𝗮 𝟯𝟬% – 𝗞𝗵𝗼̂𝗻𝗴 𝗟𝗮̃𝗶
✅ Đ𝗼̂̉𝗶 𝗣𝗶𝗻 𝗞𝗵𝗼̂𝗻𝗴 𝗖𝗵𝗼̛̀ 𝗦𝗮̣c 𝗡𝗵𝗶𝗲̂̀𝘂 𝗖𝗵𝗶 𝗡𝗵𝗮́𝗻𝗵
✅ 𝗛ỗ 𝗧𝗿𝗼̛̣ 𝟮 𝗡𝗮̆𝗺 𝗫𝗲 𝗛𝘂̛ – 𝗖𝗼́ 𝗫𝗲 𝗞𝗵𝗮́𝗰 𝗗𝘂̀𝗻𝗴
✅ Đ𝗮̆𝗻𝗴 𝗞𝘆́ 𝗔𝗽𝗽 𝗫𝗮𝗻𝗵 𝗣𝗹𝗮𝘁𝗳𝗼𝗿𝗺 – 𝗧𝗮̣𝗶 𝗖𝗵𝗼̂̃
--------------------
🏠 𝟭𝟭𝟱 𝗣𝗵𝗮̣𝗺 𝗧𝗵𝗲̂́ 𝗛𝗶𝗲̂̉𝗻 - 𝗖𝗵𝗮́𝗻𝗵 𝗛𝘂̛𝗻𝗴 - 𝗛𝗖𝗠 ( 𝗤𝘂𝗮̣̂𝗻 𝟴 )
☎️ 𝗛𝗼𝘁𝗹𝗶𝗻𝗲 : *** - 𝗗𝗶𝗲̣̂𝘂",Cần xác minh,Dat Bike,Quantum,34900000.0,-8.6
134031255,"Vinfast Klara Pin cầm,xe đẹp biển Sài Gòn",10800000,"🍓🍓🍓 Xe bà xã đi đã đổi Evo200 nên thanh lý lại người dùng.
Xe Vinfast Klara màu hồng (Xe đẹp lắm nữ tính)
☘️ Biển Số Sài Gòn 41MĐ- chạy không cần bằng
Pin zin mua  + Sạc Zin: sạc đầy 2-3 tiếng đi được 40-50km/1 lần
- Động cơ mới thay trước tết, xe chạy mượt pin cầm tốt 40-50km, đã thay đồng hồ hiện đại + đèn led 2 tầng
🍇 Chị em mua về đưa đón con hay đi chợ vòng vòng trãi nghiệm ok nhé
🍏Ưu tiên: Học Sinh-Sinh Viên, xe chạy không cần bằng lái
🍇🍇🍇 Xem xe tại địa chỉ
Đường DN5, Đông Hưng Thuận,TPHCM( KDC AN SƯƠNG)",2020,28000.0,Tp Hồ Chí Minh,Quận 12,"🍓🍓🍓 Xe bà xã đi đã đổi Evo200 nên thanh lý lại người dùng.
Xe Vinfast Klara màu hồng (Xe đẹp lắm nữ tính)
☘️ Biển Số Sài Gòn 41MĐ- chạy không cần bằng
Pin zin mua  + Sạc Zin: sạc đầy 2-3 tiếng đi được 40-50km/1 lần
- Động cơ mới thay trước tết, xe chạy mượt pin cầm tốt 40-50km, đã thay đồng hồ hiện đại + đèn led 2 tầng
🍇 Chị em mua về đưa đón con hay đi chợ vòng vòng trãi nghiệm ok nhé
🍏Ưu tiên: Học Sinh-Sinh Viên, xe chạy không cần bằng lái
🍇🍇🍇 Xem xe tại địa chỉ
Đường DN5, Đông Hưng Thuận,TPHCM( KDC AN SƯƠNG)",Kèm pin,VinFast,Klara,35000000.0,69.1
134623797,Xe Điện Xmen,5000000,Cần bán 5 triệu xe đầy đủ giấy tờ đăng ký,2026,10000.0,Hà Nội,Huyện Phú Xuyên,Cần bán 5 triệu xe đầy đủ giấy tờ đăng ký,Cần xác minh,Khác,Không phân loại,,
134160705,VinFast Feliz 2025 Xanh oliu - Chính chủ - BSTP,21500000,"🔥 FELIZ 2025 1 PIN – XANH OLIU – CHÍNH CHỦ
📌 Date T6/2026
📌 Odo 12.000 km
📌 BSTP - Chính chủ
📌 Chính chủ, ủy quyền, sang tên công chứng nhanh gọn
💰 Giá: 2x
-----------------------
💚 Xe Điện Lướt Sài Gòn – Chuyên mua bán xe máy điện đã qua sử dụng tại TP.HCM
✅ Có trả góp – Cà thẻ – Giao tận nhà
📍 118A Chiến Lược, P. Bình Trị Đông, TP.HCM",2025,12000.0,Tp Hồ Chí Minh,Quận Bình Tân,"🔥 FELIZ 2025 1 PIN – XANH OLIU – CHÍNH CHỦ
📌 Date T6/2026
📌 Odo 12.000 km
📌 BSTP - Chính chủ
📌 Chính chủ, ủy quyền, sang tên công chứng nhanh gọn
💰 Giá: 2x
-----------------------
💚 Xe Điện Lướt Sài Gòn – Chuyên mua bán xe máy điện đã qua sử dụng tại TP.HCM
✅ Có trả góp – Cà thẻ – Giao tận nhà
📍 118A Chiến Lược, P. Bình Trị Đông, TP.HCM",Cần xác minh,VinFast,Feliz,27000000.0,20.4
134537840,Xe máy điện Yadea thể thao Cam đen,7500000,"Xe máy điện màu cam đen, kiểu dáng thể thao, phù hợp cho cả nam và nữ. 
- Xe chính chủ, có thể ký giấy sang tên. 
- Thích hợp cho học sinh, sinh viên không cần bằng lái. 
- Xe đang sử dụng tốt.",2023,123.0,Tp Hồ Chí Minh,Quận 12,"Xe máy điện màu cam đen, kiểu dáng thể thao, phù hợp cho cả nam và nữ. 
- Xe chính chủ, có thể ký giấy sang tên. 
- Thích hợp cho học sinh, sinh viên không cần bằng lái. 
- Xe đang sử dụng tốt.",Cần xác minh,Yadea,Yadea (Khác),14990000.0,50.0
134623423,Xe điện VinFast Klara màu Đen,10000000,"Tôi có 1 xe điện vinfast Klara màu đen như hình muốn bán do không có nhu cầu sử dụng. Xe còn đi tốt, vẫn chạy bình thường, vỏ còn nguyên vẹn, ko va chạm hay trầy xước. Xe tôi đi ít nên giữ gìn rất cẩn thận.",2020,19903.0,Hà Nội,Quận Ba Đình,"Tôi có 1 xe điện vinfast Klara màu đen như hình muốn bán do không có nhu cầu sử dụng. Xe còn đi tốt, vẫn chạy bình thường, vỏ còn nguyên vẹn, ko va chạm hay trầy xước. Xe tôi đi ít nên giữ gìn rất cẩn thận.",Cần xác minh,VinFast,Klara,35000000.0,71.4
133934022,Vinfast Evo200 Vàng zin 100% chính chủ,21900000,"     
 ✅ Vinfast Evo200 siêu đẹp ko một vết trầy 2025 
✅ Xe chính chủ Bstp ký mua bán ủy quyền đều được nhé 
✅ Pin 3.5 mua đứt bảo hành 8 năm ,sạc đầy đi được 200km
✅ Giá bán : 21,9tr
✅ Dt : 
✅ Xem xe Q6, Ship toàn quốc
",2025,14000.0,Tp Hồ Chí Minh,Quận 6,"     
 ✅ Vinfast Evo200 siêu đẹp ko một vết trầy 2025 
✅ Xe chính chủ Bstp ký mua bán ủy quyền đều được nhé 
✅ Pin 3.5 mua đứt bảo hành 8 năm ,sạc đầy đi được 200km
✅ Giá bán : 21,9tr
✅ Dt : 
✅ Xem xe Q6, Ship toàn quốc
",Kèm pin,VinFast,Evo 200,18000000.0,-21.7
134623388,Xe máy điện VinFast Feliz Đen 14000 km,19500000,Xe odo 14 ngàn xe hoạt động bình thường không lỗi làm gì chỉ việc mua về là chạy không cần suy nghĩ gì hết,2026,14000.0,Đồng Nai,Huyện Xuân Lộc,Xe odo 14 ngàn xe hoạt động bình thường không lỗi làm gì chỉ việc mua về là chạy không cần suy nghĩ gì hết,Cần xác minh,VinFast,Feliz,27000000.0,27.8
134623383,Xe máy điện VinFast Feliz Trắng 300 km,26000000,Xe mới mua về không đi như mới odo mới 300km xe sẵn 2 pin chỉ việc mua về là chạy không khác gì xe mới đầy đủ phụ kiện,2026,300.0,Đồng Nai,Huyện Xuân Lộc,Xe mới mua về không đi như mới odo mới 300km xe sẵn 2 pin chỉ việc mua về là chạy không khác gì xe mới đầy đủ phụ kiện,Cần xác minh,VinFast,Feliz,27000000.0,3.7
134623365,Xe máy điện  2026 Hồng Đã sử dụng,9500000,Xe mới mua được 4 ngày không có nhu cầu đi nữa bán lại mới 99% kh vết trầy xe hoạt động bình thường không lỗi chỉ việc về cắm sạc là chạy,2026,10.0,Đồng Nai,Huyện Xuân Lộc,Xe mới mua được 4 ngày không có nhu cầu đi nữa bán lại mới 99% kh vết trầy xe hoạt động bình thường không lỗi chỉ việc về cắm sạc là chạy,Cần xác minh,Khác,Không phân loại,,
134596908,Quantum S1 2025 lướt đẹp,38500000,"Xe máy điện màu trắng, pin 100% cho quãng đường di chuyển xa. 
- Thiết kế hiện đại, trẻ trung. 
- Vận hành êm ái, tiết kiệm năng lượng. 
- Phù hợp di chuyển trong thành phố.",2025,10.0,Tp Hồ Chí Minh,Quận Bình Tân,"Xe máy điện màu trắng, pin 100% cho quãng đường di chuyển xa. 
- Thiết kế hiện đại, trẻ trung. 
- Vận hành êm ái, tiết kiệm năng lượng. 
- Phù hợp di chuyển trong thành phố.",Cần xác minh,Dat Bike,Quantum,34900000.0,-10.3
134509389,Xe máy điện VinFast Evo200 2025 Đen,20900000,"Evo200  - Bstp 9 Chủ ĐK 2025
- Dàn áo dán keng 98%
- Óc tán 7 màu keng 98%
- Còn đủ phụ kiện theo xe
❤️Xe keng 98% so với xe new 
⛔️ Nợ xấu đưa 0đ có LÃI SUẤT hoặc 11tr KO LÃI SUẤT
--------------------
✅ 𝗛𝗼̂̃ 𝗧𝗿𝗼̛̣ 𝗔𝗲 𝗟𝗲̂𝗻 𝗛𝗼̂̀ 𝗦𝗼̛ 𝗕𝗮𝗻𝗸 𝗡𝗵𝗮̣̂𝗻 𝗫𝗲 𝗩𝗮̀ 𝗖𝗮𝘃𝗲𝘁 𝗚𝗼̂́𝗰
✅ 𝗡𝗼̛̣ 𝗫𝗮̂́𝘂 – 𝗛𝗼̂̃ 𝗧𝗿𝗼̛̣ 𝟬 Đ𝗼̂̀𝗻𝗴 – 𝗞𝗵𝗼̂𝗻𝗴 𝗫𝗮́𝗰 𝗠𝗶𝗻𝗵
✅ 𝗡𝗼̛̣ 𝗫𝗮̂́𝘂 – 𝗛𝗼̂̃ 𝗧𝗿𝗼̛̣ Đ𝘂̛𝗮 𝟯𝟬% – 𝗞𝗵𝗼̂𝗻𝗴 𝗟𝗮̃𝗶
✅ Đ𝗼̂̉𝗶 𝗣𝗶𝗻 𝗞𝗵𝗼̂𝗻𝗴 𝗖𝗵𝗼̛̀ 𝗦𝗮̣c 𝗡𝗵𝗶𝗲̂̀𝘂 𝗖𝗵𝗶 𝗡𝗵𝗮́𝗻𝗵
✅ 𝗛ỗ 𝗧𝗿𝗼̛̣ 𝟮 𝗡𝗮̆𝗺 𝗫𝗲 𝗛𝘂̛ – 𝗖𝗼́ 𝗫𝗲 𝗞𝗵𝗮́𝗰 𝗗𝘂̀𝗻𝗴
✅ Đ𝗮̆𝗻𝗴 𝗞𝘆́ 𝗔𝗽𝗽 𝗫𝗮𝗻𝗵 𝗣𝗹𝗮𝘁𝗳𝗼𝗿𝗺 – 𝗧𝗮̣𝗶 𝗖𝗵𝗼̂̃
--------------------
🏠𝟮𝟴𝟴 𝗧𝗿𝘂̛𝗼̛̀𝗻𝗴 𝗖𝗵𝗶𝗻𝗵 - 𝗣𝗵ư𝗼̛̀𝗻𝗴 Đ𝗼̂𝗻𝗴 𝗛𝘂̛𝗻𝗴 𝗧𝗵𝘂𝗮̣̂𝗻 - 𝗛𝗖𝗠 (𝗤𝘂𝗮̣̂𝗻𝟭𝟮 𝗰𝘂̃)",2025,,Tp Hồ Chí Minh,Quận 12,"Evo200  - Bstp 9 Chủ ĐK 2025
- Dàn áo dán keng 98%
- Óc tán 7 màu keng 98%
- Còn đủ phụ kiện theo xe
❤️Xe keng 98% so với xe new 
⛔️ Nợ xấu đưa 0đ có LÃI SUẤT hoặc 11tr KO LÃI SUẤT
--------------------
✅ 𝗛𝗼̂̃ 𝗧𝗿𝗼̛̣ 𝗔𝗲 𝗟𝗲̂𝗻 𝗛𝗼̂̀ 𝗦𝗼̛ 𝗕𝗮𝗻𝗸 𝗡𝗵𝗮̣̂𝗻 𝗫𝗲 𝗩𝗮̀ 𝗖𝗮𝘃𝗲𝘁 𝗚𝗼̂́𝗰
✅ 𝗡𝗼̛̣ 𝗫𝗮̂́𝘂 – 𝗛𝗼̂̃ 𝗧𝗿𝗼̛̣ 𝟬 Đ𝗼̂̀𝗻𝗴 – 𝗞𝗵𝗼̂𝗻𝗴 𝗫𝗮́𝗰 𝗠𝗶𝗻𝗵
✅ 𝗡𝗼̛̣ 𝗫𝗮̂́𝘂 – 𝗛𝗼̂̃ 𝗧𝗿𝗼̛̣ Đ𝘂̛𝗮 𝟯𝟬% – 𝗞𝗵𝗼̂𝗻𝗴 𝗟𝗮̃𝗶
✅ Đ𝗼̂̉𝗶 𝗣𝗶𝗻 𝗞𝗵𝗼̂𝗻𝗴 𝗖𝗵𝗼̛̀ 𝗦𝗮̣c 𝗡𝗵𝗶𝗲̂̀𝘂 𝗖𝗵𝗶 𝗡𝗵𝗮́𝗻𝗵
✅ 𝗛ỗ 𝗧𝗿𝗼̛̣ 𝟮 𝗡𝗮̆𝗺 𝗫𝗲 𝗛𝘂̛ – 𝗖𝗼́ 𝗫𝗲 𝗞𝗵𝗮́𝗰 𝗗𝘂̀𝗻𝗴
✅ Đ𝗮̆𝗻𝗴 𝗞𝘆́ 𝗔𝗽𝗽 𝗫𝗮𝗻𝗵 𝗣𝗹𝗮𝘁𝗳𝗼𝗿𝗺 – 𝗧𝗮̣𝗶 𝗖𝗵𝗼̂̃
--------------------
🏠𝟮𝟴𝟴 𝗧𝗿𝘂̛𝗼̛̀𝗻𝗴 𝗖𝗵𝗶𝗻𝗵 - 𝗣𝗵ư𝗼̛̀𝗻𝗴 Đ𝗼̂𝗻𝗴 𝗛𝘂̛𝗻𝗴 𝗧𝗵𝘂𝗮̣̂𝗻 - 𝗛𝗖𝗠 (𝗤𝘂𝗮̣̂𝗻𝟭𝟮 𝗰𝘂̃)",Cần xác minh,VinFast,Evo 200,18000000.0,-16.1
134622598,Xe máy điện Quantum s1 2025 Đen,43000000,"Xe máy điện Quantum s1  màu đen, kiểu dáng hiện đại, vận hành êm ái. 
- Xe mới, ít sử dụng. 
- Thiết kế thời trang, phù hợp di chuyển trong phố. 
- Tiết kiệm năng lượng, thân thiện môi trường.
Năm 12.2025",2025,6000.0,Tp Hồ Chí Minh,Thành phố Thủ Đức,"Xe máy điện Quantum s1  màu đen, kiểu dáng hiện đại, vận hành êm ái. 
- Xe mới, ít sử dụng. 
- Thiết kế thời trang, phù hợp di chuyển trong phố. 
- Tiết kiệm năng lượng, thân thiện môi trường.
Năm 12.2025",Cần xác minh,Dat Bike,Quantum,34900000.0,-23.2
134558900,Xe Điện 3sGo - EvoMax BST 65 Trắng 8000 km,20900000,"EvoMax BST 65 Chính Chủ
- Odo 8k
- Sẵn 2 pin thuê
- Óc tán 7 màu keng 
- Còn đủ phụ kiện theo xe
- Bảo hành Vinfats toàn quốc
⛔️ Nợ xấu đưa 0đ có LÃI SUẤT hoặc 12tr KO LÃI SUẤT
--------------------
✅ 𝗛𝗼̂̃ 𝗧𝗿𝗼̛̣ 𝗔𝗲 𝗟𝗲̂𝗻 𝗛𝗼̂̀ 𝗦𝗼̛ 𝗕𝗮𝗻𝗸 𝗡𝗵𝗮̣̂𝗻 𝗫𝗲 𝗩𝗮̀ 𝗖𝗮𝘃𝗲𝘁 𝗚𝗼̂́𝗰
✅ 𝗡𝗼̛̣ 𝗫𝗮̂́𝘂 – 𝗛𝗼̂̃ 𝗧𝗿𝗼̛̣ 𝟬 Đ𝗼̂̀𝗻𝗴 – 𝗞𝗵𝗼̂𝗻𝗴 𝗫𝗮́𝗰 𝗠𝗶𝗻𝗵
✅ 𝗡𝗼̛̣ 𝗫𝗮̂́𝘂 – 𝗛𝗼̂̃ 𝗧𝗿𝗼̛̣ Đ𝘂̛𝗮 𝟯𝟬% – 𝗞𝗵𝗼̂𝗻𝗴 𝗟𝗮̃𝗶
✅ Đ𝗼̂̉𝗶 𝗣𝗶𝗻 𝗞𝗵𝗼̂𝗻𝗴 𝗖𝗵𝗼̛̀ 𝗦𝗮̣c 𝗡𝗵𝗶𝗲̂̀𝘂 𝗖𝗵𝗶 𝗡𝗵𝗮́𝗻𝗵
✅ 𝗛ỗ 𝗧𝗿𝗼̛̣ 𝟮 𝗡𝗮̆𝗺 𝗫𝗲 𝗛𝘂̛ – 𝗖𝗼́ 𝗫𝗲 𝗞𝗵𝗮́𝗰 𝗗𝘂̀𝗻𝗴
✅ Đ𝗮̆𝗻𝗴 𝗞𝘆́ 𝗔𝗽𝗽 𝗫𝗮𝗻𝗵 𝗣𝗹𝗮𝘁𝗳𝗼𝗿𝗺 – 𝗧𝗮̣𝗶 𝗖𝗵𝗼̂̃
--------------------
🏠𝟮𝟴𝟴 𝗧𝗿𝘂̛𝗼̛̀𝗻𝗴 𝗖𝗵𝗶𝗻𝗵 - 𝗣𝗵ư𝗼̛̀𝗻𝗴 Đ𝗼̂𝗻𝗴 𝗛𝘂̛𝗻𝗴 𝗧𝗵𝘂𝗮̣̂𝗻 - 𝗛𝗖𝗠 (𝗤𝘂𝗮̣̂𝗻𝟭𝟮 𝗰𝘂̃)",2026,8000.0,Tp Hồ Chí Minh,Quận 12,"EvoMax BST 65 Chính Chủ
- Odo 8k
- Sẵn 2 pin thuê
- Óc tán 7 màu keng 
- Còn đủ phụ kiện theo xe
- Bảo hành Vinfats toàn quốc
⛔️ Nợ xấu đưa 0đ có LÃI SUẤT hoặc 12tr KO LÃI SUẤT
--------------------
✅ 𝗛𝗼̂̃ 𝗧𝗿𝗼̛̣ 𝗔𝗲 𝗟𝗲̂𝗻 𝗛𝗼̂̀ 𝗦𝗼̛ 𝗕𝗮𝗻𝗸 𝗡𝗵𝗮̣̂𝗻 𝗫𝗲 𝗩𝗮̀ 𝗖𝗮𝘃𝗲𝘁 𝗚𝗼̂́𝗰
✅ 𝗡𝗼̛̣ 𝗫𝗮̂́𝘂 – 𝗛𝗼̂̃ 𝗧𝗿𝗼̛̣ 𝟬 Đ𝗼̂̀𝗻𝗴 – 𝗞𝗵𝗼̂𝗻𝗴 𝗫𝗮́𝗰 𝗠𝗶𝗻𝗵
✅ 𝗡𝗼̛̣ 𝗫𝗮̂́𝘂 – 𝗛𝗼̂̃ 𝗧𝗿𝗼̛̣ Đ𝘂̛𝗮 𝟯𝟬% – 𝗞𝗵𝗼̂𝗻𝗴 𝗟𝗮̃𝗶
✅ Đ𝗼̂̉𝗶 𝗣𝗶𝗻 𝗞𝗵𝗼̂𝗻𝗴 𝗖𝗵𝗼̛̀ 𝗦𝗮̣c 𝗡𝗵𝗶𝗲̂̀𝘂 𝗖𝗵𝗶 𝗡𝗵𝗮́𝗻𝗵
✅ 𝗛ỗ 𝗧𝗿𝗼̛̣ 𝟮 𝗡𝗮̆𝗺 𝗫𝗲 𝗛𝘂̛ – 𝗖𝗼́ 𝗫𝗲 𝗞𝗵𝗮́𝗰 𝗗𝘂̀𝗻𝗴
✅ Đ𝗮̆𝗻𝗴 𝗞𝘆́ 𝗔𝗽𝗽 𝗫𝗮𝗻𝗵 𝗣𝗹𝗮𝘁𝗳𝗼𝗿𝗺 – 𝗧𝗮̣𝗶 𝗖𝗵𝗼̂̃
--------------------
🏠𝟮𝟴𝟴 𝗧𝗿𝘂̛𝗼̛̀𝗻𝗴 𝗖𝗵𝗶𝗻𝗵 - 𝗣𝗵ư𝗼̛̀𝗻𝗴 Đ𝗼̂𝗻𝗴 𝗛𝘂̛𝗻𝗴 𝗧𝗵𝘂𝗮̣̂𝗻 - 𝗛𝗖𝗠 (𝗤𝘂𝗮̣̂𝗻𝟭𝟮 𝗰𝘂̃)",Cần xác minh,Khác,Không phân loại,,
134366874,"Xe máy điện Typer 2 Trắng, Cam đã sử dụng",7800000,"Typer 2 đi ít còn như mới bán nửa giá mới

🛵TRẺ TRUNG - PHONG CÁCH - NĂNG ĐỘNG 
✴️ thanh lý xe typer2 
💸💸 giá bán 7tr800
☑️ màu sắc trung tính, thời trang (bảo hành 6 tháng) 
☑️ máy móc nguyên zin, an toàn tiết kiệm điện , Xanh, sạch không ồn 
☎️ Zalo *** (free ship Hà Nội, hỗ trợ ship toàn quốc  )
🏠 389 đội cấn -Hà Nội",2025,10000.0,Hà Nội,Quận Ba Đình,"Typer 2 đi ít còn như mới bán nửa giá mới

🛵TRẺ TRUNG - PHONG CÁCH - NĂNG ĐỘNG 
✴️ thanh lý xe typer2 
💸💸 giá bán 7tr800
☑️ màu sắc trung tính, thời trang (bảo hành 6 tháng) 
☑️ máy móc nguyên zin, an toàn tiết kiệm điện , Xanh, sạch không ồn 
☎️ Zalo *** (free ship Hà Nội, hỗ trợ ship toàn quốc  )
🏠 *** đội cấn -Hà Nội",Kèm pin,Khác,Không phân loại,,
134508320,Xe Điện 3sGo - Datbike S1 2026 Đen 10000 km,44900000,"DatbikeS1 BSTP ĐK 2026 Chính Chủ 1 Lần sạc đi 285km
- Odo 10k hơn
- Óc tán 7 màu keng 
- Còn đủ phụ kiện theo xe 
- Bảo hành Datbike toàn quốc
⛔️ Nợ xấu đưa 5tr8 có LÃI SUẤT hoặc 23tr KO LÃI SUẤT
--------------------
✅ 𝗛𝗼̂̃ 𝗧𝗿𝗼̛̣ 𝗔𝗲 𝗟𝗲̂𝗻 𝗛𝗼̂̀ 𝗦𝗼̛ 𝗕𝗮𝗻𝗸 𝗡𝗵𝗮̣̂𝗻 𝗫𝗲 𝗩𝗮̀ 𝗖𝗮𝘃𝗲𝘁 𝗚𝗼̂́𝗰
✅ 𝗡𝗼̛̣ 𝗫𝗮̂́𝘂 – 𝗛𝗼̂̃ 𝗧𝗿𝗼̛̣ 𝟬 Đ𝗼̂̀𝗻𝗴 – 𝗞𝗵𝗼̂𝗻𝗴 𝗫𝗮́𝗰 𝗠𝗶𝗻𝗵
✅ 𝗡𝗼̛̣ 𝗫𝗮̂́𝘂 – 𝗛𝗼̂̃ 𝗧𝗿𝗼̛̣ Đ𝘂̛𝗮 𝟯𝟬% – 𝗞𝗵𝗼̂𝗻𝗴 𝗟𝗮̃𝗶
✅ Đ𝗼̂̉𝗶 𝗣𝗶𝗻 𝗞𝗵𝗼̂𝗻𝗴 𝗖𝗵𝗼̛̀ 𝗦𝗮̣c 𝗡𝗵𝗶𝗲̂̀𝘂 𝗖𝗵𝗶 𝗡𝗵𝗮́𝗻𝗵
✅ 𝗛ỗ 𝗧𝗿𝗼̛̣ 𝟮 𝗡𝗮̆𝗺 𝗫𝗲 𝗛𝘂̛ – 𝗖𝗼́ 𝗫𝗲 𝗞𝗵𝗮́𝗰 𝗗𝘂̀𝗻𝗴
✅ Đ𝗮̆𝗻𝗴 𝗞𝘆́ 𝗔𝗽𝗽 𝗫𝗮𝗻𝗵 𝗣𝗹𝗮𝘁𝗳𝗼𝗿𝗺 – 𝗧𝗮̣𝗶 𝗖𝗵𝗼̂̃
--------------------
🏠𝟮𝟴𝟴 𝗧𝗿𝘂̛𝗼̛̀𝗻𝗴 𝗖𝗵𝗶𝗻𝗵 - 𝗣𝗵ư𝗼̛̀𝗻𝗴 Đ𝗼̂𝗻𝗴 𝗛𝘂̛𝗻𝗴 𝗧𝗵𝘂𝗮̣̂𝗻 - 𝗛𝗖𝗠 (𝗤𝘂𝗮̣̂𝗻𝟭𝟮 𝗰𝘂̃)",2025,10000.0,Tp Hồ Chí Minh,Quận 12,"DatbikeS1 BSTP ĐK 2026 Chính Chủ 1 Lần sạc đi 285km
- Odo 10k hơn
- Óc tán 7 màu keng 
- Còn đủ phụ kiện theo xe 
- Bảo hành Datbike toàn quốc
⛔️ Nợ xấu đưa 5tr8 có LÃI SUẤT hoặc 23tr KO LÃI SUẤT
--------------------
✅ 𝗛𝗼̂̃ 𝗧𝗿𝗼̛̣ 𝗔𝗲 𝗟𝗲̂𝗻 𝗛𝗼̂̀ 𝗦𝗼̛ 𝗕𝗮𝗻𝗸 𝗡𝗵𝗮̣̂𝗻 𝗫𝗲 𝗩𝗮̀ 𝗖𝗮𝘃𝗲𝘁 𝗚𝗼̂́𝗰
✅ 𝗡𝗼̛̣ 𝗫𝗮̂́𝘂 – 𝗛𝗼̂̃ 𝗧𝗿𝗼̛̣ 𝟬 Đ𝗼̂̀𝗻𝗴 – 𝗞𝗵𝗼̂𝗻𝗴 𝗫𝗮́𝗰 𝗠𝗶𝗻𝗵
✅ 𝗡𝗼̛̣ 𝗫𝗮̂́𝘂 – 𝗛𝗼̂̃ 𝗧𝗿𝗼̛̣ Đ𝘂̛𝗮 𝟯𝟬% – 𝗞𝗵𝗼̂𝗻𝗴 𝗟𝗮̃𝗶
✅ Đ𝗼̂̉𝗶 𝗣𝗶𝗻 𝗞𝗵𝗼̂𝗻𝗴 𝗖𝗵𝗼̛̀ 𝗦𝗮̣c 𝗡𝗵𝗶𝗲̂̀𝘂 𝗖𝗵𝗶 𝗡𝗵𝗮́𝗻𝗵
✅ 𝗛ỗ 𝗧𝗿𝗼̛̣ 𝟮 𝗡𝗮̆𝗺 𝗫𝗲 𝗛𝘂̛ – 𝗖𝗼́ 𝗫𝗲 𝗞𝗵𝗮́𝗰 𝗗𝘂̀𝗻𝗴
✅ Đ𝗮̆𝗻𝗴 𝗞𝘆́ 𝗔𝗽𝗽 𝗫𝗮𝗻𝗵 𝗣𝗹𝗮𝘁𝗳𝗼𝗿𝗺 – 𝗧𝗮̣𝗶 𝗖𝗵𝗼̂̃
--------------------
🏠𝟮𝟴𝟴 𝗧𝗿𝘂̛𝗼̛̀𝗻𝗴 𝗖𝗵𝗶𝗻𝗵 - 𝗣𝗵ư𝗼̛̀𝗻𝗴 Đ𝗼̂𝗻𝗴 𝗛𝘂̛𝗻𝗴 𝗧𝗵𝘂𝗮̣̂𝗻 - 𝗛𝗖𝗠 (𝗤𝘂𝗮̣̂𝗻𝟭𝟮 𝗰𝘂̃)",Cần xác minh,Khác,Không phân loại,,
134197994,CỬA HÀNG THU MUA XE MÁY ĐIỆN CŨ,35999000,"⭐️ CỬA HÀNG PHẠM TUẤN XE ĐIỆN CŨ 
CHUYÊN THU MUA XE ĐIỆN CŨ - GIÁ CAO - BAO MỌI GIẤY TỜ LIÊN QUAN
📌 Địa chỉ: 244 Thoại Ngọc Hầu . Phú Thạnh , Q .Tân Phú . TP HCM.
⭐️ ĐỊNH GIÁ MIỄN PHÍ XE MÁY ⭐️

❤️ Chuyên Thu Mua Xe Điện Cũ với các dòng như sau, Giá Bao Thị Trường
( VINFAST . YADEA . DATBIKE . PEGA...)

Giá thu từ: 1tr - 99tr

Dịch vụ đặc biệt:
❤️ Bấm Giá Trong Vòng 30s Để Khách Hàng Tham Khảo Giá
❤️ Hỗ Trợ Mua Tận Nơi ( Sài Gòn và những chỗ lân cận)


😍😍😍 CẦN KẾT NỐI VỚI SHOWROOM CÁC HÃNG XE ĐIỆN NEW THU CŨ ĐỔI MỚI CHO KHÁCH HÀNG

code: #thumuaxe #26003663_1",2025,1.0,Tp Hồ Chí Minh,Quận Tân Phú,"⭐️ CỬA HÀNG PHẠM TUẤN XE ĐIỆN CŨ 
CHUYÊN THU MUA XE ĐIỆN CŨ - GIÁ CAO - BAO MỌI GIẤY TỜ LIÊN QUAN
📌 Địa chỉ: 244 Thoại Ngọc Hầu . Phú Thạnh , Q .Tân Phú . TP HCM.
⭐️ ĐỊNH GIÁ MIỄN PHÍ XE MÁY ⭐️

❤️ Chuyên Thu Mua Xe Điện Cũ với các dòng như sau, Giá Bao Thị Trường
( VINFAST . YADEA . DATBIKE . PEGA...)

Giá thu từ: 1tr - 99tr

Dịch vụ đặc biệt:
❤️ Bấm Giá Trong Vòng 30s Để Khách Hàng Tham Khảo Giá
❤️ Hỗ Trợ Mua Tận Nơi ( Sài Gòn và những chỗ lân cận)


😍😍😍 CẦN KẾT NỐI VỚI SHOWROOM CÁC HÃNG XE ĐIỆN NEW THU CŨ ĐỔI MỚI CHO KHÁCH HÀNG

code: #thumuaxe #26003663_1",Cần xác minh,Khác,Không phân loại,,
134558870,Xe Điện 3sGo - Feliz II Trắng 700km,25900000,"Feliz II BSTP Chính Chủ 
- Odo 700km
- 2pin (free thuê 2pin 1 năm)
- Óc tán 7 màu keng 
- Còn đủ phụ kiện theo xe 
- Bảo hành Vinfast toàn quốc
⛔️ Nợ xấu đưa 0đ có LÃI SUẤT hoặc 15tr KO LÃI SUẤT
--------------------
✅ 𝗛𝗼̂̃ 𝗧𝗿𝗼̛̣ 𝗔𝗲 𝗟𝗲̂𝗻 𝗛𝗼̂̀ 𝗦𝗼̛ 𝗕𝗮𝗻𝗸 𝗡𝗵𝗮̣̂𝗻 𝗫𝗲 𝗩𝗮̀ 𝗖𝗮𝘃𝗲𝘁 𝗚𝗼̂́𝗰
✅ 𝗡𝗼̛̣ 𝗫𝗮̂́𝘂 – 𝗛𝗼̂̃ 𝗧𝗿𝗼̛̣ 𝟬 Đ𝗼̂̀𝗻𝗴 – 𝗞𝗵𝗼̂𝗻𝗴 𝗫𝗮́𝗰 𝗠𝗶𝗻𝗵
✅ 𝗡𝗼̛̣ 𝗫𝗮̂́𝘂 – 𝗛𝗼̂̃ 𝗧𝗿𝗼̛̣ Đ𝘂̛𝗮 𝟯𝟬% – 𝗞𝗵𝗼̂𝗻𝗴 𝗟𝗮̃𝗶
✅ Đ𝗼̂̉𝗶 𝗣𝗶𝗻 𝗞𝗵𝗼̂𝗻𝗴 𝗖𝗵𝗼̛̀ 𝗦𝗮̣c 𝗡𝗵𝗶𝗲̂̀𝘂 𝗖𝗵𝗶 𝗡𝗵𝗮́𝗻𝗵
✅ 𝗛ỗ 𝗧𝗿𝗼̛̣ 𝟮 𝗡𝗮̆𝗺 𝗫𝗲 𝗛𝘂̛ – 𝗖𝗼́ 𝗫𝗲 𝗞𝗵𝗮́𝗰 𝗗𝘂̀𝗻𝗴
✅ Đ𝗮̆𝗻𝗴 𝗞𝘆́ 𝗔𝗽𝗽 𝗫𝗮𝗻𝗵 𝗣𝗹𝗮𝘁𝗳𝗼𝗿𝗺 – 𝗧𝗮̣𝗶 𝗖𝗵𝗼̂̃
--------------------
🏠𝟮𝟴𝟴 𝗧𝗿𝘂̛𝗼̛̀𝗻𝗴 𝗖𝗵𝗶𝗻𝗵 - 𝗣𝗵ư𝗼̛̀𝗻𝗴 Đ𝗼̂𝗻𝗴 𝗛𝘂̛𝗻𝗴 𝗧𝗵𝘂𝗮̣̂𝗻 - 𝗛𝗖𝗠 (𝗤𝘂𝗮̣̂𝗻𝟭𝟮 𝗰𝘂̃)",2026,700.0,Tp Hồ Chí Minh,Quận 12,"Feliz II BSTP Chính Chủ 
- Odo 700km
- 2pin (free thuê 2pin 1 năm)
- Óc tán 7 màu keng 
- Còn đủ phụ kiện theo xe 
- Bảo hành Vinfast toàn quốc
⛔️ Nợ xấu đưa 0đ có LÃI SUẤT hoặc 15tr KO LÃI SUẤT
--------------------
✅ 𝗛𝗼̂̃ 𝗧𝗿𝗼̛̣ 𝗔𝗲 𝗟𝗲̂𝗻 𝗛𝗼̂̀ 𝗦𝗼̛ 𝗕𝗮𝗻𝗸 𝗡𝗵𝗮̣̂𝗻 𝗫𝗲 𝗩𝗮̀ 𝗖𝗮𝘃𝗲𝘁 𝗚𝗼̂́𝗰
✅ 𝗡𝗼̛̣ 𝗫𝗮̂́𝘂 – 𝗛𝗼̂̃ 𝗧𝗿𝗼̛̣ 𝟬 Đ𝗼̂̀𝗻𝗴 – 𝗞𝗵𝗼̂𝗻𝗴 𝗫𝗮́𝗰 𝗠𝗶𝗻𝗵
✅ 𝗡𝗼̛̣ 𝗫𝗮̂́𝘂 – 𝗛𝗼̂̃ 𝗧𝗿𝗼̛̣ Đ𝘂̛𝗮 𝟯𝟬% – 𝗞𝗵𝗼̂𝗻𝗴 𝗟𝗮̃𝗶
✅ Đ𝗼̂̉𝗶 𝗣𝗶𝗻 𝗞𝗵𝗼̂𝗻𝗴 𝗖𝗵𝗼̛̀ 𝗦𝗮̣c 𝗡𝗵𝗶𝗲̂̀𝘂 𝗖𝗵𝗶 𝗡𝗵𝗮́𝗻𝗵
✅ 𝗛ỗ 𝗧𝗿𝗼̛̣ 𝟮 𝗡𝗮̆𝗺 𝗫𝗲 𝗛𝘂̛ – 𝗖𝗼́ 𝗫𝗲 𝗞𝗵𝗮́𝗰 𝗗𝘂̀𝗻𝗴
✅ Đ𝗮̆𝗻𝗴 𝗞𝘆́ 𝗔𝗽𝗽 𝗫𝗮𝗻𝗵 𝗣𝗹𝗮𝘁𝗳𝗼𝗿𝗺 – 𝗧𝗮̣𝗶 𝗖𝗵𝗼̂̃
--------------------
🏠𝟮𝟴𝟴 𝗧𝗿𝘂̛𝗼̛̀𝗻𝗴 𝗖𝗵𝗶𝗻𝗵 - 𝗣𝗵ư𝗼̛̀𝗻𝗴 Đ𝗼̂𝗻𝗴 𝗛𝘂̛𝗻𝗴 𝗧𝗵𝘂𝗮̣̂𝗻 - 𝗛𝗖𝗠 (𝗤𝘂𝗮̣̂𝗻𝟭𝟮 𝗰𝘂̃)",Cần xác minh,VinFast,Feliz,27000000.0,4.1
134621837,Xe máy điện Xmen 2019 Đen Việt Nam,4900000,"BÁN XE MÁY ĐIỆN cũ :  Xmen 
Giá:4tr900  bình khỏe 30/35km/1 lần sạc 
Đk 2019 biển số 74 
xe ở Cầu Vượt Sóng Thần  Qlộ 1A 
LH: ***
Có nhan đổi xe điện cũ các loại",2019,8978.0,Tp Hồ Chí Minh,Thành phố Thủ Đức,"BÁN XE MÁY ĐIỆN cũ :  Xmen 
Giá:4tr900  bình khỏe 30/35km/1 lần sạc 
Đk 2019 biển số 74 
xe ở Cầu Vượt Sóng Thần  Qlộ 1A 
LH: ***
Có nhan đổi xe điện cũ các loại",Cần xác minh,Khác,Không phân loại,,
134621834,Xe máy điện VinFast Vento Neo Trắng 9.000KM,29500000,"Vento Neo 9.000KM Cập Bến 😍😍😍

Giá..29.5Tr

☎️*** Em bi",2025,9000.0,Tp Hồ Chí Minh,Quận Tân Phú,"Vento Neo 9.000KM Cập Bến 😍😍😍

Giá..29.5Tr

☎️*** Em bi",Cần xác minh,VinFast,Vento,50000000.0,41.0
134621825,"VinFast Feliz Neo 2025 Xám 38,900km",28000000,"Feliz Ne***


- ODO : 38,900km
- Pin : 72v 105Ah . Quãng đường đi được từ 200km 1 lần sạc
- Ngoại hình : 95%
- Thủ tục mua bán : công chứng mua bán ra tên mới. Chủ xe hỗ trợ rút hồ sơ
- Năm đăng ký : 10/2025
- Giá bán :  28,000,000
- Có hỗ trợ trả góp, nợ xấu
- Có cho thuê xe, trao đổi mua bán xe, ký gửi xe",2025,38900.0,Tp Hồ Chí Minh,Quận Tân Bình,"Feliz Ne***


- ODO : 38,900km
- Pin : 72v 105Ah . Quãng đường đi được từ 200km 1 lần sạc
- Ngoại hình : 95%
- Thủ tục mua bán : công chứng mua bán ra tên mới. Chủ xe hỗ trợ rút hồ sơ
- Năm đăng ký : 10/2025
- Giá bán :  28,000,000
- Có hỗ trợ trả góp, nợ xấu
- Có cho thuê xe, trao đổi mua bán xe, ký gửi xe",Cần xác minh,VinFast,Feliz,27000000.0,-3.7
134621821,Xe điện gogo,5200000,"bán xe điện còn rất tốt nhập khẩu nguyên chiếc giá vừa tầm ai mua cho con đi hoc câp 3 đỡ đươc bao nhiêu tiền nhà nhiêu xe lên bán nhanh cho gọn
ai thiên chí mua hoăc nhăn tin nêu ko nghe may kip",2019,5252.0,Hải Phòng,Quận Ngô Quyền,"bán xe điện còn rất tốt nhập khẩu nguyên chiếc giá vừa tầm ai mua cho con đi hoc câp 3 đỡ đươc bao nhiêu tiền nhà nhiêu xe lên bán nhanh cho gọn
ai thiên chí mua hoăc nhăn tin nêu ko nghe may kip",Cần xác minh,Dibao,Gogo,14500000.0,64.1
134621813,Quantum S3 odo 10k xe đẹp ken biển sg,32500000,"Quantum s3 xe đẹp ken 9 chủ ký 
Có gop nợ xấu tay đôi",2025,10412.0,Tp Hồ Chí Minh,Quận Tân Phú,"Quantum s3 xe đẹp ken 9 chủ ký 
Có gop nợ xấu tay đôi",Cần xác minh,Dat Bike,Quantum,34900000.0,6.9
133165398,Xe máy điện VinFast Feliz 2 Trắng,17500000,"Xe máy điện VinFast Feliz 2 màu trắng, thiết kế hiện đại, phù hợp cho cả nam và nữ. 
- Xe vận hành êm ái, tiết kiệm năng lượng. 
- Trang bị nhiều tính năng thông minh. 
- Xe mới, ít sử dụng.
- chuyển nhượng hợp đồng thuê 2 pin vinfast 1,5kw
",2026,1589.0,Đồng Nai,Huyện Trảng Bom,"Xe máy điện VinFast Feliz 2 màu trắng, thiết kế hiện đại, phù hợp cho cả nam và nữ. 
- Xe vận hành êm ái, tiết kiệm năng lượng. 
- Trang bị nhiều tính năng thông minh. 
- Xe mới, ít sử dụng.
- chuyển nhượng hợp đồng thuê 2 pin vinfast 1,5kw
",Cần xác minh,VinFast,Feliz,27000000.0,35.2
134536690,Xe Điện 3sGo -  Evo200Lite 2025 Đen,22900000,"Evo200Lite  - Bstp 9 Chủ ĐK 2025
- 2 Chìa khoá đầy đủ
- Dàn áo dán keng 98%
- Óc tán 7 màu keng 98%
- Còn đủ phụ kiện theo xe
❤️Xe keng 98% so với xe new 
⛔️ Nợ xấu đưa 3tr2 có LÃI SUẤT hoặc 12tr KO LÃI SUẤT
--------------------
✅ 𝗛𝗼̂̃ 𝗧𝗿𝗼̛̣ 𝗔𝗲 𝗟𝗲̂𝗻 𝗛𝗼̂̀ 𝗦𝗼̛ 𝗕𝗮𝗻𝗸 𝗡𝗵𝗮̣̂𝗻 𝗫𝗲 𝗩𝗮̀ 𝗖𝗮𝘃𝗲𝘁 𝗚𝗼̂́𝗰
✅ 𝗡𝗼̛̣ 𝗫𝗮̂́𝘂 – 𝗛𝗼̂̃ 𝗧𝗿𝗼̛̣ 𝟬 Đ𝗼̂̀𝗻𝗴 – 𝗞𝗵𝗼̂𝗻𝗴 𝗫𝗮́𝗰 𝗠𝗶𝗻𝗵
✅ 𝗡𝗼̛̣ 𝗫𝗮̂́𝘂 – 𝗛𝗼̂̃ 𝗧𝗿𝗼̛̣ Đ𝘂̛𝗮 𝟯𝟬% – 𝗞𝗵𝗼̂𝗻𝗴 𝗟𝗮̃𝗶
✅ Đ𝗼̂̉𝗶 𝗣𝗶𝗻 𝗞𝗵𝗼̂𝗻𝗴 𝗖𝗵𝗼̛̀ 𝗦𝗮̣c 𝗡𝗵𝗶𝗲̂̀𝘂 𝗖𝗵𝗶 𝗡𝗵𝗮́𝗻𝗵
✅ 𝗛ỗ 𝗧𝗿𝗼̛̣ 𝟮 𝗡𝗮̆𝗺 𝗫𝗲 𝗛𝘂̛ – 𝗖𝗼́ 𝗫𝗲 𝗞𝗵𝗮́𝗰 𝗗𝘂̀𝗻𝗴
✅ Đ𝗮̆𝗻𝗴 𝗞𝘆́ 𝗔𝗽𝗽 𝗫𝗮𝗻𝗵 𝗣𝗹𝗮𝘁𝗳𝗼𝗿𝗺 – 𝗧𝗮̣𝗶 𝗖𝗵𝗼̂̃
--------------------
🏠𝟮𝟴𝟴 𝗧𝗿𝘂̛𝗼̛̀𝗻𝗴 𝗖𝗵𝗶𝗻𝗵 - 𝗣𝗵ư𝗼̛̀𝗻𝗴 Đ𝗼̂𝗻𝗴 𝗛𝘂̛𝗻𝗴 𝗧𝗵𝘂𝗮̣̂𝗻 - 𝗛𝗖𝗠 (𝗤𝘂𝗮̣̂𝗻𝟭𝟮 𝗰𝘂̃)",2025,,Tp Hồ Chí Minh,Quận 12,"Evo200Lite  - Bstp 9 Chủ ĐK 2025
- 2 Chìa khoá đầy đủ
- Dàn áo dán keng 98%
- Óc tán 7 màu keng 98%
- Còn đủ phụ kiện theo xe
❤️Xe keng 98% so với xe new 
⛔️ Nợ xấu đưa 3tr2 có LÃI SUẤT hoặc 12tr KO LÃI SUẤT
--------------------
✅ 𝗛𝗼̂̃ 𝗧𝗿𝗼̛̣ 𝗔𝗲 𝗟𝗲̂𝗻 𝗛𝗼̂̀ 𝗦𝗼̛ 𝗕𝗮𝗻𝗸 𝗡𝗵𝗮̣̂𝗻 𝗫𝗲 𝗩𝗮̀ 𝗖𝗮𝘃𝗲𝘁 𝗚𝗼̂́𝗰
✅ 𝗡𝗼̛̣ 𝗫𝗮̂́𝘂 – 𝗛𝗼̂̃ 𝗧𝗿𝗼̛̣ 𝟬 Đ𝗼̂̀𝗻𝗴 – 𝗞𝗵𝗼̂𝗻𝗴 𝗫𝗮́𝗰 𝗠𝗶𝗻𝗵
✅ 𝗡𝗼̛̣ 𝗫𝗮̂́𝘂 – 𝗛𝗼̂̃ 𝗧𝗿𝗼̛̣ Đ𝘂̛𝗮 𝟯𝟬% – 𝗞𝗵𝗼̂𝗻𝗴 𝗟𝗮̃𝗶
✅ Đ𝗼̂̉𝗶 𝗣𝗶𝗻 𝗞𝗵𝗼̂𝗻𝗴 𝗖𝗵𝗼̛̀ 𝗦𝗮̣c 𝗡𝗵𝗶𝗲̂̀𝘂 𝗖𝗵𝗶 𝗡𝗵𝗮́𝗻𝗵
✅ 𝗛ỗ 𝗧𝗿𝗼̛̣ 𝟮 𝗡𝗮̆𝗺 𝗫𝗲 𝗛𝘂̛ – 𝗖𝗼́ 𝗫𝗲 𝗞𝗵𝗮́𝗰 𝗗𝘂̀𝗻𝗴
✅ Đ𝗮̆𝗻𝗴 𝗞𝘆́ 𝗔𝗽𝗽 𝗫𝗮𝗻𝗵 𝗣𝗹𝗮𝘁𝗳𝗼𝗿𝗺 – 𝗧𝗮̣𝗶 𝗖𝗵𝗼̂̃
--------------------
🏠𝟮𝟴𝟴 𝗧𝗿𝘂̛𝗼̛̀𝗻𝗴 𝗖𝗵𝗶𝗻𝗵 - 𝗣𝗵ư𝗼̛̀𝗻𝗴 Đ𝗼̂𝗻𝗴 𝗛𝘂̛𝗻𝗴 𝗧𝗵𝘂𝗮̣̂𝗻 - 𝗛𝗖𝗠 (𝗤𝘂𝗮̣̂𝗻𝟭𝟮 𝗰𝘂̃)",Cần xác minh,Khác,Không phân loại,,
134621561,Xe máy điện VinFast Feliz 2025 Trắng 2 pin 2.4kW,25000000,"FELIZ 2025 – 2 PIN ZIN – GIÁ 25 TRIỆU 🔥
Biển số: 50AD-256.57

🛵 Feliz 2025 – xe đẹp, 2 pin zin, sẵn sàng chạy ngay!

✨ Thông tin xe:

📍 ODO: 10.000 km
🔋 2 pin 2.4kW zin hãng
💎 Ngoại hình: 95%
📅 Đăng ký: 12/2025
📄 Công chứng mua bán
💰 Giá bán: 25.000.000đ

💳 HỖ TRỢ TRẢ GÓP – HỖ TRỢ HỒ SƠ NỢ XẤU
🛵 Có cho thuê xe
🔄 Nhận trao đổi – mua bán xe
📦 Nhận ký gửi xe

🔥 Điểm đáng tiền: 2 pin zin + đời 2025 + giấy tờ mua bán rõ ràng. Mua về đi hằng ngày hoặc chạy dịch vụ đều tiện.

📩 Quan tâm inbox ngay – xe đẹp, giá tốt, chốt sớm kẻo hết!",2025,10000.0,Tp Hồ Chí Minh,Quận Tân Bình,"FELIZ 2025 – 2 PIN ZIN – GIÁ 25 TRIỆU 🔥
Biển số: 50AD-256.57

🛵 Feliz 2025 – xe đẹp, 2 pin zin, sẵn sàng chạy ngay!

✨ Thông tin xe:

📍 ODO: 10.000 km
🔋 2 pin 2.4kW zin hãng
💎 Ngoại hình: 95%
📅 Đăng ký: 12/2025
📄 Công chứng mua bán
💰 Giá bán: 25.000.000đ

💳 HỖ TRỢ TRẢ GÓP – HỖ TRỢ HỒ SƠ NỢ XẤU
🛵 Có cho thuê xe
🔄 Nhận trao đổi – mua bán xe
📦 Nhận ký gửi xe

🔥 Điểm đáng tiền: 2 pin zin + đời 2025 + giấy tờ mua bán rõ ràng. Mua về đi hằng ngày hoặc chạy dịch vụ đều tiện.

📩 Quan tâm inbox ngay – xe đẹp, giá tốt, chốt sớm kẻo hết!",Kèm pin,VinFast,Feliz,27000000.0,7.4
134621518,Xe máy điện VinFast Feliz Neo 2025 Xám 39000 km,20500000,"Feliz Neo màu xám BS : 50-AC 735.12


- ODO : 39000
- Pin : 1 Pin zin 67v 30Ah + 1 pin song song sàn chân 67v 30Ah . Quãng đường đi được từ 130 - 150km 1 lần sạc
- Ngoại hình : 90%
- Thủ tục mua bán : công chứng mua bán
- Năm đăng ký : 09/2025
- Giá bán :  20,500,000
- Có hỗ trợ trả góp, nợ xấu
- Có cho thuê xe, trao đổi mua bán xe, ký gửi xe",2025,39000.0,Tp Hồ Chí Minh,Quận Tân Bình,"Feliz Neo màu xám BS : 50-AC 735.12


- ODO : 39000
- Pin : 1 Pin zin 67v 30Ah + 1 pin song song sàn chân 67v 30Ah . Quãng đường đi được từ 130 - 150km 1 lần sạc
- Ngoại hình : 90%
- Thủ tục mua bán : công chứng mua bán
- Năm đăng ký : 09/2025
- Giá bán :  20,500,000
- Có hỗ trợ trả góp, nợ xấu
- Có cho thuê xe, trao đổi mua bán xe, ký gửi xe",Kèm pin,VinFast,Feliz,27000000.0,24.1
134506458,Xe Điện 3sGo - Flazz 2026 Trắng 900 km,15900000,"Flazz BSTP ĐK 2026 Chính Chủ 
- Odo 900 cây
- Đã mua 2 pin
- Óc tán 7 màu keng 
- Còn đủ phụ kiện theo xe
- Bảo hành Vinfast toàn quốc
#Giá_15tr9 - Nậu xớ đưa 2tr1 hoặc 5tr1
⛔️ Nợ xấu đưa 2tr1 có LÃI SUẤT hoặc 8tr KO LÃI SUẤT
--------------------
✅ 𝗛𝗼̂̃ 𝗧𝗿𝗼̛̣ 𝗔𝗲 𝗟𝗲̂𝗻 𝗛𝗼̂̀ 𝗦𝗼̛ 𝗕𝗮𝗻𝗸 𝗡𝗵𝗮̣̂𝗻 𝗫𝗲 𝗩𝗮̀ 𝗖𝗮𝘃𝗲𝘁 𝗚𝗼̂́𝗰
✅ 𝗡𝗼̛̣ 𝗫𝗮̂́𝘂 – 𝗛𝗼̂̃ 𝗧𝗿𝗼̛̣ 𝟬 Đ𝗼̂̀𝗻𝗴 – 𝗞𝗵𝗼̂𝗻𝗴 𝗫𝗮́𝗰 𝗠𝗶𝗻𝗵
✅ 𝗡𝗼̛̣ 𝗫𝗮̂́𝘂 – 𝗛𝗼̂̃ 𝗧𝗿𝗼̛̣ Đ𝘂̛𝗮 𝟯𝟬% – 𝗞𝗵𝗼̂𝗻𝗴 𝗟𝗮̃𝗶
✅ Đ𝗼̂̉𝗶 𝗣𝗶𝗻 𝗞𝗵𝗼̂𝗻𝗴 𝗖𝗵𝗼̛̀ 𝗦𝗮̣c 𝗡𝗵𝗶𝗲̂̀𝘂 𝗖𝗵𝗶 𝗡𝗵𝗮́𝗻𝗵
✅ 𝗛ỗ 𝗧𝗿𝗼̛̣ 𝟮 𝗡𝗮̆𝗺 𝗫𝗲 𝗛𝘂̛ – 𝗖𝗼́ 𝗫𝗲 𝗞𝗵𝗮́𝗰 𝗗𝘂̀𝗻𝗴
✅ Đ𝗮̆𝗻𝗴 𝗞𝘆́ 𝗔𝗽𝗽 𝗫𝗮𝗻𝗵 𝗣𝗹𝗮𝘁𝗳𝗼𝗿𝗺 – 𝗧𝗮̣𝗶 𝗖𝗵𝗼̂̃
--------------------
🏠𝟮𝟴𝟴 𝗧𝗿𝘂̛𝗼̛̀𝗻𝗴 𝗖𝗵𝗶𝗻𝗵 - 𝗣𝗵ư𝗼̛̀𝗻𝗴 Đ𝗼̂𝗻𝗴 𝗛𝘂̛𝗻𝗴 𝗧𝗵𝘂𝗮̣̂𝗻 - 𝗛𝗖𝗠 (𝗤𝘂𝗮̣̂𝗻𝟭𝟮 𝗰𝘂̃)",2026,900.0,Tp Hồ Chí Minh,Quận 12,"Flazz BSTP ĐK 2026 Chính Chủ 
- Odo 900 cây
- Đã mua 2 pin
- Óc tán 7 màu keng 
- Còn đủ phụ kiện theo xe
- Bảo hành Vinfast toàn quốc
#Giá_15tr9 - Nậu xớ đưa 2tr1 hoặc 5tr1
⛔️ Nợ xấu đưa 2tr1 có LÃI SUẤT hoặc 8tr KO LÃI SUẤT
--------------------
✅ 𝗛𝗼̂̃ 𝗧𝗿𝗼̛̣ 𝗔𝗲 𝗟𝗲̂𝗻 𝗛𝗼̂̀ 𝗦𝗼̛ 𝗕𝗮𝗻𝗸 𝗡𝗵𝗮̣̂𝗻 𝗫𝗲 𝗩𝗮̀ 𝗖𝗮𝘃𝗲𝘁 𝗚𝗼̂́𝗰
✅ 𝗡𝗼̛̣ 𝗫𝗮̂́𝘂 – 𝗛𝗼̂̃ 𝗧𝗿𝗼̛̣ 𝟬 Đ𝗼̂̀𝗻𝗴 – 𝗞𝗵𝗼̂𝗻𝗴 𝗫𝗮́𝗰 𝗠𝗶𝗻𝗵
✅ 𝗡𝗼̛̣ 𝗫𝗮̂́𝘂 – 𝗛𝗼̂̃ 𝗧𝗿𝗼̛̣ Đ𝘂̛𝗮 𝟯𝟬% – 𝗞𝗵𝗼̂𝗻𝗴 𝗟𝗮̃𝗶
✅ Đ𝗼̂̉𝗶 𝗣𝗶𝗻 𝗞𝗵𝗼̂𝗻𝗴 𝗖𝗵𝗼̛̀ 𝗦𝗮̣c 𝗡𝗵𝗶𝗲̂̀𝘂 𝗖𝗵𝗶 𝗡𝗵𝗮́𝗻𝗵
✅ 𝗛ỗ 𝗧𝗿𝗼̛̣ 𝟮 𝗡𝗮̆𝗺 𝗫𝗲 𝗛𝘂̛ – 𝗖𝗼́ 𝗫𝗲 𝗞𝗵𝗮́𝗰 𝗗𝘂̀𝗻𝗴
✅ Đ𝗮̆𝗻𝗴 𝗞𝘆́ 𝗔𝗽𝗽 𝗫𝗮𝗻𝗵 𝗣𝗹𝗮𝘁𝗳𝗼𝗿𝗺 – 𝗧𝗮̣𝗶 𝗖𝗵𝗼̂̃
--------------------
🏠𝟮𝟴𝟴 𝗧𝗿𝘂̛𝗼̛̀𝗻𝗴 𝗖𝗵𝗶𝗻𝗵 - 𝗣𝗵ư𝗼̛̀𝗻𝗴 Đ𝗼̂𝗻𝗴 𝗛𝘂̛𝗻𝗴 𝗧𝗵𝘂𝗮̣̂𝗻 - 𝗛𝗖𝗠 (𝗤𝘂𝗮̣̂𝗻𝟭𝟮 𝗰𝘂̃)",Cần xác minh,Khác,Không phân loại,,
134555510,Xe Điện 3sGo - Datbike S1 Đen 10.000 km,44900000,"DatbikeS1 BSTP ĐK 2026 Chính Chủ 1 Lần sạc đi 285km
- Odo 10k hơn
- Óc tán 7 màu keng 
- Còn đủ phụ kiện theo xe 
- Bảo hành Datbike toàn quốc
⛔️ Nợ xấu đưa 5tr8 có LÃI SUẤT hoặc 24tr KO LÃI SUẤT
--------------------
✅ 𝗛𝗼̂̃ 𝗧𝗿𝗼̛̣ 𝗔𝗲 𝗟𝗲̂𝗻 𝗛𝗼̂̀ 𝗦𝗼̛ 𝗕𝗮𝗻𝗸 𝗡𝗵𝗮̣̂𝗻 𝗫𝗲 𝗩𝗮̀ 𝗖𝗮𝘃𝗲𝘁 𝗚𝗼̂́𝗰
✅ 𝗡𝗼̛̣ 𝗫𝗮̂́𝘂 – 𝗛𝗼̂̃ 𝗧𝗿𝗼̛̣ 𝟬 Đ𝗼̂̀𝗻𝗴 – 𝗞𝗵𝗼̂𝗻𝗴 𝗫𝗮́𝗰 𝗠𝗶𝗻𝗵
✅ 𝗡𝗼̛̣ 𝗫𝗮̂́𝘂 – 𝗛𝗼̂̃ 𝗧𝗿𝗼̛̣ Đ𝘂̛𝗮 𝟯𝟬% – 𝗞𝗵𝗼̂𝗻𝗴 𝗟𝗮̃𝗶
✅ Đ𝗼̂̉𝗶 𝗣𝗶𝗻 𝗞𝗵𝗼̂𝗻𝗴 𝗖𝗵𝗼̛̀ 𝗦𝗮̣c 𝗡𝗵𝗶𝗲̂̀𝘂 𝗖𝗵𝗶 𝗡𝗵𝗮́𝗻𝗵
✅ 𝗛ỗ 𝗧𝗿𝗼̛̣ 𝟮 𝗡𝗮̆𝗺 𝗫𝗲 𝗛𝘂̛ – 𝗖𝗼́ 𝗫𝗲 𝗞𝗵𝗮́𝗰 𝗗𝘂̀𝗻𝗴
✅ Đ𝗮̆𝗻𝗴 𝗞𝘆́ 𝗔𝗽𝗽 𝗫𝗮𝗻𝗵 𝗣𝗹𝗮𝘁𝗳𝗼𝗿𝗺 – 𝗧𝗮̣𝗶 𝗖𝗵𝗼̂̃
--------------------
🏠𝟮𝟴𝟴 𝗧𝗿𝘂̛𝗼̛̀𝗻𝗴 𝗖𝗵𝗶𝗻𝗵 - 𝗣𝗵ư𝗼̛̀𝗻𝗴 Đ𝗼̂𝗻𝗴 𝗛𝘂̛𝗻𝗴 𝗧𝗵𝘂𝗮̣̂𝗻 - 𝗛𝗖𝗠 (𝗤𝘂𝗮̣̂𝗻𝟭𝟮 𝗰𝘂̃)",2026,10000.0,Tp Hồ Chí Minh,Quận 12,"DatbikeS1 BSTP ĐK 2026 Chính Chủ 1 Lần sạc đi 285km
- Odo 10k hơn
- Óc tán 7 màu keng 
- Còn đủ phụ kiện theo xe 
- Bảo hành Datbike toàn quốc
⛔️ Nợ xấu đưa 5tr8 có LÃI SUẤT hoặc 24tr KO LÃI SUẤT
--------------------
✅ 𝗛𝗼̂̃ 𝗧𝗿𝗼̛̣ 𝗔𝗲 𝗟𝗲̂𝗻 𝗛𝗼̂̀ 𝗦𝗼̛ 𝗕𝗮𝗻𝗸 𝗡𝗵𝗮̣̂𝗻 𝗫𝗲 𝗩𝗮̀ 𝗖𝗮𝘃𝗲𝘁 𝗚𝗼̂́𝗰
✅ 𝗡𝗼̛̣ 𝗫𝗮̂́𝘂 – 𝗛𝗼̂̃ 𝗧𝗿𝗼̛̣ 𝟬 Đ𝗼̂̀𝗻𝗴 – 𝗞𝗵𝗼̂𝗻𝗴 𝗫𝗮́𝗰 𝗠𝗶𝗻𝗵
✅ 𝗡𝗼̛̣ 𝗫𝗮̂́𝘂 – 𝗛𝗼̂̃ 𝗧𝗿𝗼̛̣ Đ𝘂̛𝗮 𝟯𝟬% – 𝗞𝗵𝗼̂𝗻𝗴 𝗟𝗮̃𝗶
✅ Đ𝗼̂̉𝗶 𝗣𝗶𝗻 𝗞𝗵𝗼̂𝗻𝗴 𝗖𝗵𝗼̛̀ 𝗦𝗮̣c 𝗡𝗵𝗶𝗲̂̀𝘂 𝗖𝗵𝗶 𝗡𝗵𝗮́𝗻𝗵
✅ 𝗛ỗ 𝗧𝗿𝗼̛̣ 𝟮 𝗡𝗮̆𝗺 𝗫𝗲 𝗛𝘂̛ – 𝗖𝗼́ 𝗫𝗲 𝗞𝗵𝗮́𝗰 𝗗𝘂̀𝗻𝗴
✅ Đ𝗮̆𝗻𝗴 𝗞𝘆́ 𝗔𝗽𝗽 𝗫𝗮𝗻𝗵 𝗣𝗹𝗮𝘁𝗳𝗼𝗿𝗺 – 𝗧𝗮̣𝗶 𝗖𝗵𝗼̂̃
--------------------
🏠𝟮𝟴𝟴 𝗧𝗿𝘂̛𝗼̛̀𝗻𝗴 𝗖𝗵𝗶𝗻𝗵 - 𝗣𝗵ư𝗼̛̀𝗻𝗴 Đ𝗼̂𝗻𝗴 𝗛𝘂̛𝗻𝗴 𝗧𝗵𝘂𝗮̣̂𝗻 - 𝗛𝗖𝗠 (𝗤𝘂𝗮̣̂𝗻𝟭𝟮 𝗰𝘂̃)",Cần xác minh,Khác,Không phân loại,,
134620997,Xe máy điện Vespa Espero Classic 2022 Xanh ngọc,8400000,"Vespa Espero Classic 1. Đời cao 2022
Bình khoẻ. Đầy đủ giấy tờ
Ngoại hình đẹp như hình.
Giá hơn 8tr400

📍 Có thể xem xe và kiểm tra trực tiếp.
🏠 87 Máy tơ. Nam định
☎️ ***",2022,8000.0,Nam Định,Thành phố Nam Định,"Vespa Espero Classic 1. Đời cao 2022
Bình khoẻ. Đầy đủ giấy tờ
Ngoại hình đẹp như hình.
Giá hơn 8tr400

📍 Có thể xem xe và kiểm tra trực tiếp.
🏠 87 Máy tơ. Nam định
☎️ ***",Cần xác minh,Khác,Không phân loại,,
134434450,Xe đạp điện Yadea V1 Plus Đen,8500000,"Xe điện V1 Plus màu đen
- Kiểu dáng thời trang, dễ điều khiển.
- Động cơ êm ái.
- Pin bền bỉ, di chuyển quãng đường xa.",2025,1.0,Tp Hồ Chí Minh,Quận Tân Bình,"Xe điện V1 Plus màu đen
- Kiểu dáng thời trang, dễ điều khiển.
- Động cơ êm ái.
- Pin bền bỉ, di chuyển quãng đường xa.",Cần xác minh,Yadea,Yadea (Khác),9990000.0,14.9
134620393,Xe máy điện VinFast Vento Neo Trắng 9.000KM,29500000,"Vento Neo 9.000KM Cập Bến 😍😍😍

Giá..29.5Tr

☎️*** Minh Khờ",2025,9000.0,Tp Hồ Chí Minh,Quận Tân Phú,"Vento Neo 9.000KM Cập Bến 😍😍😍

Giá..29.5Tr

☎️*** Minh Khờ",Cần xác minh,VinFast,Vento,50000000.0,41.0
134620294,Vinfast Ludo Xe điện,6600000,Bán xe điện vinfast ludo acquy mới bảo hành 1 năm,2020,10.0,Hà Nội,Quận Tây Hồ,Bán xe điện vinfast ludo acquy mới bảo hành 1 năm,Cần xác minh,VinFast,Ludo,12900000.0,48.8
134620154,Xe máy điện VinFast Vento ABS Đen 7.000km,28800000,"Vento ABS lướt 7.000km
Chính chủ ký
-  Liền lạc đẹp keng
- 2 chìa 2 kính theo xe còn đủ
- Đã úp phuộc sau

Giá: 28tr8
☎️ ***",2025,7000.0,Tp Hồ Chí Minh,Quận 5,"Vento ABS lướt 7.000km
Chính chủ ký
-  Liền lạc đẹp keng
- 2 chìa 2 kính theo xe còn đủ
- Đã úp phuộc sau

Giá: 28tr8
☎️ ***",Cần xác minh,VinFast,Vento,50000000.0,42.4
134620115,Xe máy điện VinFast Vento Neo 2025 Trắng,29500000,"Khách lên đời để lại 
Vento neo siêu lướt
- Biển Tp chính chủ ký
- Pin 3.5, sạc 1000w đời mới 
- Liền lạc đẹp ken
- Góp đưa trước 30% nhận xe

Giá 29tr5
☎️***",2025,9000.0,Tp Hồ Chí Minh,Quận 5,"Khách lên đời để lại 
Vento neo siêu lướt
- Biển Tp chính chủ ký
- Pin 3.5, sạc 1000w đời mới 
- Liền lạc đẹp ken
- Góp đưa trước 30% nhận xe

Giá 29tr5
☎️***",Cần xác minh,VinFast,Vento,50000000.0,41.0
134620037,Xe máy điện Yadea Omee Trắng Ắc quy Graphene,14500000,"Xe máy điện Yadea Omee trắng, mới mua hơn 1 tuần, còn bảo hành hãng. 
 - Xe mới ra mắt 2026, thiết kế hiện đại. 
 - Pin ắc quy Graphene 48V22Ah, tốc độ tối đa 40km/h, công suất 400W. 
 - Phù hợp cho học sinh, sinh viên từ 16 tuổi trở lên hoặc người không có bằng lái. 
 - Giá 14.500.000 đồng.",2026,150.0,Tp Hồ Chí Minh,Thành phố Thủ Đức,"Xe máy điện Yadea Omee trắng, mới mua hơn 1 tuần, còn bảo hành hãng. 
 - Xe mới ra mắt 2026, thiết kế hiện đại. 
 - Pin ắc quy Graphene 48V22Ah, tốc độ tối đa 40km/h, công suất 400W. 
 - Phù hợp cho học sinh, sinh viên từ 16 tuổi trở lên hoặc người không có bằng lái. 
 - Giá 14.500.000 đồng.",Cần xác minh,Yadea,Yadea (Khác),9990000.0,-45.1
134599987,Xe điện Vespa Vision 2026 Xám Đã sử dụng,18500000,"Xe điện vision mới mua 2026 mới 98%

🔥🔥🔥 Siêu Phẩm Mới Về Ạ 🔥🔥🔥 

Vespa Siêu Siêu Lướt 2026

Xe Mới 95%, dk đầy đủ

SmartKey Zin
Xe Điện huy lâm Bán Rẻ 7tr So Với Mới 
Mà Lại Được Xe Như Mới Ạ 

📌 Ship Hàng TOÀN QUỐC - Nhanh chóng
---- 
📞 LH tư vấn miễn phí : ***( zalo / video call ) 
🕹️ Địa chỉ: 389 đội cấn-ba đình - Hà Nội. 
❇️ Cửa Hàng Xe Điện Huy Lâm",2026,5000.0,Hà Nội,Quận Ba Đình,"Xe điện vision mới mua 2026 mới 98%

🔥🔥🔥 Siêu Phẩm Mới Về Ạ 🔥🔥🔥 

Vespa Siêu Siêu Lướt 2026

Xe Mới 95%, dk đầy đủ

SmartKey Zin
Xe Điện huy lâm Bán Rẻ 7tr So Với Mới 
Mà Lại Được Xe Như Mới Ạ 

📌 Ship Hàng TOÀN QUỐC - Nhanh chóng
---- 
📞 LH tư vấn miễn phí : ***( zalo / video call ) 
🕹️ Địa chỉ: *** đội cấn-ba đình - Hà Nội. 
❇️ Cửa Hàng Xe Điện Huy Lâm",Kèm pin,Khác,Không phân loại,,
134619125,Xe máy điện VinFast Evo200 Lite Đen Việt Nam,20000000,"Trâu bò nhất dòng xe học sinh. Ko cần bằng lái. 
Evo200 lite biển SG.
Pin 3.5 kwh, trâu bò nhất nhà Vin. Tầm 100 - 140 km/sạc.
BH hãng đến 2028.
Biển SG, sang tên nhanh chóng.
20tr bao rút hồ sơ. 

Xe điện Z48
104 Đường số 1,kdc Cityland Center Hill, phường Hạnh Thông (t7 nghỉ)
***",2023,18000.0,Tp Hồ Chí Minh,Quận Gò Vấp,"Trâu bò nhất dòng xe học sinh. Ko cần bằng lái. 
Evo200 lite biển SG.
Pin 3.5 kwh, trâu bò nhất nhà Vin. Tầm 100 - 140 km/sạc.
BH hãng đến 2028.
Biển SG, sang tên nhanh chóng.
20tr bao rút hồ sơ. 

Xe điện Z48
*** Đường số 1,kdc Cityland Center Hill, phường Hạnh Thông (t7 nghỉ)
***",Cần xác minh,VinFast,Evo 200,18000000.0,-11.1
134618992,Vinfast Motio màu đỏ - Xe học sinh,8500000,"- Motio Vinfast.  Học sinh trên 16t đi ko cần bằng lái 
- 5 Bình acquy đi 50km/lần sạc 
- Chính chủ công chứng 
- Giá 8tr500k 
- Địa chỉ : 24/6. Đ.TL44. P.thạnh lộc. Q12",2025,10484.0,Tp Hồ Chí Minh,Quận 12,"- Motio Vinfast.  Học sinh trên 16t đi ko cần bằng lái 
- 5 Bình acquy đi 50km/lần sạc 
- Chính chủ công chứng 
- Giá 8tr500k 
- Địa chỉ : 24/6. Đ.TL44. P.thạnh lộc. Q12",Cần xác minh,Khác,Không phân loại,,
134618650,Xe máy điện VinFast Ludo/ Ko Bằng Lái (Cs2),8900000,"VinFast LuDo 50 / Pin / Không Bằng Lái
Trọng Lượng: 68Kg
Công Suất: 500w
Mua mới lúc trước 24.5 Triệu ( Pin Mua )
Năm SX : 2020
Xem Xe Tại CH2 Nguyễn Thông",2020,39000.0,Cần Thơ,Quận Bình Thuỷ,"VinFast LuDo 50 / Pin / Không Bằng Lái
Trọng Lượng: 68Kg
Công Suất: 500w
Mua mới lúc trước 24.5 Triệu ( Pin Mua )
Năm SX : 2020
Xem Xe Tại CH2 Nguyễn Thông",Cần xác minh,VinFast,Ludo,12900000.0,31.0
134602241,Xe Điện 3sGo - QuantumS1 BST 2025 Xanh 30k,35900000,"QuantumS1 BST9chù
- Đăng ký 2025
- Odo 30k
- Yên kimdang 
- Dàn áo keng ko trầy 98%
- Óc tán 7 màu keng 98%
- Còn đủ phụ kiện theo xe
❤️Xe keng 99% so với xe new 
⛔️ Nợ xấu đưa 8tr1 có LÃI SUẤT hoặc 19tr5 KO LÃI SUẤT
--------------------
✅ 𝗛𝗼̂̃ 𝗧𝗿𝗼̛̣ 𝗔𝗲 𝗟𝗲̂𝗻 𝗛𝗼̂̀ 𝗦𝗼̛ 𝗕𝗮𝗻𝗸 𝗡𝗵𝗮̣̂𝗻 𝗫𝗲 𝗩𝗮̀ 𝗖𝗮𝘃𝗲𝘁 𝗚𝗼̂́𝗰
✅ 𝗡𝗼̛̣ 𝗫𝗮̂́𝘂 – 𝗛𝗼̂̃ 𝗧𝗿𝗼̛̣ 𝟬 Đ𝗼̂̀𝗻𝗴 – 𝗞𝗵𝗼̂𝗻𝗴 𝗫𝗮́𝗰 𝗠𝗶𝗻𝗵
✅ 𝗡𝗼̛̣ 𝗫𝗮̂́𝘂 – 𝗛𝗼̂̃ 𝗧𝗿𝗼̛̣ Đ𝘂̛𝗮 𝟯𝟬% – 𝗞𝗵𝗼̂𝗻𝗴 𝗟𝗮̃𝗶
✅ Đ𝗼̂̉𝗶 𝗣𝗶𝗻 𝗞𝗵𝗼̂𝗻𝗴 𝗖𝗵𝗼̛̀ 𝗦𝗮̣c 𝗡𝗵𝗶𝗲̂̀𝘂 𝗖𝗵𝗶 𝗡𝗵𝗮́𝗻𝗵
✅ 𝗛ỗ 𝗧𝗿𝗼̛̣ 𝟮 𝗡𝗮̆𝗺 𝗫𝗲 𝗛𝘂̛ – 𝗖𝗼́ 𝗫𝗲 𝗞𝗵𝗮́𝗰 𝗗𝘂̀𝗻𝗴
✅ Đ𝗮̆𝗻𝗴 𝗞𝘆́ 𝗔𝗽𝗽 𝗫𝗮𝗻𝗵 𝗣𝗹𝗮𝘁𝗳𝗼𝗿𝗺 – 𝗧𝗮̣𝗶 𝗖𝗵𝗼̂̃
--------------------
🏠 𝟭𝟭𝟱 𝗣𝗵𝗮̣𝗺 𝗧𝗵𝗲̂́ 𝗛𝗶𝗲̂̉𝗻 - 𝗖𝗵𝗮́𝗻𝗵 𝗛𝘂̛𝗻𝗴 - 𝗛𝗖𝗠 ( 𝗤𝘂𝗮̣̂𝗻 𝟴 )
☎️ 𝗛𝗼𝘁𝗹𝗶𝗻𝗲 : *** - 𝗗𝗶𝗲̣̂𝘂",2025,30.0,Tp Hồ Chí Minh,Quận 8,"QuantumS1 BST9chù
- Đăng ký 2025
- Odo 30k
- Yên kimdang 
- Dàn áo keng ko trầy 98%
- Óc tán 7 màu keng 98%
- Còn đủ phụ kiện theo xe
❤️Xe keng 99% so với xe new 
⛔️ Nợ xấu đưa 8tr1 có LÃI SUẤT hoặc 19tr5 KO LÃI SUẤT
--------------------
✅ 𝗛𝗼̂̃ 𝗧𝗿𝗼̛̣ 𝗔𝗲 𝗟𝗲̂𝗻 𝗛𝗼̂̀ 𝗦𝗼̛ 𝗕𝗮𝗻𝗸 𝗡𝗵𝗮̣̂𝗻 𝗫𝗲 𝗩𝗮̀ 𝗖𝗮𝘃𝗲𝘁 𝗚𝗼̂́𝗰
✅ 𝗡𝗼̛̣ 𝗫𝗮̂́𝘂 – 𝗛𝗼̂̃ 𝗧𝗿𝗼̛̣ 𝟬 Đ𝗼̂̀𝗻𝗴 – 𝗞𝗵𝗼̂𝗻𝗴 𝗫𝗮́𝗰 𝗠𝗶𝗻𝗵
✅ 𝗡𝗼̛̣ 𝗫𝗮̂́𝘂 – 𝗛𝗼̂̃ 𝗧𝗿𝗼̛̣ Đ𝘂̛𝗮 𝟯𝟬% – 𝗞𝗵𝗼̂𝗻𝗴 𝗟𝗮̃𝗶
✅ Đ𝗼̂̉𝗶 𝗣𝗶𝗻 𝗞𝗵𝗼̂𝗻𝗴 𝗖𝗵𝗼̛̀ 𝗦𝗮̣c 𝗡𝗵𝗶𝗲̂̀𝘂 𝗖𝗵𝗶 𝗡𝗵𝗮́𝗻𝗵
✅ 𝗛ỗ 𝗧𝗿𝗼̛̣ 𝟮 𝗡𝗮̆𝗺 𝗫𝗲 𝗛𝘂̛ – 𝗖𝗼́ 𝗫𝗲 𝗞𝗵𝗮́𝗰 𝗗𝘂̀𝗻𝗴
✅ Đ𝗮̆𝗻𝗴 𝗞𝘆́ 𝗔𝗽𝗽 𝗫𝗮𝗻𝗵 𝗣𝗹𝗮𝘁𝗳𝗼𝗿𝗺 – 𝗧𝗮̣𝗶 𝗖𝗵𝗼̂̃
--------------------
🏠 𝟭𝟭𝟱 𝗣𝗵𝗮̣𝗺 𝗧𝗵𝗲̂́ 𝗛𝗶𝗲̂̉𝗻 - 𝗖𝗵𝗮́𝗻𝗵 𝗛𝘂̛𝗻𝗴 - 𝗛𝗖𝗠 ( 𝗤𝘂𝗮̣̂𝗻 𝟴 )
☎️ 𝗛𝗼𝘁𝗹𝗶𝗻𝗲 : *** - 𝗗𝗶𝗲̣̂𝘂",Cần xác minh,Khác,Không phân loại,,
134617456,Xe máy điện BEFORE ALL Latina VI 2.0 Trắng,12000000,"Xe máy điện mới mua được 3 tháng cần bán lại  hãng: BEFORE ALL
Dòng : latina vi 2.0 
Thiết kế theo kiểu dáng vespa 
Tốc độ tối đa 50km/h 
Pin chạy được 60km
Còn bảo hành 9 tháng
giá mua mới 18tr500 
bán lại 12tr000",2026,300.0,Đà Nẵng,Quận Ngũ Hành Sơn,"Xe máy điện mới mua được 3 tháng cần bán lại  hãng: BEFORE ALL
Dòng : latina vi 2.0 
Thiết kế theo kiểu dáng vespa 
Tốc độ tối đa 50km/h 
Pin chạy được 60km
Còn bảo hành 9 tháng
giá mua mới 18tr500 
bán lại 12tr000",Cần xác minh,Khác,Không phân loại,,
134617447,Xe máy điện DK Bike 2021,7900000,"Xe máy điện Soma SX không cần bằng lái btc 
1 lần sạc đi được 60km , tốc tối đa 46km giờ 
5 bình vừa thay mới còn bảo hành 1 năm 
Áo quần sạch sẽ không bể , full chức năng 
Giá : 7tr9 bình tân",2021,40000.0,Tp Hồ Chí Minh,Quận Bình Tân,"Xe máy điện Soma SX không cần bằng lái btc 
1 lần sạc đi được 60km , tốc tối đa 46km giờ 
5 bình vừa thay mới còn bảo hành 1 năm 
Áo quần sạch sẽ không bể , full chức năng 
Giá : 7tr9 bình tân",Cần xác minh,Khác,Không phân loại,,
134602534,Xe Điện 3sGo - EvoGrand Đen 14k km,22900000,"EvoGrand ĐK 4/2026 BST 9 chủ kí
- Odo 14k
- 2 pin mua theo xe
- Dàn áo keng ko trầy 98%
- Óc tán 7 màu keng 98%
- Còn đủ phụ kiện theo xe
❤️Xe keng 98% so với xe new 
⛔️ Nợ xấu đưa 0Đ có LÃI SUẤT hoặc 13tr KO LÃI SUẤT
--------------------
✅ 𝗛𝗼̂̃ 𝗧𝗿𝗼̛̣ 𝗔𝗲 𝗟𝗲̂𝗻 𝗛𝗼̂̀ 𝗦𝗼̛ 𝗕𝗮𝗻𝗸 𝗡𝗵𝗮̣̂𝗻 𝗫𝗲 𝗩𝗮̀ 𝗖𝗮𝘃𝗲𝘁 𝗚𝗼̂́𝗰
✅ 𝗡𝗼̛̣ 𝗫𝗮̂́𝘂 – 𝗛𝗼̂̃ 𝗧𝗿𝗼̛̣ 𝟬 Đ𝗼̂̀𝗻𝗴 – 𝗞𝗵𝗼̂𝗻𝗴 𝗫𝗮́𝗰 𝗠𝗶𝗻𝗵
✅ 𝗡𝗼̛̣ 𝗫𝗮̂́𝘂 – 𝗛𝗼̂̃ 𝗧𝗿𝗼̛̣ Đ𝘂̛𝗮 𝟯𝟬% – 𝗞𝗵𝗼̂𝗻𝗴 𝗟𝗮̃𝗶
✅ Đ𝗼̂̉𝗶 𝗣𝗶𝗻 𝗞𝗵𝗼̂𝗻𝗴 𝗖𝗵𝗼̛̀ 𝗦𝗮̣c 𝗡𝗵𝗶𝗲̂̀𝘂 𝗖𝗵𝗶 𝗡𝗵𝗮́𝗻𝗵
✅ 𝗛ỗ 𝗧𝗿𝗼̛̣ 𝟮 𝗡𝗮̆𝗺 𝗫𝗲 𝗛𝘂̛ – 𝗖𝗼́ 𝗫𝗲 𝗞𝗵𝗮́𝗰 𝗗𝘂̀𝗻𝗴
✅ Đ𝗮̆𝗻𝗴 𝗞𝘆́ 𝗔𝗽𝗽 𝗫𝗮𝗻𝗵 𝗣𝗹𝗮𝘁𝗳𝗼𝗿𝗺 – 𝗧𝗮̣𝗶 𝗖𝗵𝗼̂̃
--------------------
🏠 𝟭𝟭𝟱 𝗣𝗵𝗮̣𝗺 𝗧𝗵𝗲̂́ 𝗛𝗶𝗲̂̉𝗻 - 𝗖𝗵𝗮́𝗻𝗵 𝗛𝘂̛𝗻𝗴 - 𝗛𝗖𝗠 ( 𝗤𝘂𝗮̣̂𝗻 𝟴 )
☎️ 𝗛𝗼𝘁𝗹𝗶𝗻𝗲 : *** - 𝗗𝗶𝗲̣̂𝘂",2026,14000.0,Tp Hồ Chí Minh,Quận 8,"EvoGrand ĐK 4/2026 BST 9 chủ kí
- Odo 14k
- 2 pin mua theo xe
- Dàn áo keng ko trầy 98%
- Óc tán 7 màu keng 98%
- Còn đủ phụ kiện theo xe
❤️Xe keng 98% so với xe new 
⛔️ Nợ xấu đưa 0Đ có LÃI SUẤT hoặc 13tr KO LÃI SUẤT
--------------------
✅ 𝗛𝗼̂̃ 𝗧𝗿𝗼̛̣ 𝗔𝗲 𝗟𝗲̂𝗻 𝗛𝗼̂̀ 𝗦𝗼̛ 𝗕𝗮𝗻𝗸 𝗡𝗵𝗮̣̂𝗻 𝗫𝗲 𝗩𝗮̀ 𝗖𝗮𝘃𝗲𝘁 𝗚𝗼̂́𝗰
✅ 𝗡𝗼̛̣ 𝗫𝗮̂́𝘂 – 𝗛𝗼̂̃ 𝗧𝗿𝗼̛̣ 𝟬 Đ𝗼̂̀𝗻𝗴 – 𝗞𝗵𝗼̂𝗻𝗴 𝗫𝗮́𝗰 𝗠𝗶𝗻𝗵
✅ 𝗡𝗼̛̣ 𝗫𝗮̂́𝘂 – 𝗛𝗼̂̃ 𝗧𝗿𝗼̛̣ Đ𝘂̛𝗮 𝟯𝟬% – 𝗞𝗵𝗼̂𝗻𝗴 𝗟𝗮̃𝗶
✅ Đ𝗼̂̉𝗶 𝗣𝗶𝗻 𝗞𝗵𝗼̂𝗻𝗴 𝗖𝗵𝗼̛̀ 𝗦𝗮̣c 𝗡𝗵𝗶𝗲̂̀𝘂 𝗖𝗵𝗶 𝗡𝗵𝗮́𝗻𝗵
✅ 𝗛ỗ 𝗧𝗿𝗼̛̣ 𝟮 𝗡𝗮̆𝗺 𝗫𝗲 𝗛𝘂̛ – 𝗖𝗼́ 𝗫𝗲 𝗞𝗵𝗮́𝗰 𝗗𝘂̀𝗻𝗴
✅ Đ𝗮̆𝗻𝗴 𝗞𝘆́ 𝗔𝗽𝗽 𝗫𝗮𝗻𝗵 𝗣𝗹𝗮𝘁𝗳𝗼𝗿𝗺 – 𝗧𝗮̣𝗶 𝗖𝗵𝗼̂̃
--------------------
🏠 𝟭𝟭𝟱 𝗣𝗵𝗮̣𝗺 𝗧𝗵𝗲̂́ 𝗛𝗶𝗲̂̉𝗻 - 𝗖𝗵𝗮́𝗻𝗵 𝗛𝘂̛𝗻𝗴 - 𝗛𝗖𝗠 ( 𝗤𝘂𝗮̣̂𝗻 𝟴 )
☎️ 𝗛𝗼𝘁𝗹𝗶𝗻𝗲 : *** - 𝗗𝗶𝗲̣̂𝘂",Cần xác minh,Khác,Không phân loại,,
133873833,Xe máy điện SANTOSAR VS3 Xám 240W,12300000,"🏆🏆🏆 Hót Hót mẫu xe VS3 hottrend
🎈xe có thông số động cơ 240W, cho học sinh dưới 16t, cho mẹ đị chợ, cho chị em đi làm
📙Dòng xe có cốp rộng, chạy cực kỳ êm ái. Xe có giấy tờ đăng kiểm, hoá đơn đầy đủ ( đi đường không sợ công an), đặc biệt các em học sinh dứoi 16t chạy vẫn đúng quy định
💡xe được trang bị đèn led, thắng đĩa rất an toàn
🪫 chạy bình 48V30ah chính hãng an toàn không lo cháy nổ
🧾 bảo hành 12 tháng
💰giá 12",2026,,Tp Hồ Chí Minh,Thành phố Thủ Đức,"🏆🏆🏆 Hót Hót mẫu xe VS3 hottrend
🎈xe có thông số động cơ 240W, cho học sinh dưới 16t, cho mẹ đị chợ, cho chị em đi làm
📙Dòng xe có cốp rộng, chạy cực kỳ êm ái. Xe có giấy tờ đăng kiểm, hoá đơn đầy đủ ( đi đường không sợ công an), đặc biệt các em học sinh dứoi 16t chạy vẫn đúng quy định
💡xe được trang bị đèn led, thắng đĩa rất an toàn
🪫 chạy bình 48V30ah chính hãng an toàn không lo cháy nổ
🧾 bảo hành 12 tháng
💰giá 12",Cần xác minh,Khác,Không phân loại,,
134026009,Xe máy điện VinFast EVO 200 2024 Đen mờ 11000 km,20000000,"DƯ dùng bán lại chiếc xe máy điện VinFats EVO 200, màu đen mờ sản xuất 2024 , pin mua chạy 11 000km, pin sử dụng 100km mới sạc,xe luôn bảo dưỡng định kỳ tại hãng , bảo đảm xe còn sử dụng tốt,ngay chủ đứng tên bán, cam ơn anh chị đả xem tin.",2024,11000.0,Tp Hồ Chí Minh,Thành phố Thủ Đức,"DƯ dùng bán lại chiếc xe máy điện VinFats EVO 200, màu đen mờ sản xuất 2024 , pin mua chạy 11 000km, pin sử dụng 100km mới sạc,xe luôn bảo dưỡng định kỳ tại hãng , bảo đảm xe còn sử dụng tốt,ngay chủ đứng tên bán, cam ơn anh chị đả xem tin.",Cần xác minh,VinFast,Evo 200,18000000.0,-11.1
134563221,Xe điện V1  946 TỐT 90% CÒN SỔ BH,7900000,"XE MÁY ĐIỆN KONAXOAKA TỐT 90% CÒN SỔ BH

BÌNH SẠC ĐẦY ĐỦ
BẢO HÀNH DÀI HẠN
ZALO-GỌI TRỰC TIẾP ***
XE ĐẸP NHƯ HÌNH",2026,2000.0,Tp Hồ Chí Minh,Quận 1,"XE MÁY ĐIỆN KONAXOAKA TỐT 90% CÒN SỔ BH

BÌNH SẠC ĐẦY ĐỦ
BẢO HÀNH DÀI HẠN
ZALO-GỌI TRỰC TIẾP ***
XE ĐẸP NHƯ HÌNH",Cần xác minh,Khác,Không phân loại,,
134616801,Xe điện Sundiro Xám tím,6000000,"Cần bán xe điện như hình, xe chạy còn tốt, ngoại hình còn đẹp.",2026,5000.0,Tp Hồ Chí Minh,Quận 10,"Cần bán xe điện như hình, xe chạy còn tốt, ngoại hình còn đẹp.",Cần xác minh,Khác,Không phân loại,,
134602590,Xe Điên 3sGo - Evo200 2025 Trắng 10.000 km,21900000,"Evo200 ĐK 8/2025 Pin Mua BSTP
- Odo 10.000 Cây
- Dàn áo keng ko trầy 99%
- Óc tán 7 màu keng 99%
- Còn đủ phụ kiện theo xe
❤️Xe keng 99% so với xe new 
⛔️ Nợ xấu đưa 0Đ có LÃI SUẤT hoặc 12tr5 KO LÃI SUẤT
--------------------
✅ 𝗛𝗼̂̃ 𝗧𝗿𝗼̛̣ 𝗔𝗲 𝗟𝗲̂𝗻 𝗛𝗼̂̀ 𝗦𝗼̛ 𝗕𝗮𝗻𝗸 𝗡𝗵𝗮̣̂𝗻 𝗫𝗲 𝗩𝗮̀ 𝗖𝗮𝘃𝗲𝘁 𝗚𝗼̂́𝗰
✅ 𝗡𝗼̛̣ 𝗫𝗮̂́𝘂 – 𝗛𝗼̂̃ 𝗧𝗿𝗼̛̣ 𝟬 Đ𝗼̂̀𝗻𝗴 – 𝗞𝗵𝗼̂𝗻𝗴 𝗫𝗮́𝗰 𝗠𝗶𝗻𝗵
✅ 𝗡𝗼̛̣ 𝗫𝗮̂́𝘂 – 𝗛𝗼̂̃ 𝗧𝗿𝗼̛̣ Đ𝘂̛𝗮 𝟯𝟬% – 𝗞𝗵𝗼̂𝗻𝗴 𝗟𝗮̃𝗶
✅ Đ𝗼̂̉𝗶 𝗣𝗶𝗻 𝗞𝗵𝗼̂𝗻𝗴 𝗖𝗵𝗼̛̀ 𝗦𝗮̣c 𝗡𝗵𝗶𝗲̂̀𝘂 𝗖𝗵𝗶 𝗡𝗵𝗮́𝗻𝗵
✅ 𝗛ỗ 𝗧𝗿𝗼̛̣ 𝟮 𝗡𝗮̆𝗺 𝗫𝗲 𝗛𝘂̛ – 𝗖𝗼́ 𝗫𝗲 𝗞𝗵𝗮́𝗰 𝗗𝘂̀𝗻𝗴
✅ Đ𝗮̆𝗻𝗴 𝗞𝘆́ 𝗔𝗽𝗽 𝗫𝗮𝗻𝗵 𝗣𝗹𝗮𝘁𝗳𝗼𝗿𝗺 – 𝗧𝗮̣𝗶 𝗖𝗵𝗼̂̃
--------------------
🏠 𝟭𝟭𝟱 𝗣𝗵𝗮̣𝗺 𝗧𝗵𝗲̂́ 𝗛𝗶𝗲̂̉𝗻 - 𝗖𝗵𝗮́𝗻𝗵 𝗛𝘂̛𝗻𝗴 - 𝗛𝗖𝗠 ( 𝗤𝘂𝗮̣̂𝗻 𝟴 )
☎️ 𝗛𝗼𝘁𝗹𝗶𝗻𝗲 : *** - 𝗗𝗶𝗲̣̂𝘂",2025,10000.0,Tp Hồ Chí Minh,Quận 8,"Evo200 ĐK 8/2025 Pin Mua BSTP
- Odo 10.000 Cây
- Dàn áo keng ko trầy 99%
- Óc tán 7 màu keng 99%
- Còn đủ phụ kiện theo xe
❤️Xe keng 99% so với xe new 
⛔️ Nợ xấu đưa 0Đ có LÃI SUẤT hoặc 12tr5 KO LÃI SUẤT
--------------------
✅ 𝗛𝗼̂̃ 𝗧𝗿𝗼̛̣ 𝗔𝗲 𝗟𝗲̂𝗻 𝗛𝗼̂̀ 𝗦𝗼̛ 𝗕𝗮𝗻𝗸 𝗡𝗵𝗮̣̂𝗻 𝗫𝗲 𝗩𝗮̀ 𝗖𝗮𝘃𝗲𝘁 𝗚𝗼̂́𝗰
✅ 𝗡𝗼̛̣ 𝗫𝗮̂́𝘂 – 𝗛𝗼̂̃ 𝗧𝗿𝗼̛̣ 𝟬 Đ𝗼̂̀𝗻𝗴 – 𝗞𝗵𝗼̂𝗻𝗴 𝗫𝗮́𝗰 𝗠𝗶𝗻𝗵
✅ 𝗡𝗼̛̣ 𝗫𝗮̂́𝘂 – 𝗛𝗼̂̃ 𝗧𝗿𝗼̛̣ Đ𝘂̛𝗮 𝟯𝟬% – 𝗞𝗵𝗼̂𝗻𝗴 𝗟𝗮̃𝗶
✅ Đ𝗼̂̉𝗶 𝗣𝗶𝗻 𝗞𝗵𝗼̂𝗻𝗴 𝗖𝗵𝗼̛̀ 𝗦𝗮̣c 𝗡𝗵𝗶𝗲̂̀𝘂 𝗖𝗵𝗶 𝗡𝗵𝗮́𝗻𝗵
✅ 𝗛ỗ 𝗧𝗿𝗼̛̣ 𝟮 𝗡𝗮̆𝗺 𝗫𝗲 𝗛𝘂̛ – 𝗖𝗼́ 𝗫𝗲 𝗞𝗵𝗮́𝗰 𝗗𝘂̀𝗻𝗴
✅ Đ𝗮̆𝗻𝗴 𝗞𝘆́ 𝗔𝗽𝗽 𝗫𝗮𝗻𝗵 𝗣𝗹𝗮𝘁𝗳𝗼𝗿𝗺 – 𝗧𝗮̣𝗶 𝗖𝗵𝗼̂̃
--------------------
🏠 𝟭𝟭𝟱 𝗣𝗵𝗮̣𝗺 𝗧𝗵𝗲̂́ 𝗛𝗶𝗲̂̉𝗻 - 𝗖𝗵𝗮́𝗻𝗵 𝗛𝘂̛𝗻𝗴 - 𝗛𝗖𝗠 ( 𝗤𝘂𝗮̣̂𝗻 𝟴 )
☎️ 𝗛𝗼𝘁𝗹𝗶𝗻𝗲 : *** - 𝗗𝗶𝗲̣̂𝘂",Cần xác minh,VinFast,Evo 200,18000000.0,-21.7
133937642,Xe máy điện VinFast EVO GRAND Lite 2026 Trắng,19000000,a Ai cần liên hệ nhà ở Quận 12 thành phố Hồ Chí Minh cảm ơn xem như mới,2026,506.0,Tp Hồ Chí Minh,Quận 12,a Ai cần liên hệ nhà ở Quận 12 thành phố Hồ Chí Minh cảm ơn xem như mới,Cần xác minh,Khác,Không phân loại,,
134602453,Xe Điện 3sGo - DatBike Quantum S1 Đen,37900000,"QuantumS1 BSTP
- Odo không nói đâu
- Bảo Hành Pin 10 Năm 
- Sạc 1800w 
- Dàn áo keng ko trầy 98%
- Óc tán 7 màu keng 98%
- Còn đủ phụ kiện theo xe
❤️Xe keng 99% so với xe new 
⛔️ Nợ xấu đưa 3tr7 có LÃI SUẤT hoặc 16tr4 KO LÃI SUẤT
--------------------
✅ 𝗛𝗼̂̃ 𝗧𝗿𝗼̛̣ 𝗔𝗲 𝗟𝗲̂𝗻 𝗛𝗼̂̀ 𝗦𝗼̛ 𝗕𝗮𝗻𝗸 𝗡𝗵𝗮̣̂𝗻 𝗫𝗲 𝗩𝗮̀ 𝗖𝗮𝘃𝗲𝘁 𝗚𝗼̂́𝗰
✅ 𝗡𝗼̛̣ 𝗫𝗮̂́𝘂 – 𝗛𝗼̂̃ 𝗧𝗿𝗼̛̣ 𝟬 Đ𝗼̂̀𝗻𝗴 – 𝗞𝗵𝗼̂𝗻𝗴 𝗫𝗮́𝗰 𝗠𝗶𝗻𝗵
✅ 𝗡𝗼̛̣ 𝗫𝗮̂́𝘂 – 𝗛𝗼̂̃ 𝗧𝗿𝗼̛̣ Đ𝘂̛𝗮 𝟯𝟬% – 𝗞𝗵𝗼̂𝗻𝗴 𝗟𝗮̃𝗶
✅ Đ𝗼̂̉𝗶 𝗣𝗶𝗻 𝗞𝗵𝗼̂𝗻𝗴 𝗖𝗵𝗼̛̀ 𝗦𝗮̣c 𝗡𝗵𝗶𝗲̂̀𝘂 𝗖𝗵𝗶 𝗡𝗵𝗮́𝗻𝗵
✅ 𝗛ỗ 𝗧𝗿𝗼̛̣ 𝟮 𝗡𝗮̆𝗺 𝗫𝗲 𝗛𝘂̛ – 𝗖𝗼́ 𝗫𝗲 𝗞𝗵𝗮́𝗰 𝗗𝘂̀𝗻𝗴
✅ Đ𝗮̆𝗻𝗴 𝗞𝘆́ 𝗔𝗽𝗽 𝗫𝗮𝗻𝗵 𝗣𝗹𝗮𝘁𝗳𝗼𝗿𝗺 – 𝗧𝗮̣𝗶 𝗖𝗵𝗼̂̃
--------------------
🏠 𝟭𝟭𝟱 𝗣𝗵𝗮̣𝗺 𝗧𝗵𝗲̂́ 𝗛𝗶𝗲̂̉𝗻 - 𝗖𝗵𝗮́𝗻𝗵 𝗛𝘂̛𝗻𝗴 - 𝗛𝗖𝗠 ( 𝗤𝘂𝗮̣̂𝗻 𝟴 )
☎️ 𝗛𝗼𝘁𝗹𝗶𝗻𝗲 : *** - 𝗗𝗶𝗲̣̂𝘂",2026,,Tp Hồ Chí Minh,Quận 8,"QuantumS1 BSTP
- Odo không nói đâu
- Bảo Hành Pin 10 Năm 
- Sạc 1800w 
- Dàn áo keng ko trầy 98%
- Óc tán 7 màu keng 98%
- Còn đủ phụ kiện theo xe
❤️Xe keng 99% so với xe new 
⛔️ Nợ xấu đưa 3tr7 có LÃI SUẤT hoặc 16tr4 KO LÃI SUẤT
--------------------
✅ 𝗛𝗼̂̃ 𝗧𝗿𝗼̛̣ 𝗔𝗲 𝗟𝗲̂𝗻 𝗛𝗼̂̀ 𝗦𝗼̛ 𝗕𝗮𝗻𝗸 𝗡𝗵𝗮̣̂𝗻 𝗫𝗲 𝗩𝗮̀ 𝗖𝗮𝘃𝗲𝘁 𝗚𝗼̂́𝗰
✅ 𝗡𝗼̛̣ 𝗫𝗮̂́𝘂 – 𝗛𝗼̂̃ 𝗧𝗿𝗼̛̣ 𝟬 Đ𝗼̂̀𝗻𝗴 – 𝗞𝗵𝗼̂𝗻𝗴 𝗫𝗮́𝗰 𝗠𝗶𝗻𝗵
✅ 𝗡𝗼̛̣ 𝗫𝗮̂́𝘂 – 𝗛𝗼̂̃ 𝗧𝗿𝗼̛̣ Đ𝘂̛𝗮 𝟯𝟬% – 𝗞𝗵𝗼̂𝗻𝗴 𝗟𝗮̃𝗶
✅ Đ𝗼̂̉𝗶 𝗣𝗶𝗻 𝗞𝗵𝗼̂𝗻𝗴 𝗖𝗵𝗼̛̀ 𝗦𝗮̣c 𝗡𝗵𝗶𝗲̂̀𝘂 𝗖𝗵𝗶 𝗡𝗵𝗮́𝗻𝗵
✅ 𝗛ỗ 𝗧𝗿𝗼̛̣ 𝟮 𝗡𝗮̆𝗺 𝗫𝗲 𝗛𝘂̛ – 𝗖𝗼́ 𝗫𝗲 𝗞𝗵𝗮́𝗰 𝗗𝘂̀𝗻𝗴
✅ Đ𝗮̆𝗻𝗴 𝗞𝘆́ 𝗔𝗽𝗽 𝗫𝗮𝗻𝗵 𝗣𝗹𝗮𝘁𝗳𝗼𝗿𝗺 – 𝗧𝗮̣𝗶 𝗖𝗵𝗼̂̃
--------------------
🏠 𝟭𝟭𝟱 𝗣𝗵𝗮̣𝗺 𝗧𝗵𝗲̂́ 𝗛𝗶𝗲̂̉𝗻 - 𝗖𝗵𝗮́𝗻𝗵 𝗛𝘂̛𝗻𝗴 - 𝗛𝗖𝗠 ( 𝗤𝘂𝗮̣̂𝗻 𝟴 )
☎️ 𝗛𝗼𝘁𝗹𝗶𝗻𝗲 : *** - 𝗗𝗶𝗲̣̂𝘂",Cần xác minh,Dat Bike,Quantum,34900000.0,-8.6
134031255,"Vinfast Klara Pin cầm,xe đẹp biển Sài Gòn",10800000,"🍓🍓🍓 Xe bà xã đi đã đổi Evo200 nên thanh lý lại người dùng.
Xe Vinfast Klara màu hồng (Xe đẹp lắm nữ tính)
☘️ Biển Số Sài Gòn 41MĐ- chạy không cần bằng
Pin zin mua  + Sạc Zin: sạc đầy 2-3 tiếng đi được 40-50km/1 lần
- Động cơ mới thay trước tết, xe chạy mượt pin cầm tốt 40-50km, đã thay đồng hồ hiện đại + đèn led 2 tầng
🍇 Chị em mua về đưa đón con hay đi chợ vòng vòng trãi nghiệm ok nhé
🍏Ưu tiên: Học Sinh-Sinh Viên, xe chạy không cần bằng lái
🍇🍇🍇 Xem xe tại địa chỉ
Đường DN5, Đông Hưng Thuận,TPHCM( KDC AN SƯƠNG)",2020,28000.0,Tp Hồ Chí Minh,Quận 12,"🍓🍓🍓 Xe bà xã đi đã đổi Evo200 nên thanh lý lại người dùng.
Xe Vinfast Klara màu hồng (Xe đẹp lắm nữ tính)
☘️ Biển Số Sài Gòn 41MĐ- chạy không cần bằng
Pin zin mua  + Sạc Zin: sạc đầy 2-3 tiếng đi được 40-50km/1 lần
- Động cơ mới thay trước tết, xe chạy mượt pin cầm tốt 40-50km, đã thay đồng hồ hiện đại + đèn led 2 tầng
🍇 Chị em mua về đưa đón con hay đi chợ vòng vòng trãi nghiệm ok nhé
🍏Ưu tiên: Học Sinh-Sinh Viên, xe chạy không cần bằng lái
🍇🍇🍇 Xem xe tại địa chỉ
Đường DN5, Đông Hưng Thuận,TPHCM( KDC AN SƯƠNG)",Kèm pin,VinFast,Klara,35000000.0,69.1
134623797,Xe Điện Xmen,5000000,Cần bán 5 triệu xe đầy đủ giấy tờ đăng ký,2026,10000.0,Hà Nội,Huyện Phú Xuyên,Cần bán 5 triệu xe đầy đủ giấy tờ đăng ký,Cần xác minh,Khác,Không phân loại,,
134160705,VinFast Feliz 2025 Xanh oliu - Chính chủ - BSTP,21500000,"🔥 FELIZ 2025 1 PIN – XANH OLIU – CHÍNH CHỦ
📌 Date T6/2026
📌 Odo 12.000 km
📌 BSTP - Chính chủ
📌 Chính chủ, ủy quyền, sang tên công chứng nhanh gọn
💰 Giá: 2x
-----------------------
💚 Xe Điện Lướt Sài Gòn – Chuyên mua bán xe máy điện đã qua sử dụng tại TP.HCM
✅ Có trả góp – Cà thẻ – Giao tận nhà
📍 118A Chiến Lược, P. Bình Trị Đông, TP.HCM",2025,12000.0,Tp Hồ Chí Minh,Quận Bình Tân,"🔥 FELIZ 2025 1 PIN – XANH OLIU – CHÍNH CHỦ
📌 Date T6/2026
📌 Odo 12.000 km
📌 BSTP - Chính chủ
📌 Chính chủ, ủy quyền, sang tên công chứng nhanh gọn
💰 Giá: 2x
-----------------------
💚 Xe Điện Lướt Sài Gòn – Chuyên mua bán xe máy điện đã qua sử dụng tại TP.HCM
✅ Có trả góp – Cà thẻ – Giao tận nhà
📍 118A Chiến Lược, P. Bình Trị Đông, TP.HCM",Cần xác minh,VinFast,Feliz,27000000.0,20.4
134537840,Xe máy điện Yadea thể thao Cam đen,7500000,"Xe máy điện màu cam đen, kiểu dáng thể thao, phù hợp cho cả nam và nữ. 
- Xe chính chủ, có thể ký giấy sang tên. 
- Thích hợp cho học sinh, sinh viên không cần bằng lái. 
- Xe đang sử dụng tốt.",2023,123.0,Tp Hồ Chí Minh,Quận 12,"Xe máy điện màu cam đen, kiểu dáng thể thao, phù hợp cho cả nam và nữ. 
- Xe chính chủ, có thể ký giấy sang tên. 
- Thích hợp cho học sinh, sinh viên không cần bằng lái. 
- Xe đang sử dụng tốt.",Cần xác minh,Yadea,Yadea (Khác),14990000.0,50.0
134623423,Xe điện VinFast Klara màu Đen,10000000,"Tôi có 1 xe điện vinfast Klara màu đen như hình muốn bán do không có nhu cầu sử dụng. Xe còn đi tốt, vẫn chạy bình thường, vỏ còn nguyên vẹn, ko va chạm hay trầy xước. Xe tôi đi ít nên giữ gìn rất cẩn thận.",2020,19903.0,Hà Nội,Quận Ba Đình,"Tôi có 1 xe điện vinfast Klara màu đen như hình muốn bán do không có nhu cầu sử dụng. Xe còn đi tốt, vẫn chạy bình thường, vỏ còn nguyên vẹn, ko va chạm hay trầy xước. Xe tôi đi ít nên giữ gìn rất cẩn thận.",Cần xác minh,VinFast,Klara,35000000.0,71.4
133934022,Vinfast Evo200 Vàng zin 100% chính chủ,21900000,"     
 ✅ Vinfast Evo200 siêu đẹp ko một vết trầy 2025 
✅ Xe chính chủ Bstp ký mua bán ủy quyền đều được nhé 
✅ Pin 3.5 mua đứt bảo hành 8 năm ,sạc đầy đi được 200km
✅ Giá bán : 21,9tr
✅ Dt : 
✅ Xem xe Q6, Ship toàn quốc
",2025,14000.0,Tp Hồ Chí Minh,Quận 6,"     
 ✅ Vinfast Evo200 siêu đẹp ko một vết trầy 2025 
✅ Xe chính chủ Bstp ký mua bán ủy quyền đều được nhé 
✅ Pin 3.5 mua đứt bảo hành 8 năm ,sạc đầy đi được 200km
✅ Giá bán : 21,9tr
✅ Dt : 
✅ Xem xe Q6, Ship toàn quốc
",Kèm pin,VinFast,Evo 200,18000000.0,-21.7
134623388,Xe máy điện VinFast Feliz Đen 14000 km,19500000,Xe odo 14 ngàn xe hoạt động bình thường không lỗi làm gì chỉ việc mua về là chạy không cần suy nghĩ gì hết,2026,14000.0,Đồng Nai,Huyện Xuân Lộc,Xe odo 14 ngàn xe hoạt động bình thường không lỗi làm gì chỉ việc mua về là chạy không cần suy nghĩ gì hết,Cần xác minh,VinFast,Feliz,27000000.0,27.8
134623383,Xe máy điện VinFast Feliz Trắng 300 km,26000000,Xe mới mua về không đi như mới odo mới 300km xe sẵn 2 pin chỉ việc mua về là chạy không khác gì xe mới đầy đủ phụ kiện,2026,300.0,Đồng Nai,Huyện Xuân Lộc,Xe mới mua về không đi như mới odo mới 300km xe sẵn 2 pin chỉ việc mua về là chạy không khác gì xe mới đầy đủ phụ kiện,Cần xác minh,VinFast,Feliz,27000000.0,3.7
134623365,Xe máy điện  2026 Hồng Đã sử dụng,9500000,Xe mới mua được 4 ngày không có nhu cầu đi nữa bán lại mới 99% kh vết trầy xe hoạt động bình thường không lỗi chỉ việc về cắm sạc là chạy,2026,10.0,Đồng Nai,Huyện Xuân Lộc,Xe mới mua được 4 ngày không có nhu cầu đi nữa bán lại mới 99% kh vết trầy xe hoạt động bình thường không lỗi chỉ việc về cắm sạc là chạy,Cần xác minh,Khác,Không phân loại,,
134596908,Quantum S1 2025 lướt đẹp,38500000,"Xe máy điện màu trắng, pin 100% cho quãng đường di chuyển xa. 
- Thiết kế hiện đại, trẻ trung. 
- Vận hành êm ái, tiết kiệm năng lượng. 
- Phù hợp di chuyển trong thành phố.",2025,10.0,Tp Hồ Chí Minh,Quận Bình Tân,"Xe máy điện màu trắng, pin 100% cho quãng đường di chuyển xa. 
- Thiết kế hiện đại, trẻ trung. 
- Vận hành êm ái, tiết kiệm năng lượng. 
- Phù hợp di chuyển trong thành phố.",Cần xác minh,Dat Bike,Quantum,34900000.0,-10.3
134509389,Xe máy điện VinFast Evo200 2025 Đen,20900000,"Evo200  - Bstp 9 Chủ ĐK 2025
- Dàn áo dán keng 98%
- Óc tán 7 màu keng 98%
- Còn đủ phụ kiện theo xe
❤️Xe keng 98% so với xe new 
⛔️ Nợ xấu đưa 0đ có LÃI SUẤT hoặc 11tr KO LÃI SUẤT
--------------------
✅ 𝗛𝗼̂̃ 𝗧𝗿𝗼̛̣ 𝗔𝗲 𝗟𝗲̂𝗻 𝗛𝗼̂̀ 𝗦𝗼̛ 𝗕𝗮𝗻𝗸 𝗡𝗵𝗮̣̂𝗻 𝗫𝗲 𝗩𝗮̀ 𝗖𝗮𝘃𝗲𝘁 𝗚𝗼̂́𝗰
✅ 𝗡𝗼̛̣ 𝗫𝗮̂́𝘂 – 𝗛𝗼̂̃ 𝗧𝗿𝗼̛̣ 𝟬 Đ𝗼̂̀𝗻𝗴 – 𝗞𝗵𝗼̂𝗻𝗴 𝗫𝗮́𝗰 𝗠𝗶𝗻𝗵
✅ 𝗡𝗼̛̣ 𝗫𝗮̂́𝘂 – 𝗛𝗼̂̃ 𝗧𝗿𝗼̛̣ Đ𝘂̛𝗮 𝟯𝟬% – 𝗞𝗵𝗼̂𝗻𝗴 𝗟𝗮̃𝗶
✅ Đ𝗼̂̉𝗶 𝗣𝗶𝗻 𝗞𝗵𝗼̂𝗻𝗴 𝗖𝗵𝗼̛̀ 𝗦𝗮̣c 𝗡𝗵𝗶𝗲̂̀𝘂 𝗖𝗵𝗶 𝗡𝗵𝗮́𝗻𝗵
✅ 𝗛ỗ 𝗧𝗿𝗼̛̣ 𝟮 𝗡𝗮̆𝗺 𝗫𝗲 𝗛𝘂̛ – 𝗖𝗼́ 𝗫𝗲 𝗞𝗵𝗮́𝗰 𝗗𝘂̀𝗻𝗴
✅ Đ𝗮̆𝗻𝗴 𝗞𝘆́ 𝗔𝗽𝗽 𝗫𝗮𝗻𝗵 𝗣𝗹𝗮𝘁𝗳𝗼𝗿𝗺 – 𝗧𝗮̣𝗶 𝗖𝗵𝗼̂̃
--------------------
🏠𝟮𝟴𝟴 𝗧𝗿𝘂̛𝗼̛̀𝗻𝗴 𝗖𝗵𝗶𝗻𝗵 - 𝗣𝗵ư𝗼̛̀𝗻𝗴 Đ𝗼̂𝗻𝗴 𝗛𝘂̛𝗻𝗴 𝗧𝗵𝘂𝗮̣̂𝗻 - 𝗛𝗖𝗠 (𝗤𝘂𝗮̣̂𝗻𝟭𝟮 𝗰𝘂̃)",2025,,Tp Hồ Chí Minh,Quận 12,"Evo200  - Bstp 9 Chủ ĐK 2025
- Dàn áo dán keng 98%
- Óc tán 7 màu keng 98%
- Còn đủ phụ kiện theo xe
❤️Xe keng 98% so với xe new 
⛔️ Nợ xấu đưa 0đ có LÃI SUẤT hoặc 11tr KO LÃI SUẤT
--------------------
✅ 𝗛𝗼̂̃ 𝗧𝗿𝗼̛̣ 𝗔𝗲 𝗟𝗲̂𝗻 𝗛𝗼̂̀ 𝗦𝗼̛ 𝗕𝗮𝗻𝗸 𝗡𝗵𝗮̣̂𝗻 𝗫𝗲 𝗩𝗮̀ 𝗖𝗮𝘃𝗲𝘁 𝗚𝗼̂́𝗰
✅ 𝗡𝗼̛̣ 𝗫𝗮̂́𝘂 – 𝗛𝗼̂̃ 𝗧𝗿𝗼̛̣ 𝟬 Đ𝗼̂̀𝗻𝗴 – 𝗞𝗵𝗼̂𝗻𝗴 𝗫𝗮́𝗰 𝗠𝗶𝗻𝗵
✅ 𝗡𝗼̛̣ 𝗫𝗮̂́𝘂 – 𝗛𝗼̂̃ 𝗧𝗿𝗼̛̣ Đ𝘂̛𝗮 𝟯𝟬% – 𝗞𝗵𝗼̂𝗻𝗴 𝗟𝗮̃𝗶
✅ Đ𝗼̂̉𝗶 𝗣𝗶𝗻 𝗞𝗵𝗼̂𝗻𝗴 𝗖𝗵𝗼̛̀ 𝗦𝗮̣c 𝗡𝗵𝗶𝗲̂̀𝘂 𝗖𝗵𝗶 𝗡𝗵𝗮́𝗻𝗵
✅ 𝗛ỗ 𝗧𝗿𝗼̛̣ 𝟮 𝗡𝗮̆𝗺 𝗫𝗲 𝗛𝘂̛ – 𝗖𝗼́ 𝗫𝗲 𝗞𝗵𝗮́𝗰 𝗗𝘂̀𝗻𝗴
✅ Đ𝗮̆𝗻𝗴 𝗞𝘆́ 𝗔𝗽𝗽 𝗫𝗮𝗻𝗵 𝗣𝗹𝗮𝘁𝗳𝗼𝗿𝗺 – 𝗧𝗮̣𝗶 𝗖𝗵𝗼̂̃
--------------------
🏠𝟮𝟴𝟴 𝗧𝗿𝘂̛𝗼̛̀𝗻𝗴 𝗖𝗵𝗶𝗻𝗵 - 𝗣𝗵ư𝗼̛̀𝗻𝗴 Đ𝗼̂𝗻𝗴 𝗛𝘂̛𝗻𝗴 𝗧𝗵𝘂𝗮̣̂𝗻 - 𝗛𝗖𝗠 (𝗤𝘂𝗮̣̂𝗻𝟭𝟮 𝗰𝘂̃)",Cần xác minh,VinFast,Evo 200,18000000.0,-16.1
134622598,Xe máy điện Quantum s1 2025 Đen,43000000,"Xe máy điện Quantum s1  màu đen, kiểu dáng hiện đại, vận hành êm ái. 
- Xe mới, ít sử dụng. 
- Thiết kế thời trang, phù hợp di chuyển trong phố. 
- Tiết kiệm năng lượng, thân thiện môi trường.
Năm 12.2025",2025,6000.0,Tp Hồ Chí Minh,Thành phố Thủ Đức,"Xe máy điện Quantum s1  màu đen, kiểu dáng hiện đại, vận hành êm ái. 
- Xe mới, ít sử dụng. 
- Thiết kế thời trang, phù hợp di chuyển trong phố. 
- Tiết kiệm năng lượng, thân thiện môi trường.
Năm 12.2025",Cần xác minh,Dat Bike,Quantum,34900000.0,-23.2
134558900,Xe Điện 3sGo - EvoMax BST 65 Trắng 8000 km,20900000,"EvoMax BST 65 Chính Chủ
- Odo 8k
- Sẵn 2 pin thuê
- Óc tán 7 màu keng 
- Còn đủ phụ kiện theo xe
- Bảo hành Vinfats toàn quốc
⛔️ Nợ xấu đưa 0đ có LÃI SUẤT hoặc 12tr KO LÃI SUẤT
--------------------
✅ 𝗛𝗼̂̃ 𝗧𝗿𝗼̛̣ 𝗔𝗲 𝗟𝗲̂𝗻 𝗛𝗼̂̀ 𝗦𝗼̛ 𝗕𝗮𝗻𝗸 𝗡𝗵𝗮̣̂𝗻 𝗫𝗲 𝗩𝗮̀ 𝗖𝗮𝘃𝗲𝘁 𝗚𝗼̂́𝗰
✅ 𝗡𝗼̛̣ 𝗫𝗮̂́𝘂 – 𝗛𝗼̂̃ 𝗧𝗿𝗼̛̣ 𝟬 Đ𝗼̂̀𝗻𝗴 – 𝗞𝗵𝗼̂𝗻𝗴 𝗫𝗮́𝗰 𝗠𝗶𝗻𝗵
✅ 𝗡𝗼̛̣ 𝗫𝗮̂́𝘂 – 𝗛𝗼̂̃ 𝗧𝗿𝗼̛̣ Đ𝘂̛𝗮 𝟯𝟬% – 𝗞𝗵𝗼̂𝗻𝗴 𝗟𝗮̃𝗶
✅ Đ𝗼̂̉𝗶 𝗣𝗶𝗻 𝗞𝗵𝗼̂𝗻𝗴 𝗖𝗵𝗼̛̀ 𝗦𝗮̣c 𝗡𝗵𝗶𝗲̂̀𝘂 𝗖𝗵𝗶 𝗡𝗵𝗮́𝗻𝗵
✅ 𝗛ỗ 𝗧𝗿𝗼̛̣ 𝟮 𝗡𝗮̆𝗺 𝗫𝗲 𝗛𝘂̛ – 𝗖𝗼́ 𝗫𝗲 𝗞𝗵𝗮́𝗰 𝗗𝘂̀𝗻𝗴
✅ Đ𝗮̆𝗻𝗴 𝗞𝘆́ 𝗔𝗽𝗽 𝗫𝗮𝗻𝗵 𝗣𝗹𝗮𝘁𝗳𝗼𝗿𝗺 – 𝗧𝗮̣𝗶 𝗖𝗵𝗼̂̃
--------------------
🏠𝟮𝟴𝟴 𝗧𝗿𝘂̛𝗼̛̀𝗻𝗴 𝗖𝗵𝗶𝗻𝗵 - 𝗣𝗵ư𝗼̛̀𝗻𝗴 Đ𝗼̂𝗻𝗴 𝗛𝘂̛𝗻𝗴 𝗧𝗵𝘂𝗮̣̂𝗻 - 𝗛𝗖𝗠 (𝗤𝘂𝗮̣̂𝗻𝟭𝟮 𝗰𝘂̃)",2026,8000.0,Tp Hồ Chí Minh,Quận 12,"EvoMax BST 65 Chính Chủ
- Odo 8k
- Sẵn 2 pin thuê
- Óc tán 7 màu keng 
- Còn đủ phụ kiện theo xe
- Bảo hành Vinfats toàn quốc
⛔️ Nợ xấu đưa 0đ có LÃI SUẤT hoặc 12tr KO LÃI SUẤT
--------------------
✅ 𝗛𝗼̂̃ 𝗧𝗿𝗼̛̣ 𝗔𝗲 𝗟𝗲̂𝗻 𝗛𝗼̂̀ 𝗦𝗼̛ 𝗕𝗮𝗻𝗸 𝗡𝗵𝗮̣̂𝗻 𝗫𝗲 𝗩𝗮̀ 𝗖𝗮𝘃𝗲𝘁 𝗚𝗼̂́𝗰
✅ 𝗡𝗼̛̣ 𝗫𝗮̂́𝘂 – 𝗛𝗼̂̃ 𝗧𝗿𝗼̛̣ 𝟬 Đ𝗼̂̀𝗻𝗴 – 𝗞𝗵𝗼̂𝗻𝗴 𝗫𝗮́𝗰 𝗠𝗶𝗻𝗵
✅ 𝗡𝗼̛̣ 𝗫𝗮̂́𝘂 – 𝗛𝗼̂̃ 𝗧𝗿𝗼̛̣ Đ𝘂̛𝗮 𝟯𝟬% – 𝗞𝗵𝗼̂𝗻𝗴 𝗟𝗮̃𝗶
✅ Đ𝗼̂̉𝗶 𝗣𝗶𝗻 𝗞𝗵𝗼̂𝗻𝗴 𝗖𝗵𝗼̛̀ 𝗦𝗮̣c 𝗡𝗵𝗶𝗲̂̀𝘂 𝗖𝗵𝗶 𝗡𝗵𝗮́𝗻𝗵
✅ 𝗛ỗ 𝗧𝗿𝗼̛̣ 𝟮 𝗡𝗮̆𝗺 𝗫𝗲 𝗛𝘂̛ – 𝗖𝗼́ 𝗫𝗲 𝗞𝗵𝗮́𝗰 𝗗𝘂̀𝗻𝗴
✅ Đ𝗮̆𝗻𝗴 𝗞𝘆́ 𝗔𝗽𝗽 𝗫𝗮𝗻𝗵 𝗣𝗹𝗮𝘁𝗳𝗼𝗿𝗺 – 𝗧𝗮̣𝗶 𝗖𝗵𝗼̂̃
--------------------
🏠𝟮𝟴𝟴 𝗧𝗿𝘂̛𝗼̛̀𝗻𝗴 𝗖𝗵𝗶𝗻𝗵 - 𝗣𝗵ư𝗼̛̀𝗻𝗴 Đ𝗼̂𝗻𝗴 𝗛𝘂̛𝗻𝗴 𝗧𝗵𝘂𝗮̣̂𝗻 - 𝗛𝗖𝗠 (𝗤𝘂𝗮̣̂𝗻𝟭𝟮 𝗰𝘂̃)",Cần xác minh,Khác,Không phân loại,,
134366874,"Xe máy điện Typer 2 Trắng, Cam đã sử dụng",7800000,"Typer 2 đi ít còn như mới bán nửa giá mới

🛵TRẺ TRUNG - PHONG CÁCH - NĂNG ĐỘNG 
✴️ thanh lý xe typer2 
💸💸 giá bán 7tr800
☑️ màu sắc trung tính, thời trang (bảo hành 6 tháng) 
☑️ máy móc nguyên zin, an toàn tiết kiệm điện , Xanh, sạch không ồn 
☎️ Zalo *** (free ship Hà Nội, hỗ trợ ship toàn quốc  )
🏠 389 đội cấn -Hà Nội",2025,10000.0,Hà Nội,Quận Ba Đình,"Typer 2 đi ít còn như mới bán nửa giá mới

🛵TRẺ TRUNG - PHONG CÁCH - NĂNG ĐỘNG 
✴️ thanh lý xe typer2 
💸💸 giá bán 7tr800
☑️ màu sắc trung tính, thời trang (bảo hành 6 tháng) 
☑️ máy móc nguyên zin, an toàn tiết kiệm điện , Xanh, sạch không ồn 
☎️ Zalo *** (free ship Hà Nội, hỗ trợ ship toàn quốc  )
🏠 *** đội cấn -Hà Nội",Kèm pin,Khác,Không phân loại,,
134508320,Xe Điện 3sGo - Datbike S1 2026 Đen 10000 km,44900000,"DatbikeS1 BSTP ĐK 2026 Chính Chủ 1 Lần sạc đi 285km
- Odo 10k hơn
- Óc tán 7 màu keng 
- Còn đủ phụ kiện theo xe 
- Bảo hành Datbike toàn quốc
⛔️ Nợ xấu đưa 5tr8 có LÃI SUẤT hoặc 23tr KO LÃI SUẤT
--------------------
✅ 𝗛𝗼̂̃ 𝗧𝗿𝗼̛̣ 𝗔𝗲 𝗟𝗲̂𝗻 𝗛𝗼̂̀ 𝗦𝗼̛ 𝗕𝗮𝗻𝗸 𝗡𝗵𝗮̣̂𝗻 𝗫𝗲 𝗩𝗮̀ 𝗖𝗮𝘃𝗲𝘁 𝗚𝗼̂́𝗰
✅ 𝗡𝗼̛̣ 𝗫𝗮̂́𝘂 – 𝗛𝗼̂̃ 𝗧𝗿𝗼̛̣ 𝟬 Đ𝗼̂̀𝗻𝗴 – 𝗞𝗵𝗼̂𝗻𝗴 𝗫𝗮́𝗰 𝗠𝗶𝗻𝗵
✅ 𝗡𝗼̛̣ 𝗫𝗮̂́𝘂 – 𝗛𝗼̂̃ 𝗧𝗿𝗼̛̣ Đ𝘂̛𝗮 𝟯𝟬% – 𝗞𝗵𝗼̂𝗻𝗴 𝗟𝗮̃𝗶
✅ Đ𝗼̂̉𝗶 𝗣𝗶𝗻 𝗞𝗵𝗼̂𝗻𝗴 𝗖𝗵𝗼̛̀ 𝗦𝗮̣c 𝗡𝗵𝗶𝗲̂̀𝘂 𝗖𝗵𝗶 𝗡𝗵𝗮́𝗻𝗵
✅ 𝗛ỗ 𝗧𝗿𝗼̛̣ 𝟮 𝗡𝗮̆𝗺 𝗫𝗲 𝗛𝘂̛ – 𝗖𝗼́ 𝗫𝗲 𝗞𝗵𝗮́𝗰 𝗗𝘂̀𝗻𝗴
✅ Đ𝗮̆𝗻𝗴 𝗞𝘆́ 𝗔𝗽𝗽 𝗫𝗮𝗻𝗵 𝗣𝗹𝗮𝘁𝗳𝗼𝗿𝗺 – 𝗧𝗮̣𝗶 𝗖𝗵𝗼̂̃
--------------------
🏠𝟮𝟴𝟴 𝗧𝗿𝘂̛𝗼̛̀𝗻𝗴 𝗖𝗵𝗶𝗻𝗵 - 𝗣𝗵ư𝗼̛̀𝗻𝗴 Đ𝗼̂𝗻𝗴 𝗛𝘂̛𝗻𝗴 𝗧𝗵𝘂𝗮̣̂𝗻 - 𝗛𝗖𝗠 (𝗤𝘂𝗮̣̂𝗻𝟭𝟮 𝗰𝘂̃)",2025,10000.0,Tp Hồ Chí Minh,Quận 12,"DatbikeS1 BSTP ĐK 2026 Chính Chủ 1 Lần sạc đi 285km
- Odo 10k hơn
- Óc tán 7 màu keng 
- Còn đủ phụ kiện theo xe 
- Bảo hành Datbike toàn quốc
⛔️ Nợ xấu đưa 5tr8 có LÃI SUẤT hoặc 23tr KO LÃI SUẤT
--------------------
✅ 𝗛𝗼̂̃ 𝗧𝗿𝗼̛̣ 𝗔𝗲 𝗟𝗲̂𝗻 𝗛𝗼̂̀ 𝗦𝗼̛ 𝗕𝗮𝗻𝗸 𝗡𝗵𝗮̣̂𝗻 𝗫𝗲 𝗩𝗮̀ 𝗖𝗮𝘃𝗲𝘁 𝗚𝗼̂́𝗰
✅ 𝗡𝗼̛̣ 𝗫𝗮̂́𝘂 – 𝗛𝗼̂̃ 𝗧𝗿𝗼̛̣ 𝟬 Đ𝗼̂̀𝗻𝗴 – 𝗞𝗵𝗼̂𝗻𝗴 𝗫𝗮́𝗰 𝗠𝗶𝗻𝗵
✅ 𝗡𝗼̛̣ 𝗫𝗮̂́𝘂 – 𝗛𝗼̂̃ 𝗧𝗿𝗼̛̣ Đ𝘂̛𝗮 𝟯𝟬% – 𝗞𝗵𝗼̂𝗻𝗴 𝗟𝗮̃𝗶
✅ Đ𝗼̂̉𝗶 𝗣𝗶𝗻 𝗞𝗵𝗼̂𝗻𝗴 𝗖𝗵𝗼̛̀ 𝗦𝗮̣c 𝗡𝗵𝗶𝗲̂̀𝘂 𝗖𝗵𝗶 𝗡𝗵𝗮́𝗻𝗵
✅ 𝗛ỗ 𝗧𝗿𝗼̛̣ 𝟮 𝗡𝗮̆𝗺 𝗫𝗲 𝗛𝘂̛ – 𝗖𝗼́ 𝗫𝗲 𝗞𝗵𝗮́𝗰 𝗗𝘂̀𝗻𝗴
✅ Đ𝗮̆𝗻𝗴 𝗞𝘆́ 𝗔𝗽𝗽 𝗫𝗮𝗻𝗵 𝗣𝗹𝗮𝘁𝗳𝗼𝗿𝗺 – 𝗧𝗮̣𝗶 𝗖𝗵𝗼̂̃
--------------------
🏠𝟮𝟴𝟴 𝗧𝗿𝘂̛𝗼̛̀𝗻𝗴 𝗖𝗵𝗶𝗻𝗵 - 𝗣𝗵ư𝗼̛̀𝗻𝗴 Đ𝗼̂𝗻𝗴 𝗛𝘂̛𝗻𝗴 𝗧𝗵𝘂𝗮̣̂𝗻 - 𝗛𝗖𝗠 (𝗤𝘂𝗮̣̂𝗻𝟭𝟮 𝗰𝘂̃)",Cần xác minh,Khác,Không phân loại,,
134197994,CỬA HÀNG THU MUA XE MÁY ĐIỆN CŨ,35999000,"⭐️ CỬA HÀNG PHẠM TUẤN XE ĐIỆN CŨ 
CHUYÊN THU MUA XE ĐIỆN CŨ - GIÁ CAO - BAO MỌI GIẤY TỜ LIÊN QUAN
📌 Địa chỉ: 244 Thoại Ngọc Hầu . Phú Thạnh , Q .Tân Phú . TP HCM.
⭐️ ĐỊNH GIÁ MIỄN PHÍ XE MÁY ⭐️

❤️ Chuyên Thu Mua Xe Điện Cũ với các dòng như sau, Giá Bao Thị Trường
( VINFAST . YADEA . DATBIKE . PEGA...)

Giá thu từ: 1tr - 99tr

Dịch vụ đặc biệt:
❤️ Bấm Giá Trong Vòng 30s Để Khách Hàng Tham Khảo Giá
❤️ Hỗ Trợ Mua Tận Nơi ( Sài Gòn và những chỗ lân cận)


😍😍😍 CẦN KẾT NỐI VỚI SHOWROOM CÁC HÃNG XE ĐIỆN NEW THU CŨ ĐỔI MỚI CHO KHÁCH HÀNG

code: #thumuaxe #26003663_1",2025,1.0,Tp Hồ Chí Minh,Quận Tân Phú,"⭐️ CỬA HÀNG PHẠM TUẤN XE ĐIỆN CŨ 
CHUYÊN THU MUA XE ĐIỆN CŨ - GIÁ CAO - BAO MỌI GIẤY TỜ LIÊN QUAN
📌 Địa chỉ: 244 Thoại Ngọc Hầu . Phú Thạnh , Q .Tân Phú . TP HCM.
⭐️ ĐỊNH GIÁ MIỄN PHÍ XE MÁY ⭐️

❤️ Chuyên Thu Mua Xe Điện Cũ với các dòng như sau, Giá Bao Thị Trường
( VINFAST . YADEA . DATBIKE . PEGA...)

Giá thu từ: 1tr - 99tr

Dịch vụ đặc biệt:
❤️ Bấm Giá Trong Vòng 30s Để Khách Hàng Tham Khảo Giá
❤️ Hỗ Trợ Mua Tận Nơi ( Sài Gòn và những chỗ lân cận)


😍😍😍 CẦN KẾT NỐI VỚI SHOWROOM CÁC HÃNG XE ĐIỆN NEW THU CŨ ĐỔI MỚI CHO KHÁCH HÀNG

code: #thumuaxe #26003663_1",Cần xác minh,Khác,Không phân loại,,
134558870,Xe Điện 3sGo - Feliz II Trắng 700km,25900000,"Feliz II BSTP Chính Chủ 
- Odo 700km
- 2pin (free thuê 2pin 1 năm)
- Óc tán 7 màu keng 
- Còn đủ phụ kiện theo xe 
- Bảo hành Vinfast toàn quốc
⛔️ Nợ xấu đưa 0đ có LÃI SUẤT hoặc 15tr KO LÃI SUẤT
--------------------
✅ 𝗛𝗼̂̃ 𝗧𝗿𝗼̛̣ 𝗔𝗲 𝗟𝗲̂𝗻 𝗛𝗼̂̀ 𝗦𝗼̛ 𝗕𝗮𝗻𝗸 𝗡𝗵𝗮̣̂𝗻 𝗫𝗲 𝗩𝗮̀ 𝗖𝗮𝘃𝗲𝘁 𝗚𝗼̂́𝗰
✅ 𝗡𝗼̛̣ 𝗫𝗮̂́𝘂 – 𝗛𝗼̂̃ 𝗧𝗿𝗼̛̣ 𝟬 Đ𝗼̂̀𝗻𝗴 – 𝗞𝗵𝗼̂𝗻𝗴 𝗫𝗮́𝗰 𝗠𝗶𝗻𝗵
✅ 𝗡𝗼̛̣ 𝗫𝗮̂́𝘂 – 𝗛𝗼̂̃ 𝗧𝗿𝗼̛̣ Đ𝘂̛𝗮 𝟯𝟬% – 𝗞𝗵𝗼̂𝗻𝗴 𝗟𝗮̃𝗶
✅ Đ𝗼̂̉𝗶 𝗣𝗶𝗻 𝗞𝗵𝗼̂𝗻𝗴 𝗖𝗵𝗼̛̀ 𝗦𝗮̣c 𝗡𝗵𝗶𝗲̂̀𝘂 𝗖𝗵𝗶 𝗡𝗵𝗮́𝗻𝗵
✅ 𝗛ỗ 𝗧𝗿𝗼̛̣ 𝟮 𝗡𝗮̆𝗺 𝗫𝗲 𝗛𝘂̛ – 𝗖𝗼́ 𝗫𝗲 𝗞𝗵𝗮́𝗰 𝗗𝘂̀𝗻𝗴
✅ Đ𝗮̆𝗻𝗴 𝗞𝘆́ 𝗔𝗽𝗽 𝗫𝗮𝗻𝗵 𝗣𝗹𝗮𝘁𝗳𝗼𝗿𝗺 – 𝗧𝗮̣𝗶 𝗖𝗵𝗼̂̃
--------------------
🏠𝟮𝟴𝟴 𝗧𝗿𝘂̛𝗼̛̀𝗻𝗴 𝗖𝗵𝗶𝗻𝗵 - 𝗣𝗵ư𝗼̛̀𝗻𝗴 Đ𝗼̂𝗻𝗴 𝗛𝘂̛𝗻𝗴 𝗧𝗵𝘂𝗮̣̂𝗻 - 𝗛𝗖𝗠 (𝗤𝘂𝗮̣̂𝗻𝟭𝟮 𝗰𝘂̃)",2026,700.0,Tp Hồ Chí Minh,Quận 12,"Feliz II BSTP Chính Chủ 
- Odo 700km
- 2pin (free thuê 2pin 1 năm)
- Óc tán 7 màu keng 
- Còn đủ phụ kiện theo xe 
- Bảo hành Vinfast toàn quốc
⛔️ Nợ xấu đưa 0đ có LÃI SUẤT hoặc 15tr KO LÃI SUẤT
--------------------
✅ 𝗛𝗼̂̃ 𝗧𝗿𝗼̛̣ 𝗔𝗲 𝗟𝗲̂𝗻 𝗛𝗼̂̀ 𝗦𝗼̛ 𝗕𝗮𝗻𝗸 𝗡𝗵𝗮̣̂𝗻 𝗫𝗲 𝗩𝗮̀ 𝗖𝗮𝘃𝗲𝘁 𝗚𝗼̂́𝗰
✅ 𝗡𝗼̛̣ 𝗫𝗮̂́𝘂 – 𝗛𝗼̂̃ 𝗧𝗿𝗼̛̣ 𝟬 Đ𝗼̂̀𝗻𝗴 – 𝗞𝗵𝗼̂𝗻𝗴 𝗫𝗮́𝗰 𝗠𝗶𝗻𝗵
✅ 𝗡𝗼̛̣ 𝗫𝗮̂́𝘂 – 𝗛𝗼̂̃ 𝗧𝗿𝗼̛̣ Đ𝘂̛𝗮 𝟯𝟬% – 𝗞𝗵𝗼̂𝗻𝗴 𝗟𝗮̃𝗶
✅ Đ𝗼̂̉𝗶 𝗣𝗶𝗻 𝗞𝗵𝗼̂𝗻𝗴 𝗖𝗵𝗼̛̀ 𝗦𝗮̣c 𝗡𝗵𝗶𝗲̂̀𝘂 𝗖𝗵𝗶 𝗡𝗵𝗮́𝗻𝗵
✅ 𝗛ỗ 𝗧𝗿𝗼̛̣ 𝟮 𝗡𝗮̆𝗺 𝗫𝗲 𝗛𝘂̛ – 𝗖𝗼́ 𝗫𝗲 𝗞𝗵𝗮́𝗰 𝗗𝘂̀𝗻𝗴
✅ Đ𝗮̆𝗻𝗴 𝗞𝘆́ 𝗔𝗽𝗽 𝗫𝗮𝗻𝗵 𝗣𝗹𝗮𝘁𝗳𝗼𝗿𝗺 – 𝗧𝗮̣𝗶 𝗖𝗵𝗼̂̃
--------------------
🏠𝟮𝟴𝟴 𝗧𝗿𝘂̛𝗼̛̀𝗻𝗴 𝗖𝗵𝗶𝗻𝗵 - 𝗣𝗵ư𝗼̛̀𝗻𝗴 Đ𝗼̂𝗻𝗴 𝗛𝘂̛𝗻𝗴 𝗧𝗵𝘂𝗮̣̂𝗻 - 𝗛𝗖𝗠 (𝗤𝘂𝗮̣̂𝗻𝟭𝟮 𝗰𝘂̃)",Cần xác minh,VinFast,Feliz,27000000.0,4.1
134621837,Xe máy điện Xmen 2019 Đen Việt Nam,4900000,"BÁN XE MÁY ĐIỆN cũ :  Xmen 
Giá:4tr900  bình khỏe 30/35km/1 lần sạc 
Đk 2019 biển số 74 
xe ở Cầu Vượt Sóng Thần  Qlộ 1A 
LH: ***
Có nhan đổi xe điện cũ các loại",2019,8978.0,Tp Hồ Chí Minh,Thành phố Thủ Đức,"BÁN XE MÁY ĐIỆN cũ :  Xmen 
Giá:4tr900  bình khỏe 30/35km/1 lần sạc 
Đk 2019 biển số 74 
xe ở Cầu Vượt Sóng Thần  Qlộ 1A 
LH: ***
Có nhan đổi xe điện cũ các loại",Cần xác minh,Khác,Không phân loại,,
134621834,Xe máy điện VinFast Vento Neo Trắng 9.000KM,29500000,"Vento Neo 9.000KM Cập Bến 😍😍😍

Giá..29.5Tr

☎️*** Em bi",2025,9000.0,Tp Hồ Chí Minh,Quận Tân Phú,"Vento Neo 9.000KM Cập Bến 😍😍😍

Giá..29.5Tr

☎️*** Em bi",Cần xác minh,VinFast,Vento,50000000.0,41.0
134621825,"VinFast Feliz Neo 2025 Xám 38,900km",28000000,"Feliz Ne***


- ODO : 38,900km
- Pin : 72v 105Ah . Quãng đường đi được từ 200km 1 lần sạc
- Ngoại hình : 95%
- Thủ tục mua bán : công chứng mua bán ra tên mới. Chủ xe hỗ trợ rút hồ sơ
- Năm đăng ký : 10/2025
- Giá bán :  28,000,000
- Có hỗ trợ trả góp, nợ xấu
- Có cho thuê xe, trao đổi mua bán xe, ký gửi xe",2025,38900.0,Tp Hồ Chí Minh,Quận Tân Bình,"Feliz Ne***


- ODO : 38,900km
- Pin : 72v 105Ah . Quãng đường đi được từ 200km 1 lần sạc
- Ngoại hình : 95%
- Thủ tục mua bán : công chứng mua bán ra tên mới. Chủ xe hỗ trợ rút hồ sơ
- Năm đăng ký : 10/2025
- Giá bán :  28,000,000
- Có hỗ trợ trả góp, nợ xấu
- Có cho thuê xe, trao đổi mua bán xe, ký gửi xe",Cần xác minh,VinFast,Feliz,27000000.0,-3.7
134621821,Xe điện gogo,5200000,"bán xe điện còn rất tốt nhập khẩu nguyên chiếc giá vừa tầm ai mua cho con đi hoc câp 3 đỡ đươc bao nhiêu tiền nhà nhiêu xe lên bán nhanh cho gọn
ai thiên chí mua hoăc nhăn tin nêu ko nghe may kip",2019,5252.0,Hải Phòng,Quận Ngô Quyền,"bán xe điện còn rất tốt nhập khẩu nguyên chiếc giá vừa tầm ai mua cho con đi hoc câp 3 đỡ đươc bao nhiêu tiền nhà nhiêu xe lên bán nhanh cho gọn
ai thiên chí mua hoăc nhăn tin nêu ko nghe may kip",Cần xác minh,Dibao,Gogo,14500000.0,64.1
134621813,Quantum S3 odo 10k xe đẹp ken biển sg,32500000,"Quantum s3 xe đẹp ken 9 chủ ký 
Có gop nợ xấu tay đôi",2025,10412.0,Tp Hồ Chí Minh,Quận Tân Phú,"Quantum s3 xe đẹp ken 9 chủ ký 
Có gop nợ xấu tay đôi",Cần xác minh,Dat Bike,Quantum,34900000.0,6.9
133165398,Xe máy điện VinFast Feliz 2 Trắng,17500000,"Xe máy điện VinFast Feliz 2 màu trắng, thiết kế hiện đại, phù hợp cho cả nam và nữ. 
- Xe vận hành êm ái, tiết kiệm năng lượng. 
- Trang bị nhiều tính năng thông minh. 
- Xe mới, ít sử dụng.
- chuyển nhượng hợp đồng thuê 2 pin vinfast 1,5kw
",2026,1589.0,Đồng Nai,Huyện Trảng Bom,"Xe máy điện VinFast Feliz 2 màu trắng, thiết kế hiện đại, phù hợp cho cả nam và nữ. 
- Xe vận hành êm ái, tiết kiệm năng lượng. 
- Trang bị nhiều tính năng thông minh. 
- Xe mới, ít sử dụng.
- chuyển nhượng hợp đồng thuê 2 pin vinfast 1,5kw
",Cần xác minh,VinFast,Feliz,27000000.0,35.2
134536690,Xe Điện 3sGo -  Evo200Lite 2025 Đen,22900000,"Evo200Lite  - Bstp 9 Chủ ĐK 2025
- 2 Chìa khoá đầy đủ
- Dàn áo dán keng 98%
- Óc tán 7 màu keng 98%
- Còn đủ phụ kiện theo xe
❤️Xe keng 98% so với xe new 
⛔️ Nợ xấu đưa 3tr2 có LÃI SUẤT hoặc 12tr KO LÃI SUẤT
--------------------
✅ 𝗛𝗼̂̃ 𝗧𝗿𝗼̛̣ 𝗔𝗲 𝗟𝗲̂𝗻 𝗛𝗼̂̀ 𝗦𝗼̛ 𝗕𝗮𝗻𝗸 𝗡𝗵𝗮̣̂𝗻 𝗫𝗲 𝗩𝗮̀ 𝗖𝗮𝘃𝗲𝘁 𝗚𝗼̂́𝗰
✅ 𝗡𝗼̛̣ 𝗫𝗮̂́𝘂 – 𝗛𝗼̂̃ 𝗧𝗿𝗼̛̣ 𝟬 Đ𝗼̂̀𝗻𝗴 – 𝗞𝗵𝗼̂𝗻𝗴 𝗫𝗮́𝗰 𝗠𝗶𝗻𝗵
✅ 𝗡𝗼̛̣ 𝗫𝗮̂́𝘂 – 𝗛𝗼̂̃ 𝗧𝗿𝗼̛̣ Đ𝘂̛𝗮 𝟯𝟬% – 𝗞𝗵𝗼̂𝗻𝗴 𝗟𝗮̃𝗶
✅ Đ𝗼̂̉𝗶 𝗣𝗶𝗻 𝗞𝗵𝗼̂𝗻𝗴 𝗖𝗵𝗼̛̀ 𝗦𝗮̣c 𝗡𝗵𝗶𝗲̂̀𝘂 𝗖𝗵𝗶 𝗡𝗵𝗮́𝗻𝗵
✅ 𝗛ỗ 𝗧𝗿𝗼̛̣ 𝟮 𝗡𝗮̆𝗺 𝗫𝗲 𝗛𝘂̛ – 𝗖𝗼́ 𝗫𝗲 𝗞𝗵𝗮́𝗰 𝗗𝘂̀𝗻𝗴
✅ Đ𝗮̆𝗻𝗴 𝗞𝘆́ 𝗔𝗽𝗽 𝗫𝗮𝗻𝗵 𝗣𝗹𝗮𝘁𝗳𝗼𝗿𝗺 – 𝗧𝗮̣𝗶 𝗖𝗵𝗼̂̃
--------------------
🏠𝟮𝟴𝟴 𝗧𝗿𝘂̛𝗼̛̀𝗻𝗴 𝗖𝗵𝗶𝗻𝗵 - 𝗣𝗵ư𝗼̛̀𝗻𝗴 Đ𝗼̂𝗻𝗴 𝗛𝘂̛𝗻𝗴 𝗧𝗵𝘂𝗮̣̂𝗻 - 𝗛𝗖𝗠 (𝗤𝘂𝗮̣̂𝗻𝟭𝟮 𝗰𝘂̃)",2025,,Tp Hồ Chí Minh,Quận 12,"Evo200Lite  - Bstp 9 Chủ ĐK 2025
- 2 Chìa khoá đầy đủ
- Dàn áo dán keng 98%
- Óc tán 7 màu keng 98%
- Còn đủ phụ kiện theo xe
❤️Xe keng 98% so với xe new 
⛔️ Nợ xấu đưa 3tr2 có LÃI SUẤT hoặc 12tr KO LÃI SUẤT
--------------------
✅ 𝗛𝗼̂̃ 𝗧𝗿𝗼̛̣ 𝗔𝗲 𝗟𝗲̂𝗻 𝗛𝗼̂̀ 𝗦𝗼̛ 𝗕𝗮𝗻𝗸 𝗡𝗵𝗮̣̂𝗻 𝗫𝗲 𝗩𝗮̀ 𝗖𝗮𝘃𝗲𝘁 𝗚𝗼̂́𝗰
✅ 𝗡𝗼̛̣ 𝗫𝗮̂́𝘂 – 𝗛𝗼̂̃ 𝗧𝗿𝗼̛̣ 𝟬 Đ𝗼̂̀𝗻𝗴 – 𝗞𝗵𝗼̂𝗻𝗴 𝗫𝗮́𝗰 𝗠𝗶𝗻𝗵
✅ 𝗡𝗼̛̣ 𝗫𝗮̂́𝘂 – 𝗛𝗼̂̃ 𝗧𝗿𝗼̛̣ Đ𝘂̛𝗮 𝟯𝟬% – 𝗞𝗵𝗼̂𝗻𝗴 𝗟𝗮̃𝗶
✅ Đ𝗼̂̉𝗶 𝗣𝗶𝗻 𝗞𝗵𝗼̂𝗻𝗴 𝗖𝗵𝗼̛̀ 𝗦𝗮̣c 𝗡𝗵𝗶𝗲̂̀𝘂 𝗖𝗵𝗶 𝗡𝗵𝗮́𝗻𝗵
✅ 𝗛ỗ 𝗧𝗿𝗼̛̣ 𝟮 𝗡𝗮̆𝗺 𝗫𝗲 𝗛𝘂̛ – 𝗖𝗼́ 𝗫𝗲 𝗞𝗵𝗮́𝗰 𝗗𝘂̀𝗻𝗴
✅ Đ𝗮̆𝗻𝗴 𝗞𝘆́ 𝗔𝗽𝗽 𝗫𝗮𝗻𝗵 𝗣𝗹𝗮𝘁𝗳𝗼𝗿𝗺 – 𝗧𝗮̣𝗶 𝗖𝗵𝗼̂̃
--------------------
🏠𝟮𝟴𝟴 𝗧𝗿𝘂̛𝗼̛̀𝗻𝗴 𝗖𝗵𝗶𝗻𝗵 - 𝗣𝗵ư𝗼̛̀𝗻𝗴 Đ𝗼̂𝗻𝗴 𝗛𝘂̛𝗻𝗴 𝗧𝗵𝘂𝗮̣̂𝗻 - 𝗛𝗖𝗠 (𝗤𝘂𝗮̣̂𝗻𝟭𝟮 𝗰𝘂̃)",Cần xác minh,Khác,Không phân loại,,
134621561,Xe máy điện VinFast Feliz 2025 Trắng 2 pin 2.4kW,25000000,"FELIZ 2025 – 2 PIN ZIN – GIÁ 25 TRIỆU 🔥
Biển số: 50AD-256.57

🛵 Feliz 2025 – xe đẹp, 2 pin zin, sẵn sàng chạy ngay!

✨ Thông tin xe:

📍 ODO: 10.000 km
🔋 2 pin 2.4kW zin hãng
💎 Ngoại hình: 95%
📅 Đăng ký: 12/2025
📄 Công chứng mua bán
💰 Giá bán: 25.000.000đ

💳 HỖ TRỢ TRẢ GÓP – HỖ TRỢ HỒ SƠ NỢ XẤU
🛵 Có cho thuê xe
🔄 Nhận trao đổi – mua bán xe
📦 Nhận ký gửi xe

🔥 Điểm đáng tiền: 2 pin zin + đời 2025 + giấy tờ mua bán rõ ràng. Mua về đi hằng ngày hoặc chạy dịch vụ đều tiện.

📩 Quan tâm inbox ngay – xe đẹp, giá tốt, chốt sớm kẻo hết!",2025,10000.0,Tp Hồ Chí Minh,Quận Tân Bình,"FELIZ 2025 – 2 PIN ZIN – GIÁ 25 TRIỆU 🔥
Biển số: 50AD-256.57

🛵 Feliz 2025 – xe đẹp, 2 pin zin, sẵn sàng chạy ngay!

✨ Thông tin xe:

📍 ODO: 10.000 km
🔋 2 pin 2.4kW zin hãng
💎 Ngoại hình: 95%
📅 Đăng ký: 12/2025
📄 Công chứng mua bán
💰 Giá bán: 25.000.000đ

💳 HỖ TRỢ TRẢ GÓP – HỖ TRỢ HỒ SƠ NỢ XẤU
🛵 Có cho thuê xe
🔄 Nhận trao đổi – mua bán xe
📦 Nhận ký gửi xe

🔥 Điểm đáng tiền: 2 pin zin + đời 2025 + giấy tờ mua bán rõ ràng. Mua về đi hằng ngày hoặc chạy dịch vụ đều tiện.

📩 Quan tâm inbox ngay – xe đẹp, giá tốt, chốt sớm kẻo hết!",Kèm pin,VinFast,Feliz,27000000.0,7.4
134621518,Xe máy điện VinFast Feliz Neo 2025 Xám 39000 km,20500000,"Feliz Neo màu xám BS : 50-AC 735.12


- ODO : 39000
- Pin : 1 Pin zin 67v 30Ah + 1 pin song song sàn chân 67v 30Ah . Quãng đường đi được từ 130 - 150km 1 lần sạc
- Ngoại hình : 90%
- Thủ tục mua bán : công chứng mua bán
- Năm đăng ký : 09/2025
- Giá bán :  20,500,000
- Có hỗ trợ trả góp, nợ xấu
- Có cho thuê xe, trao đổi mua bán xe, ký gửi xe",2025,39000.0,Tp Hồ Chí Minh,Quận Tân Bình,"Feliz Neo màu xám BS : 50-AC 735.12


- ODO : 39000
- Pin : 1 Pin zin 67v 30Ah + 1 pin song song sàn chân 67v 30Ah . Quãng đường đi được từ 130 - 150km 1 lần sạc
- Ngoại hình : 90%
- Thủ tục mua bán : công chứng mua bán
- Năm đăng ký : 09/2025
- Giá bán :  20,500,000
- Có hỗ trợ trả góp, nợ xấu
- Có cho thuê xe, trao đổi mua bán xe, ký gửi xe",Kèm pin,VinFast,Feliz,27000000.0,24.1
134506458,Xe Điện 3sGo - Flazz 2026 Trắng 900 km,15900000,"Flazz BSTP ĐK 2026 Chính Chủ 
- Odo 900 cây
- Đã mua 2 pin
- Óc tán 7 màu keng 
- Còn đủ phụ kiện theo xe
- Bảo hành Vinfast toàn quốc
#Giá_15tr9 - Nậu xớ đưa 2tr1 hoặc 5tr1
⛔️ Nợ xấu đưa 2tr1 có LÃI SUẤT hoặc 8tr KO LÃI SUẤT
--------------------
✅ 𝗛𝗼̂̃ 𝗧𝗿𝗼̛̣ 𝗔𝗲 𝗟𝗲̂𝗻 𝗛𝗼̂̀ 𝗦𝗼̛ 𝗕𝗮𝗻𝗸 𝗡𝗵𝗮̣̂𝗻 𝗫𝗲 𝗩𝗮̀ 𝗖𝗮𝘃𝗲𝘁 𝗚𝗼̂́𝗰
✅ 𝗡𝗼̛̣ 𝗫𝗮̂́𝘂 – 𝗛𝗼̂̃ 𝗧𝗿𝗼̛̣ 𝟬 Đ𝗼̂̀𝗻𝗴 – 𝗞𝗵𝗼̂𝗻𝗴 𝗫𝗮́𝗰 𝗠𝗶𝗻𝗵
✅ 𝗡𝗼̛̣ 𝗫𝗮̂́𝘂 – 𝗛𝗼̂̃ 𝗧𝗿𝗼̛̣ Đ𝘂̛𝗮 𝟯𝟬% – 𝗞𝗵𝗼̂𝗻𝗴 𝗟𝗮̃𝗶
✅ Đ𝗼̂̉𝗶 𝗣𝗶𝗻 𝗞𝗵𝗼̂𝗻𝗴 𝗖𝗵𝗼̛̀ 𝗦𝗮̣c 𝗡𝗵𝗶𝗲̂̀𝘂 𝗖𝗵𝗶 𝗡𝗵𝗮́𝗻𝗵
✅ 𝗛ỗ 𝗧𝗿𝗼̛̣ 𝟮 𝗡𝗮̆𝗺 𝗫𝗲 𝗛𝘂̛ – 𝗖𝗼́ 𝗫𝗲 𝗞𝗵𝗮́𝗰 𝗗𝘂̀𝗻𝗴
✅ Đ𝗮̆𝗻𝗴 𝗞𝘆́ 𝗔𝗽𝗽 𝗫𝗮𝗻𝗵 𝗣𝗹𝗮𝘁𝗳𝗼𝗿𝗺 – 𝗧𝗮̣𝗶 𝗖𝗵𝗼̂̃
--------------------
🏠𝟮𝟴𝟴 𝗧𝗿𝘂̛𝗼̛̀𝗻𝗴 𝗖𝗵𝗶𝗻𝗵 - 𝗣𝗵ư𝗼̛̀𝗻𝗴 Đ𝗼̂𝗻𝗴 𝗛𝘂̛𝗻𝗴 𝗧𝗵𝘂𝗮̣̂𝗻 - 𝗛𝗖𝗠 (𝗤𝘂𝗮̣̂𝗻𝟭𝟮 𝗰𝘂̃)",2026,900.0,Tp Hồ Chí Minh,Quận 12,"Flazz BSTP ĐK 2026 Chính Chủ 
- Odo 900 cây
- Đã mua 2 pin
- Óc tán 7 màu keng 
- Còn đủ phụ kiện theo xe
- Bảo hành Vinfast toàn quốc
#Giá_15tr9 - Nậu xớ đưa 2tr1 hoặc 5tr1
⛔️ Nợ xấu đưa 2tr1 có LÃI SUẤT hoặc 8tr KO LÃI SUẤT
--------------------
✅ 𝗛𝗼̂̃ 𝗧𝗿𝗼̛̣ 𝗔𝗲 𝗟𝗲̂𝗻 𝗛𝗼̂̀ 𝗦𝗼̛ 𝗕𝗮𝗻𝗸 𝗡𝗵𝗮̣̂𝗻 𝗫𝗲 𝗩𝗮̀ 𝗖𝗮𝘃𝗲𝘁 𝗚𝗼̂́𝗰
✅ 𝗡𝗼̛̣ 𝗫𝗮̂́𝘂 – 𝗛𝗼̂̃ 𝗧𝗿𝗼̛̣ 𝟬 Đ𝗼̂̀𝗻𝗴 – 𝗞𝗵𝗼̂𝗻𝗴 𝗫𝗮́𝗰 𝗠𝗶𝗻𝗵
✅ 𝗡𝗼̛̣ 𝗫𝗮̂́𝘂 – 𝗛𝗼̂̃ 𝗧𝗿𝗼̛̣ Đ𝘂̛𝗮 𝟯𝟬% – 𝗞𝗵𝗼̂𝗻𝗴 𝗟𝗮̃𝗶
✅ Đ𝗼̂̉𝗶 𝗣𝗶𝗻 𝗞𝗵𝗼̂𝗻𝗴 𝗖𝗵𝗼̛̀ 𝗦𝗮̣c 𝗡𝗵𝗶𝗲̂̀𝘂 𝗖𝗵𝗶 𝗡𝗵𝗮́𝗻𝗵
✅ 𝗛ỗ 𝗧𝗿𝗼̛̣ 𝟮 𝗡𝗮̆𝗺 𝗫𝗲 𝗛𝘂̛ – 𝗖𝗼́ 𝗫𝗲 𝗞𝗵𝗮́𝗰 𝗗𝘂̀𝗻𝗴
✅ Đ𝗮̆𝗻𝗴 𝗞𝘆́ 𝗔𝗽𝗽 𝗫𝗮𝗻𝗵 𝗣𝗹𝗮𝘁𝗳𝗼𝗿𝗺 – 𝗧𝗮̣𝗶 𝗖𝗵𝗼̂̃
--------------------
🏠𝟮𝟴𝟴 𝗧𝗿𝘂̛𝗼̛̀𝗻𝗴 𝗖𝗵𝗶𝗻𝗵 - 𝗣𝗵ư𝗼̛̀𝗻𝗴 Đ𝗼̂𝗻𝗴 𝗛𝘂̛𝗻𝗴 𝗧𝗵𝘂𝗮̣̂𝗻 - 𝗛𝗖𝗠 (𝗤𝘂𝗮̣̂𝗻𝟭𝟮 𝗰𝘂̃)",Cần xác minh,Khác,Không phân loại,,
134555510,Xe Điện 3sGo - Datbike S1 Đen 10.000 km,44900000,"DatbikeS1 BSTP ĐK 2026 Chính Chủ 1 Lần sạc đi 285km
- Odo 10k hơn
- Óc tán 7 màu keng 
- Còn đủ phụ kiện theo xe 
- Bảo hành Datbike toàn quốc
⛔️ Nợ xấu đưa 5tr8 có LÃI SUẤT hoặc 24tr KO LÃI SUẤT
--------------------
✅ 𝗛𝗼̂̃ 𝗧𝗿𝗼̛̣ 𝗔𝗲 𝗟𝗲̂𝗻 𝗛𝗼̂̀ 𝗦𝗼̛ 𝗕𝗮𝗻𝗸 𝗡𝗵𝗮̣̂𝗻 𝗫𝗲 𝗩𝗮̀ 𝗖𝗮𝘃𝗲𝘁 𝗚𝗼̂́𝗰
✅ 𝗡𝗼̛̣ 𝗫𝗮̂́𝘂 – 𝗛𝗼̂̃ 𝗧𝗿𝗼̛̣ 𝟬 Đ𝗼̂̀𝗻𝗴 – 𝗞𝗵𝗼̂𝗻𝗴 𝗫𝗮́𝗰 𝗠𝗶𝗻𝗵
✅ 𝗡𝗼̛̣ 𝗫𝗮̂́𝘂 – 𝗛𝗼̂̃ 𝗧𝗿𝗼̛̣ Đ𝘂̛𝗮 𝟯𝟬% – 𝗞𝗵𝗼̂𝗻𝗴 𝗟𝗮̃𝗶
✅ Đ𝗼̂̉𝗶 𝗣𝗶𝗻 𝗞𝗵𝗼̂𝗻𝗴 𝗖𝗵𝗼̛̀ 𝗦𝗮̣c 𝗡𝗵𝗶𝗲̂̀𝘂 𝗖𝗵𝗶 𝗡𝗵𝗮́𝗻𝗵
✅ 𝗛ỗ 𝗧𝗿𝗼̛̣ 𝟮 𝗡𝗮̆𝗺 𝗫𝗲 𝗛𝘂̛ – 𝗖𝗼́ 𝗫𝗲 𝗞𝗵𝗮́𝗰 𝗗𝘂̀𝗻𝗴
✅ Đ𝗮̆𝗻𝗴 𝗞𝘆́ 𝗔𝗽𝗽 𝗫𝗮𝗻𝗵 𝗣𝗹𝗮𝘁𝗳𝗼𝗿𝗺 – 𝗧𝗮̣𝗶 𝗖𝗵𝗼̂̃
--------------------
🏠𝟮𝟴𝟴 𝗧𝗿𝘂̛𝗼̛̀𝗻𝗴 𝗖𝗵𝗶𝗻𝗵 - 𝗣𝗵ư𝗼̛̀𝗻𝗴 Đ𝗼̂𝗻𝗴 𝗛𝘂̛𝗻𝗴 𝗧𝗵𝘂𝗮̣̂𝗻 - 𝗛𝗖𝗠 (𝗤𝘂𝗮̣̂𝗻𝟭𝟮 𝗰𝘂̃)",2026,10000.0,Tp Hồ Chí Minh,Quận 12,"DatbikeS1 BSTP ĐK 2026 Chính Chủ 1 Lần sạc đi 285km
- Odo 10k hơn
- Óc tán 7 màu keng 
- Còn đủ phụ kiện theo xe 
- Bảo hành Datbike toàn quốc
⛔️ Nợ xấu đưa 5tr8 có LÃI SUẤT hoặc 24tr KO LÃI SUẤT
--------------------
✅ 𝗛𝗼̂̃ 𝗧𝗿𝗼̛̣ 𝗔𝗲 𝗟𝗲̂𝗻 𝗛𝗼̂̀ 𝗦𝗼̛ 𝗕𝗮𝗻𝗸 𝗡𝗵𝗮̣̂𝗻 𝗫𝗲 𝗩𝗮̀ 𝗖𝗮𝘃𝗲𝘁 𝗚𝗼̂́𝗰
✅ 𝗡𝗼̛̣ 𝗫𝗮̂́𝘂 – 𝗛𝗼̂̃ 𝗧𝗿𝗼̛̣ 𝟬 Đ𝗼̂̀𝗻𝗴 – 𝗞𝗵𝗼̂𝗻𝗴 𝗫𝗮́𝗰 𝗠𝗶𝗻𝗵
✅ 𝗡𝗼̛̣ 𝗫𝗮̂́𝘂 – 𝗛𝗼̂̃ 𝗧𝗿𝗼̛̣ Đ𝘂̛𝗮 𝟯𝟬% – 𝗞𝗵𝗼̂𝗻𝗴 𝗟𝗮̃𝗶
✅ Đ𝗼̂̉𝗶 𝗣𝗶𝗻 𝗞𝗵𝗼̂𝗻𝗴 𝗖𝗵𝗼̛̀ 𝗦𝗮̣c 𝗡𝗵𝗶𝗲̂̀𝘂 𝗖𝗵𝗶 𝗡𝗵𝗮́𝗻𝗵
✅ 𝗛ỗ 𝗧𝗿𝗼̛̣ 𝟮 𝗡𝗮̆𝗺 𝗫𝗲 𝗛𝘂̛ – 𝗖𝗼́ 𝗫𝗲 𝗞𝗵𝗮́𝗰 𝗗𝘂̀𝗻𝗴
✅ Đ𝗮̆𝗻𝗴 𝗞𝘆́ 𝗔𝗽𝗽 𝗫𝗮𝗻𝗵 𝗣𝗹𝗮𝘁𝗳𝗼𝗿𝗺 – 𝗧𝗮̣𝗶 𝗖𝗵𝗼̂̃
--------------------
🏠𝟮𝟴𝟴 𝗧𝗿𝘂̛𝗼̛̀𝗻𝗴 𝗖𝗵𝗶𝗻𝗵 - 𝗣𝗵ư𝗼̛̀𝗻𝗴 Đ𝗼̂𝗻𝗴 𝗛𝘂̛𝗻𝗴 𝗧𝗵𝘂𝗮̣̂𝗻 - 𝗛𝗖𝗠 (𝗤𝘂𝗮̣̂𝗻𝟭𝟮 𝗰𝘂̃)",Cần xác minh,Khác,Không phân loại,,
134620997,Xe máy điện Vespa Espero Classic 2022 Xanh ngọc,8400000,"Vespa Espero Classic 1. Đời cao 2022
Bình khoẻ. Đầy đủ giấy tờ
Ngoại hình đẹp như hình.
Giá hơn 8tr400

📍 Có thể xem xe và kiểm tra trực tiếp.
🏠 87 Máy tơ. Nam định
☎️ ***",2022,8000.0,Nam Định,Thành phố Nam Định,"Vespa Espero Classic 1. Đời cao 2022
Bình khoẻ. Đầy đủ giấy tờ
Ngoại hình đẹp như hình.
Giá hơn 8tr400

📍 Có thể xem xe và kiểm tra trực tiếp.
🏠 87 Máy tơ. Nam định
☎️ ***",Cần xác minh,Khác,Không phân loại,,
134434450,Xe đạp điện Yadea V1 Plus Đen,8500000,"Xe điện V1 Plus màu đen
- Kiểu dáng thời trang, dễ điều khiển.
- Động cơ êm ái.
- Pin bền bỉ, di chuyển quãng đường xa.",2025,1.0,Tp Hồ Chí Minh,Quận Tân Bình,"Xe điện V1 Plus màu đen
- Kiểu dáng thời trang, dễ điều khiển.
- Động cơ êm ái.
- Pin bền bỉ, di chuyển quãng đường xa.",Cần xác minh,Yadea,Yadea (Khác),9990000.0,14.9
134620393,Xe máy điện VinFast Vento Neo Trắng 9.000KM,29500000,"Vento Neo 9.000KM Cập Bến 😍😍😍

Giá..29.5Tr

☎️*** Minh Khờ",2025,9000.0,Tp Hồ Chí Minh,Quận Tân Phú,"Vento Neo 9.000KM Cập Bến 😍😍😍

Giá..29.5Tr

☎️*** Minh Khờ",Cần xác minh,VinFast,Vento,50000000.0,41.0
134620294,Vinfast Ludo Xe điện,6600000,Bán xe điện vinfast ludo acquy mới bảo hành 1 năm,2020,10.0,Hà Nội,Quận Tây Hồ,Bán xe điện vinfast ludo acquy mới bảo hành 1 năm,Cần xác minh,VinFast,Ludo,12900000.0,48.8
134620154,Xe máy điện VinFast Vento ABS Đen 7.000km,28800000,"Vento ABS lướt 7.000km
Chính chủ ký
-  Liền lạc đẹp keng
- 2 chìa 2 kính theo xe còn đủ
- Đã úp phuộc sau

Giá: 28tr8
☎️ ***",2025,7000.0,Tp Hồ Chí Minh,Quận 5,"Vento ABS lướt 7.000km
Chính chủ ký
-  Liền lạc đẹp keng
- 2 chìa 2 kính theo xe còn đủ
- Đã úp phuộc sau

Giá: 28tr8
☎️ ***",Cần xác minh,VinFast,Vento,50000000.0,42.4
134620115,Xe máy điện VinFast Vento Neo 2025 Trắng,29500000,"Khách lên đời để lại 
Vento neo siêu lướt
- Biển Tp chính chủ ký
- Pin 3.5, sạc 1000w đời mới 
- Liền lạc đẹp ken
- Góp đưa trước 30% nhận xe

Giá 29tr5
☎️***",2025,9000.0,Tp Hồ Chí Minh,Quận 5,"Khách lên đời để lại 
Vento neo siêu lướt
- Biển Tp chính chủ ký
- Pin 3.5, sạc 1000w đời mới 
- Liền lạc đẹp ken
- Góp đưa trước 30% nhận xe

Giá 29tr5
☎️***",Cần xác minh,VinFast,Vento,50000000.0,41.0
134620037,Xe máy điện Yadea Omee Trắng Ắc quy Graphene,14500000,"Xe máy điện Yadea Omee trắng, mới mua hơn 1 tuần, còn bảo hành hãng. 
 - Xe mới ra mắt 2026, thiết kế hiện đại. 
 - Pin ắc quy Graphene 48V22Ah, tốc độ tối đa 40km/h, công suất 400W. 
 - Phù hợp cho học sinh, sinh viên từ 16 tuổi trở lên hoặc người không có bằng lái. 
 - Giá 14.500.000 đồng.",2026,150.0,Tp Hồ Chí Minh,Thành phố Thủ Đức,"Xe máy điện Yadea Omee trắng, mới mua hơn 1 tuần, còn bảo hành hãng. 
 - Xe mới ra mắt 2026, thiết kế hiện đại. 
 - Pin ắc quy Graphene 48V22Ah, tốc độ tối đa 40km/h, công suất 400W. 
 - Phù hợp cho học sinh, sinh viên từ 16 tuổi trở lên hoặc người không có bằng lái. 
 - Giá 14.500.000 đồng.",Cần xác minh,Yadea,Yadea (Khác),9990000.0,-45.1
134599987,Xe điện Vespa Vision 2026 Xám Đã sử dụng,18500000,"Xe điện vision mới mua 2026 mới 98%

🔥🔥🔥 Siêu Phẩm Mới Về Ạ 🔥🔥🔥 

Vespa Siêu Siêu Lướt 2026

Xe Mới 95%, dk đầy đủ

SmartKey Zin
Xe Điện huy lâm Bán Rẻ 7tr So Với Mới 
Mà Lại Được Xe Như Mới Ạ 

📌 Ship Hàng TOÀN QUỐC - Nhanh chóng
---- 
📞 LH tư vấn miễn phí : ***( zalo / video call ) 
🕹️ Địa chỉ: 389 đội cấn-ba đình - Hà Nội. 
❇️ Cửa Hàng Xe Điện Huy Lâm",2026,5000.0,Hà Nội,Quận Ba Đình,"Xe điện vision mới mua 2026 mới 98%

🔥🔥🔥 Siêu Phẩm Mới Về Ạ 🔥🔥🔥 

Vespa Siêu Siêu Lướt 2026

Xe Mới 95%, dk đầy đủ

SmartKey Zin
Xe Điện huy lâm Bán Rẻ 7tr So Với Mới 
Mà Lại Được Xe Như Mới Ạ 

📌 Ship Hàng TOÀN QUỐC - Nhanh chóng
---- 
📞 LH tư vấn miễn phí : ***( zalo / video call ) 
🕹️ Địa chỉ: *** đội cấn-ba đình - Hà Nội. 
❇️ Cửa Hàng Xe Điện Huy Lâm",Kèm pin,Khác,Không phân loại,,
134619125,Xe máy điện VinFast Evo200 Lite Đen Việt Nam,20000000,"Trâu bò nhất dòng xe học sinh. Ko cần bằng lái. 
Evo200 lite biển SG.
Pin 3.5 kwh, trâu bò nhất nhà Vin. Tầm 100 - 140 km/sạc.
BH hãng đến 2028.
Biển SG, sang tên nhanh chóng.
20tr bao rút hồ sơ. 

Xe điện Z48
104 Đường số 1,kdc Cityland Center Hill, phường Hạnh Thông (t7 nghỉ)
***",2023,18000.0,Tp Hồ Chí Minh,Quận Gò Vấp,"Trâu bò nhất dòng xe học sinh. Ko cần bằng lái. 
Evo200 lite biển SG.
Pin 3.5 kwh, trâu bò nhất nhà Vin. Tầm 100 - 140 km/sạc.
BH hãng đến 2028.
Biển SG, sang tên nhanh chóng.
20tr bao rút hồ sơ. 

Xe điện Z48
*** Đường số 1,kdc Cityland Center Hill, phường Hạnh Thông (t7 nghỉ)
***",Cần xác minh,VinFast,Evo 200,18000000.0,-11.1
134618992,Vinfast Motio màu đỏ - Xe học sinh,8500000,"- Motio Vinfast.  Học sinh trên 16t đi ko cần bằng lái 
- 5 Bình acquy đi 50km/lần sạc 
- Chính chủ công chứng 
- Giá 8tr500k 
- Địa chỉ : 24/6. Đ.TL44. P.thạnh lộc. Q12",2025,10484.0,Tp Hồ Chí Minh,Quận 12,"- Motio Vinfast.  Học sinh trên 16t đi ko cần bằng lái 
- 5 Bình acquy đi 50km/lần sạc 
- Chính chủ công chứng 
- Giá 8tr500k 
- Địa chỉ : 24/6. Đ.TL44. P.thạnh lộc. Q12",Cần xác minh,Khác,Không phân loại,,
134618650,Xe máy điện VinFast Ludo/ Ko Bằng Lái (Cs2),8900000,"VinFast LuDo 50 / Pin / Không Bằng Lái
Trọng Lượng: 68Kg
Công Suất: 500w
Mua mới lúc trước 24.5 Triệu ( Pin Mua )
Năm SX : 2020
Xem Xe Tại CH2 Nguyễn Thông",2020,39000.0,Cần Thơ,Quận Bình Thuỷ,"VinFast LuDo 50 / Pin / Không Bằng Lái
Trọng Lượng: 68Kg
Công Suất: 500w
Mua mới lúc trước 24.5 Triệu ( Pin Mua )
Năm SX : 2020
Xem Xe Tại CH2 Nguyễn Thông",Cần xác minh,VinFast,Ludo,12900000.0,31.0
134602241,Xe Điện 3sGo - QuantumS1 BST 2025 Xanh 30k,35900000,"QuantumS1 BST9chù
- Đăng ký 2025
- Odo 30k
- Yên kimdang 
- Dàn áo keng ko trầy 98%
- Óc tán 7 màu keng 98%
- Còn đủ phụ kiện theo xe
❤️Xe keng 99% so với xe new 
⛔️ Nợ xấu đưa 8tr1 có LÃI SUẤT hoặc 19tr5 KO LÃI SUẤT
--------------------
✅ 𝗛𝗼̂̃ 𝗧𝗿𝗼̛̣ 𝗔𝗲 𝗟𝗲̂𝗻 𝗛𝗼̂̀ 𝗦𝗼̛ 𝗕𝗮𝗻𝗸 𝗡𝗵𝗮̣̂𝗻 𝗫𝗲 𝗩𝗮̀ 𝗖𝗮𝘃𝗲𝘁 𝗚𝗼̂́𝗰
✅ 𝗡𝗼̛̣ 𝗫𝗮̂́𝘂 – 𝗛𝗼̂̃ 𝗧𝗿𝗼̛̣ 𝟬 Đ𝗼̂̀𝗻𝗴 – 𝗞𝗵𝗼̂𝗻𝗴 𝗫𝗮́𝗰 𝗠𝗶𝗻𝗵
✅ 𝗡𝗼̛̣ 𝗫𝗮̂́𝘂 – 𝗛𝗼̂̃ 𝗧𝗿𝗼̛̣ Đ𝘂̛𝗮 𝟯𝟬% – 𝗞𝗵𝗼̂𝗻𝗴 𝗟𝗮̃𝗶
✅ Đ𝗼̂̉𝗶 𝗣𝗶𝗻 𝗞𝗵𝗼̂𝗻𝗴 𝗖𝗵𝗼̛̀ 𝗦𝗮̣c 𝗡𝗵𝗶𝗲̂̀𝘂 𝗖𝗵𝗶 𝗡𝗵𝗮́𝗻𝗵
✅ 𝗛ỗ 𝗧𝗿𝗼̛̣ 𝟮 𝗡𝗮̆𝗺 𝗫𝗲 𝗛𝘂̛ – 𝗖𝗼́ 𝗫𝗲 𝗞𝗵𝗮́𝗰 𝗗𝘂̀𝗻𝗴
✅ Đ𝗮̆𝗻𝗴 𝗞𝘆́ 𝗔𝗽𝗽 𝗫𝗮𝗻𝗵 𝗣𝗹𝗮𝘁𝗳𝗼𝗿𝗺 – 𝗧𝗮̣𝗶 𝗖𝗵𝗼̂̃
--------------------
🏠 𝟭𝟭𝟱 𝗣𝗵𝗮̣𝗺 𝗧𝗵𝗲̂́ 𝗛𝗶𝗲̂̉𝗻 - 𝗖𝗵𝗮́𝗻𝗵 𝗛𝘂̛𝗻𝗴 - 𝗛𝗖𝗠 ( 𝗤𝘂𝗮̣̂𝗻 𝟴 )
☎️ 𝗛𝗼𝘁𝗹𝗶𝗻𝗲 : *** - 𝗗𝗶𝗲̣̂𝘂",2025,30.0,Tp Hồ Chí Minh,Quận 8,"QuantumS1 BST9chù
- Đăng ký 2025
- Odo 30k
- Yên kimdang 
- Dàn áo keng ko trầy 98%
- Óc tán 7 màu keng 98%
- Còn đủ phụ kiện theo xe
❤️Xe keng 99% so với xe new 
⛔️ Nợ xấu đưa 8tr1 có LÃI SUẤT hoặc 19tr5 KO LÃI SUẤT
--------------------
✅ 𝗛𝗼̂̃ 𝗧𝗿𝗼̛̣ 𝗔𝗲 𝗟𝗲̂𝗻 𝗛𝗼̂̀ 𝗦𝗼̛ 𝗕𝗮𝗻𝗸 𝗡𝗵𝗮̣̂𝗻 𝗫𝗲 𝗩𝗮̀ 𝗖𝗮𝘃𝗲𝘁 𝗚𝗼̂́𝗰
✅ 𝗡𝗼̛̣ 𝗫𝗮̂́𝘂 – 𝗛𝗼̂̃ 𝗧𝗿𝗼̛̣ 𝟬 Đ𝗼̂̀𝗻𝗴 – 𝗞𝗵𝗼̂𝗻𝗴 𝗫𝗮́𝗰 𝗠𝗶𝗻𝗵
✅ 𝗡𝗼̛̣ 𝗫𝗮̂́𝘂 – 𝗛𝗼̂̃ 𝗧𝗿𝗼̛̣ Đ𝘂̛𝗮 𝟯𝟬% – 𝗞𝗵𝗼̂𝗻𝗴 𝗟𝗮̃𝗶
✅ Đ𝗼̂̉𝗶 𝗣𝗶𝗻 𝗞𝗵𝗼̂𝗻𝗴 𝗖𝗵𝗼̛̀ 𝗦𝗮̣c 𝗡𝗵𝗶𝗲̂̀𝘂 𝗖𝗵𝗶 𝗡𝗵𝗮́𝗻𝗵
✅ 𝗛ỗ 𝗧𝗿𝗼̛̣ 𝟮 𝗡𝗮̆𝗺 𝗫𝗲 𝗛𝘂̛ – 𝗖𝗼́ 𝗫𝗲 𝗞𝗵𝗮́𝗰 𝗗𝘂̀𝗻𝗴
✅ Đ𝗮̆𝗻𝗴 𝗞𝘆́ 𝗔𝗽𝗽 𝗫𝗮𝗻𝗵 𝗣𝗹𝗮𝘁𝗳𝗼𝗿𝗺 – 𝗧𝗮̣𝗶 𝗖𝗵𝗼̂̃
--------------------
🏠 𝟭𝟭𝟱 𝗣𝗵𝗮̣𝗺 𝗧𝗵𝗲̂́ 𝗛𝗶𝗲̂̉𝗻 - 𝗖𝗵𝗮́𝗻𝗵 𝗛𝘂̛𝗻𝗴 - 𝗛𝗖𝗠 ( 𝗤𝘂𝗮̣̂𝗻 𝟴 )
☎️ 𝗛𝗼𝘁𝗹𝗶𝗻𝗲 : *** - 𝗗𝗶𝗲̣̂𝘂",Cần xác minh,Khác,Không phân loại,,
134617456,Xe máy điện BEFORE ALL Latina VI 2.0 Trắng,12000000,"Xe máy điện mới mua được 3 tháng cần bán lại  hãng: BEFORE ALL
Dòng : latina vi 2.0 
Thiết kế theo kiểu dáng vespa 
Tốc độ tối đa 50km/h 
Pin chạy được 60km
Còn bảo hành 9 tháng
giá mua mới 18tr500 
bán lại 12tr000",2026,300.0,Đà Nẵng,Quận Ngũ Hành Sơn,"Xe máy điện mới mua được 3 tháng cần bán lại  hãng: BEFORE ALL
Dòng : latina vi 2.0 
Thiết kế theo kiểu dáng vespa 
Tốc độ tối đa 50km/h 
Pin chạy được 60km
Còn bảo hành 9 tháng
giá mua mới 18tr500 
bán lại 12tr000",Cần xác minh,Khác,Không phân loại,,
134617447,Xe máy điện DK Bike 2021,7900000,"Xe máy điện Soma SX không cần bằng lái btc 
1 lần sạc đi được 60km , tốc tối đa 46km giờ 
5 bình vừa thay mới còn bảo hành 1 năm 
Áo quần sạch sẽ không bể , full chức năng 
Giá : 7tr9 bình tân",2021,40000.0,Tp Hồ Chí Minh,Quận Bình Tân,"Xe máy điện Soma SX không cần bằng lái btc 
1 lần sạc đi được 60km , tốc tối đa 46km giờ 
5 bình vừa thay mới còn bảo hành 1 năm 
Áo quần sạch sẽ không bể , full chức năng 
Giá : 7tr9 bình tân",Cần xác minh,Khác,Không phân loại,,
134602534,Xe Điện 3sGo - EvoGrand Đen 14k km,22900000,"EvoGrand ĐK 4/2026 BST 9 chủ kí
- Odo 14k
- 2 pin mua theo xe
- Dàn áo keng ko trầy 98%
- Óc tán 7 màu keng 98%
- Còn đủ phụ kiện theo xe
❤️Xe keng 98% so với xe new 
⛔️ Nợ xấu đưa 0Đ có LÃI SUẤT hoặc 13tr KO LÃI SUẤT
--------------------
✅ 𝗛𝗼̂̃ 𝗧𝗿𝗼̛̣ 𝗔𝗲 𝗟𝗲̂𝗻 𝗛𝗼̂̀ 𝗦𝗼̛ 𝗕𝗮𝗻𝗸 𝗡𝗵𝗮̣̂𝗻 𝗫𝗲 𝗩𝗮̀ 𝗖𝗮𝘃𝗲𝘁 𝗚𝗼̂́𝗰
✅ 𝗡𝗼̛̣ 𝗫𝗮̂́𝘂 – 𝗛𝗼̂̃ 𝗧𝗿𝗼̛̣ 𝟬 Đ𝗼̂̀𝗻𝗴 – 𝗞𝗵𝗼̂𝗻𝗴 𝗫𝗮́𝗰 𝗠𝗶𝗻𝗵
✅ 𝗡𝗼̛̣ 𝗫𝗮̂́𝘂 – 𝗛𝗼̂̃ 𝗧𝗿𝗼̛̣ Đ𝘂̛𝗮 𝟯𝟬% – 𝗞𝗵𝗼̂𝗻𝗴 𝗟𝗮̃𝗶
✅ Đ𝗼̂̉𝗶 𝗣𝗶𝗻 𝗞𝗵𝗼̂𝗻𝗴 𝗖𝗵𝗼̛̀ 𝗦𝗮̣c 𝗡𝗵𝗶𝗲̂̀𝘂 𝗖𝗵𝗶 𝗡𝗵𝗮́𝗻𝗵
✅ 𝗛ỗ 𝗧𝗿𝗼̛̣ 𝟮 𝗡𝗮̆𝗺 𝗫𝗲 𝗛𝘂̛ – 𝗖𝗼́ 𝗫𝗲 𝗞𝗵𝗮́𝗰 𝗗𝘂̀𝗻𝗴
✅ Đ𝗮̆𝗻𝗴 𝗞𝘆́ 𝗔𝗽𝗽 𝗫𝗮𝗻𝗵 𝗣𝗹𝗮𝘁𝗳𝗼𝗿𝗺 – 𝗧𝗮̣𝗶 𝗖𝗵𝗼̂̃
--------------------
🏠 𝟭𝟭𝟱 𝗣𝗵𝗮̣𝗺 𝗧𝗵𝗲̂́ 𝗛𝗶𝗲̂̉𝗻 - 𝗖𝗵𝗮́𝗻𝗵 𝗛𝘂̛𝗻𝗴 - 𝗛𝗖𝗠 ( 𝗤𝘂𝗮̣̂𝗻 𝟴 )
☎️ 𝗛𝗼𝘁𝗹𝗶𝗻𝗲 : *** - 𝗗𝗶𝗲̣̂𝘂",2026,14000.0,Tp Hồ Chí Minh,Quận 8,"EvoGrand ĐK 4/2026 BST 9 chủ kí
- Odo 14k
- 2 pin mua theo xe
- Dàn áo keng ko trầy 98%
- Óc tán 7 màu keng 98%
- Còn đủ phụ kiện theo xe
❤️Xe keng 98% so với xe new 
⛔️ Nợ xấu đưa 0Đ có LÃI SUẤT hoặc 13tr KO LÃI SUẤT
--------------------
✅ 𝗛𝗼̂̃ 𝗧𝗿𝗼̛̣ 𝗔𝗲 𝗟𝗲̂𝗻 𝗛𝗼̂̀ 𝗦𝗼̛ 𝗕𝗮𝗻𝗸 𝗡𝗵𝗮̣̂𝗻 𝗫𝗲 𝗩𝗮̀ 𝗖𝗮𝘃𝗲𝘁 𝗚𝗼̂́𝗰
✅ 𝗡𝗼̛̣ 𝗫𝗮̂́𝘂 – 𝗛𝗼̂̃ 𝗧𝗿𝗼̛̣ 𝟬 Đ𝗼̂̀𝗻𝗴 – 𝗞𝗵𝗼̂𝗻𝗴 𝗫𝗮́𝗰 𝗠𝗶𝗻𝗵
✅ 𝗡𝗼̛̣ 𝗫𝗮̂́𝘂 – 𝗛𝗼̂̃ 𝗧𝗿𝗼̛̣ Đ𝘂̛𝗮 𝟯𝟬% – 𝗞𝗵𝗼̂𝗻𝗴 𝗟𝗮̃𝗶
✅ Đ𝗼̂̉𝗶 𝗣𝗶𝗻 𝗞𝗵𝗼̂𝗻𝗴 𝗖𝗵𝗼̛̀ 𝗦𝗮̣c 𝗡𝗵𝗶𝗲̂̀𝘂 𝗖𝗵𝗶 𝗡𝗵𝗮́𝗻𝗵
✅ 𝗛ỗ 𝗧𝗿𝗼̛̣ 𝟮 𝗡𝗮̆𝗺 𝗫𝗲 𝗛𝘂̛ – 𝗖𝗼́ 𝗫𝗲 𝗞𝗵𝗮́𝗰 𝗗𝘂̀𝗻𝗴
✅ Đ𝗮̆𝗻𝗴 𝗞𝘆́ 𝗔𝗽𝗽 𝗫𝗮𝗻𝗵 𝗣𝗹𝗮𝘁𝗳𝗼𝗿𝗺 – 𝗧𝗮̣𝗶 𝗖𝗵𝗼̂̃
--------------------
🏠 𝟭𝟭𝟱 𝗣𝗵𝗮̣𝗺 𝗧𝗵𝗲̂́ 𝗛𝗶𝗲̂̉𝗻 - 𝗖𝗵𝗮́𝗻𝗵 𝗛𝘂̛𝗻𝗴 - 𝗛𝗖𝗠 ( 𝗤𝘂𝗮̣̂𝗻 𝟴 )
☎️ 𝗛𝗼𝘁𝗹𝗶𝗻𝗲 : *** - 𝗗𝗶𝗲̣̂𝘂",Cần xác minh,Khác,Không phân loại,,
133873833,Xe máy điện SANTOSAR VS3 Xám 240W,12300000,"🏆🏆🏆 Hót Hót mẫu xe VS3 hottrend
🎈xe có thông số động cơ 240W, cho học sinh dưới 16t, cho mẹ đị chợ, cho chị em đi làm
📙Dòng xe có cốp rộng, chạy cực kỳ êm ái. Xe có giấy tờ đăng kiểm, hoá đơn đầy đủ ( đi đường không sợ công an), đặc biệt các em học sinh dứoi 16t chạy vẫn đúng quy định
💡xe được trang bị đèn led, thắng đĩa rất an toàn
🪫 chạy bình 48V30ah chính hãng an toàn không lo cháy nổ
🧾 bảo hành 12 tháng
💰giá 12",2026,,Tp Hồ Chí Minh,Thành phố Thủ Đức,"🏆🏆🏆 Hót Hót mẫu xe VS3 hottrend
🎈xe có thông số động cơ 240W, cho học sinh dưới 16t, cho mẹ đị chợ, cho chị em đi làm
📙Dòng xe có cốp rộng, chạy cực kỳ êm ái. Xe có giấy tờ đăng kiểm, hoá đơn đầy đủ ( đi đường không sợ công an), đặc biệt các em học sinh dứoi 16t chạy vẫn đúng quy định
💡xe được trang bị đèn led, thắng đĩa rất an toàn
🪫 chạy bình 48V30ah chính hãng an toàn không lo cháy nổ
🧾 bảo hành 12 tháng
💰giá 12",Cần xác minh,Khác,Không phân loại,,
134026009,Xe máy điện VinFast EVO 200 2024 Đen mờ 11000 km,20000000,"DƯ dùng bán lại chiếc xe máy điện VinFats EVO 200, màu đen mờ sản xuất 2024 , pin mua chạy 11 000km, pin sử dụng 100km mới sạc,xe luôn bảo dưỡng định kỳ tại hãng , bảo đảm xe còn sử dụng tốt,ngay chủ đứng tên bán, cam ơn anh chị đả xem tin.",2024,11000.0,Tp Hồ Chí Minh,Thành phố Thủ Đức,"DƯ dùng bán lại chiếc xe máy điện VinFats EVO 200, màu đen mờ sản xuất 2024 , pin mua chạy 11 000km, pin sử dụng 100km mới sạc,xe luôn bảo dưỡng định kỳ tại hãng , bảo đảm xe còn sử dụng tốt,ngay chủ đứng tên bán, cam ơn anh chị đả xem tin.",Cần xác minh,VinFast,Evo 200,18000000.0,-11.1
134563221,Xe điện V1  946 TỐT 90% CÒN SỔ BH,7900000,"XE MÁY ĐIỆN KONAXOAKA TỐT 90% CÒN SỔ BH

BÌNH SẠC ĐẦY ĐỦ
BẢO HÀNH DÀI HẠN
ZALO-GỌI TRỰC TIẾP ***
XE ĐẸP NHƯ HÌNH",2026,2000.0,Tp Hồ Chí Minh,Quận 1,"XE MÁY ĐIỆN KONAXOAKA TỐT 90% CÒN SỔ BH

BÌNH SẠC ĐẦY ĐỦ
BẢO HÀNH DÀI HẠN
ZALO-GỌI TRỰC TIẾP ***
XE ĐẸP NHƯ HÌNH",Cần xác minh,Khác,Không phân loại,,
134616801,Xe điện Sundiro Xám tím,6000000,"Cần bán xe điện như hình, xe chạy còn tốt, ngoại hình còn đẹp.",2026,5000.0,Tp Hồ Chí Minh,Quận 10,"Cần bán xe điện như hình, xe chạy còn tốt, ngoại hình còn đẹp.",Cần xác minh,Khác,Không phân loại,,
134602590,Xe Điên 3sGo - Evo200 2025 Trắng 10.000 km,21900000,"Evo200 ĐK 8/2025 Pin Mua BSTP
- Odo 10.000 Cây
- Dàn áo keng ko trầy 99%
- Óc tán 7 màu keng 99%
- Còn đủ phụ kiện theo xe
❤️Xe keng 99% so với xe new 
⛔️ Nợ xấu đưa 0Đ có LÃI SUẤT hoặc 12tr5 KO LÃI SUẤT
--------------------
✅ 𝗛𝗼̂̃ 𝗧𝗿𝗼̛̣ 𝗔𝗲 𝗟𝗲̂𝗻 𝗛𝗼̂̀ 𝗦𝗼̛ 𝗕𝗮𝗻𝗸 𝗡𝗵𝗮̣̂𝗻 𝗫𝗲 𝗩𝗮̀ 𝗖𝗮𝘃𝗲𝘁 𝗚𝗼̂́𝗰
✅ 𝗡𝗼̛̣ 𝗫𝗮̂́𝘂 – 𝗛𝗼̂̃ 𝗧𝗿𝗼̛̣ 𝟬 Đ𝗼̂̀𝗻𝗴 – 𝗞𝗵𝗼̂𝗻𝗴 𝗫𝗮́𝗰 𝗠𝗶𝗻𝗵
✅ 𝗡𝗼̛̣ 𝗫𝗮̂́𝘂 – 𝗛𝗼̂̃ 𝗧𝗿𝗼̛̣ Đ𝘂̛𝗮 𝟯𝟬% – 𝗞𝗵𝗼̂𝗻𝗴 𝗟𝗮̃𝗶
✅ Đ𝗼̂̉𝗶 𝗣𝗶𝗻 𝗞𝗵𝗼̂𝗻𝗴 𝗖𝗵𝗼̛̀ 𝗦𝗮̣c 𝗡𝗵𝗶𝗲̂̀𝘂 𝗖𝗵𝗶 𝗡𝗵𝗮́𝗻𝗵
✅ 𝗛ỗ 𝗧𝗿𝗼̛̣ 𝟮 𝗡𝗮̆𝗺 𝗫𝗲 𝗛𝘂̛ – 𝗖𝗼́ 𝗫𝗲 𝗞𝗵𝗮́𝗰 𝗗𝘂̀𝗻𝗴
✅ Đ𝗮̆𝗻𝗴 𝗞𝘆́ 𝗔𝗽𝗽 𝗫𝗮𝗻𝗵 𝗣𝗹𝗮𝘁𝗳𝗼𝗿𝗺 – 𝗧𝗮̣𝗶 𝗖𝗵𝗼̂̃
--------------------
🏠 𝟭𝟭𝟱 𝗣𝗵𝗮̣𝗺 𝗧𝗵𝗲̂́ 𝗛𝗶𝗲̂̉𝗻 - 𝗖𝗵𝗮́𝗻𝗵 𝗛𝘂̛𝗻𝗴 - 𝗛𝗖𝗠 ( 𝗤𝘂𝗮̣̂𝗻 𝟴 )
☎️ 𝗛𝗼𝘁𝗹𝗶𝗻𝗲 : *** - 𝗗𝗶𝗲̣̂𝘂",2025,10000.0,Tp Hồ Chí Minh,Quận 8,"Evo200 ĐK 8/2025 Pin Mua BSTP
- Odo 10.000 Cây
- Dàn áo keng ko trầy 99%
- Óc tán 7 màu keng 99%
- Còn đủ phụ kiện theo xe
❤️Xe keng 99% so với xe new 
⛔️ Nợ xấu đưa 0Đ có LÃI SUẤT hoặc 12tr5 KO LÃI SUẤT
--------------------
✅ 𝗛𝗼̂̃ 𝗧𝗿𝗼̛̣ 𝗔𝗲 𝗟𝗲̂𝗻 𝗛𝗼̂̀ 𝗦𝗼̛ 𝗕𝗮𝗻𝗸 𝗡𝗵𝗮̣̂𝗻 𝗫𝗲 𝗩𝗮̀ 𝗖𝗮𝘃𝗲𝘁 𝗚𝗼̂́𝗰
✅ 𝗡𝗼̛̣ 𝗫𝗮̂́𝘂 – 𝗛𝗼̂̃ 𝗧𝗿𝗼̛̣ 𝟬 Đ𝗼̂̀𝗻𝗴 – 𝗞𝗵𝗼̂𝗻𝗴 𝗫𝗮́𝗰 𝗠𝗶𝗻𝗵
✅ 𝗡𝗼̛̣ 𝗫𝗮̂́𝘂 – 𝗛𝗼̂̃ 𝗧𝗿𝗼̛̣ Đ𝘂̛𝗮 𝟯𝟬% – 𝗞𝗵𝗼̂𝗻𝗴 𝗟𝗮̃𝗶
✅ Đ𝗼̂̉𝗶 𝗣𝗶𝗻 𝗞𝗵𝗼̂𝗻𝗴 𝗖𝗵𝗼̛̀ 𝗦𝗮̣c 𝗡𝗵𝗶𝗲̂̀𝘂 𝗖𝗵𝗶 𝗡𝗵𝗮́𝗻𝗵
✅ 𝗛ỗ 𝗧𝗿𝗼̛̣ 𝟮 𝗡𝗮̆𝗺 𝗫𝗲 𝗛𝘂̛ – 𝗖𝗼́ 𝗫𝗲 𝗞𝗵𝗮́𝗰 𝗗𝘂̀𝗻𝗴
✅ Đ𝗮̆𝗻𝗴 𝗞𝘆́ 𝗔𝗽𝗽 𝗫𝗮𝗻𝗵 𝗣𝗹𝗮𝘁𝗳𝗼𝗿𝗺 – 𝗧𝗮̣𝗶 𝗖𝗵𝗼̂̃
--------------------
🏠 𝟭𝟭𝟱 𝗣𝗵𝗮̣𝗺 𝗧𝗵𝗲̂́ 𝗛𝗶𝗲̂̉𝗻 - 𝗖𝗵𝗮́𝗻𝗵 𝗛𝘂̛𝗻𝗴 - 𝗛𝗖𝗠 ( 𝗤𝘂𝗮̣̂𝗻 𝟴 )
☎️ 𝗛𝗼𝘁𝗹𝗶𝗻𝗲 : *** - 𝗗𝗶𝗲̣̂𝘂",Cần xác minh,VinFast,Evo 200,18000000.0,-21.7
133937642,Xe máy điện VinFast EVO GRAND Lite 2026 Trắng,19000000,a Ai cần liên hệ nhà ở Quận 12 thành phố Hồ Chí Minh cảm ơn xem như mới,2026,506.0,Tp Hồ Chí Minh,Quận 12,a Ai cần liên hệ nhà ở Quận 12 thành phố Hồ Chí Minh cảm ơn xem như mới,Cần xác minh,Khác,Không phân loại,,
134602453,Xe Điện 3sGo - DatBike Quantum S1 Đen,37900000,"QuantumS1 BSTP
- Odo không nói đâu
- Bảo Hành Pin 10 Năm 
- Sạc 1800w 
- Dàn áo keng ko trầy 98%
- Óc tán 7 màu keng 98%
- Còn đủ phụ kiện theo xe
❤️Xe keng 99% so với xe new 
⛔️ Nợ xấu đưa 3tr7 có LÃI SUẤT hoặc 16tr4 KO LÃI SUẤT
--------------------
✅ 𝗛𝗼̂̃ 𝗧𝗿𝗼̛̣ 𝗔𝗲 𝗟𝗲̂𝗻 𝗛𝗼̂̀ 𝗦𝗼̛ 𝗕𝗮𝗻𝗸 𝗡𝗵𝗮̣̂𝗻 𝗫𝗲 𝗩𝗮̀ 𝗖𝗮𝘃𝗲𝘁 𝗚𝗼̂́𝗰
✅ 𝗡𝗼̛̣ 𝗫𝗮̂́𝘂 – 𝗛𝗼̂̃ 𝗧𝗿𝗼̛̣ 𝟬 Đ𝗼̂̀𝗻𝗴 – 𝗞𝗵𝗼̂𝗻𝗴 𝗫𝗮́𝗰 𝗠𝗶𝗻𝗵
✅ 𝗡𝗼̛̣ 𝗫𝗮̂́𝘂 – 𝗛𝗼̂̃ 𝗧𝗿𝗼̛̣ Đ𝘂̛𝗮 𝟯𝟬% – 𝗞𝗵𝗼̂𝗻𝗴 𝗟𝗮̃𝗶
✅ Đ𝗼̂̉𝗶 𝗣𝗶𝗻 𝗞𝗵𝗼̂𝗻𝗴 𝗖𝗵𝗼̛̀ 𝗦𝗮̣c 𝗡𝗵𝗶𝗲̂̀𝘂 𝗖𝗵𝗶 𝗡𝗵𝗮́𝗻𝗵
✅ 𝗛ỗ 𝗧𝗿𝗼̛̣ 𝟮 𝗡𝗮̆𝗺 𝗫𝗲 𝗛𝘂̛ – 𝗖𝗼́ 𝗫𝗲 𝗞𝗵𝗮́𝗰 𝗗𝘂̀𝗻𝗴
✅ Đ𝗮̆𝗻𝗴 𝗞𝘆́ 𝗔𝗽𝗽 𝗫𝗮𝗻𝗵 𝗣𝗹𝗮𝘁𝗳𝗼𝗿𝗺 – 𝗧𝗮̣𝗶 𝗖𝗵𝗼̂̃
--------------------
🏠 𝟭𝟭𝟱 𝗣𝗵𝗮̣𝗺 𝗧𝗵𝗲̂́ 𝗛𝗶𝗲̂̉𝗻 - 𝗖𝗵𝗮́𝗻𝗵 𝗛𝘂̛𝗻𝗴 - 𝗛𝗖𝗠 ( 𝗤𝘂𝗮̣̂𝗻 𝟴 )
☎️ 𝗛𝗼𝘁𝗹𝗶𝗻𝗲 : *** - 𝗗𝗶𝗲̣̂𝘂",2026,,Tp Hồ Chí Minh,Quận 8,"QuantumS1 BSTP
- Odo không nói đâu
- Bảo Hành Pin 10 Năm 
- Sạc 1800w 
- Dàn áo keng ko trầy 98%
- Óc tán 7 màu keng 98%
- Còn đủ phụ kiện theo xe
❤️Xe keng 99% so với xe new 
⛔️ Nợ xấu đưa 3tr7 có LÃI SUẤT hoặc 16tr4 KO LÃI SUẤT
--------------------
✅ 𝗛𝗼̂̃ 𝗧𝗿𝗼̛̣ 𝗔𝗲 𝗟𝗲̂𝗻 𝗛𝗼̂̀ 𝗦𝗼̛ 𝗕𝗮𝗻𝗸 𝗡𝗵𝗮̣̂𝗻 𝗫𝗲 𝗩𝗮̀ 𝗖𝗮𝘃𝗲𝘁 𝗚𝗼̂́𝗰
✅ 𝗡𝗼̛̣ 𝗫𝗮̂́𝘂 – 𝗛𝗼̂̃ 𝗧𝗿𝗼̛̣ 𝟬 Đ𝗼̂̀𝗻𝗴 – 𝗞𝗵𝗼̂𝗻𝗴 𝗫𝗮́𝗰 𝗠𝗶𝗻𝗵
✅ 𝗡𝗼̛̣ 𝗫𝗮̂́𝘂 – 𝗛𝗼̂̃ 𝗧𝗿𝗼̛̣ Đ𝘂̛𝗮 𝟯𝟬% – 𝗞𝗵𝗼̂𝗻𝗴 𝗟𝗮̃𝗶
✅ Đ𝗼̂̉𝗶 𝗣𝗶𝗻 𝗞𝗵𝗼̂𝗻𝗴 𝗖𝗵𝗼̛̀ 𝗦𝗮̣c 𝗡𝗵𝗶𝗲̂̀𝘂 𝗖𝗵𝗶 𝗡𝗵𝗮́𝗻𝗵
✅ 𝗛ỗ 𝗧𝗿𝗼̛̣ 𝟮 𝗡𝗮̆𝗺 𝗫𝗲 𝗛𝘂̛ – 𝗖𝗼́ 𝗫𝗲 𝗞𝗵𝗮́𝗰 𝗗𝘂̀𝗻𝗴
✅ Đ𝗮̆𝗻𝗴 𝗞𝘆́ 𝗔𝗽𝗽 𝗫𝗮𝗻𝗵 𝗣𝗹𝗮𝘁𝗳𝗼𝗿𝗺 – 𝗧𝗮̣𝗶 𝗖𝗵𝗼̂̃
--------------------
🏠 𝟭𝟭𝟱 𝗣𝗵𝗮̣𝗺 𝗧𝗵𝗲̂́ 𝗛𝗶𝗲̂̉𝗻 - 𝗖𝗵𝗮́𝗻𝗵 𝗛𝘂̛𝗻𝗴 - 𝗛𝗖𝗠 ( 𝗤𝘂𝗮̣̂𝗻 𝟴 )
☎️ 𝗛𝗼𝘁𝗹𝗶𝗻𝗲 : *** - 𝗗𝗶𝗲̣̂𝘂",Cần xác minh,Dat Bike,Quantum,34900000.0,-8.6
134031255,"Vinfast Klara Pin cầm,xe đẹp biển Sài Gòn",10800000,"🍓🍓🍓 Xe bà xã đi đã đổi Evo200 nên thanh lý lại người dùng.
Xe Vinfast Klara màu hồng (Xe đẹp lắm nữ tính)
☘️ Biển Số Sài Gòn 41MĐ- chạy không cần bằng
Pin zin mua  + Sạc Zin: sạc đầy 2-3 tiếng đi được 40-50km/1 lần
- Động cơ mới thay trước tết, xe chạy mượt pin cầm tốt 40-50km, đã thay đồng hồ hiện đại + đèn led 2 tầng
🍇 Chị em mua về đưa đón con hay đi chợ vòng vòng trãi nghiệm ok nhé
🍏Ưu tiên: Học Sinh-Sinh Viên, xe chạy không cần bằng lái
🍇🍇🍇 Xem xe tại địa chỉ
Đường DN5, Đông Hưng Thuận,TPHCM( KDC AN SƯƠNG)",2020,28000.0,Tp Hồ Chí Minh,Quận 12,"🍓🍓🍓 Xe bà xã đi đã đổi Evo200 nên thanh lý lại người dùng.
Xe Vinfast Klara màu hồng (Xe đẹp lắm nữ tính)
☘️ Biển Số Sài Gòn 41MĐ- chạy không cần bằng
Pin zin mua  + Sạc Zin: sạc đầy 2-3 tiếng đi được 40-50km/1 lần
- Động cơ mới thay trước tết, xe chạy mượt pin cầm tốt 40-50km, đã thay đồng hồ hiện đại + đèn led 2 tầng
🍇 Chị em mua về đưa đón con hay đi chợ vòng vòng trãi nghiệm ok nhé
🍏Ưu tiên: Học Sinh-Sinh Viên, xe chạy không cần bằng lái
🍇🍇🍇 Xem xe tại địa chỉ
Đường DN5, Đông Hưng Thuận,TPHCM( KDC AN SƯƠNG)",Kèm pin,VinFast,Klara,35000000.0,69.1
134623797,Xe Điện Xmen,5000000,Cần bán 5 triệu xe đầy đủ giấy tờ đăng ký,2026,10000.0,Hà Nội,Huyện Phú Xuyên,Cần bán 5 triệu xe đầy đủ giấy tờ đăng ký,Cần xác minh,Khác,Không phân loại,,
134160705,VinFast Feliz 2025 Xanh oliu - Chính chủ - BSTP,21500000,"🔥 FELIZ 2025 1 PIN – XANH OLIU – CHÍNH CHỦ
📌 Date T6/2026
📌 Odo 12.000 km
📌 BSTP - Chính chủ
📌 Chính chủ, ủy quyền, sang tên công chứng nhanh gọn
💰 Giá: 2x
-----------------------
💚 Xe Điện Lướt Sài Gòn – Chuyên mua bán xe máy điện đã qua sử dụng tại TP.HCM
✅ Có trả góp – Cà thẻ – Giao tận nhà
📍 118A Chiến Lược, P. Bình Trị Đông, TP.HCM",2025,12000.0,Tp Hồ Chí Minh,Quận Bình Tân,"🔥 FELIZ 2025 1 PIN – XANH OLIU – CHÍNH CHỦ
📌 Date T6/2026
📌 Odo 12.000 km
📌 BSTP - Chính chủ
📌 Chính chủ, ủy quyền, sang tên công chứng nhanh gọn
💰 Giá: 2x
-----------------------
💚 Xe Điện Lướt Sài Gòn – Chuyên mua bán xe máy điện đã qua sử dụng tại TP.HCM
✅ Có trả góp – Cà thẻ – Giao tận nhà
📍 118A Chiến Lược, P. Bình Trị Đông, TP.HCM",Cần xác minh,VinFast,Feliz,27000000.0,20.4
134537840,Xe máy điện Yadea thể thao Cam đen,7500000,"Xe máy điện màu cam đen, kiểu dáng thể thao, phù hợp cho cả nam và nữ. 
- Xe chính chủ, có thể ký giấy sang tên. 
- Thích hợp cho học sinh, sinh viên không cần bằng lái. 
- Xe đang sử dụng tốt.",2023,123.0,Tp Hồ Chí Minh,Quận 12,"Xe máy điện màu cam đen, kiểu dáng thể thao, phù hợp cho cả nam và nữ. 
- Xe chính chủ, có thể ký giấy sang tên. 
- Thích hợp cho học sinh, sinh viên không cần bằng lái. 
- Xe đang sử dụng tốt.",Cần xác minh,Yadea,Yadea (Khác),14990000.0,50.0
134623423,Xe điện VinFast Klara màu Đen,10000000,"Tôi có 1 xe điện vinfast Klara màu đen như hình muốn bán do không có nhu cầu sử dụng. Xe còn đi tốt, vẫn chạy bình thường, vỏ còn nguyên vẹn, ko va chạm hay trầy xước. Xe tôi đi ít nên giữ gìn rất cẩn thận.",2020,19903.0,Hà Nội,Quận Ba Đình,"Tôi có 1 xe điện vinfast Klara màu đen như hình muốn bán do không có nhu cầu sử dụng. Xe còn đi tốt, vẫn chạy bình thường, vỏ còn nguyên vẹn, ko va chạm hay trầy xước. Xe tôi đi ít nên giữ gìn rất cẩn thận.",Cần xác minh,VinFast,Klara,35000000.0,71.4
133934022,Vinfast Evo200 Vàng zin 100% chính chủ,21900000,"     
 ✅ Vinfast Evo200 siêu đẹp ko một vết trầy 2025 
✅ Xe chính chủ Bstp ký mua bán ủy quyền đều được nhé 
✅ Pin 3.5 mua đứt bảo hành 8 năm ,sạc đầy đi được 200km
✅ Giá bán : 21,9tr
✅ Dt : 
✅ Xem xe Q6, Ship toàn quốc
",2025,14000.0,Tp Hồ Chí Minh,Quận 6,"     
 ✅ Vinfast Evo200 siêu đẹp ko một vết trầy 2025 
✅ Xe chính chủ Bstp ký mua bán ủy quyền đều được nhé 
✅ Pin 3.5 mua đứt bảo hành 8 năm ,sạc đầy đi được 200km
✅ Giá bán : 21,9tr
✅ Dt : 
✅ Xem xe Q6, Ship toàn quốc
",Kèm pin,VinFast,Evo 200,18000000.0,-21.7
134623388,Xe máy điện VinFast Feliz Đen 14000 km,19500000,Xe odo 14 ngàn xe hoạt động bình thường không lỗi làm gì chỉ việc mua về là chạy không cần suy nghĩ gì hết,2026,14000.0,Đồng Nai,Huyện Xuân Lộc,Xe odo 14 ngàn xe hoạt động bình thường không lỗi làm gì chỉ việc mua về là chạy không cần suy nghĩ gì hết,Cần xác minh,VinFast,Feliz,27000000.0,27.8
134623383,Xe máy điện VinFast Feliz Trắng 300 km,26000000,Xe mới mua về không đi như mới odo mới 300km xe sẵn 2 pin chỉ việc mua về là chạy không khác gì xe mới đầy đủ phụ kiện,2026,300.0,Đồng Nai,Huyện Xuân Lộc,Xe mới mua về không đi như mới odo mới 300km xe sẵn 2 pin chỉ việc mua về là chạy không khác gì xe mới đầy đủ phụ kiện,Cần xác minh,VinFast,Feliz,27000000.0,3.7
134623365,Xe máy điện  2026 Hồng Đã sử dụng,9500000,Xe mới mua được 4 ngày không có nhu cầu đi nữa bán lại mới 99% kh vết trầy xe hoạt động bình thường không lỗi chỉ việc về cắm sạc là chạy,2026,10.0,Đồng Nai,Huyện Xuân Lộc,Xe mới mua được 4 ngày không có nhu cầu đi nữa bán lại mới 99% kh vết trầy xe hoạt động bình thường không lỗi chỉ việc về cắm sạc là chạy,Cần xác minh,Khác,Không phân loại,,
134596908,Quantum S1 2025 lướt đẹp,38500000,"Xe máy điện màu trắng, pin 100% cho quãng đường di chuyển xa. 
- Thiết kế hiện đại, trẻ trung. 
- Vận hành êm ái, tiết kiệm năng lượng. 
- Phù hợp di chuyển trong thành phố.",2025,10.0,Tp Hồ Chí Minh,Quận Bình Tân,"Xe máy điện màu trắng, pin 100% cho quãng đường di chuyển xa. 
- Thiết kế hiện đại, trẻ trung. 
- Vận hành êm ái, tiết kiệm năng lượng. 
- Phù hợp di chuyển trong thành phố.",Cần xác minh,Dat Bike,Quantum,34900000.0,-10.3
134509389,Xe máy điện VinFast Evo200 2025 Đen,20900000,"Evo200  - Bstp 9 Chủ ĐK 2025
- Dàn áo dán keng 98%
- Óc tán 7 màu keng 98%
- Còn đủ phụ kiện theo xe
❤️Xe keng 98% so với xe new 
⛔️ Nợ xấu đưa 0đ có LÃI SUẤT hoặc 11tr KO LÃI SUẤT
--------------------
✅ 𝗛𝗼̂̃ 𝗧𝗿𝗼̛̣ 𝗔𝗲 𝗟𝗲̂𝗻 𝗛𝗼̂̀ 𝗦𝗼̛ 𝗕𝗮𝗻𝗸 𝗡𝗵𝗮̣̂𝗻 𝗫𝗲 𝗩𝗮̀ 𝗖𝗮𝘃𝗲𝘁 𝗚𝗼̂́𝗰
✅ 𝗡𝗼̛̣ 𝗫𝗮̂́𝘂 – 𝗛𝗼̂̃ 𝗧𝗿𝗼̛̣ 𝟬 Đ𝗼̂̀𝗻𝗴 – 𝗞𝗵𝗼̂𝗻𝗴 𝗫𝗮́𝗰 𝗠𝗶𝗻𝗵
✅ 𝗡𝗼̛̣ 𝗫𝗮̂́𝘂 – 𝗛𝗼̂̃ 𝗧𝗿𝗼̛̣ Đ𝘂̛𝗮 𝟯𝟬% – 𝗞𝗵𝗼̂𝗻𝗴 𝗟𝗮̃𝗶
✅ Đ𝗼̂̉𝗶 𝗣𝗶𝗻 𝗞𝗵𝗼̂𝗻𝗴 𝗖𝗵𝗼̛̀ 𝗦𝗮̣c 𝗡𝗵𝗶𝗲̂̀𝘂 𝗖𝗵𝗶 𝗡𝗵𝗮́𝗻𝗵
✅ 𝗛ỗ 𝗧𝗿𝗼̛̣ 𝟮 𝗡𝗮̆𝗺 𝗫𝗲 𝗛𝘂̛ – 𝗖𝗼́ 𝗫𝗲 𝗞𝗵𝗮́𝗰 𝗗𝘂̀𝗻𝗴
✅ Đ𝗮̆𝗻𝗴 𝗞𝘆́ 𝗔𝗽𝗽 𝗫𝗮𝗻𝗵 𝗣𝗹𝗮𝘁𝗳𝗼𝗿𝗺 – 𝗧𝗮̣𝗶 𝗖𝗵𝗼̂̃
--------------------
🏠𝟮𝟴𝟴 𝗧𝗿𝘂̛𝗼̛̀𝗻𝗴 𝗖𝗵𝗶𝗻𝗵 - 𝗣𝗵ư𝗼̛̀𝗻𝗴 Đ𝗼̂𝗻𝗴 𝗛𝘂̛𝗻𝗴 𝗧𝗵𝘂𝗮̣̂𝗻 - 𝗛𝗖𝗠 (𝗤𝘂𝗮̣̂𝗻𝟭𝟮 𝗰𝘂̃)",2025,,Tp Hồ Chí Minh,Quận 12,"Evo200  - Bstp 9 Chủ ĐK 2025
- Dàn áo dán keng 98%
- Óc tán 7 màu keng 98%
- Còn đủ phụ kiện theo xe
❤️Xe keng 98% so với xe new 
⛔️ Nợ xấu đưa 0đ có LÃI SUẤT hoặc 11tr KO LÃI SUẤT
--------------------
✅ 𝗛𝗼̂̃ 𝗧𝗿𝗼̛̣ 𝗔𝗲 𝗟𝗲̂𝗻 𝗛𝗼̂̀ 𝗦𝗼̛ 𝗕𝗮𝗻𝗸 𝗡𝗵𝗮̣̂𝗻 𝗫𝗲 𝗩𝗮̀ 𝗖𝗮𝘃𝗲𝘁 𝗚𝗼̂́𝗰
✅ 𝗡𝗼̛̣ 𝗫𝗮̂́𝘂 – 𝗛𝗼̂̃ 𝗧𝗿𝗼̛̣ 𝟬 Đ𝗼̂̀𝗻𝗴 – 𝗞𝗵𝗼̂𝗻𝗴 𝗫𝗮́𝗰 𝗠𝗶𝗻𝗵
✅ 𝗡𝗼̛̣ 𝗫𝗮̂́𝘂 – 𝗛𝗼̂̃ 𝗧𝗿𝗼̛̣ Đ𝘂̛𝗮 𝟯𝟬% – 𝗞𝗵𝗼̂𝗻𝗴 𝗟𝗮̃𝗶
✅ Đ𝗼̂̉𝗶 𝗣𝗶𝗻 𝗞𝗵𝗼̂𝗻𝗴 𝗖𝗵𝗼̛̀ 𝗦𝗮̣c 𝗡𝗵𝗶𝗲̂̀𝘂 𝗖𝗵𝗶 𝗡𝗵𝗮́𝗻𝗵
✅ 𝗛ỗ 𝗧𝗿𝗼̛̣ 𝟮 𝗡𝗮̆𝗺 𝗫𝗲 𝗛𝘂̛ – 𝗖𝗼́ 𝗫𝗲 𝗞𝗵𝗮́𝗰 𝗗𝘂̀𝗻𝗴
✅ Đ𝗮̆𝗻𝗴 𝗞𝘆́ 𝗔𝗽𝗽 𝗫𝗮𝗻𝗵 𝗣𝗹𝗮𝘁𝗳𝗼𝗿𝗺 – 𝗧𝗮̣𝗶 𝗖𝗵𝗼̂̃
--------------------
🏠𝟮𝟴𝟴 𝗧𝗿𝘂̛𝗼̛̀𝗻𝗴 𝗖𝗵𝗶𝗻𝗵 - 𝗣𝗵ư𝗼̛̀𝗻𝗴 Đ𝗼̂𝗻𝗴 𝗛𝘂̛𝗻𝗴 𝗧𝗵𝘂𝗮̣̂𝗻 - 𝗛𝗖𝗠 (𝗤𝘂𝗮̣̂𝗻𝟭𝟮 𝗰𝘂̃)",Cần xác minh,VinFast,Evo 200,18000000.0,-16.1
134622598,Xe máy điện Quantum s1 2025 Đen,43000000,"Xe máy điện Quantum s1  màu đen, kiểu dáng hiện đại, vận hành êm ái. 
- Xe mới, ít sử dụng. 
- Thiết kế thời trang, phù hợp di chuyển trong phố. 
- Tiết kiệm năng lượng, thân thiện môi trường.
Năm 12.2025",2025,6000.0,Tp Hồ Chí Minh,Thành phố Thủ Đức,"Xe máy điện Quantum s1  màu đen, kiểu dáng hiện đại, vận hành êm ái. 
- Xe mới, ít sử dụng. 
- Thiết kế thời trang, phù hợp di chuyển trong phố. 
- Tiết kiệm năng lượng, thân thiện môi trường.
Năm 12.2025",Cần xác minh,Dat Bike,Quantum,34900000.0,-23.2
134558900,Xe Điện 3sGo - EvoMax BST 65 Trắng 8000 km,20900000,"EvoMax BST 65 Chính Chủ
- Odo 8k
- Sẵn 2 pin thuê
- Óc tán 7 màu keng 
- Còn đủ phụ kiện theo xe
- Bảo hành Vinfats toàn quốc
⛔️ Nợ xấu đưa 0đ có LÃI SUẤT hoặc 12tr KO LÃI SUẤT
--------------------
✅ 𝗛𝗼̂̃ 𝗧𝗿𝗼̛̣ 𝗔𝗲 𝗟𝗲̂𝗻 𝗛𝗼̂̀ 𝗦𝗼̛ 𝗕𝗮𝗻𝗸 𝗡𝗵𝗮̣̂𝗻 𝗫𝗲 𝗩𝗮̀ 𝗖𝗮𝘃𝗲𝘁 𝗚𝗼̂́𝗰
✅ 𝗡𝗼̛̣ 𝗫𝗮̂́𝘂 – 𝗛𝗼̂̃ 𝗧𝗿𝗼̛̣ 𝟬 Đ𝗼̂̀𝗻𝗴 – 𝗞𝗵𝗼̂𝗻𝗴 𝗫𝗮́𝗰 𝗠𝗶𝗻𝗵
✅ 𝗡𝗼̛̣ 𝗫𝗮̂́𝘂 – 𝗛𝗼̂̃ 𝗧𝗿𝗼̛̣ Đ𝘂̛𝗮 𝟯𝟬% – 𝗞𝗵𝗼̂𝗻𝗴 𝗟𝗮̃𝗶
✅ Đ𝗼̂̉𝗶 𝗣𝗶𝗻 𝗞𝗵𝗼̂𝗻𝗴 𝗖𝗵𝗼̛̀ 𝗦𝗮̣c 𝗡𝗵𝗶𝗲̂̀𝘂 𝗖𝗵𝗶 𝗡𝗵𝗮́𝗻𝗵
✅ 𝗛ỗ 𝗧𝗿𝗼̛̣ 𝟮 𝗡𝗮̆𝗺 𝗫𝗲 𝗛𝘂̛ – 𝗖𝗼́ 𝗫𝗲 𝗞𝗵𝗮́𝗰 𝗗𝘂̀𝗻𝗴
✅ Đ𝗮̆𝗻𝗴 𝗞𝘆́ 𝗔𝗽𝗽 𝗫𝗮𝗻𝗵 𝗣𝗹𝗮𝘁𝗳𝗼𝗿𝗺 – 𝗧𝗮̣𝗶 𝗖𝗵𝗼̂̃
--------------------
🏠𝟮𝟴𝟴 𝗧𝗿𝘂̛𝗼̛̀𝗻𝗴 𝗖𝗵𝗶𝗻𝗵 - 𝗣𝗵ư𝗼̛̀𝗻𝗴 Đ𝗼̂𝗻𝗴 𝗛𝘂̛𝗻𝗴 𝗧𝗵𝘂𝗮̣̂𝗻 - 𝗛𝗖𝗠 (𝗤𝘂𝗮̣̂𝗻𝟭𝟮 𝗰𝘂̃)",2026,8000.0,Tp Hồ Chí Minh,Quận 12,"EvoMax BST 65 Chính Chủ
- Odo 8k
- Sẵn 2 pin thuê
- Óc tán 7 màu keng 
- Còn đủ phụ kiện theo xe
- Bảo hành Vinfats toàn quốc
⛔️ Nợ xấu đưa 0đ có LÃI SUẤT hoặc 12tr KO LÃI SUẤT
--------------------
✅ 𝗛𝗼̂̃ 𝗧𝗿𝗼̛̣ 𝗔𝗲 𝗟𝗲̂𝗻 𝗛𝗼̂̀ 𝗦𝗼̛ 𝗕𝗮𝗻𝗸 𝗡𝗵𝗮̣̂𝗻 𝗫𝗲 𝗩𝗮̀ 𝗖𝗮𝘃𝗲𝘁 𝗚𝗼̂́𝗰
✅ 𝗡𝗼̛̣ 𝗫𝗮̂́𝘂 – 𝗛𝗼̂̃ 𝗧𝗿𝗼̛̣ 𝟬 Đ𝗼̂̀𝗻𝗴 – 𝗞𝗵𝗼̂𝗻𝗴 𝗫𝗮́𝗰 𝗠𝗶𝗻𝗵
✅ 𝗡𝗼̛̣ 𝗫𝗮̂́𝘂 – 𝗛𝗼̂̃ 𝗧𝗿𝗼̛̣ Đ𝘂̛𝗮 𝟯𝟬% – 𝗞𝗵𝗼̂𝗻𝗴 𝗟𝗮̃𝗶
✅ Đ𝗼̂̉𝗶 𝗣𝗶𝗻 𝗞𝗵𝗼̂𝗻𝗴 𝗖𝗵𝗼̛̀ 𝗦𝗮̣c 𝗡𝗵𝗶𝗲̂̀𝘂 𝗖𝗵𝗶 𝗡𝗵𝗮́𝗻𝗵
✅ 𝗛ỗ 𝗧𝗿𝗼̛̣ 𝟮 𝗡𝗮̆𝗺 𝗫𝗲 𝗛𝘂̛ – 𝗖𝗼́ 𝗫𝗲 𝗞𝗵𝗮́𝗰 𝗗𝘂̀𝗻𝗴
✅ Đ𝗮̆𝗻𝗴 𝗞𝘆́ 𝗔𝗽𝗽 𝗫𝗮𝗻𝗵 𝗣𝗹𝗮𝘁𝗳𝗼𝗿𝗺 – 𝗧𝗮̣𝗶 𝗖𝗵𝗼̂̃
--------------------
🏠𝟮𝟴𝟴 𝗧𝗿𝘂̛𝗼̛̀𝗻𝗴 𝗖𝗵𝗶𝗻𝗵 - 𝗣𝗵ư𝗼̛̀𝗻𝗴 Đ𝗼̂𝗻𝗴 𝗛𝘂̛𝗻𝗴 𝗧𝗵𝘂𝗮̣̂𝗻 - 𝗛𝗖𝗠 (𝗤𝘂𝗮̣̂𝗻𝟭𝟮 𝗰𝘂̃)",Cần xác minh,Khác,Không phân loại,,
134366874,"Xe máy điện Typer 2 Trắng, Cam đã sử dụng",7800000,"Typer 2 đi ít còn như mới bán nửa giá mới

🛵TRẺ TRUNG - PHONG CÁCH - NĂNG ĐỘNG 
✴️ thanh lý xe typer2 
💸💸 giá bán 7tr800
☑️ màu sắc trung tính, thời trang (bảo hành 6 tháng) 
☑️ máy móc nguyên zin, an toàn tiết kiệm điện , Xanh, sạch không ồn 
☎️ Zalo *** (free ship Hà Nội, hỗ trợ ship toàn quốc  )
🏠 389 đội cấn -Hà Nội",2025,10000.0,Hà Nội,Quận Ba Đình,"Typer 2 đi ít còn như mới bán nửa giá mới

🛵TRẺ TRUNG - PHONG CÁCH - NĂNG ĐỘNG 
✴️ thanh lý xe typer2 
💸💸 giá bán 7tr800
☑️ màu sắc trung tính, thời trang (bảo hành 6 tháng) 
☑️ máy móc nguyên zin, an toàn tiết kiệm điện , Xanh, sạch không ồn 
☎️ Zalo *** (free ship Hà Nội, hỗ trợ ship toàn quốc  )
🏠 *** đội cấn -Hà Nội",Kèm pin,Khác,Không phân loại,,
134508320,Xe Điện 3sGo - Datbike S1 2026 Đen 10000 km,44900000,"DatbikeS1 BSTP ĐK 2026 Chính Chủ 1 Lần sạc đi 285km
- Odo 10k hơn
- Óc tán 7 màu keng 
- Còn đủ phụ kiện theo xe 
- Bảo hành Datbike toàn quốc
⛔️ Nợ xấu đưa 5tr8 có LÃI SUẤT hoặc 23tr KO LÃI SUẤT
--------------------
✅ 𝗛𝗼̂̃ 𝗧𝗿𝗼̛̣ 𝗔𝗲 𝗟𝗲̂𝗻 𝗛𝗼̂̀ 𝗦𝗼̛ 𝗕𝗮𝗻𝗸 𝗡𝗵𝗮̣̂𝗻 𝗫𝗲 𝗩𝗮̀ 𝗖𝗮𝘃𝗲𝘁 𝗚𝗼̂́𝗰
✅ 𝗡𝗼̛̣ 𝗫𝗮̂́𝘂 – 𝗛𝗼̂̃ 𝗧𝗿𝗼̛̣ 𝟬 Đ𝗼̂̀𝗻𝗴 – 𝗞𝗵𝗼̂𝗻𝗴 𝗫𝗮́𝗰 𝗠𝗶𝗻𝗵
✅ 𝗡𝗼̛̣ 𝗫𝗮̂́𝘂 – 𝗛𝗼̂̃ 𝗧𝗿𝗼̛̣ Đ𝘂̛𝗮 𝟯𝟬% – 𝗞𝗵𝗼̂𝗻𝗴 𝗟𝗮̃𝗶
✅ Đ𝗼̂̉𝗶 𝗣𝗶𝗻 𝗞𝗵𝗼̂𝗻𝗴 𝗖𝗵𝗼̛̀ 𝗦𝗮̣c 𝗡𝗵𝗶𝗲̂̀𝘂 𝗖𝗵𝗶 𝗡𝗵𝗮́𝗻𝗵
✅ 𝗛ỗ 𝗧𝗿𝗼̛̣ 𝟮 𝗡𝗮̆𝗺 𝗫𝗲 𝗛𝘂̛ – 𝗖𝗼́ 𝗫𝗲 𝗞𝗵𝗮́𝗰 𝗗𝘂̀𝗻𝗴
✅ Đ𝗮̆𝗻𝗴 𝗞𝘆́ 𝗔𝗽𝗽 𝗫𝗮𝗻𝗵 𝗣𝗹𝗮𝘁𝗳𝗼𝗿𝗺 – 𝗧𝗮̣𝗶 𝗖𝗵𝗼̂̃
--------------------
🏠𝟮𝟴𝟴 𝗧𝗿𝘂̛𝗼̛̀𝗻𝗴 𝗖𝗵𝗶𝗻𝗵 - 𝗣𝗵ư𝗼̛̀𝗻𝗴 Đ𝗼̂𝗻𝗴 𝗛𝘂̛𝗻𝗴 𝗧𝗵𝘂𝗮̣̂𝗻 - 𝗛𝗖𝗠 (𝗤𝘂𝗮̣̂𝗻𝟭𝟮 𝗰𝘂̃)",2025,10000.0,Tp Hồ Chí Minh,Quận 12,"DatbikeS1 BSTP ĐK 2026 Chính Chủ 1 Lần sạc đi 285km
- Odo 10k hơn
- Óc tán 7 màu keng 
- Còn đủ phụ kiện theo xe 
- Bảo hành Datbike toàn quốc
⛔️ Nợ xấu đưa 5tr8 có LÃI SUẤT hoặc 23tr KO LÃI SUẤT
--------------------
✅ 𝗛𝗼̂̃ 𝗧𝗿𝗼̛̣ 𝗔𝗲 𝗟𝗲̂𝗻 𝗛𝗼̂̀ 𝗦𝗼̛ 𝗕𝗮𝗻𝗸 𝗡𝗵𝗮̣̂𝗻 𝗫𝗲 𝗩𝗮̀ 𝗖𝗮𝘃𝗲𝘁 𝗚𝗼̂́𝗰
✅ 𝗡𝗼̛̣ 𝗫𝗮̂́𝘂 – 𝗛𝗼̂̃ 𝗧𝗿𝗼̛̣ 𝟬 Đ𝗼̂̀𝗻𝗴 – 𝗞𝗵𝗼̂𝗻𝗴 𝗫𝗮́𝗰 𝗠𝗶𝗻𝗵
✅ 𝗡𝗼̛̣ 𝗫𝗮̂́𝘂 – 𝗛𝗼̂̃ 𝗧𝗿𝗼̛̣ Đ𝘂̛𝗮 𝟯𝟬% – 𝗞𝗵𝗼̂𝗻𝗴 𝗟𝗮̃𝗶
✅ Đ𝗼̂̉𝗶 𝗣𝗶𝗻 𝗞𝗵𝗼̂𝗻𝗴 𝗖𝗵𝗼̛̀ 𝗦𝗮̣c 𝗡𝗵𝗶𝗲̂̀𝘂 𝗖𝗵𝗶 𝗡𝗵𝗮́𝗻𝗵
✅ 𝗛ỗ 𝗧𝗿𝗼̛̣ 𝟮 𝗡𝗮̆𝗺 𝗫𝗲 𝗛𝘂̛ – 𝗖𝗼́ 𝗫𝗲 𝗞𝗵𝗮́𝗰 𝗗𝘂̀𝗻𝗴
✅ Đ𝗮̆𝗻𝗴 𝗞𝘆́ 𝗔𝗽𝗽 𝗫𝗮𝗻𝗵 𝗣𝗹𝗮𝘁𝗳𝗼𝗿𝗺 – 𝗧𝗮̣𝗶 𝗖𝗵𝗼̂̃
--------------------
🏠𝟮𝟴𝟴 𝗧𝗿𝘂̛𝗼̛̀𝗻𝗴 𝗖𝗵𝗶𝗻𝗵 - 𝗣𝗵ư𝗼̛̀𝗻𝗴 Đ𝗼̂𝗻𝗴 𝗛𝘂̛𝗻𝗴 𝗧𝗵𝘂𝗮̣̂𝗻 - 𝗛𝗖𝗠 (𝗤𝘂𝗮̣̂𝗻𝟭𝟮 𝗰𝘂̃)",Cần xác minh,Khác,Không phân loại,,
134197994,CỬA HÀNG THU MUA XE MÁY ĐIỆN CŨ,35999000,"⭐️ CỬA HÀNG PHẠM TUẤN XE ĐIỆN CŨ 
CHUYÊN THU MUA XE ĐIỆN CŨ - GIÁ CAO - BAO MỌI GIẤY TỜ LIÊN QUAN
📌 Địa chỉ: 244 Thoại Ngọc Hầu . Phú Thạnh , Q .Tân Phú . TP HCM.
⭐️ ĐỊNH GIÁ MIỄN PHÍ XE MÁY ⭐️

❤️ Chuyên Thu Mua Xe Điện Cũ với các dòng như sau, Giá Bao Thị Trường
( VINFAST . YADEA . DATBIKE . PEGA...)

Giá thu từ: 1tr - 99tr

Dịch vụ đặc biệt:
❤️ Bấm Giá Trong Vòng 30s Để Khách Hàng Tham Khảo Giá
❤️ Hỗ Trợ Mua Tận Nơi ( Sài Gòn và những chỗ lân cận)


😍😍😍 CẦN KẾT NỐI VỚI SHOWROOM CÁC HÃNG XE ĐIỆN NEW THU CŨ ĐỔI MỚI CHO KHÁCH HÀNG

code: #thumuaxe #26003663_1",2025,1.0,Tp Hồ Chí Minh,Quận Tân Phú,"⭐️ CỬA HÀNG PHẠM TUẤN XE ĐIỆN CŨ 
CHUYÊN THU MUA XE ĐIỆN CŨ - GIÁ CAO - BAO MỌI GIẤY TỜ LIÊN QUAN
📌 Địa chỉ: 244 Thoại Ngọc Hầu . Phú Thạnh , Q .Tân Phú . TP HCM.
⭐️ ĐỊNH GIÁ MIỄN PHÍ XE MÁY ⭐️

❤️ Chuyên Thu Mua Xe Điện Cũ với các dòng như sau, Giá Bao Thị Trường
( VINFAST . YADEA . DATBIKE . PEGA...)

Giá thu từ: 1tr - 99tr

Dịch vụ đặc biệt:
❤️ Bấm Giá Trong Vòng 30s Để Khách Hàng Tham Khảo Giá
❤️ Hỗ Trợ Mua Tận Nơi ( Sài Gòn và những chỗ lân cận)


😍😍😍 CẦN KẾT NỐI VỚI SHOWROOM CÁC HÃNG XE ĐIỆN NEW THU CŨ ĐỔI MỚI CHO KHÁCH HÀNG

code: #thumuaxe #26003663_1",Cần xác minh,Khác,Không phân loại,,
134558870,Xe Điện 3sGo - Feliz II Trắng 700km,25900000,"Feliz II BSTP Chính Chủ 
- Odo 700km
- 2pin (free thuê 2pin 1 năm)
- Óc tán 7 màu keng 
- Còn đủ phụ kiện theo xe 
- Bảo hành Vinfast toàn quốc
⛔️ Nợ xấu đưa 0đ có LÃI SUẤT hoặc 15tr KO LÃI SUẤT
--------------------
✅ 𝗛𝗼̂̃ 𝗧𝗿𝗼̛̣ 𝗔𝗲 𝗟𝗲̂𝗻 𝗛𝗼̂̀ 𝗦𝗼̛ 𝗕𝗮𝗻𝗸 𝗡𝗵𝗮̣̂𝗻 𝗫𝗲 𝗩𝗮̀ 𝗖𝗮𝘃𝗲𝘁 𝗚𝗼̂́𝗰
✅ 𝗡𝗼̛̣ 𝗫𝗮̂́𝘂 – 𝗛𝗼̂̃ 𝗧𝗿𝗼̛̣ 𝟬 Đ𝗼̂̀𝗻𝗴 – 𝗞𝗵𝗼̂𝗻𝗴 𝗫𝗮́𝗰 𝗠𝗶𝗻𝗵
✅ 𝗡𝗼̛̣ 𝗫𝗮̂́𝘂 – 𝗛𝗼̂̃ 𝗧𝗿𝗼̛̣ Đ𝘂̛𝗮 𝟯𝟬% – 𝗞𝗵𝗼̂𝗻𝗴 𝗟𝗮̃𝗶
✅ Đ𝗼̂̉𝗶 𝗣𝗶𝗻 𝗞𝗵𝗼̂𝗻𝗴 𝗖𝗵𝗼̛̀ 𝗦𝗮̣c 𝗡𝗵𝗶𝗲̂̀𝘂 𝗖𝗵𝗶 𝗡𝗵𝗮́𝗻𝗵
✅ 𝗛ỗ 𝗧𝗿𝗼̛̣ 𝟮 𝗡𝗮̆𝗺 𝗫𝗲 𝗛𝘂̛ – 𝗖𝗼́ 𝗫𝗲 𝗞𝗵𝗮́𝗰 𝗗𝘂̀𝗻𝗴
✅ Đ𝗮̆𝗻𝗴 𝗞𝘆́ 𝗔𝗽𝗽 𝗫𝗮𝗻𝗵 𝗣𝗹𝗮𝘁𝗳𝗼𝗿𝗺 – 𝗧𝗮̣𝗶 𝗖𝗵𝗼̂̃
--------------------
🏠𝟮𝟴𝟴 𝗧𝗿𝘂̛𝗼̛̀𝗻𝗴 𝗖𝗵𝗶𝗻𝗵 - 𝗣𝗵ư𝗼̛̀𝗻𝗴 Đ𝗼̂𝗻𝗴 𝗛𝘂̛𝗻𝗴 𝗧𝗵𝘂𝗮̣̂𝗻 - 𝗛𝗖𝗠 (𝗤𝘂𝗮̣̂𝗻𝟭𝟮 𝗰𝘂̃)",2026,700.0,Tp Hồ Chí Minh,Quận 12,"Feliz II BSTP Chính Chủ 
- Odo 700km
- 2pin (free thuê 2pin 1 năm)
- Óc tán 7 màu keng 
- Còn đủ phụ kiện theo xe 
- Bảo hành Vinfast toàn quốc
⛔️ Nợ xấu đưa 0đ có LÃI SUẤT hoặc 15tr KO LÃI SUẤT
--------------------
✅ 𝗛𝗼̂̃ 𝗧𝗿𝗼̛̣ 𝗔𝗲 𝗟𝗲̂𝗻 𝗛𝗼̂̀ 𝗦𝗼̛ 𝗕𝗮𝗻𝗸 𝗡𝗵𝗮̣̂𝗻 𝗫𝗲 𝗩𝗮̀ 𝗖𝗮𝘃𝗲𝘁 𝗚𝗼̂́𝗰
✅ 𝗡𝗼̛̣ 𝗫𝗮̂́𝘂 – 𝗛𝗼̂̃ 𝗧𝗿𝗼̛̣ 𝟬 Đ𝗼̂̀𝗻𝗴 – 𝗞𝗵𝗼̂𝗻𝗴 𝗫𝗮́𝗰 𝗠𝗶𝗻𝗵
✅ 𝗡𝗼̛̣ 𝗫𝗮̂́𝘂 – 𝗛𝗼̂̃ 𝗧𝗿𝗼̛̣ Đ𝘂̛𝗮 𝟯𝟬% – 𝗞𝗵𝗼̂𝗻𝗴 𝗟𝗮̃𝗶
✅ Đ𝗼̂̉𝗶 𝗣𝗶𝗻 𝗞𝗵𝗼̂𝗻𝗴 𝗖𝗵𝗼̛̀ 𝗦𝗮̣c 𝗡𝗵𝗶𝗲̂̀𝘂 𝗖𝗵𝗶 𝗡𝗵𝗮́𝗻𝗵
✅ 𝗛ỗ 𝗧𝗿𝗼̛̣ 𝟮 𝗡𝗮̆𝗺 𝗫𝗲 𝗛𝘂̛ – 𝗖𝗼́ 𝗫𝗲 𝗞𝗵𝗮́𝗰 𝗗𝘂̀𝗻𝗴
✅ Đ𝗮̆𝗻𝗴 𝗞𝘆́ 𝗔𝗽𝗽 𝗫𝗮𝗻𝗵 𝗣𝗹𝗮𝘁𝗳𝗼𝗿𝗺 – 𝗧𝗮̣𝗶 𝗖𝗵𝗼̂̃
--------------------
🏠𝟮𝟴𝟴 𝗧𝗿𝘂̛𝗼̛̀𝗻𝗴 𝗖𝗵𝗶𝗻𝗵 - 𝗣𝗵ư𝗼̛̀𝗻𝗴 Đ𝗼̂𝗻𝗴 𝗛𝘂̛𝗻𝗴 𝗧𝗵𝘂𝗮̣̂𝗻 - 𝗛𝗖𝗠 (𝗤𝘂𝗮̣̂𝗻𝟭𝟮 𝗰𝘂̃)",Cần xác minh,VinFast,Feliz,27000000.0,4.1
134621837,Xe máy điện Xmen 2019 Đen Việt Nam,4900000,"BÁN XE MÁY ĐIỆN cũ :  Xmen 
Giá:4tr900  bình khỏe 30/35km/1 lần sạc 
Đk 2019 biển số 74 
xe ở Cầu Vượt Sóng Thần  Qlộ 1A 
LH: ***
Có nhan đổi xe điện cũ các loại",2019,8978.0,Tp Hồ Chí Minh,Thành phố Thủ Đức,"BÁN XE MÁY ĐIỆN cũ :  Xmen 
Giá:4tr900  bình khỏe 30/35km/1 lần sạc 
Đk 2019 biển số 74 
xe ở Cầu Vượt Sóng Thần  Qlộ 1A 
LH: ***
Có nhan đổi xe điện cũ các loại",Cần xác minh,Khác,Không phân loại,,
134621834,Xe máy điện VinFast Vento Neo Trắng 9.000KM,29500000,"Vento Neo 9.000KM Cập Bến 😍😍😍

Giá..29.5Tr

☎️*** Em bi",2025,9000.0,Tp Hồ Chí Minh,Quận Tân Phú,"Vento Neo 9.000KM Cập Bến 😍😍😍

Giá..29.5Tr

☎️*** Em bi",Cần xác minh,VinFast,Vento,50000000.0,41.0
134621825,"VinFast Feliz Neo 2025 Xám 38,900km",28000000,"Feliz Ne***


- ODO : 38,900km
- Pin : 72v 105Ah . Quãng đường đi được từ 200km 1 lần sạc
- Ngoại hình : 95%
- Thủ tục mua bán : công chứng mua bán ra tên mới. Chủ xe hỗ trợ rút hồ sơ
- Năm đăng ký : 10/2025
- Giá bán :  28,000,000
- Có hỗ trợ trả góp, nợ xấu
- Có cho thuê xe, trao đổi mua bán xe, ký gửi xe",2025,38900.0,Tp Hồ Chí Minh,Quận Tân Bình,"Feliz Ne***


- ODO : 38,900km
- Pin : 72v 105Ah . Quãng đường đi được từ 200km 1 lần sạc
- Ngoại hình : 95%
- Thủ tục mua bán : công chứng mua bán ra tên mới. Chủ xe hỗ trợ rút hồ sơ
- Năm đăng ký : 10/2025
- Giá bán :  28,000,000
- Có hỗ trợ trả góp, nợ xấu
- Có cho thuê xe, trao đổi mua bán xe, ký gửi xe",Cần xác minh,VinFast,Feliz,27000000.0,-3.7
134621821,Xe điện gogo,5200000,"bán xe điện còn rất tốt nhập khẩu nguyên chiếc giá vừa tầm ai mua cho con đi hoc câp 3 đỡ đươc bao nhiêu tiền nhà nhiêu xe lên bán nhanh cho gọn
ai thiên chí mua hoăc nhăn tin nêu ko nghe may kip",2019,5252.0,Hải Phòng,Quận Ngô Quyền,"bán xe điện còn rất tốt nhập khẩu nguyên chiếc giá vừa tầm ai mua cho con đi hoc câp 3 đỡ đươc bao nhiêu tiền nhà nhiêu xe lên bán nhanh cho gọn
ai thiên chí mua hoăc nhăn tin nêu ko nghe may kip",Cần xác minh,Dibao,Gogo,14500000.0,64.1
134621813,Quantum S3 odo 10k xe đẹp ken biển sg,32500000,"Quantum s3 xe đẹp ken 9 chủ ký 
Có gop nợ xấu tay đôi",2025,10412.0,Tp Hồ Chí Minh,Quận Tân Phú,"Quantum s3 xe đẹp ken 9 chủ ký 
Có gop nợ xấu tay đôi",Cần xác minh,Dat Bike,Quantum,34900000.0,6.9
133165398,Xe máy điện VinFast Feliz 2 Trắng,17500000,"Xe máy điện VinFast Feliz 2 màu trắng, thiết kế hiện đại, phù hợp cho cả nam và nữ. 
- Xe vận hành êm ái, tiết kiệm năng lượng. 
- Trang bị nhiều tính năng thông minh. 
- Xe mới, ít sử dụng.
- chuyển nhượng hợp đồng thuê 2 pin vinfast 1,5kw
",2026,1589.0,Đồng Nai,Huyện Trảng Bom,"Xe máy điện VinFast Feliz 2 màu trắng, thiết kế hiện đại, phù hợp cho cả nam và nữ. 
- Xe vận hành êm ái, tiết kiệm năng lượng. 
- Trang bị nhiều tính năng thông minh. 
- Xe mới, ít sử dụng.
- chuyển nhượng hợp đồng thuê 2 pin vinfast 1,5kw
",Cần xác minh,VinFast,Feliz,27000000.0,35.2
134536690,Xe Điện 3sGo -  Evo200Lite 2025 Đen,22900000,"Evo200Lite  - Bstp 9 Chủ ĐK 2025
- 2 Chìa khoá đầy đủ
- Dàn áo dán keng 98%
- Óc tán 7 màu keng 98%
- Còn đủ phụ kiện theo xe
❤️Xe keng 98% so với xe new 
⛔️ Nợ xấu đưa 3tr2 có LÃI SUẤT hoặc 12tr KO LÃI SUẤT
--------------------
✅ 𝗛𝗼̂̃ 𝗧𝗿𝗼̛̣ 𝗔𝗲 𝗟𝗲̂𝗻 𝗛𝗼̂̀ 𝗦𝗼̛ 𝗕𝗮𝗻𝗸 𝗡𝗵𝗮̣̂𝗻 𝗫𝗲 𝗩𝗮̀ 𝗖𝗮𝘃𝗲𝘁 𝗚𝗼̂́𝗰
✅ 𝗡𝗼̛̣ 𝗫𝗮̂́𝘂 – 𝗛𝗼̂̃ 𝗧𝗿𝗼̛̣ 𝟬 Đ𝗼̂̀𝗻𝗴 – 𝗞𝗵𝗼̂𝗻𝗴 𝗫𝗮́𝗰 𝗠𝗶𝗻𝗵
✅ 𝗡𝗼̛̣ 𝗫𝗮̂́𝘂 – 𝗛𝗼̂̃ 𝗧𝗿𝗼̛̣ Đ𝘂̛𝗮 𝟯𝟬% – 𝗞𝗵𝗼̂𝗻𝗴 𝗟𝗮̃𝗶
✅ Đ𝗼̂̉𝗶 𝗣𝗶𝗻 𝗞𝗵𝗼̂𝗻𝗴 𝗖𝗵𝗼̛̀ 𝗦𝗮̣c 𝗡𝗵𝗶𝗲̂̀𝘂 𝗖𝗵𝗶 𝗡𝗵𝗮́𝗻𝗵
✅ 𝗛ỗ 𝗧𝗿𝗼̛̣ 𝟮 𝗡𝗮̆𝗺 𝗫𝗲 𝗛𝘂̛ – 𝗖𝗼́ 𝗫𝗲 𝗞𝗵𝗮́𝗰 𝗗𝘂̀𝗻𝗴
✅ Đ𝗮̆𝗻𝗴 𝗞𝘆́ 𝗔𝗽𝗽 𝗫𝗮𝗻𝗵 𝗣𝗹𝗮𝘁𝗳𝗼𝗿𝗺 – 𝗧𝗮̣𝗶 𝗖𝗵𝗼̂̃
--------------------
🏠𝟮𝟴𝟴 𝗧𝗿𝘂̛𝗼̛̀𝗻𝗴 𝗖𝗵𝗶𝗻𝗵 - 𝗣𝗵ư𝗼̛̀𝗻𝗴 Đ𝗼̂𝗻𝗴 𝗛𝘂̛𝗻𝗴 𝗧𝗵𝘂𝗮̣̂𝗻 - 𝗛𝗖𝗠 (𝗤𝘂𝗮̣̂𝗻𝟭𝟮 𝗰𝘂̃)",2025,,Tp Hồ Chí Minh,Quận 12,"Evo200Lite  - Bstp 9 Chủ ĐK 2025
- 2 Chìa khoá đầy đủ
- Dàn áo dán keng 98%
- Óc tán 7 màu keng 98%
- Còn đủ phụ kiện theo xe
❤️Xe keng 98% so với xe new 
⛔️ Nợ xấu đưa 3tr2 có LÃI SUẤT hoặc 12tr KO LÃI SUẤT
--------------------
✅ 𝗛𝗼̂̃ 𝗧𝗿𝗼̛̣ 𝗔𝗲 𝗟𝗲̂𝗻 𝗛𝗼̂̀ 𝗦𝗼̛ 𝗕𝗮𝗻𝗸 𝗡𝗵𝗮̣̂𝗻 𝗫𝗲 𝗩𝗮̀ 𝗖𝗮𝘃𝗲𝘁 𝗚𝗼̂́𝗰
✅ 𝗡𝗼̛̣ 𝗫𝗮̂́𝘂 – 𝗛𝗼̂̃ 𝗧𝗿𝗼̛̣ 𝟬 Đ𝗼̂̀𝗻𝗴 – 𝗞𝗵𝗼̂𝗻𝗴 𝗫𝗮́𝗰 𝗠𝗶𝗻𝗵
✅ 𝗡𝗼̛̣ 𝗫𝗮̂́𝘂 – 𝗛𝗼̂̃ 𝗧𝗿𝗼̛̣ Đ𝘂̛𝗮 𝟯𝟬% – 𝗞𝗵𝗼̂𝗻𝗴 𝗟𝗮̃𝗶
✅ Đ𝗼̂̉𝗶 𝗣𝗶𝗻 𝗞𝗵𝗼̂𝗻𝗴 𝗖𝗵𝗼̛̀ 𝗦𝗮̣c 𝗡𝗵𝗶𝗲̂̀𝘂 𝗖𝗵𝗶 𝗡𝗵𝗮́𝗻𝗵
✅ 𝗛ỗ 𝗧𝗿𝗼̛̣ 𝟮 𝗡𝗮̆𝗺 𝗫𝗲 𝗛𝘂̛ – 𝗖𝗼́ 𝗫𝗲 𝗞𝗵𝗮́𝗰 𝗗𝘂̀𝗻𝗴
✅ Đ𝗮̆𝗻𝗴 𝗞𝘆́ 𝗔𝗽𝗽 𝗫𝗮𝗻𝗵 𝗣𝗹𝗮𝘁𝗳𝗼𝗿𝗺 – 𝗧𝗮̣𝗶 𝗖𝗵𝗼̂̃
--------------------
🏠𝟮𝟴𝟴 𝗧𝗿𝘂̛𝗼̛̀𝗻𝗴 𝗖𝗵𝗶𝗻𝗵 - 𝗣𝗵ư𝗼̛̀𝗻𝗴 Đ𝗼̂𝗻𝗴 𝗛𝘂̛𝗻𝗴 𝗧𝗵𝘂𝗮̣̂𝗻 - 𝗛𝗖𝗠 (𝗤𝘂𝗮̣̂𝗻𝟭𝟮 𝗰𝘂̃)",Cần xác minh,Khác,Không phân loại,,
134621561,Xe máy điện VinFast Feliz 2025 Trắng 2 pin 2.4kW,25000000,"FELIZ 2025 – 2 PIN ZIN – GIÁ 25 TRIỆU 🔥
Biển số: 50AD-256.57

🛵 Feliz 2025 – xe đẹp, 2 pin zin, sẵn sàng chạy ngay!

✨ Thông tin xe:

📍 ODO: 10.000 km
🔋 2 pin 2.4kW zin hãng
💎 Ngoại hình: 95%
📅 Đăng ký: 12/2025
📄 Công chứng mua bán
💰 Giá bán: 25.000.000đ

💳 HỖ TRỢ TRẢ GÓP – HỖ TRỢ HỒ SƠ NỢ XẤU
🛵 Có cho thuê xe
🔄 Nhận trao đổi – mua bán xe
📦 Nhận ký gửi xe

🔥 Điểm đáng tiền: 2 pin zin + đời 2025 + giấy tờ mua bán rõ ràng. Mua về đi hằng ngày hoặc chạy dịch vụ đều tiện.

📩 Quan tâm inbox ngay – xe đẹp, giá tốt, chốt sớm kẻo hết!",2025,10000.0,Tp Hồ Chí Minh,Quận Tân Bình,"FELIZ 2025 – 2 PIN ZIN – GIÁ 25 TRIỆU 🔥
Biển số: 50AD-256.57

🛵 Feliz 2025 – xe đẹp, 2 pin zin, sẵn sàng chạy ngay!

✨ Thông tin xe:

📍 ODO: 10.000 km
🔋 2 pin 2.4kW zin hãng
💎 Ngoại hình: 95%
📅 Đăng ký: 12/2025
📄 Công chứng mua bán
💰 Giá bán: 25.000.000đ

💳 HỖ TRỢ TRẢ GÓP – HỖ TRỢ HỒ SƠ NỢ XẤU
🛵 Có cho thuê xe
🔄 Nhận trao đổi – mua bán xe
📦 Nhận ký gửi xe

🔥 Điểm đáng tiền: 2 pin zin + đời 2025 + giấy tờ mua bán rõ ràng. Mua về đi hằng ngày hoặc chạy dịch vụ đều tiện.

📩 Quan tâm inbox ngay – xe đẹp, giá tốt, chốt sớm kẻo hết!",Kèm pin,VinFast,Feliz,27000000.0,7.4
134621518,Xe máy điện VinFast Feliz Neo 2025 Xám 39000 km,20500000,"Feliz Neo màu xám BS : 50-AC 735.12


- ODO : 39000
- Pin : 1 Pin zin 67v 30Ah + 1 pin song song sàn chân 67v 30Ah . Quãng đường đi được từ 130 - 150km 1 lần sạc
- Ngoại hình : 90%
- Thủ tục mua bán : công chứng mua bán
- Năm đăng ký : 09/2025
- Giá bán :  20,500,000
- Có hỗ trợ trả góp, nợ xấu
- Có cho thuê xe, trao đổi mua bán xe, ký gửi xe",2025,39000.0,Tp Hồ Chí Minh,Quận Tân Bình,"Feliz Neo màu xám BS : 50-AC 735.12


- ODO : 39000
- Pin : 1 Pin zin 67v 30Ah + 1 pin song song sàn chân 67v 30Ah . Quãng đường đi được từ 130 - 150km 1 lần sạc
- Ngoại hình : 90%
- Thủ tục mua bán : công chứng mua bán
- Năm đăng ký : 09/2025
- Giá bán :  20,500,000
- Có hỗ trợ trả góp, nợ xấu
- Có cho thuê xe, trao đổi mua bán xe, ký gửi xe",Kèm pin,VinFast,Feliz,27000000.0,24.1
134506458,Xe Điện 3sGo - Flazz 2026 Trắng 900 km,15900000,"Flazz BSTP ĐK 2026 Chính Chủ 
- Odo 900 cây
- Đã mua 2 pin
- Óc tán 7 màu keng 
- Còn đủ phụ kiện theo xe
- Bảo hành Vinfast toàn quốc
#Giá_15tr9 - Nậu xớ đưa 2tr1 hoặc 5tr1
⛔️ Nợ xấu đưa 2tr1 có LÃI SUẤT hoặc 8tr KO LÃI SUẤT
--------------------
✅ 𝗛𝗼̂̃ 𝗧𝗿𝗼̛̣ 𝗔𝗲 𝗟𝗲̂𝗻 𝗛𝗼̂̀ 𝗦𝗼̛ 𝗕𝗮𝗻𝗸 𝗡𝗵𝗮̣̂𝗻 𝗫𝗲 𝗩𝗮̀ 𝗖𝗮𝘃𝗲𝘁 𝗚𝗼̂́𝗰
✅ 𝗡𝗼̛̣ 𝗫𝗮̂́𝘂 – 𝗛𝗼̂̃ 𝗧𝗿𝗼̛̣ 𝟬 Đ𝗼̂̀𝗻𝗴 – 𝗞𝗵𝗼̂𝗻𝗴 𝗫𝗮́𝗰 𝗠𝗶𝗻𝗵
✅ 𝗡𝗼̛̣ 𝗫𝗮̂́𝘂 – 𝗛𝗼̂̃ 𝗧𝗿𝗼̛̣ Đ𝘂̛𝗮 𝟯𝟬% – 𝗞𝗵𝗼̂𝗻𝗴 𝗟𝗮̃𝗶
✅ Đ𝗼̂̉𝗶 𝗣𝗶𝗻 𝗞𝗵𝗼̂𝗻𝗴 𝗖𝗵𝗼̛̀ 𝗦𝗮̣c 𝗡𝗵𝗶𝗲̂̀𝘂 𝗖𝗵𝗶 𝗡𝗵𝗮́𝗻𝗵
✅ 𝗛ỗ 𝗧𝗿𝗼̛̣ 𝟮 𝗡𝗮̆𝗺 𝗫𝗲 𝗛𝘂̛ – 𝗖𝗼́ 𝗫𝗲 𝗞𝗵𝗮́𝗰 𝗗𝘂̀𝗻𝗴
✅ Đ𝗮̆𝗻𝗴 𝗞𝘆́ 𝗔𝗽𝗽 𝗫𝗮𝗻𝗵 𝗣𝗹𝗮𝘁𝗳𝗼𝗿𝗺 – 𝗧𝗮̣𝗶 𝗖𝗵𝗼̂̃
--------------------
🏠𝟮𝟴𝟴 𝗧𝗿𝘂̛𝗼̛̀𝗻𝗴 𝗖𝗵𝗶𝗻𝗵 - 𝗣𝗵ư𝗼̛̀𝗻𝗴 Đ𝗼̂𝗻𝗴 𝗛𝘂̛𝗻𝗴 𝗧𝗵𝘂𝗮̣̂𝗻 - 𝗛𝗖𝗠 (𝗤𝘂𝗮̣̂𝗻𝟭𝟮 𝗰𝘂̃)",2026,900.0,Tp Hồ Chí Minh,Quận 12,"Flazz BSTP ĐK 2026 Chính Chủ 
- Odo 900 cây
- Đã mua 2 pin
- Óc tán 7 màu keng 
- Còn đủ phụ kiện theo xe
- Bảo hành Vinfast toàn quốc
#Giá_15tr9 - Nậu xớ đưa 2tr1 hoặc 5tr1
⛔️ Nợ xấu đưa 2tr1 có LÃI SUẤT hoặc 8tr KO LÃI SUẤT
--------------------
✅ 𝗛𝗼̂̃ 𝗧𝗿𝗼̛̣ 𝗔𝗲 𝗟𝗲̂𝗻 𝗛𝗼̂̀ 𝗦𝗼̛ 𝗕𝗮𝗻𝗸 𝗡𝗵𝗮̣̂𝗻 𝗫𝗲 𝗩𝗮̀ 𝗖𝗮𝘃𝗲𝘁 𝗚𝗼̂́𝗰
✅ 𝗡𝗼̛̣ 𝗫𝗮̂́𝘂 – 𝗛𝗼̂̃ 𝗧𝗿𝗼̛̣ 𝟬 Đ𝗼̂̀𝗻𝗴 – 𝗞𝗵𝗼̂𝗻𝗴 𝗫𝗮́𝗰 𝗠𝗶𝗻𝗵
✅ 𝗡𝗼̛̣ 𝗫𝗮̂́𝘂 – 𝗛𝗼̂̃ 𝗧𝗿𝗼̛̣ Đ𝘂̛𝗮 𝟯𝟬% – 𝗞𝗵𝗼̂𝗻𝗴 𝗟𝗮̃𝗶
✅ Đ𝗼̂̉𝗶 𝗣𝗶𝗻 𝗞𝗵𝗼̂𝗻𝗴 𝗖𝗵𝗼̛̀ 𝗦𝗮̣c 𝗡𝗵𝗶𝗲̂̀𝘂 𝗖𝗵𝗶 𝗡𝗵𝗮́𝗻𝗵
✅ 𝗛ỗ 𝗧𝗿𝗼̛̣ 𝟮 𝗡𝗮̆𝗺 𝗫𝗲 𝗛𝘂̛ – 𝗖𝗼́ 𝗫𝗲 𝗞𝗵𝗮́𝗰 𝗗𝘂̀𝗻𝗴
✅ Đ𝗮̆𝗻𝗴 𝗞𝘆́ 𝗔𝗽𝗽 𝗫𝗮𝗻𝗵 𝗣𝗹𝗮𝘁𝗳𝗼𝗿𝗺 – 𝗧𝗮̣𝗶 𝗖𝗵𝗼̂̃
--------------------
🏠𝟮𝟴𝟴 𝗧𝗿𝘂̛𝗼̛̀𝗻𝗴 𝗖𝗵𝗶𝗻𝗵 - 𝗣𝗵ư𝗼̛̀𝗻𝗴 Đ𝗼̂𝗻𝗴 𝗛𝘂̛𝗻𝗴 𝗧𝗵𝘂𝗮̣̂𝗻 - 𝗛𝗖𝗠 (𝗤𝘂𝗮̣̂𝗻𝟭𝟮 𝗰𝘂̃)",Cần xác minh,Khác,Không phân loại,,
134555510,Xe Điện 3sGo - Datbike S1 Đen 10.000 km,44900000,"DatbikeS1 BSTP ĐK 2026 Chính Chủ 1 Lần sạc đi 285km
- Odo 10k hơn
- Óc tán 7 màu keng 
- Còn đủ phụ kiện theo xe 
- Bảo hành Datbike toàn quốc
⛔️ Nợ xấu đưa 5tr8 có LÃI SUẤT hoặc 24tr KO LÃI SUẤT
--------------------
✅ 𝗛𝗼̂̃ 𝗧𝗿𝗼̛̣ 𝗔𝗲 𝗟𝗲̂𝗻 𝗛𝗼̂̀ 𝗦𝗼̛ 𝗕𝗮𝗻𝗸 𝗡𝗵𝗮̣̂𝗻 𝗫𝗲 𝗩𝗮̀ 𝗖𝗮𝘃𝗲𝘁 𝗚𝗼̂́𝗰
✅ 𝗡𝗼̛̣ 𝗫𝗮̂́𝘂 – 𝗛𝗼̂̃ 𝗧𝗿𝗼̛̣ 𝟬 Đ𝗼̂̀𝗻𝗴 – 𝗞𝗵𝗼̂𝗻𝗴 𝗫𝗮́𝗰 𝗠𝗶𝗻𝗵
✅ 𝗡𝗼̛̣ 𝗫𝗮̂́𝘂 – 𝗛𝗼̂̃ 𝗧𝗿𝗼̛̣ Đ𝘂̛𝗮 𝟯𝟬% – 𝗞𝗵𝗼̂𝗻𝗴 𝗟𝗮̃𝗶
✅ Đ𝗼̂̉𝗶 𝗣𝗶𝗻 𝗞𝗵𝗼̂𝗻𝗴 𝗖𝗵𝗼̛̀ 𝗦𝗮̣c 𝗡𝗵𝗶𝗲̂̀𝘂 𝗖𝗵𝗶 𝗡𝗵𝗮́𝗻𝗵
✅ 𝗛ỗ 𝗧𝗿𝗼̛̣ 𝟮 𝗡𝗮̆𝗺 𝗫𝗲 𝗛𝘂̛ – 𝗖𝗼́ 𝗫𝗲 𝗞𝗵𝗮́𝗰 𝗗𝘂̀𝗻𝗴
✅ Đ𝗮̆𝗻𝗴 𝗞𝘆́ 𝗔𝗽𝗽 𝗫𝗮𝗻𝗵 𝗣𝗹𝗮𝘁𝗳𝗼𝗿𝗺 – 𝗧𝗮̣𝗶 𝗖𝗵𝗼̂̃
--------------------
🏠𝟮𝟴𝟴 𝗧𝗿𝘂̛𝗼̛̀𝗻𝗴 𝗖𝗵𝗶𝗻𝗵 - 𝗣𝗵ư𝗼̛̀𝗻𝗴 Đ𝗼̂𝗻𝗴 𝗛𝘂̛𝗻𝗴 𝗧𝗵𝘂𝗮̣̂𝗻 - 𝗛𝗖𝗠 (𝗤𝘂𝗮̣̂𝗻𝟭𝟮 𝗰𝘂̃)",2026,10000.0,Tp Hồ Chí Minh,Quận 12,"DatbikeS1 BSTP ĐK 2026 Chính Chủ 1 Lần sạc đi 285km
- Odo 10k hơn
- Óc tán 7 màu keng 
- Còn đủ phụ kiện theo xe 
- Bảo hành Datbike toàn quốc
⛔️ Nợ xấu đưa 5tr8 có LÃI SUẤT hoặc 24tr KO LÃI SUẤT
--------------------
✅ 𝗛𝗼̂̃ 𝗧𝗿𝗼̛̣ 𝗔𝗲 𝗟𝗲̂𝗻 𝗛𝗼̂̀ 𝗦𝗼̛ 𝗕𝗮𝗻𝗸 𝗡𝗵𝗮̣̂𝗻 𝗫𝗲 𝗩𝗮̀ 𝗖𝗮𝘃𝗲𝘁 𝗚𝗼̂́𝗰
✅ 𝗡𝗼̛̣ 𝗫𝗮̂́𝘂 – 𝗛𝗼̂̃ 𝗧𝗿𝗼̛̣ 𝟬 Đ𝗼̂̀𝗻𝗴 – 𝗞𝗵𝗼̂𝗻𝗴 𝗫𝗮́𝗰 𝗠𝗶𝗻𝗵
✅ 𝗡𝗼̛̣ 𝗫𝗮̂́𝘂 – 𝗛𝗼̂̃ 𝗧𝗿𝗼̛̣ Đ𝘂̛𝗮 𝟯𝟬% – 𝗞𝗵𝗼̂𝗻𝗴 𝗟𝗮̃𝗶
✅ Đ𝗼̂̉𝗶 𝗣𝗶𝗻 𝗞𝗵𝗼̂𝗻𝗴 𝗖𝗵𝗼̛̀ 𝗦𝗮̣c 𝗡𝗵𝗶𝗲̂̀𝘂 𝗖𝗵𝗶 𝗡𝗵𝗮́𝗻𝗵
✅ 𝗛ỗ 𝗧𝗿𝗼̛̣ 𝟮 𝗡𝗮̆𝗺 𝗫𝗲 𝗛𝘂̛ – 𝗖𝗼́ 𝗫𝗲 𝗞𝗵𝗮́𝗰 𝗗𝘂̀𝗻𝗴
✅ Đ𝗮̆𝗻𝗴 𝗞𝘆́ 𝗔𝗽𝗽 𝗫𝗮𝗻𝗵 𝗣𝗹𝗮𝘁𝗳𝗼𝗿𝗺 – 𝗧𝗮̣𝗶 𝗖𝗵𝗼̂̃
--------------------
🏠𝟮𝟴𝟴 𝗧𝗿𝘂̛𝗼̛̀𝗻𝗴 𝗖𝗵𝗶𝗻𝗵 - 𝗣𝗵ư𝗼̛̀𝗻𝗴 Đ𝗼̂𝗻𝗴 𝗛𝘂̛𝗻𝗴 𝗧𝗵𝘂𝗮̣̂𝗻 - 𝗛𝗖𝗠 (𝗤𝘂𝗮̣̂𝗻𝟭𝟮 𝗰𝘂̃)",Cần xác minh,Khác,Không phân loại,,
134620997,Xe máy điện Vespa Espero Classic 2022 Xanh ngọc,8400000,"Vespa Espero Classic 1. Đời cao 2022
Bình khoẻ. Đầy đủ giấy tờ
Ngoại hình đẹp như hình.
Giá hơn 8tr400

📍 Có thể xem xe và kiểm tra trực tiếp.
🏠 87 Máy tơ. Nam định
☎️ ***",2022,8000.0,Nam Định,Thành phố Nam Định,"Vespa Espero Classic 1. Đời cao 2022
Bình khoẻ. Đầy đủ giấy tờ
Ngoại hình đẹp như hình.
Giá hơn 8tr400

📍 Có thể xem xe và kiểm tra trực tiếp.
🏠 87 Máy tơ. Nam định
☎️ ***",Cần xác minh,Khác,Không phân loại,,
134434450,Xe đạp điện Yadea V1 Plus Đen,8500000,"Xe điện V1 Plus màu đen
- Kiểu dáng thời trang, dễ điều khiển.
- Động cơ êm ái.
- Pin bền bỉ, di chuyển quãng đường xa.",2025,1.0,Tp Hồ Chí Minh,Quận Tân Bình,"Xe điện V1 Plus màu đen
- Kiểu dáng thời trang, dễ điều khiển.
- Động cơ êm ái.
- Pin bền bỉ, di chuyển quãng đường xa.",Cần xác minh,Yadea,Yadea (Khác),9990000.0,14.9
134620393,Xe máy điện VinFast Vento Neo Trắng 9.000KM,29500000,"Vento Neo 9.000KM Cập Bến 😍😍😍

Giá..29.5Tr

☎️*** Minh Khờ",2025,9000.0,Tp Hồ Chí Minh,Quận Tân Phú,"Vento Neo 9.000KM Cập Bến 😍😍😍

Giá..29.5Tr

☎️*** Minh Khờ",Cần xác minh,VinFast,Vento,50000000.0,41.0
134620294,Vinfast Ludo Xe điện,6600000,Bán xe điện vinfast ludo acquy mới bảo hành 1 năm,2020,10.0,Hà Nội,Quận Tây Hồ,Bán xe điện vinfast ludo acquy mới bảo hành 1 năm,Cần xác minh,VinFast,Ludo,12900000.0,48.8
134620154,Xe máy điện VinFast Vento ABS Đen 7.000km,28800000,"Vento ABS lướt 7.000km
Chính chủ ký
-  Liền lạc đẹp keng
- 2 chìa 2 kính theo xe còn đủ
- Đã úp phuộc sau

Giá: 28tr8
☎️ ***",2025,7000.0,Tp Hồ Chí Minh,Quận 5,"Vento ABS lướt 7.000km
Chính chủ ký
-  Liền lạc đẹp keng
- 2 chìa 2 kính theo xe còn đủ
- Đã úp phuộc sau

Giá: 28tr8
☎️ ***",Cần xác minh,VinFast,Vento,50000000.0,42.4
134620115,Xe máy điện VinFast Vento Neo 2025 Trắng,29500000,"Khách lên đời để lại 
Vento neo siêu lướt
- Biển Tp chính chủ ký
- Pin 3.5, sạc 1000w đời mới 
- Liền lạc đẹp ken
- Góp đưa trước 30% nhận xe

Giá 29tr5
☎️***",2025,9000.0,Tp Hồ Chí Minh,Quận 5,"Khách lên đời để lại 
Vento neo siêu lướt
- Biển Tp chính chủ ký
- Pin 3.5, sạc 1000w đời mới 
- Liền lạc đẹp ken
- Góp đưa trước 30% nhận xe

Giá 29tr5
☎️***",Cần xác minh,VinFast,Vento,50000000.0,41.0
134620037,Xe máy điện Yadea Omee Trắng Ắc quy Graphene,14500000,"Xe máy điện Yadea Omee trắng, mới mua hơn 1 tuần, còn bảo hành hãng. 
 - Xe mới ra mắt 2026, thiết kế hiện đại. 
 - Pin ắc quy Graphene 48V22Ah, tốc độ tối đa 40km/h, công suất 400W. 
 - Phù hợp cho học sinh, sinh viên từ 16 tuổi trở lên hoặc người không có bằng lái. 
 - Giá 14.500.000 đồng.",2026,150.0,Tp Hồ Chí Minh,Thành phố Thủ Đức,"Xe máy điện Yadea Omee trắng, mới mua hơn 1 tuần, còn bảo hành hãng. 
 - Xe mới ra mắt 2026, thiết kế hiện đại. 
 - Pin ắc quy Graphene 48V22Ah, tốc độ tối đa 40km/h, công suất 400W. 
 - Phù hợp cho học sinh, sinh viên từ 16 tuổi trở lên hoặc người không có bằng lái. 
 - Giá 14.500.000 đồng.",Cần xác minh,Yadea,Yadea (Khác),9990000.0,-45.1
134599987,Xe điện Vespa Vision 2026 Xám Đã sử dụng,18500000,"Xe điện vision mới mua 2026 mới 98%

🔥🔥🔥 Siêu Phẩm Mới Về Ạ 🔥🔥🔥 

Vespa Siêu Siêu Lướt 2026

Xe Mới 95%, dk đầy đủ

SmartKey Zin
Xe Điện huy lâm Bán Rẻ 7tr So Với Mới 
Mà Lại Được Xe Như Mới Ạ 

📌 Ship Hàng TOÀN QUỐC - Nhanh chóng
---- 
📞 LH tư vấn miễn phí : ***( zalo / video call ) 
🕹️ Địa chỉ: 389 đội cấn-ba đình - Hà Nội. 
❇️ Cửa Hàng Xe Điện Huy Lâm",2026,5000.0,Hà Nội,Quận Ba Đình,"Xe điện vision mới mua 2026 mới 98%

🔥🔥🔥 Siêu Phẩm Mới Về Ạ 🔥🔥🔥 

Vespa Siêu Siêu Lướt 2026

Xe Mới 95%, dk đầy đủ

SmartKey Zin
Xe Điện huy lâm Bán Rẻ 7tr So Với Mới 
Mà Lại Được Xe Như Mới Ạ 

📌 Ship Hàng TOÀN QUỐC - Nhanh chóng
---- 
📞 LH tư vấn miễn phí : ***( zalo / video call ) 
🕹️ Địa chỉ: *** đội cấn-ba đình - Hà Nội. 
❇️ Cửa Hàng Xe Điện Huy Lâm",Kèm pin,Khác,Không phân loại,,
134619125,Xe máy điện VinFast Evo200 Lite Đen Việt Nam,20000000,"Trâu bò nhất dòng xe học sinh. Ko cần bằng lái. 
Evo200 lite biển SG.
Pin 3.5 kwh, trâu bò nhất nhà Vin. Tầm 100 - 140 km/sạc.
BH hãng đến 2028.
Biển SG, sang tên nhanh chóng.
20tr bao rút hồ sơ. 

Xe điện Z48
104 Đường số 1,kdc Cityland Center Hill, phường Hạnh Thông (t7 nghỉ)
***",2023,18000.0,Tp Hồ Chí Minh,Quận Gò Vấp,"Trâu bò nhất dòng xe học sinh. Ko cần bằng lái. 
Evo200 lite biển SG.
Pin 3.5 kwh, trâu bò nhất nhà Vin. Tầm 100 - 140 km/sạc.
BH hãng đến 2028.
Biển SG, sang tên nhanh chóng.
20tr bao rút hồ sơ. 

Xe điện Z48
*** Đường số 1,kdc Cityland Center Hill, phường Hạnh Thông (t7 nghỉ)
***",Cần xác minh,VinFast,Evo 200,18000000.0,-11.1
134618992,Vinfast Motio màu đỏ - Xe học sinh,8500000,"- Motio Vinfast.  Học sinh trên 16t đi ko cần bằng lái 
- 5 Bình acquy đi 50km/lần sạc 
- Chính chủ công chứng 
- Giá 8tr500k 
- Địa chỉ : 24/6. Đ.TL44. P.thạnh lộc. Q12",2025,10484.0,Tp Hồ Chí Minh,Quận 12,"- Motio Vinfast.  Học sinh trên 16t đi ko cần bằng lái 
- 5 Bình acquy đi 50km/lần sạc 
- Chính chủ công chứng 
- Giá 8tr500k 
- Địa chỉ : 24/6. Đ.TL44. P.thạnh lộc. Q12",Cần xác minh,Khác,Không phân loại,,
134618650,Xe máy điện VinFast Ludo/ Ko Bằng Lái (Cs2),8900000,"VinFast LuDo 50 / Pin / Không Bằng Lái
Trọng Lượng: 68Kg
Công Suất: 500w
Mua mới lúc trước 24.5 Triệu ( Pin Mua )
Năm SX : 2020
Xem Xe Tại CH2 Nguyễn Thông",2020,39000.0,Cần Thơ,Quận Bình Thuỷ,"VinFast LuDo 50 / Pin / Không Bằng Lái
Trọng Lượng: 68Kg
Công Suất: 500w
Mua mới lúc trước 24.5 Triệu ( Pin Mua )
Năm SX : 2020
Xem Xe Tại CH2 Nguyễn Thông",Cần xác minh,VinFast,Ludo,12900000.0,31.0
134602241,Xe Điện 3sGo - QuantumS1 BST 2025 Xanh 30k,35900000,"QuantumS1 BST9chù
- Đăng ký 2025
- Odo 30k
- Yên kimdang 
- Dàn áo keng ko trầy 98%
- Óc tán 7 màu keng 98%
- Còn đủ phụ kiện theo xe
❤️Xe keng 99% so với xe new 
⛔️ Nợ xấu đưa 8tr1 có LÃI SUẤT hoặc 19tr5 KO LÃI SUẤT
--------------------
✅ 𝗛𝗼̂̃ 𝗧𝗿𝗼̛̣ 𝗔𝗲 𝗟𝗲̂𝗻 𝗛𝗼̂̀ 𝗦𝗼̛ 𝗕𝗮𝗻𝗸 𝗡𝗵𝗮̣̂𝗻 𝗫𝗲 𝗩𝗮̀ 𝗖𝗮𝘃𝗲𝘁 𝗚𝗼̂́𝗰
✅ 𝗡𝗼̛̣ 𝗫𝗮̂́𝘂 – 𝗛𝗼̂̃ 𝗧𝗿𝗼̛̣ 𝟬 Đ𝗼̂̀𝗻𝗴 – 𝗞𝗵𝗼̂𝗻𝗴 𝗫𝗮́𝗰 𝗠𝗶𝗻𝗵
✅ 𝗡𝗼̛̣ 𝗫𝗮̂́𝘂 – 𝗛𝗼̂̃ 𝗧𝗿𝗼̛̣ Đ𝘂̛𝗮 𝟯𝟬% – 𝗞𝗵𝗼̂𝗻𝗴 𝗟𝗮̃𝗶
✅ Đ𝗼̂̉𝗶 𝗣𝗶𝗻 𝗞𝗵𝗼̂𝗻𝗴 𝗖𝗵𝗼̛̀ 𝗦𝗮̣c 𝗡𝗵𝗶𝗲̂̀𝘂 𝗖𝗵𝗶 𝗡𝗵𝗮́𝗻𝗵
✅ 𝗛ỗ 𝗧𝗿𝗼̛̣ 𝟮 𝗡𝗮̆𝗺 𝗫𝗲 𝗛𝘂̛ – 𝗖𝗼́ 𝗫𝗲 𝗞𝗵𝗮́𝗰 𝗗𝘂̀𝗻𝗴
✅ Đ𝗮̆𝗻𝗴 𝗞𝘆́ 𝗔𝗽𝗽 𝗫𝗮𝗻𝗵 𝗣𝗹𝗮𝘁𝗳𝗼𝗿𝗺 – 𝗧𝗮̣𝗶 𝗖𝗵𝗼̂̃
--------------------
🏠 𝟭𝟭𝟱 𝗣𝗵𝗮̣𝗺 𝗧𝗵𝗲̂́ 𝗛𝗶𝗲̂̉𝗻 - 𝗖𝗵𝗮́𝗻𝗵 𝗛𝘂̛𝗻𝗴 - 𝗛𝗖𝗠 ( 𝗤𝘂𝗮̣̂𝗻 𝟴 )
☎️ 𝗛𝗼𝘁𝗹𝗶𝗻𝗲 : *** - 𝗗𝗶𝗲̣̂𝘂",2025,30.0,Tp Hồ Chí Minh,Quận 8,"QuantumS1 BST9chù
- Đăng ký 2025
- Odo 30k
- Yên kimdang 
- Dàn áo keng ko trầy 98%
- Óc tán 7 màu keng 98%
- Còn đủ phụ kiện theo xe
❤️Xe keng 99% so với xe new 
⛔️ Nợ xấu đưa 8tr1 có LÃI SUẤT hoặc 19tr5 KO LÃI SUẤT
--------------------
✅ 𝗛𝗼̂̃ 𝗧𝗿𝗼̛̣ 𝗔𝗲 𝗟𝗲̂𝗻 𝗛𝗼̂̀ 𝗦𝗼̛ 𝗕𝗮𝗻𝗸 𝗡𝗵𝗮̣̂𝗻 𝗫𝗲 𝗩𝗮̀ 𝗖𝗮𝘃𝗲𝘁 𝗚𝗼̂́𝗰
✅ 𝗡𝗼̛̣ 𝗫𝗮̂́𝘂 – 𝗛𝗼̂̃ 𝗧𝗿𝗼̛̣ 𝟬 Đ𝗼̂̀𝗻𝗴 – 𝗞𝗵𝗼̂𝗻𝗴 𝗫𝗮́𝗰 𝗠𝗶𝗻𝗵
✅ 𝗡𝗼̛̣ 𝗫𝗮̂́𝘂 – 𝗛𝗼̂̃ 𝗧𝗿𝗼̛̣ Đ𝘂̛𝗮 𝟯𝟬% – 𝗞𝗵𝗼̂𝗻𝗴 𝗟𝗮̃𝗶
✅ Đ𝗼̂̉𝗶 𝗣𝗶𝗻 𝗞𝗵𝗼̂𝗻𝗴 𝗖𝗵𝗼̛̀ 𝗦𝗮̣c 𝗡𝗵𝗶𝗲̂̀𝘂 𝗖𝗵𝗶 𝗡𝗵𝗮́𝗻𝗵
✅ 𝗛ỗ 𝗧𝗿𝗼̛̣ 𝟮 𝗡𝗮̆𝗺 𝗫𝗲 𝗛𝘂̛ – 𝗖𝗼́ 𝗫𝗲 𝗞𝗵𝗮́𝗰 𝗗𝘂̀𝗻𝗴
✅ Đ𝗮̆𝗻𝗴 𝗞𝘆́ 𝗔𝗽𝗽 𝗫𝗮𝗻𝗵 𝗣𝗹𝗮𝘁𝗳𝗼𝗿𝗺 – 𝗧𝗮̣𝗶 𝗖𝗵𝗼̂̃
--------------------
🏠 𝟭𝟭𝟱 𝗣𝗵𝗮̣𝗺 𝗧𝗵𝗲̂́ 𝗛𝗶𝗲̂̉𝗻 - 𝗖𝗵𝗮́𝗻𝗵 𝗛𝘂̛𝗻𝗴 - 𝗛𝗖𝗠 ( 𝗤𝘂𝗮̣̂𝗻 𝟴 )
☎️ 𝗛𝗼𝘁𝗹𝗶𝗻𝗲 : *** - 𝗗𝗶𝗲̣̂𝘂",Cần xác minh,Khác,Không phân loại,,
134617456,Xe máy điện BEFORE ALL Latina VI 2.0 Trắng,12000000,"Xe máy điện mới mua được 3 tháng cần bán lại  hãng: BEFORE ALL
Dòng : latina vi 2.0 
Thiết kế theo kiểu dáng vespa 
Tốc độ tối đa 50km/h 
Pin chạy được 60km
Còn bảo hành 9 tháng
giá mua mới 18tr500 
bán lại 12tr000",2026,300.0,Đà Nẵng,Quận Ngũ Hành Sơn,"Xe máy điện mới mua được 3 tháng cần bán lại  hãng: BEFORE ALL
Dòng : latina vi 2.0 
Thiết kế theo kiểu dáng vespa 
Tốc độ tối đa 50km/h 
Pin chạy được 60km
Còn bảo hành 9 tháng
giá mua mới 18tr500 
bán lại 12tr000",Cần xác minh,Khác,Không phân loại,,
134617447,Xe máy điện DK Bike 2021,7900000,"Xe máy điện Soma SX không cần bằng lái btc 
1 lần sạc đi được 60km , tốc tối đa 46km giờ 
5 bình vừa thay mới còn bảo hành 1 năm 
Áo quần sạch sẽ không bể , full chức năng 
Giá : 7tr9 bình tân",2021,40000.0,Tp Hồ Chí Minh,Quận Bình Tân,"Xe máy điện Soma SX không cần bằng lái btc 
1 lần sạc đi được 60km , tốc tối đa 46km giờ 
5 bình vừa thay mới còn bảo hành 1 năm 
Áo quần sạch sẽ không bể , full chức năng 
Giá : 7tr9 bình tân",Cần xác minh,Khác,Không phân loại,,
134602534,Xe Điện 3sGo - EvoGrand Đen 14k km,22900000,"EvoGrand ĐK 4/2026 BST 9 chủ kí
- Odo 14k
- 2 pin mua theo xe
- Dàn áo keng ko trầy 98%
- Óc tán 7 màu keng 98%
- Còn đủ phụ kiện theo xe
❤️Xe keng 98% so với xe new 
⛔️ Nợ xấu đưa 0Đ có LÃI SUẤT hoặc 13tr KO LÃI SUẤT
--------------------
✅ 𝗛𝗼̂̃ 𝗧𝗿𝗼̛̣ 𝗔𝗲 𝗟𝗲̂𝗻 𝗛𝗼̂̀ 𝗦𝗼̛ 𝗕𝗮𝗻𝗸 𝗡𝗵𝗮̣̂𝗻 𝗫𝗲 𝗩𝗮̀ 𝗖𝗮𝘃𝗲𝘁 𝗚𝗼̂́𝗰
✅ 𝗡𝗼̛̣ 𝗫𝗮̂́𝘂 – 𝗛𝗼̂̃ 𝗧𝗿𝗼̛̣ 𝟬 Đ𝗼̂̀𝗻𝗴 – 𝗞𝗵𝗼̂𝗻𝗴 𝗫𝗮́𝗰 𝗠𝗶𝗻𝗵
✅ 𝗡𝗼̛̣ 𝗫𝗮̂́𝘂 – 𝗛𝗼̂̃ 𝗧𝗿𝗼̛̣ Đ𝘂̛𝗮 𝟯𝟬% – 𝗞𝗵𝗼̂𝗻𝗴 𝗟𝗮̃𝗶
✅ Đ𝗼̂̉𝗶 𝗣𝗶𝗻 𝗞𝗵𝗼̂𝗻𝗴 𝗖𝗵𝗼̛̀ 𝗦𝗮̣c 𝗡𝗵𝗶𝗲̂̀𝘂 𝗖𝗵𝗶 𝗡𝗵𝗮́𝗻𝗵
✅ 𝗛ỗ 𝗧𝗿𝗼̛̣ 𝟮 𝗡𝗮̆𝗺 𝗫𝗲 𝗛𝘂̛ – 𝗖𝗼́ 𝗫𝗲 𝗞𝗵𝗮́𝗰 𝗗𝘂̀𝗻𝗴
✅ Đ𝗮̆𝗻𝗴 𝗞𝘆́ 𝗔𝗽𝗽 𝗫𝗮𝗻𝗵 𝗣𝗹𝗮𝘁𝗳𝗼𝗿𝗺 – 𝗧𝗮̣𝗶 𝗖𝗵𝗼̂̃
--------------------
🏠 𝟭𝟭𝟱 𝗣𝗵𝗮̣𝗺 𝗧𝗵𝗲̂́ 𝗛𝗶𝗲̂̉𝗻 - 𝗖𝗵𝗮́𝗻𝗵 𝗛𝘂̛𝗻𝗴 - 𝗛𝗖𝗠 ( 𝗤𝘂𝗮̣̂𝗻 𝟴 )
☎️ 𝗛𝗼𝘁𝗹𝗶𝗻𝗲 : *** - 𝗗𝗶𝗲̣̂𝘂",2026,14000.0,Tp Hồ Chí Minh,Quận 8,"EvoGrand ĐK 4/2026 BST 9 chủ kí
- Odo 14k
- 2 pin mua theo xe
- Dàn áo keng ko trầy 98%
- Óc tán 7 màu keng 98%
- Còn đủ phụ kiện theo xe
❤️Xe keng 98% so với xe new 
⛔️ Nợ xấu đưa 0Đ có LÃI SUẤT hoặc 13tr KO LÃI SUẤT
--------------------
✅ 𝗛𝗼̂̃ 𝗧𝗿𝗼̛̣ 𝗔𝗲 𝗟𝗲̂𝗻 𝗛𝗼̂̀ 𝗦𝗼̛ 𝗕𝗮𝗻𝗸 𝗡𝗵𝗮̣̂𝗻 𝗫𝗲 𝗩𝗮̀ 𝗖𝗮𝘃𝗲𝘁 𝗚𝗼̂́𝗰
✅ 𝗡𝗼̛̣ 𝗫𝗮̂́𝘂 – 𝗛𝗼̂̃ 𝗧𝗿𝗼̛̣ 𝟬 Đ𝗼̂̀𝗻𝗴 – 𝗞𝗵𝗼̂𝗻𝗴 𝗫𝗮́𝗰 𝗠𝗶𝗻𝗵
✅ 𝗡𝗼̛̣ 𝗫𝗮̂́𝘂 – 𝗛𝗼̂̃ 𝗧𝗿𝗼̛̣ Đ𝘂̛𝗮 𝟯𝟬% – 𝗞𝗵𝗼̂𝗻𝗴 𝗟𝗮̃𝗶
✅ Đ𝗼̂̉𝗶 𝗣𝗶𝗻 𝗞𝗵𝗼̂𝗻𝗴 𝗖𝗵𝗼̛̀ 𝗦𝗮̣c 𝗡𝗵𝗶𝗲̂̀𝘂 𝗖𝗵𝗶 𝗡𝗵𝗮́𝗻𝗵
✅ 𝗛ỗ 𝗧𝗿𝗼̛̣ 𝟮 𝗡𝗮̆𝗺 𝗫𝗲 𝗛𝘂̛ – 𝗖𝗼́ 𝗫𝗲 𝗞𝗵𝗮́𝗰 𝗗𝘂̀𝗻𝗴
✅ Đ𝗮̆𝗻𝗴 𝗞𝘆́ 𝗔𝗽𝗽 𝗫𝗮𝗻𝗵 𝗣𝗹𝗮𝘁𝗳𝗼𝗿𝗺 – 𝗧𝗮̣𝗶 𝗖𝗵𝗼̂̃
--------------------
🏠 𝟭𝟭𝟱 𝗣𝗵𝗮̣𝗺 𝗧𝗵𝗲̂́ 𝗛𝗶𝗲̂̉𝗻 - 𝗖𝗵𝗮́𝗻𝗵 𝗛𝘂̛𝗻𝗴 - 𝗛𝗖𝗠 ( 𝗤𝘂𝗮̣̂𝗻 𝟴 )
☎️ 𝗛𝗼𝘁𝗹𝗶𝗻𝗲 : *** - 𝗗𝗶𝗲̣̂𝘂",Cần xác minh,Khác,Không phân loại,,
133873833,Xe máy điện SANTOSAR VS3 Xám 240W,12300000,"🏆🏆🏆 Hót Hót mẫu xe VS3 hottrend
🎈xe có thông số động cơ 240W, cho học sinh dưới 16t, cho mẹ đị chợ, cho chị em đi làm
📙Dòng xe có cốp rộng, chạy cực kỳ êm ái. Xe có giấy tờ đăng kiểm, hoá đơn đầy đủ ( đi đường không sợ công an), đặc biệt các em học sinh dứoi 16t chạy vẫn đúng quy định
💡xe được trang bị đèn led, thắng đĩa rất an toàn
🪫 chạy bình 48V30ah chính hãng an toàn không lo cháy nổ
🧾 bảo hành 12 tháng
💰giá 12",2026,,Tp Hồ Chí Minh,Thành phố Thủ Đức,"🏆🏆🏆 Hót Hót mẫu xe VS3 hottrend
🎈xe có thông số động cơ 240W, cho học sinh dưới 16t, cho mẹ đị chợ, cho chị em đi làm
📙Dòng xe có cốp rộng, chạy cực kỳ êm ái. Xe có giấy tờ đăng kiểm, hoá đơn đầy đủ ( đi đường không sợ công an), đặc biệt các em học sinh dứoi 16t chạy vẫn đúng quy định
💡xe được trang bị đèn led, thắng đĩa rất an toàn
🪫 chạy bình 48V30ah chính hãng an toàn không lo cháy nổ
🧾 bảo hành 12 tháng
💰giá 12",Cần xác minh,Khác,Không phân loại,,
134026009,Xe máy điện VinFast EVO 200 2024 Đen mờ 11000 km,20000000,"DƯ dùng bán lại chiếc xe máy điện VinFats EVO 200, màu đen mờ sản xuất 2024 , pin mua chạy 11 000km, pin sử dụng 100km mới sạc,xe luôn bảo dưỡng định kỳ tại hãng , bảo đảm xe còn sử dụng tốt,ngay chủ đứng tên bán, cam ơn anh chị đả xem tin.",2024,11000.0,Tp Hồ Chí Minh,Thành phố Thủ Đức,"DƯ dùng bán lại chiếc xe máy điện VinFats EVO 200, màu đen mờ sản xuất 2024 , pin mua chạy 11 000km, pin sử dụng 100km mới sạc,xe luôn bảo dưỡng định kỳ tại hãng , bảo đảm xe còn sử dụng tốt,ngay chủ đứng tên bán, cam ơn anh chị đả xem tin.",Cần xác minh,VinFast,Evo 200,18000000.0,-11.1
134563221,Xe điện V1  946 TỐT 90% CÒN SỔ BH,7900000,"XE MÁY ĐIỆN KONAXOAKA TỐT 90% CÒN SỔ BH

BÌNH SẠC ĐẦY ĐỦ
BẢO HÀNH DÀI HẠN
ZALO-GỌI TRỰC TIẾP ***
XE ĐẸP NHƯ HÌNH",2026,2000.0,Tp Hồ Chí Minh,Quận 1,"XE MÁY ĐIỆN KONAXOAKA TỐT 90% CÒN SỔ BH

BÌNH SẠC ĐẦY ĐỦ
BẢO HÀNH DÀI HẠN
ZALO-GỌI TRỰC TIẾP ***
XE ĐẸP NHƯ HÌNH",Cần xác minh,Khác,Không phân loại,,
134616801,Xe điện Sundiro Xám tím,6000000,"Cần bán xe điện như hình, xe chạy còn tốt, ngoại hình còn đẹp.",2026,5000.0,Tp Hồ Chí Minh,Quận 10,"Cần bán xe điện như hình, xe chạy còn tốt, ngoại hình còn đẹp.",Cần xác minh,Khác,Không phân loại,,
134602590,Xe Điên 3sGo - Evo200 2025 Trắng 10.000 km,21900000,"Evo200 ĐK 8/2025 Pin Mua BSTP
- Odo 10.000 Cây
- Dàn áo keng ko trầy 99%
- Óc tán 7 màu keng 99%
- Còn đủ phụ kiện theo xe
❤️Xe keng 99% so với xe new 
⛔️ Nợ xấu đưa 0Đ có LÃI SUẤT hoặc 12tr5 KO LÃI SUẤT
--------------------
✅ 𝗛𝗼̂̃ 𝗧𝗿𝗼̛̣ 𝗔𝗲 𝗟𝗲̂𝗻 𝗛𝗼̂̀ 𝗦𝗼̛ 𝗕𝗮𝗻𝗸 𝗡𝗵𝗮̣̂𝗻 𝗫𝗲 𝗩𝗮̀ 𝗖𝗮𝘃𝗲𝘁 𝗚𝗼̂́𝗰
✅ 𝗡𝗼̛̣ 𝗫𝗮̂́𝘂 – 𝗛𝗼̂̃ 𝗧𝗿𝗼̛̣ 𝟬 Đ𝗼̂̀𝗻𝗴 – 𝗞𝗵𝗼̂𝗻𝗴 𝗫𝗮́𝗰 𝗠𝗶𝗻𝗵
✅ 𝗡𝗼̛̣ 𝗫𝗮̂́𝘂 – 𝗛𝗼̂̃ 𝗧𝗿𝗼̛̣ Đ𝘂̛𝗮 𝟯𝟬% – 𝗞𝗵𝗼̂𝗻𝗴 𝗟𝗮̃𝗶
✅ Đ𝗼̂̉𝗶 𝗣𝗶𝗻 𝗞𝗵𝗼̂𝗻𝗴 𝗖𝗵𝗼̛̀ 𝗦𝗮̣c 𝗡𝗵𝗶𝗲̂̀𝘂 𝗖𝗵𝗶 𝗡𝗵𝗮́𝗻𝗵
✅ 𝗛ỗ 𝗧𝗿𝗼̛̣ 𝟮 𝗡𝗮̆𝗺 𝗫𝗲 𝗛𝘂̛ – 𝗖𝗼́ 𝗫𝗲 𝗞𝗵𝗮́𝗰 𝗗𝘂̀𝗻𝗴
✅ Đ𝗮̆𝗻𝗴 𝗞𝘆́ 𝗔𝗽𝗽 𝗫𝗮𝗻𝗵 𝗣𝗹𝗮𝘁𝗳𝗼𝗿𝗺 – 𝗧𝗮̣𝗶 𝗖𝗵𝗼̂̃
--------------------
🏠 𝟭𝟭𝟱 𝗣𝗵𝗮̣𝗺 𝗧𝗵𝗲̂́ 𝗛𝗶𝗲̂̉𝗻 - 𝗖𝗵𝗮́𝗻𝗵 𝗛𝘂̛𝗻𝗴 - 𝗛𝗖𝗠 ( 𝗤𝘂𝗮̣̂𝗻 𝟴 )
☎️ 𝗛𝗼𝘁𝗹𝗶𝗻𝗲 : *** - 𝗗𝗶𝗲̣̂𝘂",2025,10000.0,Tp Hồ Chí Minh,Quận 8,"Evo200 ĐK 8/2025 Pin Mua BSTP
- Odo 10.000 Cây
- Dàn áo keng ko trầy 99%
- Óc tán 7 màu keng 99%
- Còn đủ phụ kiện theo xe
❤️Xe keng 99% so với xe new 
⛔️ Nợ xấu đưa 0Đ có LÃI SUẤT hoặc 12tr5 KO LÃI SUẤT
--------------------
✅ 𝗛𝗼̂̃ 𝗧𝗿𝗼̛̣ 𝗔𝗲 𝗟𝗲̂𝗻 𝗛𝗼̂̀ 𝗦𝗼̛ 𝗕𝗮𝗻𝗸 𝗡𝗵𝗮̣̂𝗻 𝗫𝗲 𝗩𝗮̀ 𝗖𝗮𝘃𝗲𝘁 𝗚𝗼̂́𝗰
✅ 𝗡𝗼̛̣ 𝗫𝗮̂́𝘂 – 𝗛𝗼̂̃ 𝗧𝗿𝗼̛̣ 𝟬 Đ𝗼̂̀𝗻𝗴 – 𝗞𝗵𝗼̂𝗻𝗴 𝗫𝗮́𝗰 𝗠𝗶𝗻𝗵
✅ 𝗡𝗼̛̣ 𝗫𝗮̂́𝘂 – 𝗛𝗼̂̃ 𝗧𝗿𝗼̛̣ Đ𝘂̛𝗮 𝟯𝟬% – 𝗞𝗵𝗼̂𝗻𝗴 𝗟𝗮̃𝗶
✅ Đ𝗼̂̉𝗶 𝗣𝗶𝗻 𝗞𝗵𝗼̂𝗻𝗴 𝗖𝗵𝗼̛̀ 𝗦𝗮̣c 𝗡𝗵𝗶𝗲̂̀𝘂 𝗖𝗵𝗶 𝗡𝗵𝗮́𝗻𝗵
✅ 𝗛ỗ 𝗧𝗿𝗼̛̣ 𝟮 𝗡𝗮̆𝗺 𝗫𝗲 𝗛𝘂̛ – 𝗖𝗼́ 𝗫𝗲 𝗞𝗵𝗮́𝗰 𝗗𝘂̀𝗻𝗴
✅ Đ𝗮̆𝗻𝗴 𝗞𝘆́ 𝗔𝗽𝗽 𝗫𝗮𝗻𝗵 𝗣𝗹𝗮𝘁𝗳𝗼𝗿𝗺 – 𝗧𝗮̣𝗶 𝗖𝗵𝗼̂̃
--------------------
🏠 𝟭𝟭𝟱 𝗣𝗵𝗮̣𝗺 𝗧𝗵𝗲̂́ 𝗛𝗶𝗲̂̉𝗻 - 𝗖𝗵𝗮́𝗻𝗵 𝗛𝘂̛𝗻𝗴 - 𝗛𝗖𝗠 ( 𝗤𝘂𝗮̣̂𝗻 𝟴 )
☎️ 𝗛𝗼𝘁𝗹𝗶𝗻𝗲 : *** - 𝗗𝗶𝗲̣̂𝘂",Cần xác minh,VinFast,Evo 200,18000000.0,-21.7
133937642,Xe máy điện VinFast EVO GRAND Lite 2026 Trắng,19000000,a Ai cần liên hệ nhà ở Quận 12 thành phố Hồ Chí Minh cảm ơn xem như mới,2026,506.0,Tp Hồ Chí Minh,Quận 12,a Ai cần liên hệ nhà ở Quận 12 thành phố Hồ Chí Minh cảm ơn xem như mới,Cần xác minh,Khác,Không phân loại,,
134602453,Xe Điện 3sGo - DatBike Quantum S1 Đen,37900000,"QuantumS1 BSTP
- Odo không nói đâu
- Bảo Hành Pin 10 Năm 
- Sạc 1800w 
- Dàn áo keng ko trầy 98%
- Óc tán 7 màu keng 98%
- Còn đủ phụ kiện theo xe
❤️Xe keng 99% so với xe new 
⛔️ Nợ xấu đưa 3tr7 có LÃI SUẤT hoặc 16tr4 KO LÃI SUẤT
--------------------
✅ 𝗛𝗼̂̃ 𝗧𝗿𝗼̛̣ 𝗔𝗲 𝗟𝗲̂𝗻 𝗛𝗼̂̀ 𝗦𝗼̛ 𝗕𝗮𝗻𝗸 𝗡𝗵𝗮̣̂𝗻 𝗫𝗲 𝗩𝗮̀ 𝗖𝗮𝘃𝗲𝘁 𝗚𝗼̂́𝗰
✅ 𝗡𝗼̛̣ 𝗫𝗮̂́𝘂 – 𝗛𝗼̂̃ 𝗧𝗿𝗼̛̣ 𝟬 Đ𝗼̂̀𝗻𝗴 – 𝗞𝗵𝗼̂𝗻𝗴 𝗫𝗮́𝗰 𝗠𝗶𝗻𝗵
✅ 𝗡𝗼̛̣ 𝗫𝗮̂́𝘂 – 𝗛𝗼̂̃ 𝗧𝗿𝗼̛̣ Đ𝘂̛𝗮 𝟯𝟬% – 𝗞𝗵𝗼̂𝗻𝗴 𝗟𝗮̃𝗶
✅ Đ𝗼̂̉𝗶 𝗣𝗶𝗻 𝗞𝗵𝗼̂𝗻𝗴 𝗖𝗵𝗼̛̀ 𝗦𝗮̣c 𝗡𝗵𝗶𝗲̂̀𝘂 𝗖𝗵𝗶 𝗡𝗵𝗮́𝗻𝗵
✅ 𝗛ỗ 𝗧𝗿𝗼̛̣ 𝟮 𝗡𝗮̆𝗺 𝗫𝗲 𝗛𝘂̛ – 𝗖𝗼́ 𝗫𝗲 𝗞𝗵𝗮́𝗰 𝗗𝘂̀𝗻𝗴
✅ Đ𝗮̆𝗻𝗴 𝗞𝘆́ 𝗔𝗽𝗽 𝗫𝗮𝗻𝗵 𝗣𝗹𝗮𝘁𝗳𝗼𝗿𝗺 – 𝗧𝗮̣𝗶 𝗖𝗵𝗼̂̃
--------------------
🏠 𝟭𝟭𝟱 𝗣𝗵𝗮̣𝗺 𝗧𝗵𝗲̂́ 𝗛𝗶𝗲̂̉𝗻 - 𝗖𝗵𝗮́𝗻𝗵 𝗛𝘂̛𝗻𝗴 - 𝗛𝗖𝗠 ( 𝗤𝘂𝗮̣̂𝗻 𝟴 )
☎️ 𝗛𝗼𝘁𝗹𝗶𝗻𝗲 : *** - 𝗗𝗶𝗲̣̂𝘂",2026,,Tp Hồ Chí Minh,Quận 8,"QuantumS1 BSTP
- Odo không nói đâu
- Bảo Hành Pin 10 Năm 
- Sạc 1800w 
- Dàn áo keng ko trầy 98%
- Óc tán 7 màu keng 98%
- Còn đủ phụ kiện theo xe
❤️Xe keng 99% so với xe new 
⛔️ Nợ xấu đưa 3tr7 có LÃI SUẤT hoặc 16tr4 KO LÃI SUẤT
--------------------
✅ 𝗛𝗼̂̃ 𝗧𝗿𝗼̛̣ 𝗔𝗲 𝗟𝗲̂𝗻 𝗛𝗼̂̀ 𝗦𝗼̛ 𝗕𝗮𝗻𝗸 𝗡𝗵𝗮̣̂𝗻 𝗫𝗲 𝗩𝗮̀ 𝗖𝗮𝘃𝗲𝘁 𝗚𝗼̂́𝗰
✅ 𝗡𝗼̛̣ 𝗫𝗮̂́𝘂 – 𝗛𝗼̂̃ 𝗧𝗿𝗼̛̣ 𝟬 Đ𝗼̂̀𝗻𝗴 – 𝗞𝗵𝗼̂𝗻𝗴 𝗫𝗮́𝗰 𝗠𝗶𝗻𝗵
✅ 𝗡𝗼̛̣ 𝗫𝗮̂́𝘂 – 𝗛𝗼̂̃ 𝗧𝗿𝗼̛̣ Đ𝘂̛𝗮 𝟯𝟬% – 𝗞𝗵𝗼̂𝗻𝗴 𝗟𝗮̃𝗶
✅ Đ𝗼̂̉𝗶 𝗣𝗶𝗻 𝗞𝗵𝗼̂𝗻𝗴 𝗖𝗵𝗼̛̀ 𝗦𝗮̣c 𝗡𝗵𝗶𝗲̂̀𝘂 𝗖𝗵𝗶 𝗡𝗵𝗮́𝗻𝗵
✅ 𝗛ỗ 𝗧𝗿𝗼̛̣ 𝟮 𝗡𝗮̆𝗺 𝗫𝗲 𝗛𝘂̛ – 𝗖𝗼́ 𝗫𝗲 𝗞𝗵𝗮́𝗰 𝗗𝘂̀𝗻𝗴
✅ Đ𝗮̆𝗻𝗴 𝗞𝘆́ 𝗔𝗽𝗽 𝗫𝗮𝗻𝗵 𝗣𝗹𝗮𝘁𝗳𝗼𝗿𝗺 – 𝗧𝗮̣𝗶 𝗖𝗵𝗼̂̃
--------------------
🏠 𝟭𝟭𝟱 𝗣𝗵𝗮̣𝗺 𝗧𝗵𝗲̂́ 𝗛𝗶𝗲̂̉𝗻 - 𝗖𝗵𝗮́𝗻𝗵 𝗛𝘂̛𝗻𝗴 - 𝗛𝗖𝗠 ( 𝗤𝘂𝗮̣̂𝗻 𝟴 )
☎️ 𝗛𝗼𝘁𝗹𝗶𝗻𝗲 : *** - 𝗗𝗶𝗲̣̂𝘂",Cần xác minh,Dat Bike,Quantum,34900000.0,-8.6
134031255,"Vinfast Klara Pin cầm,xe đẹp biển Sài Gòn",10800000,"🍓🍓🍓 Xe bà xã đi đã đổi Evo200 nên thanh lý lại người dùng.
Xe Vinfast Klara màu hồng (Xe đẹp lắm nữ tính)
☘️ Biển Số Sài Gòn 41MĐ- chạy không cần bằng
Pin zin mua  + Sạc Zin: sạc đầy 2-3 tiếng đi được 40-50km/1 lần
- Động cơ mới thay trước tết, xe chạy mượt pin cầm tốt 40-50km, đã thay đồng hồ hiện đại + đèn led 2 tầng
🍇 Chị em mua về đưa đón con hay đi chợ vòng vòng trãi nghiệm ok nhé
🍏Ưu tiên: Học Sinh-Sinh Viên, xe chạy không cần bằng lái
🍇🍇🍇 Xem xe tại địa chỉ
Đường DN5, Đông Hưng Thuận,TPHCM( KDC AN SƯƠNG)",2020,28000.0,Tp Hồ Chí Minh,Quận 12,"🍓🍓🍓 Xe bà xã đi đã đổi Evo200 nên thanh lý lại người dùng.
Xe Vinfast Klara màu hồng (Xe đẹp lắm nữ tính)
☘️ Biển Số Sài Gòn 41MĐ- chạy không cần bằng
Pin zin mua  + Sạc Zin: sạc đầy 2-3 tiếng đi được 40-50km/1 lần
- Động cơ mới thay trước tết, xe chạy mượt pin cầm tốt 40-50km, đã thay đồng hồ hiện đại + đèn led 2 tầng
🍇 Chị em mua về đưa đón con hay đi chợ vòng vòng trãi nghiệm ok nhé
🍏Ưu tiên: Học Sinh-Sinh Viên, xe chạy không cần bằng lái
🍇🍇🍇 Xem xe tại địa chỉ
Đường DN5, Đông Hưng Thuận,TPHCM( KDC AN SƯƠNG)",Kèm pin,VinFast,Klara,35000000.0,69.1
134623797,Xe Điện Xmen,5000000,Cần bán 5 triệu xe đầy đủ giấy tờ đăng ký,2026,10000.0,Hà Nội,Huyện Phú Xuyên,Cần bán 5 triệu xe đầy đủ giấy tờ đăng ký,Cần xác minh,Khác,Không phân loại,,
134160705,VinFast Feliz 2025 Xanh oliu - Chính chủ - BSTP,21500000,"🔥 FELIZ 2025 1 PIN – XANH OLIU – CHÍNH CHỦ
📌 Date T6/2026
📌 Odo 12.000 km
📌 BSTP - Chính chủ
📌 Chính chủ, ủy quyền, sang tên công chứng nhanh gọn
💰 Giá: 2x
-----------------------
💚 Xe Điện Lướt Sài Gòn – Chuyên mua bán xe máy điện đã qua sử dụng tại TP.HCM
✅ Có trả góp – Cà thẻ – Giao tận nhà
📍 118A Chiến Lược, P. Bình Trị Đông, TP.HCM",2025,12000.0,Tp Hồ Chí Minh,Quận Bình Tân,"🔥 FELIZ 2025 1 PIN – XANH OLIU – CHÍNH CHỦ
📌 Date T6/2026
📌 Odo 12.000 km
📌 BSTP - Chính chủ
📌 Chính chủ, ủy quyền, sang tên công chứng nhanh gọn
💰 Giá: 2x
-----------------------
💚 Xe Điện Lướt Sài Gòn – Chuyên mua bán xe máy điện đã qua sử dụng tại TP.HCM
✅ Có trả góp – Cà thẻ – Giao tận nhà
📍 118A Chiến Lược, P. Bình Trị Đông, TP.HCM",Cần xác minh,VinFast,Feliz,27000000.0,20.4
134537840,Xe máy điện Yadea thể thao Cam đen,7500000,"Xe máy điện màu cam đen, kiểu dáng thể thao, phù hợp cho cả nam và nữ. 
- Xe chính chủ, có thể ký giấy sang tên. 
- Thích hợp cho học sinh, sinh viên không cần bằng lái. 
- Xe đang sử dụng tốt.",2023,123.0,Tp Hồ Chí Minh,Quận 12,"Xe máy điện màu cam đen, kiểu dáng thể thao, phù hợp cho cả nam và nữ. 
- Xe chính chủ, có thể ký giấy sang tên. 
- Thích hợp cho học sinh, sinh viên không cần bằng lái. 
- Xe đang sử dụng tốt.",Cần xác minh,Yadea,Yadea (Khác),14990000.0,50.0
134623423,Xe điện VinFast Klara màu Đen,10000000,"Tôi có 1 xe điện vinfast Klara màu đen như hình muốn bán do không có nhu cầu sử dụng. Xe còn đi tốt, vẫn chạy bình thường, vỏ còn nguyên vẹn, ko va chạm hay trầy xước. Xe tôi đi ít nên giữ gìn rất cẩn thận.",2020,19903.0,Hà Nội,Quận Ba Đình,"Tôi có 1 xe điện vinfast Klara màu đen như hình muốn bán do không có nhu cầu sử dụng. Xe còn đi tốt, vẫn chạy bình thường, vỏ còn nguyên vẹn, ko va chạm hay trầy xước. Xe tôi đi ít nên giữ gìn rất cẩn thận.",Cần xác minh,VinFast,Klara,35000000.0,71.4
133934022,Vinfast Evo200 Vàng zin 100% chính chủ,21900000,"     
 ✅ Vinfast Evo200 siêu đẹp ko một vết trầy 2025 
✅ Xe chính chủ Bstp ký mua bán ủy quyền đều được nhé 
✅ Pin 3.5 mua đứt bảo hành 8 năm ,sạc đầy đi được 200km
✅ Giá bán : 21,9tr
✅ Dt : 
✅ Xem xe Q6, Ship toàn quốc
",2025,14000.0,Tp Hồ Chí Minh,Quận 6,"     
 ✅ Vinfast Evo200 siêu đẹp ko một vết trầy 2025 
✅ Xe chính chủ Bstp ký mua bán ủy quyền đều được nhé 
✅ Pin 3.5 mua đứt bảo hành 8 năm ,sạc đầy đi được 200km
✅ Giá bán : 21,9tr
✅ Dt : 
✅ Xem xe Q6, Ship toàn quốc
",Kèm pin,VinFast,Evo 200,18000000.0,-21.7
134623388,Xe máy điện VinFast Feliz Đen 14000 km,19500000,Xe odo 14 ngàn xe hoạt động bình thường không lỗi làm gì chỉ việc mua về là chạy không cần suy nghĩ gì hết,2026,14000.0,Đồng Nai,Huyện Xuân Lộc,Xe odo 14 ngàn xe hoạt động bình thường không lỗi làm gì chỉ việc mua về là chạy không cần suy nghĩ gì hết,Cần xác minh,VinFast,Feliz,27000000.0,27.8
134623383,Xe máy điện VinFast Feliz Trắng 300 km,26000000,Xe mới mua về không đi như mới odo mới 300km xe sẵn 2 pin chỉ việc mua về là chạy không khác gì xe mới đầy đủ phụ kiện,2026,300.0,Đồng Nai,Huyện Xuân Lộc,Xe mới mua về không đi như mới odo mới 300km xe sẵn 2 pin chỉ việc mua về là chạy không khác gì xe mới đầy đủ phụ kiện,Cần xác minh,VinFast,Feliz,27000000.0,3.7
134623365,Xe máy điện  2026 Hồng Đã sử dụng,9500000,Xe mới mua được 4 ngày không có nhu cầu đi nữa bán lại mới 99% kh vết trầy xe hoạt động bình thường không lỗi chỉ việc về cắm sạc là chạy,2026,10.0,Đồng Nai,Huyện Xuân Lộc,Xe mới mua được 4 ngày không có nhu cầu đi nữa bán lại mới 99% kh vết trầy xe hoạt động bình thường không lỗi chỉ việc về cắm sạc là chạy,Cần xác minh,Khác,Không phân loại,,
134596908,Quantum S1 2025 lướt đẹp,38500000,"Xe máy điện màu trắng, pin 100% cho quãng đường di chuyển xa. 
- Thiết kế hiện đại, trẻ trung. 
- Vận hành êm ái, tiết kiệm năng lượng. 
- Phù hợp di chuyển trong thành phố.",2025,10.0,Tp Hồ Chí Minh,Quận Bình Tân,"Xe máy điện màu trắng, pin 100% cho quãng đường di chuyển xa. 
- Thiết kế hiện đại, trẻ trung. 
- Vận hành êm ái, tiết kiệm năng lượng. 
- Phù hợp di chuyển trong thành phố.",Cần xác minh,Dat Bike,Quantum,34900000.0,-10.3
134509389,Xe máy điện VinFast Evo200 2025 Đen,20900000,"Evo200  - Bstp 9 Chủ ĐK 2025
- Dàn áo dán keng 98%
- Óc tán 7 màu keng 98%
- Còn đủ phụ kiện theo xe
❤️Xe keng 98% so với xe new 
⛔️ Nợ xấu đưa 0đ có LÃI SUẤT hoặc 11tr KO LÃI SUẤT
--------------------
✅ 𝗛𝗼̂̃ 𝗧𝗿𝗼̛̣ 𝗔𝗲 𝗟𝗲̂𝗻 𝗛𝗼̂̀ 𝗦𝗼̛ 𝗕𝗮𝗻𝗸 𝗡𝗵𝗮̣̂𝗻 𝗫𝗲 𝗩𝗮̀ 𝗖𝗮𝘃𝗲𝘁 𝗚𝗼̂́𝗰
✅ 𝗡𝗼̛̣ 𝗫𝗮̂́𝘂 – 𝗛𝗼̂̃ 𝗧𝗿𝗼̛̣ 𝟬 Đ𝗼̂̀𝗻𝗴 – 𝗞𝗵𝗼̂𝗻𝗴 𝗫𝗮́𝗰 𝗠𝗶𝗻𝗵
✅ 𝗡𝗼̛̣ 𝗫𝗮̂́𝘂 – 𝗛𝗼̂̃ 𝗧𝗿𝗼̛̣ Đ𝘂̛𝗮 𝟯𝟬% – 𝗞𝗵𝗼̂𝗻𝗴 𝗟𝗮̃𝗶
✅ Đ𝗼̂̉𝗶 𝗣𝗶𝗻 𝗞𝗵𝗼̂𝗻𝗴 𝗖𝗵𝗼̛̀ 𝗦𝗮̣c 𝗡𝗵𝗶𝗲̂̀𝘂 𝗖𝗵𝗶 𝗡𝗵𝗮́𝗻𝗵
✅ 𝗛ỗ 𝗧𝗿𝗼̛̣ 𝟮 𝗡𝗮̆𝗺 𝗫𝗲 𝗛𝘂̛ – 𝗖𝗼́ 𝗫𝗲 𝗞𝗵𝗮́𝗰 𝗗𝘂̀𝗻𝗴
✅ Đ𝗮̆𝗻𝗴 𝗞𝘆́ 𝗔𝗽𝗽 𝗫𝗮𝗻𝗵 𝗣𝗹𝗮𝘁𝗳𝗼𝗿𝗺 – 𝗧𝗮̣𝗶 𝗖𝗵𝗼̂̃
--------------------
🏠𝟮𝟴𝟴 𝗧𝗿𝘂̛𝗼̛̀𝗻𝗴 𝗖𝗵𝗶𝗻𝗵 - 𝗣𝗵ư𝗼̛̀𝗻𝗴 Đ𝗼̂𝗻𝗴 𝗛𝘂̛𝗻𝗴 𝗧𝗵𝘂𝗮̣̂𝗻 - 𝗛𝗖𝗠 (𝗤𝘂𝗮̣̂𝗻𝟭𝟮 𝗰𝘂̃)",2025,,Tp Hồ Chí Minh,Quận 12,"Evo200  - Bstp 9 Chủ ĐK 2025
- Dàn áo dán keng 98%
- Óc tán 7 màu keng 98%
- Còn đủ phụ kiện theo xe
❤️Xe keng 98% so với xe new 
⛔️ Nợ xấu đưa 0đ có LÃI SUẤT hoặc 11tr KO LÃI SUẤT
--------------------
✅ 𝗛𝗼̂̃ 𝗧𝗿𝗼̛̣ 𝗔𝗲 𝗟𝗲̂𝗻 𝗛𝗼̂̀ 𝗦𝗼̛ 𝗕𝗮𝗻𝗸 𝗡𝗵𝗮̣̂𝗻 𝗫𝗲 𝗩𝗮̀ 𝗖𝗮𝘃𝗲𝘁 𝗚𝗼̂́𝗰
✅ 𝗡𝗼̛̣ 𝗫𝗮̂́𝘂 – 𝗛𝗼̂̃ 𝗧𝗿𝗼̛̣ 𝟬 Đ𝗼̂̀𝗻𝗴 – 𝗞𝗵𝗼̂𝗻𝗴 𝗫𝗮́𝗰 𝗠𝗶𝗻𝗵
✅ 𝗡𝗼̛̣ 𝗫𝗮̂́𝘂 – 𝗛𝗼̂̃ 𝗧𝗿𝗼̛̣ Đ𝘂̛𝗮 𝟯𝟬% – 𝗞𝗵𝗼̂𝗻𝗴 𝗟𝗮̃𝗶
✅ Đ𝗼̂̉𝗶 𝗣𝗶𝗻 𝗞𝗵𝗼̂𝗻𝗴 𝗖𝗵𝗼̛̀ 𝗦𝗮̣c 𝗡𝗵𝗶𝗲̂̀𝘂 𝗖𝗵𝗶 𝗡𝗵𝗮́𝗻𝗵
✅ 𝗛ỗ 𝗧𝗿𝗼̛̣ 𝟮 𝗡𝗮̆𝗺 𝗫𝗲 𝗛𝘂̛ – 𝗖𝗼́ 𝗫𝗲 𝗞𝗵𝗮́𝗰 𝗗𝘂̀𝗻𝗴
✅ Đ𝗮̆𝗻𝗴 𝗞𝘆́ 𝗔𝗽𝗽 𝗫𝗮𝗻𝗵 𝗣𝗹𝗮𝘁𝗳𝗼𝗿𝗺 – 𝗧𝗮̣𝗶 𝗖𝗵𝗼̂̃
--------------------
🏠𝟮𝟴𝟴 𝗧𝗿𝘂̛𝗼̛̀𝗻𝗴 𝗖𝗵𝗶𝗻𝗵 - 𝗣𝗵ư𝗼̛̀𝗻𝗴 Đ𝗼̂𝗻𝗴 𝗛𝘂̛𝗻𝗴 𝗧𝗵𝘂𝗮̣̂𝗻 - 𝗛𝗖𝗠 (𝗤𝘂𝗮̣̂𝗻𝟭𝟮 𝗰𝘂̃)",Cần xác minh,VinFast,Evo 200,18000000.0,-16.1
134622598,Xe máy điện Quantum s1 2025 Đen,43000000,"Xe máy điện Quantum s1  màu đen, kiểu dáng hiện đại, vận hành êm ái. 
- Xe mới, ít sử dụng. 
- Thiết kế thời trang, phù hợp di chuyển trong phố. 
- Tiết kiệm năng lượng, thân thiện môi trường.
Năm 12.2025",2025,6000.0,Tp Hồ Chí Minh,Thành phố Thủ Đức,"Xe máy điện Quantum s1  màu đen, kiểu dáng hiện đại, vận hành êm ái. 
- Xe mới, ít sử dụng. 
- Thiết kế thời trang, phù hợp di chuyển trong phố. 
- Tiết kiệm năng lượng, thân thiện môi trường.
Năm 12.2025",Cần xác minh,Dat Bike,Quantum,34900000.0,-23.2
134558900,Xe Điện 3sGo - EvoMax BST 65 Trắng 8000 km,20900000,"EvoMax BST 65 Chính Chủ
- Odo 8k
- Sẵn 2 pin thuê
- Óc tán 7 màu keng 
- Còn đủ phụ kiện theo xe
- Bảo hành Vinfats toàn quốc
⛔️ Nợ xấu đưa 0đ có LÃI SUẤT hoặc 12tr KO LÃI SUẤT
--------------------
✅ 𝗛𝗼̂̃ 𝗧𝗿𝗼̛̣ 𝗔𝗲 𝗟𝗲̂𝗻 𝗛𝗼̂̀ 𝗦𝗼̛ 𝗕𝗮𝗻𝗸 𝗡𝗵𝗮̣̂𝗻 𝗫𝗲 𝗩𝗮̀ 𝗖𝗮𝘃𝗲𝘁 𝗚𝗼̂́𝗰
✅ 𝗡𝗼̛̣ 𝗫𝗮̂́𝘂 – 𝗛𝗼̂̃ 𝗧𝗿𝗼̛̣ 𝟬 Đ𝗼̂̀𝗻𝗴 – 𝗞𝗵𝗼̂𝗻𝗴 𝗫𝗮́𝗰 𝗠𝗶𝗻𝗵
✅ 𝗡𝗼̛̣ 𝗫𝗮̂́𝘂 – 𝗛𝗼̂̃ 𝗧𝗿𝗼̛̣ Đ𝘂̛𝗮 𝟯𝟬% – 𝗞𝗵𝗼̂𝗻𝗴 𝗟𝗮̃𝗶
✅ Đ𝗼̂̉𝗶 𝗣𝗶𝗻 𝗞𝗵𝗼̂𝗻𝗴 𝗖𝗵𝗼̛̀ 𝗦𝗮̣c 𝗡𝗵𝗶𝗲̂̀𝘂 𝗖𝗵𝗶 𝗡𝗵𝗮́𝗻𝗵
✅ 𝗛ỗ 𝗧𝗿𝗼̛̣ 𝟮 𝗡𝗮̆𝗺 𝗫𝗲 𝗛𝘂̛ – 𝗖𝗼́ 𝗫𝗲 𝗞𝗵𝗮́𝗰 𝗗𝘂̀𝗻𝗴
✅ Đ𝗮̆𝗻𝗴 𝗞𝘆́ 𝗔𝗽𝗽 𝗫𝗮𝗻𝗵 𝗣𝗹𝗮𝘁𝗳𝗼𝗿𝗺 – 𝗧𝗮̣𝗶 𝗖𝗵𝗼̂̃
--------------------
🏠𝟮𝟴𝟴 𝗧𝗿𝘂̛𝗼̛̀𝗻𝗴 𝗖𝗵𝗶𝗻𝗵 - 𝗣𝗵ư𝗼̛̀𝗻𝗴 Đ𝗼̂𝗻𝗴 𝗛𝘂̛𝗻𝗴 𝗧𝗵𝘂𝗮̣̂𝗻 - 𝗛𝗖𝗠 (𝗤𝘂𝗮̣̂𝗻𝟭𝟮 𝗰𝘂̃)",2026,8000.0,Tp Hồ Chí Minh,Quận 12,"EvoMax BST 65 Chính Chủ
- Odo 8k
- Sẵn 2 pin thuê
- Óc tán 7 màu keng 
- Còn đủ phụ kiện theo xe
- Bảo hành Vinfats toàn quốc
⛔️ Nợ xấu đưa 0đ có LÃI SUẤT hoặc 12tr KO LÃI SUẤT
--------------------
✅ 𝗛𝗼̂̃ 𝗧𝗿𝗼̛̣ 𝗔𝗲 𝗟𝗲̂𝗻 𝗛𝗼̂̀ 𝗦𝗼̛ 𝗕𝗮𝗻𝗸 𝗡𝗵𝗮̣̂𝗻 𝗫𝗲 𝗩𝗮̀ 𝗖𝗮𝘃𝗲𝘁 𝗚𝗼̂́𝗰
✅ 𝗡𝗼̛̣ 𝗫𝗮̂́𝘂 – 𝗛𝗼̂̃ 𝗧𝗿𝗼̛̣ 𝟬 Đ𝗼̂̀𝗻𝗴 – 𝗞𝗵𝗼̂𝗻𝗴 𝗫𝗮́𝗰 𝗠𝗶𝗻𝗵
✅ 𝗡𝗼̛̣ 𝗫𝗮̂́𝘂 – 𝗛𝗼̂̃ 𝗧𝗿𝗼̛̣ Đ𝘂̛𝗮 𝟯𝟬% – 𝗞𝗵𝗼̂𝗻𝗴 𝗟𝗮̃𝗶
✅ Đ𝗼̂̉𝗶 𝗣𝗶𝗻 𝗞𝗵𝗼̂𝗻𝗴 𝗖𝗵𝗼̛̀ 𝗦𝗮̣c 𝗡𝗵𝗶𝗲̂̀𝘂 𝗖𝗵𝗶 𝗡𝗵𝗮́𝗻𝗵
✅ 𝗛ỗ 𝗧𝗿𝗼̛̣ 𝟮 𝗡𝗮̆𝗺 𝗫𝗲 𝗛𝘂̛ – 𝗖𝗼́ 𝗫𝗲 𝗞𝗵𝗮́𝗰 𝗗𝘂̀𝗻𝗴
✅ Đ𝗮̆𝗻𝗴 𝗞𝘆́ 𝗔𝗽𝗽 𝗫𝗮𝗻𝗵 𝗣𝗹𝗮𝘁𝗳𝗼𝗿𝗺 – 𝗧𝗮̣𝗶 𝗖𝗵𝗼̂̃
--------------------
🏠𝟮𝟴𝟴 𝗧𝗿𝘂̛𝗼̛̀𝗻𝗴 𝗖𝗵𝗶𝗻𝗵 - 𝗣𝗵ư𝗼̛̀𝗻𝗴 Đ𝗼̂𝗻𝗴 𝗛𝘂̛𝗻𝗴 𝗧𝗵𝘂𝗮̣̂𝗻 - 𝗛𝗖𝗠 (𝗤𝘂𝗮̣̂𝗻𝟭𝟮 𝗰𝘂̃)",Cần xác minh,Khác,Không phân loại,,
134366874,"Xe máy điện Typer 2 Trắng, Cam đã sử dụng",7800000,"Typer 2 đi ít còn như mới bán nửa giá mới

🛵TRẺ TRUNG - PHONG CÁCH - NĂNG ĐỘNG 
✴️ thanh lý xe typer2 
💸💸 giá bán 7tr800
☑️ màu sắc trung tính, thời trang (bảo hành 6 tháng) 
☑️ máy móc nguyên zin, an toàn tiết kiệm điện , Xanh, sạch không ồn 
☎️ Zalo *** (free ship Hà Nội, hỗ trợ ship toàn quốc  )
🏠 389 đội cấn -Hà Nội",2025,10000.0,Hà Nội,Quận Ba Đình,"Typer 2 đi ít còn như mới bán nửa giá mới

🛵TRẺ TRUNG - PHONG CÁCH - NĂNG ĐỘNG 
✴️ thanh lý xe typer2 
💸💸 giá bán 7tr800
☑️ màu sắc trung tính, thời trang (bảo hành 6 tháng) 
☑️ máy móc nguyên zin, an toàn tiết kiệm điện , Xanh, sạch không ồn 
☎️ Zalo *** (free ship Hà Nội, hỗ trợ ship toàn quốc  )
🏠 *** đội cấn -Hà Nội",Kèm pin,Khác,Không phân loại,,
134508320,Xe Điện 3sGo - Datbike S1 2026 Đen 10000 km,44900000,"DatbikeS1 BSTP ĐK 2026 Chính Chủ 1 Lần sạc đi 285km
- Odo 10k hơn
- Óc tán 7 màu keng 
- Còn đủ phụ kiện theo xe 
- Bảo hành Datbike toàn quốc
⛔️ Nợ xấu đưa 5tr8 có LÃI SUẤT hoặc 23tr KO LÃI SUẤT
--------------------
✅ 𝗛𝗼̂̃ 𝗧𝗿𝗼̛̣ 𝗔𝗲 𝗟𝗲̂𝗻 𝗛𝗼̂̀ 𝗦𝗼̛ 𝗕𝗮𝗻𝗸 𝗡𝗵𝗮̣̂𝗻 𝗫𝗲 𝗩𝗮̀ 𝗖𝗮𝘃𝗲𝘁 𝗚𝗼̂́𝗰
✅ 𝗡𝗼̛̣ 𝗫𝗮̂́𝘂 – 𝗛𝗼̂̃ 𝗧𝗿𝗼̛̣ 𝟬 Đ𝗼̂̀𝗻𝗴 – 𝗞𝗵𝗼̂𝗻𝗴 𝗫𝗮́𝗰 𝗠𝗶𝗻𝗵
✅ 𝗡𝗼̛̣ 𝗫𝗮̂́𝘂 – 𝗛𝗼̂̃ 𝗧𝗿𝗼̛̣ Đ𝘂̛𝗮 𝟯𝟬% – 𝗞𝗵𝗼̂𝗻𝗴 𝗟𝗮̃𝗶
✅ Đ𝗼̂̉𝗶 𝗣𝗶𝗻 𝗞𝗵𝗼̂𝗻𝗴 𝗖𝗵𝗼̛̀ 𝗦𝗮̣c 𝗡𝗵𝗶𝗲̂̀𝘂 𝗖𝗵𝗶 𝗡𝗵𝗮́𝗻𝗵
✅ 𝗛ỗ 𝗧𝗿𝗼̛̣ 𝟮 𝗡𝗮̆𝗺 𝗫𝗲 𝗛𝘂̛ – 𝗖𝗼́ 𝗫𝗲 𝗞𝗵𝗮́𝗰 𝗗𝘂̀𝗻𝗴
✅ Đ𝗮̆𝗻𝗴 𝗞𝘆́ 𝗔𝗽𝗽 𝗫𝗮𝗻𝗵 𝗣𝗹𝗮𝘁𝗳𝗼𝗿𝗺 – 𝗧𝗮̣𝗶 𝗖𝗵𝗼̂̃
--------------------
🏠𝟮𝟴𝟴 𝗧𝗿𝘂̛𝗼̛̀𝗻𝗴 𝗖𝗵𝗶𝗻𝗵 - 𝗣𝗵ư𝗼̛̀𝗻𝗴 Đ𝗼̂𝗻𝗴 𝗛𝘂̛𝗻𝗴 𝗧𝗵𝘂𝗮̣̂𝗻 - 𝗛𝗖𝗠 (𝗤𝘂𝗮̣̂𝗻𝟭𝟮 𝗰𝘂̃)",2025,10000.0,Tp Hồ Chí Minh,Quận 12,"DatbikeS1 BSTP ĐK 2026 Chính Chủ 1 Lần sạc đi 285km
- Odo 10k hơn
- Óc tán 7 màu keng 
- Còn đủ phụ kiện theo xe 
- Bảo hành Datbike toàn quốc
⛔️ Nợ xấu đưa 5tr8 có LÃI SUẤT hoặc 23tr KO LÃI SUẤT
--------------------
✅ 𝗛𝗼̂̃ 𝗧𝗿𝗼̛̣ 𝗔𝗲 𝗟𝗲̂𝗻 𝗛𝗼̂̀ 𝗦𝗼̛ 𝗕𝗮𝗻𝗸 𝗡𝗵𝗮̣̂𝗻 𝗫𝗲 𝗩𝗮̀ 𝗖𝗮𝘃𝗲𝘁 𝗚𝗼̂́𝗰
✅ 𝗡𝗼̛̣ 𝗫𝗮̂́𝘂 – 𝗛𝗼̂̃ 𝗧𝗿𝗼̛̣ 𝟬 Đ𝗼̂̀𝗻𝗴 – 𝗞𝗵𝗼̂𝗻𝗴 𝗫𝗮́𝗰 𝗠𝗶𝗻𝗵
✅ 𝗡𝗼̛̣ 𝗫𝗮̂́𝘂 – 𝗛𝗼̂̃ 𝗧𝗿𝗼̛̣ Đ𝘂̛𝗮 𝟯𝟬% – 𝗞𝗵𝗼̂𝗻𝗴 𝗟𝗮̃𝗶
✅ Đ𝗼̂̉𝗶 𝗣𝗶𝗻 𝗞𝗵𝗼̂𝗻𝗴 𝗖𝗵𝗼̛̀ 𝗦𝗮̣c 𝗡𝗵𝗶𝗲̂̀𝘂 𝗖𝗵𝗶 𝗡𝗵𝗮́𝗻𝗵
✅ 𝗛ỗ 𝗧𝗿𝗼̛̣ 𝟮 𝗡𝗮̆𝗺 𝗫𝗲 𝗛𝘂̛ – 𝗖𝗼́ 𝗫𝗲 𝗞𝗵𝗮́𝗰 𝗗𝘂̀𝗻𝗴
✅ Đ𝗮̆𝗻𝗴 𝗞𝘆́ 𝗔𝗽𝗽 𝗫𝗮𝗻𝗵 𝗣𝗹𝗮𝘁𝗳𝗼𝗿𝗺 – 𝗧𝗮̣𝗶 𝗖𝗵𝗼̂̃
--------------------
🏠𝟮𝟴𝟴 𝗧𝗿𝘂̛𝗼̛̀𝗻𝗴 𝗖𝗵𝗶𝗻𝗵 - 𝗣𝗵ư𝗼̛̀𝗻𝗴 Đ𝗼̂𝗻𝗴 𝗛𝘂̛𝗻𝗴 𝗧𝗵𝘂𝗮̣̂𝗻 - 𝗛𝗖𝗠 (𝗤𝘂𝗮̣̂𝗻𝟭𝟮 𝗰𝘂̃)",Cần xác minh,Khác,Không phân loại,,
134197994,CỬA HÀNG THU MUA XE MÁY ĐIỆN CŨ,35999000,"⭐️ CỬA HÀNG PHẠM TUẤN XE ĐIỆN CŨ 
CHUYÊN THU MUA XE ĐIỆN CŨ - GIÁ CAO - BAO MỌI GIẤY TỜ LIÊN QUAN
📌 Địa chỉ: 244 Thoại Ngọc Hầu . Phú Thạnh , Q .Tân Phú . TP HCM.
⭐️ ĐỊNH GIÁ MIỄN PHÍ XE MÁY ⭐️

❤️ Chuyên Thu Mua Xe Điện Cũ với các dòng như sau, Giá Bao Thị Trường
( VINFAST . YADEA . DATBIKE . PEGA...)

Giá thu từ: 1tr - 99tr

Dịch vụ đặc biệt:
❤️ Bấm Giá Trong Vòng 30s Để Khách Hàng Tham Khảo Giá
❤️ Hỗ Trợ Mua Tận Nơi ( Sài Gòn và những chỗ lân cận)


😍😍😍 CẦN KẾT NỐI VỚI SHOWROOM CÁC HÃNG XE ĐIỆN NEW THU CŨ ĐỔI MỚI CHO KHÁCH HÀNG

code: #thumuaxe #26003663_1",2025,1.0,Tp Hồ Chí Minh,Quận Tân Phú,"⭐️ CỬA HÀNG PHẠM TUẤN XE ĐIỆN CŨ 
CHUYÊN THU MUA XE ĐIỆN CŨ - GIÁ CAO - BAO MỌI GIẤY TỜ LIÊN QUAN
📌 Địa chỉ: 244 Thoại Ngọc Hầu . Phú Thạnh , Q .Tân Phú . TP HCM.
⭐️ ĐỊNH GIÁ MIỄN PHÍ XE MÁY ⭐️

❤️ Chuyên Thu Mua Xe Điện Cũ với các dòng như sau, Giá Bao Thị Trường
( VINFAST . YADEA . DATBIKE . PEGA...)

Giá thu từ: 1tr - 99tr

Dịch vụ đặc biệt:
❤️ Bấm Giá Trong Vòng 30s Để Khách Hàng Tham Khảo Giá
❤️ Hỗ Trợ Mua Tận Nơi ( Sài Gòn và những chỗ lân cận)


😍😍😍 CẦN KẾT NỐI VỚI SHOWROOM CÁC HÃNG XE ĐIỆN NEW THU CŨ ĐỔI MỚI CHO KHÁCH HÀNG

code: #thumuaxe #26003663_1",Cần xác minh,Khác,Không phân loại,,
134558870,Xe Điện 3sGo - Feliz II Trắng 700km,25900000,"Feliz II BSTP Chính Chủ 
- Odo 700km
- 2pin (free thuê 2pin 1 năm)
- Óc tán 7 màu keng 
- Còn đủ phụ kiện theo xe 
- Bảo hành Vinfast toàn quốc
⛔️ Nợ xấu đưa 0đ có LÃI SUẤT hoặc 15tr KO LÃI SUẤT
--------------------
✅ 𝗛𝗼̂̃ 𝗧𝗿𝗼̛̣ 𝗔𝗲 𝗟𝗲̂𝗻 𝗛𝗼̂̀ 𝗦𝗼̛ 𝗕𝗮𝗻𝗸 𝗡𝗵𝗮̣̂𝗻 𝗫𝗲 𝗩𝗮̀ 𝗖𝗮𝘃𝗲𝘁 𝗚𝗼̂́𝗰
✅ 𝗡𝗼̛̣ 𝗫𝗮̂́𝘂 – 𝗛𝗼̂̃ 𝗧𝗿𝗼̛̣ 𝟬 Đ𝗼̂̀𝗻𝗴 – 𝗞𝗵𝗼̂𝗻𝗴 𝗫𝗮́𝗰 𝗠𝗶𝗻𝗵
✅ 𝗡𝗼̛̣ 𝗫𝗮̂́𝘂 – 𝗛𝗼̂̃ 𝗧𝗿𝗼̛̣ Đ𝘂̛𝗮 𝟯𝟬% – 𝗞𝗵𝗼̂𝗻𝗴 𝗟𝗮̃𝗶
✅ Đ𝗼̂̉𝗶 𝗣𝗶𝗻 𝗞𝗵𝗼̂𝗻𝗴 𝗖𝗵𝗼̛̀ 𝗦𝗮̣c 𝗡𝗵𝗶𝗲̂̀𝘂 𝗖𝗵𝗶 𝗡𝗵𝗮́𝗻𝗵
✅ 𝗛ỗ 𝗧𝗿𝗼̛̣ 𝟮 𝗡𝗮̆𝗺 𝗫𝗲 𝗛𝘂̛ – 𝗖𝗼́ 𝗫𝗲 𝗞𝗵𝗮́𝗰 𝗗𝘂̀𝗻𝗴
✅ Đ𝗮̆𝗻𝗴 𝗞𝘆́ 𝗔𝗽𝗽 𝗫𝗮𝗻𝗵 𝗣𝗹𝗮𝘁𝗳𝗼𝗿𝗺 – 𝗧𝗮̣𝗶 𝗖𝗵𝗼̂̃
--------------------
🏠𝟮𝟴𝟴 𝗧𝗿𝘂̛𝗼̛̀𝗻𝗴 𝗖𝗵𝗶𝗻𝗵 - 𝗣𝗵ư𝗼̛̀𝗻𝗴 Đ𝗼̂𝗻𝗴 𝗛𝘂̛𝗻𝗴 𝗧𝗵𝘂𝗮̣̂𝗻 - 𝗛𝗖𝗠 (𝗤𝘂𝗮̣̂𝗻𝟭𝟮 𝗰𝘂̃)",2026,700.0,Tp Hồ Chí Minh,Quận 12,"Feliz II BSTP Chính Chủ 
- Odo 700km
- 2pin (free thuê 2pin 1 năm)
- Óc tán 7 màu keng 
- Còn đủ phụ kiện theo xe 
- Bảo hành Vinfast toàn quốc
⛔️ Nợ xấu đưa 0đ có LÃI SUẤT hoặc 15tr KO LÃI SUẤT
--------------------
✅ 𝗛𝗼̂̃ 𝗧𝗿𝗼̛̣ 𝗔𝗲 𝗟𝗲̂𝗻 𝗛𝗼̂̀ 𝗦𝗼̛ 𝗕𝗮𝗻𝗸 𝗡𝗵𝗮̣̂𝗻 𝗫𝗲 𝗩𝗮̀ 𝗖𝗮𝘃𝗲𝘁 𝗚𝗼̂́𝗰
✅ 𝗡𝗼̛̣ 𝗫𝗮̂́𝘂 – 𝗛𝗼̂̃ 𝗧𝗿𝗼̛̣ 𝟬 Đ𝗼̂̀𝗻𝗴 – 𝗞𝗵𝗼̂𝗻𝗴 𝗫𝗮́𝗰 𝗠𝗶𝗻𝗵
✅ 𝗡𝗼̛̣ 𝗫𝗮̂́𝘂 – 𝗛𝗼̂̃ 𝗧𝗿𝗼̛̣ Đ𝘂̛𝗮 𝟯𝟬% – 𝗞𝗵𝗼̂𝗻𝗴 𝗟𝗮̃𝗶
✅ Đ𝗼̂̉𝗶 𝗣𝗶𝗻 𝗞𝗵𝗼̂𝗻𝗴 𝗖𝗵𝗼̛̀ 𝗦𝗮̣c 𝗡𝗵𝗶𝗲̂̀𝘂 𝗖𝗵𝗶 𝗡𝗵𝗮́𝗻𝗵
✅ 𝗛ỗ 𝗧𝗿𝗼̛̣ 𝟮 𝗡𝗮̆𝗺 𝗫𝗲 𝗛𝘂̛ – 𝗖𝗼́ 𝗫𝗲 𝗞𝗵𝗮́𝗰 𝗗𝘂̀𝗻𝗴
✅ Đ𝗮̆𝗻𝗴 𝗞𝘆́ 𝗔𝗽𝗽 𝗫𝗮𝗻𝗵 𝗣𝗹𝗮𝘁𝗳𝗼𝗿𝗺 – 𝗧𝗮̣𝗶 𝗖𝗵𝗼̂̃
--------------------
🏠𝟮𝟴𝟴 𝗧𝗿𝘂̛𝗼̛̀𝗻𝗴 𝗖𝗵𝗶𝗻𝗵 - 𝗣𝗵ư𝗼̛̀𝗻𝗴 Đ𝗼̂𝗻𝗴 𝗛𝘂̛𝗻𝗴 𝗧𝗵𝘂𝗮̣̂𝗻 - 𝗛𝗖𝗠 (𝗤𝘂𝗮̣̂𝗻𝟭𝟮 𝗰𝘂̃)",Cần xác minh,VinFast,Feliz,27000000.0,4.1
134621837,Xe máy điện Xmen 2019 Đen Việt Nam,4900000,"BÁN XE MÁY ĐIỆN cũ :  Xmen 
Giá:4tr900  bình khỏe 30/35km/1 lần sạc 
Đk 2019 biển số 74 
xe ở Cầu Vượt Sóng Thần  Qlộ 1A 
LH: ***
Có nhan đổi xe điện cũ các loại",2019,8978.0,Tp Hồ Chí Minh,Thành phố Thủ Đức,"BÁN XE MÁY ĐIỆN cũ :  Xmen 
Giá:4tr900  bình khỏe 30/35km/1 lần sạc 
Đk 2019 biển số 74 
xe ở Cầu Vượt Sóng Thần  Qlộ 1A 
LH: ***
Có nhan đổi xe điện cũ các loại",Cần xác minh,Khác,Không phân loại,,
134621834,Xe máy điện VinFast Vento Neo Trắng 9.000KM,29500000,"Vento Neo 9.000KM Cập Bến 😍😍😍

Giá..29.5Tr

☎️*** Em bi",2025,9000.0,Tp Hồ Chí Minh,Quận Tân Phú,"Vento Neo 9.000KM Cập Bến 😍😍😍

Giá..29.5Tr

☎️*** Em bi",Cần xác minh,VinFast,Vento,50000000.0,41.0
134621825,"VinFast Feliz Neo 2025 Xám 38,900km",28000000,"Feliz Ne***


- ODO : 38,900km
- Pin : 72v 105Ah . Quãng đường đi được từ 200km 1 lần sạc
- Ngoại hình : 95%
- Thủ tục mua bán : công chứng mua bán ra tên mới. Chủ xe hỗ trợ rút hồ sơ
- Năm đăng ký : 10/2025
- Giá bán :  28,000,000
- Có hỗ trợ trả góp, nợ xấu
- Có cho thuê xe, trao đổi mua bán xe, ký gửi xe",2025,38900.0,Tp Hồ Chí Minh,Quận Tân Bình,"Feliz Ne***


- ODO : 38,900km
- Pin : 72v 105Ah . Quãng đường đi được từ 200km 1 lần sạc
- Ngoại hình : 95%
- Thủ tục mua bán : công chứng mua bán ra tên mới. Chủ xe hỗ trợ rút hồ sơ
- Năm đăng ký : 10/2025
- Giá bán :  28,000,000
- Có hỗ trợ trả góp, nợ xấu
- Có cho thuê xe, trao đổi mua bán xe, ký gửi xe",Cần xác minh,VinFast,Feliz,27000000.0,-3.7
134621821,Xe điện gogo,5200000,"bán xe điện còn rất tốt nhập khẩu nguyên chiếc giá vừa tầm ai mua cho con đi hoc câp 3 đỡ đươc bao nhiêu tiền nhà nhiêu xe lên bán nhanh cho gọn
ai thiên chí mua hoăc nhăn tin nêu ko nghe may kip",2019,5252.0,Hải Phòng,Quận Ngô Quyền,"bán xe điện còn rất tốt nhập khẩu nguyên chiếc giá vừa tầm ai mua cho con đi hoc câp 3 đỡ đươc bao nhiêu tiền nhà nhiêu xe lên bán nhanh cho gọn
ai thiên chí mua hoăc nhăn tin nêu ko nghe may kip",Cần xác minh,Dibao,Gogo,14500000.0,64.1
134621813,Quantum S3 odo 10k xe đẹp ken biển sg,32500000,"Quantum s3 xe đẹp ken 9 chủ ký 
Có gop nợ xấu tay đôi",2025,10412.0,Tp Hồ Chí Minh,Quận Tân Phú,"Quantum s3 xe đẹp ken 9 chủ ký 
Có gop nợ xấu tay đôi",Cần xác minh,Dat Bike,Quantum,34900000.0,6.9
133165398,Xe máy điện VinFast Feliz 2 Trắng,17500000,"Xe máy điện VinFast Feliz 2 màu trắng, thiết kế hiện đại, phù hợp cho cả nam và nữ. 
- Xe vận hành êm ái, tiết kiệm năng lượng. 
- Trang bị nhiều tính năng thông minh. 
- Xe mới, ít sử dụng.
- chuyển nhượng hợp đồng thuê 2 pin vinfast 1,5kw
",2026,1589.0,Đồng Nai,Huyện Trảng Bom,"Xe máy điện VinFast Feliz 2 màu trắng, thiết kế hiện đại, phù hợp cho cả nam và nữ. 
- Xe vận hành êm ái, tiết kiệm năng lượng. 
- Trang bị nhiều tính năng thông minh. 
- Xe mới, ít sử dụng.
- chuyển nhượng hợp đồng thuê 2 pin vinfast 1,5kw
",Cần xác minh,VinFast,Feliz,27000000.0,35.2
134536690,Xe Điện 3sGo -  Evo200Lite 2025 Đen,22900000,"Evo200Lite  - Bstp 9 Chủ ĐK 2025
- 2 Chìa khoá đầy đủ
- Dàn áo dán keng 98%
- Óc tán 7 màu keng 98%
- Còn đủ phụ kiện theo xe
❤️Xe keng 98% so với xe new 
⛔️ Nợ xấu đưa 3tr2 có LÃI SUẤT hoặc 12tr KO LÃI SUẤT
--------------------
✅ 𝗛𝗼̂̃ 𝗧𝗿𝗼̛̣ 𝗔𝗲 𝗟𝗲̂𝗻 𝗛𝗼̂̀ 𝗦𝗼̛ 𝗕𝗮𝗻𝗸 𝗡𝗵𝗮̣̂𝗻 𝗫𝗲 𝗩𝗮̀ 𝗖𝗮𝘃𝗲𝘁 𝗚𝗼̂́𝗰
✅ 𝗡𝗼̛̣ 𝗫𝗮̂́𝘂 – 𝗛𝗼̂̃ 𝗧𝗿𝗼̛̣ 𝟬 Đ𝗼̂̀𝗻𝗴 – 𝗞𝗵𝗼̂𝗻𝗴 𝗫𝗮́𝗰 𝗠𝗶𝗻𝗵
✅ 𝗡𝗼̛̣ 𝗫𝗮̂́𝘂 – 𝗛𝗼̂̃ 𝗧𝗿𝗼̛̣ Đ𝘂̛𝗮 𝟯𝟬% – 𝗞𝗵𝗼̂𝗻𝗴 𝗟𝗮̃𝗶
✅ Đ𝗼̂̉𝗶 𝗣𝗶𝗻 𝗞𝗵𝗼̂𝗻𝗴 𝗖𝗵𝗼̛̀ 𝗦𝗮̣c 𝗡𝗵𝗶𝗲̂̀𝘂 𝗖𝗵𝗶 𝗡𝗵𝗮́𝗻𝗵
✅ 𝗛ỗ 𝗧𝗿𝗼̛̣ 𝟮 𝗡𝗮̆𝗺 𝗫𝗲 𝗛𝘂̛ – 𝗖𝗼́ 𝗫𝗲 𝗞𝗵𝗮́𝗰 𝗗𝘂̀𝗻𝗴
✅ Đ𝗮̆𝗻𝗴 𝗞𝘆́ 𝗔𝗽𝗽 𝗫𝗮𝗻𝗵 𝗣𝗹𝗮𝘁𝗳𝗼𝗿𝗺 – 𝗧𝗮̣𝗶 𝗖𝗵𝗼̂̃
--------------------
🏠𝟮𝟴𝟴 𝗧𝗿𝘂̛𝗼̛̀𝗻𝗴 𝗖𝗵𝗶𝗻𝗵 - 𝗣𝗵ư𝗼̛̀𝗻𝗴 Đ𝗼̂𝗻𝗴 𝗛𝘂̛𝗻𝗴 𝗧𝗵𝘂𝗮̣̂𝗻 - 𝗛𝗖𝗠 (𝗤𝘂𝗮̣̂𝗻𝟭𝟮 𝗰𝘂̃)",2025,,Tp Hồ Chí Minh,Quận 12,"Evo200Lite  - Bstp 9 Chủ ĐK 2025
- 2 Chìa khoá đầy đủ
- Dàn áo dán keng 98%
- Óc tán 7 màu keng 98%
- Còn đủ phụ kiện theo xe
❤️Xe keng 98% so với xe new 
⛔️ Nợ xấu đưa 3tr2 có LÃI SUẤT hoặc 12tr KO LÃI SUẤT
--------------------
✅ 𝗛𝗼̂̃ 𝗧𝗿𝗼̛̣ 𝗔𝗲 𝗟𝗲̂𝗻 𝗛𝗼̂̀ 𝗦𝗼̛ 𝗕𝗮𝗻𝗸 𝗡𝗵𝗮̣̂𝗻 𝗫𝗲 𝗩𝗮̀ 𝗖𝗮𝘃𝗲𝘁 𝗚𝗼̂́𝗰
✅ 𝗡𝗼̛̣ 𝗫𝗮̂́𝘂 – 𝗛𝗼̂̃ 𝗧𝗿𝗼̛̣ 𝟬 Đ𝗼̂̀𝗻𝗴 – 𝗞𝗵𝗼̂𝗻𝗴 𝗫𝗮́𝗰 𝗠𝗶𝗻𝗵
✅ 𝗡𝗼̛̣ 𝗫𝗮̂́𝘂 – 𝗛𝗼̂̃ 𝗧𝗿𝗼̛̣ Đ𝘂̛𝗮 𝟯𝟬% – 𝗞𝗵𝗼̂𝗻𝗴 𝗟𝗮̃𝗶
✅ Đ𝗼̂̉𝗶 𝗣𝗶𝗻 𝗞𝗵𝗼̂𝗻𝗴 𝗖𝗵𝗼̛̀ 𝗦𝗮̣c 𝗡𝗵𝗶𝗲̂̀𝘂 𝗖𝗵𝗶 𝗡𝗵𝗮́𝗻𝗵
✅ 𝗛ỗ 𝗧𝗿𝗼̛̣ 𝟮 𝗡𝗮̆𝗺 𝗫𝗲 𝗛𝘂̛ – 𝗖𝗼́ 𝗫𝗲 𝗞𝗵𝗮́𝗰 𝗗𝘂̀𝗻𝗴
✅ Đ𝗮̆𝗻𝗴 𝗞𝘆́ 𝗔𝗽𝗽 𝗫𝗮𝗻𝗵 𝗣𝗹𝗮𝘁𝗳𝗼𝗿𝗺 – 𝗧𝗮̣𝗶 𝗖𝗵𝗼̂̃
--------------------
🏠𝟮𝟴𝟴 𝗧𝗿𝘂̛𝗼̛̀𝗻𝗴 𝗖𝗵𝗶𝗻𝗵 - 𝗣𝗵ư𝗼̛̀𝗻𝗴 Đ𝗼̂𝗻𝗴 𝗛𝘂̛𝗻𝗴 𝗧𝗵𝘂𝗮̣̂𝗻 - 𝗛𝗖𝗠 (𝗤𝘂𝗮̣̂𝗻𝟭𝟮 𝗰𝘂̃)",Cần xác minh,Khác,Không phân loại,,
134621561,Xe máy điện VinFast Feliz 2025 Trắng 2 pin 2.4kW,25000000,"FELIZ 2025 – 2 PIN ZIN – GIÁ 25 TRIỆU 🔥
Biển số: 50AD-256.57

🛵 Feliz 2025 – xe đẹp, 2 pin zin, sẵn sàng chạy ngay!

✨ Thông tin xe:

📍 ODO: 10.000 km
🔋 2 pin 2.4kW zin hãng
💎 Ngoại hình: 95%
📅 Đăng ký: 12/2025
📄 Công chứng mua bán
💰 Giá bán: 25.000.000đ

💳 HỖ TRỢ TRẢ GÓP – HỖ TRỢ HỒ SƠ NỢ XẤU
🛵 Có cho thuê xe
🔄 Nhận trao đổi – mua bán xe
📦 Nhận ký gửi xe

🔥 Điểm đáng tiền: 2 pin zin + đời 2025 + giấy tờ mua bán rõ ràng. Mua về đi hằng ngày hoặc chạy dịch vụ đều tiện.

📩 Quan tâm inbox ngay – xe đẹp, giá tốt, chốt sớm kẻo hết!",2025,10000.0,Tp Hồ Chí Minh,Quận Tân Bình,"FELIZ 2025 – 2 PIN ZIN – GIÁ 25 TRIỆU 🔥
Biển số: 50AD-256.57

🛵 Feliz 2025 – xe đẹp, 2 pin zin, sẵn sàng chạy ngay!

✨ Thông tin xe:

📍 ODO: 10.000 km
🔋 2 pin 2.4kW zin hãng
💎 Ngoại hình: 95%
📅 Đăng ký: 12/2025
📄 Công chứng mua bán
💰 Giá bán: 25.000.000đ

💳 HỖ TRỢ TRẢ GÓP – HỖ TRỢ HỒ SƠ NỢ XẤU
🛵 Có cho thuê xe
🔄 Nhận trao đổi – mua bán xe
📦 Nhận ký gửi xe

🔥 Điểm đáng tiền: 2 pin zin + đời 2025 + giấy tờ mua bán rõ ràng. Mua về đi hằng ngày hoặc chạy dịch vụ đều tiện.

📩 Quan tâm inbox ngay – xe đẹp, giá tốt, chốt sớm kẻo hết!",Kèm pin,VinFast,Feliz,27000000.0,7.4
134621518,Xe máy điện VinFast Feliz Neo 2025 Xám 39000 km,20500000,"Feliz Neo màu xám BS : 50-AC 735.12


- ODO : 39000
- Pin : 1 Pin zin 67v 30Ah + 1 pin song song sàn chân 67v 30Ah . Quãng đường đi được từ 130 - 150km 1 lần sạc
- Ngoại hình : 90%
- Thủ tục mua bán : công chứng mua bán
- Năm đăng ký : 09/2025
- Giá bán :  20,500,000
- Có hỗ trợ trả góp, nợ xấu
- Có cho thuê xe, trao đổi mua bán xe, ký gửi xe",2025,39000.0,Tp Hồ Chí Minh,Quận Tân Bình,"Feliz Neo màu xám BS : 50-AC 735.12


- ODO : 39000
- Pin : 1 Pin zin 67v 30Ah + 1 pin song song sàn chân 67v 30Ah . Quãng đường đi được từ 130 - 150km 1 lần sạc
- Ngoại hình : 90%
- Thủ tục mua bán : công chứng mua bán
- Năm đăng ký : 09/2025
- Giá bán :  20,500,000
- Có hỗ trợ trả góp, nợ xấu
- Có cho thuê xe, trao đổi mua bán xe, ký gửi xe",Kèm pin,VinFast,Feliz,27000000.0,24.1
134506458,Xe Điện 3sGo - Flazz 2026 Trắng 900 km,15900000,"Flazz BSTP ĐK 2026 Chính Chủ 
- Odo 900 cây
- Đã mua 2 pin
- Óc tán 7 màu keng 
- Còn đủ phụ kiện theo xe
- Bảo hành Vinfast toàn quốc
#Giá_15tr9 - Nậu xớ đưa 2tr1 hoặc 5tr1
⛔️ Nợ xấu đưa 2tr1 có LÃI SUẤT hoặc 8tr KO LÃI SUẤT
--------------------
✅ 𝗛𝗼̂̃ 𝗧𝗿𝗼̛̣ 𝗔𝗲 𝗟𝗲̂𝗻 𝗛𝗼̂̀ 𝗦𝗼̛ 𝗕𝗮𝗻𝗸 𝗡𝗵𝗮̣̂𝗻 𝗫𝗲 𝗩𝗮̀ 𝗖𝗮𝘃𝗲𝘁 𝗚𝗼̂́𝗰
✅ 𝗡𝗼̛̣ 𝗫𝗮̂́𝘂 – 𝗛𝗼̂̃ 𝗧𝗿𝗼̛̣ 𝟬 Đ𝗼̂̀𝗻𝗴 – 𝗞𝗵𝗼̂𝗻𝗴 𝗫𝗮́𝗰 𝗠𝗶𝗻𝗵
✅ 𝗡𝗼̛̣ 𝗫𝗮̂́𝘂 – 𝗛𝗼̂̃ 𝗧𝗿𝗼̛̣ Đ𝘂̛𝗮 𝟯𝟬% – 𝗞𝗵𝗼̂𝗻𝗴 𝗟𝗮̃𝗶
✅ Đ𝗼̂̉𝗶 𝗣𝗶𝗻 𝗞𝗵𝗼̂𝗻𝗴 𝗖𝗵𝗼̛̀ 𝗦𝗮̣c 𝗡𝗵𝗶𝗲̂̀𝘂 𝗖𝗵𝗶 𝗡𝗵𝗮́𝗻𝗵
✅ 𝗛ỗ 𝗧𝗿𝗼̛̣ 𝟮 𝗡𝗮̆𝗺 𝗫𝗲 𝗛𝘂̛ – 𝗖𝗼́ 𝗫𝗲 𝗞𝗵𝗮́𝗰 𝗗𝘂̀𝗻𝗴
✅ Đ𝗮̆𝗻𝗴 𝗞𝘆́ 𝗔𝗽𝗽 𝗫𝗮𝗻𝗵 𝗣𝗹𝗮𝘁𝗳𝗼𝗿𝗺 – 𝗧𝗮̣𝗶 𝗖𝗵𝗼̂̃
--------------------
🏠𝟮𝟴𝟴 𝗧𝗿𝘂̛𝗼̛̀𝗻𝗴 𝗖𝗵𝗶𝗻𝗵 - 𝗣𝗵ư𝗼̛̀𝗻𝗴 Đ𝗼̂𝗻𝗴 𝗛𝘂̛𝗻𝗴 𝗧𝗵𝘂𝗮̣̂𝗻 - 𝗛𝗖𝗠 (𝗤𝘂𝗮̣̂𝗻𝟭𝟮 𝗰𝘂̃)",2026,900.0,Tp Hồ Chí Minh,Quận 12,"Flazz BSTP ĐK 2026 Chính Chủ 
- Odo 900 cây
- Đã mua 2 pin
- Óc tán 7 màu keng 
- Còn đủ phụ kiện theo xe
- Bảo hành Vinfast toàn quốc
#Giá_15tr9 - Nậu xớ đưa 2tr1 hoặc 5tr1
⛔️ Nợ xấu đưa 2tr1 có LÃI SUẤT hoặc 8tr KO LÃI SUẤT
--------------------
✅ 𝗛𝗼̂̃ 𝗧𝗿𝗼̛̣ 𝗔𝗲 𝗟𝗲̂𝗻 𝗛𝗼̂̀ 𝗦𝗼̛ 𝗕𝗮𝗻𝗸 𝗡𝗵𝗮̣̂𝗻 𝗫𝗲 𝗩𝗮̀ 𝗖𝗮𝘃𝗲𝘁 𝗚𝗼̂́𝗰
✅ 𝗡𝗼̛̣ 𝗫𝗮̂́𝘂 – 𝗛𝗼̂̃ 𝗧𝗿𝗼̛̣ 𝟬 Đ𝗼̂̀𝗻𝗴 – 𝗞𝗵𝗼̂𝗻𝗴 𝗫𝗮́𝗰 𝗠𝗶𝗻𝗵
✅ 𝗡𝗼̛̣ 𝗫𝗮̂́𝘂 – 𝗛𝗼̂̃ 𝗧𝗿𝗼̛̣ Đ𝘂̛𝗮 𝟯𝟬% – 𝗞𝗵𝗼̂𝗻𝗴 𝗟𝗮̃𝗶
✅ Đ𝗼̂̉𝗶 𝗣𝗶𝗻 𝗞𝗵𝗼̂𝗻𝗴 𝗖𝗵𝗼̛̀ 𝗦𝗮̣c 𝗡𝗵𝗶𝗲̂̀𝘂 𝗖𝗵𝗶 𝗡𝗵𝗮́𝗻𝗵
✅ 𝗛ỗ 𝗧𝗿𝗼̛̣ 𝟮 𝗡𝗮̆𝗺 𝗫𝗲 𝗛𝘂̛ – 𝗖𝗼́ 𝗫𝗲 𝗞𝗵𝗮́𝗰 𝗗𝘂̀𝗻𝗴
✅ Đ𝗮̆𝗻𝗴 𝗞𝘆́ 𝗔𝗽𝗽 𝗫𝗮𝗻𝗵 𝗣𝗹𝗮𝘁𝗳𝗼𝗿𝗺 – 𝗧𝗮̣𝗶 𝗖𝗵𝗼̂̃
--------------------
🏠𝟮𝟴𝟴 𝗧𝗿𝘂̛𝗼̛̀𝗻𝗴 𝗖𝗵𝗶𝗻𝗵 - 𝗣𝗵ư𝗼̛̀𝗻𝗴 Đ𝗼̂𝗻𝗴 𝗛𝘂̛𝗻𝗴 𝗧𝗵𝘂𝗮̣̂𝗻 - 𝗛𝗖𝗠 (𝗤𝘂𝗮̣̂𝗻𝟭𝟮 𝗰𝘂̃)",Cần xác minh,Khác,Không phân loại,,
134555510,Xe Điện 3sGo - Datbike S1 Đen 10.000 km,44900000,"DatbikeS1 BSTP ĐK 2026 Chính Chủ 1 Lần sạc đi 285km
- Odo 10k hơn
- Óc tán 7 màu keng 
- Còn đủ phụ kiện theo xe 
- Bảo hành Datbike toàn quốc
⛔️ Nợ xấu đưa 5tr8 có LÃI SUẤT hoặc 24tr KO LÃI SUẤT
--------------------
✅ 𝗛𝗼̂̃ 𝗧𝗿𝗼̛̣ 𝗔𝗲 𝗟𝗲̂𝗻 𝗛𝗼̂̀ 𝗦𝗼̛ 𝗕𝗮𝗻𝗸 𝗡𝗵𝗮̣̂𝗻 𝗫𝗲 𝗩𝗮̀ 𝗖𝗮𝘃𝗲𝘁 𝗚𝗼̂́𝗰
✅ 𝗡𝗼̛̣ 𝗫𝗮̂́𝘂 – 𝗛𝗼̂̃ 𝗧𝗿𝗼̛̣ 𝟬 Đ𝗼̂̀𝗻𝗴 – 𝗞𝗵𝗼̂𝗻𝗴 𝗫𝗮́𝗰 𝗠𝗶𝗻𝗵
✅ 𝗡𝗼̛̣ 𝗫𝗮̂́𝘂 – 𝗛𝗼̂̃ 𝗧𝗿𝗼̛̣ Đ𝘂̛𝗮 𝟯𝟬% – 𝗞𝗵𝗼̂𝗻𝗴 𝗟𝗮̃𝗶
✅ Đ𝗼̂̉𝗶 𝗣𝗶𝗻 𝗞𝗵𝗼̂𝗻𝗴 𝗖𝗵𝗼̛̀ 𝗦𝗮̣c 𝗡𝗵𝗶𝗲̂̀𝘂 𝗖𝗵𝗶 𝗡𝗵𝗮́𝗻𝗵
✅ 𝗛ỗ 𝗧𝗿𝗼̛̣ 𝟮 𝗡𝗮̆𝗺 𝗫𝗲 𝗛𝘂̛ – 𝗖𝗼́ 𝗫𝗲 𝗞𝗵𝗮́𝗰 𝗗𝘂̀𝗻𝗴
✅ Đ𝗮̆𝗻𝗴 𝗞𝘆́ 𝗔𝗽𝗽 𝗫𝗮𝗻𝗵 𝗣𝗹𝗮𝘁𝗳𝗼𝗿𝗺 – 𝗧𝗮̣𝗶 𝗖𝗵𝗼̂̃
--------------------
🏠𝟮𝟴𝟴 𝗧𝗿𝘂̛𝗼̛̀𝗻𝗴 𝗖𝗵𝗶𝗻𝗵 - 𝗣𝗵ư𝗼̛̀𝗻𝗴 Đ𝗼̂𝗻𝗴 𝗛𝘂̛𝗻𝗴 𝗧𝗵𝘂𝗮̣̂𝗻 - 𝗛𝗖𝗠 (𝗤𝘂𝗮̣̂𝗻𝟭𝟮 𝗰𝘂̃)",2026,10000.0,Tp Hồ Chí Minh,Quận 12,"DatbikeS1 BSTP ĐK 2026 Chính Chủ 1 Lần sạc đi 285km
- Odo 10k hơn
- Óc tán 7 màu keng 
- Còn đủ phụ kiện theo xe 
- Bảo hành Datbike toàn quốc
⛔️ Nợ xấu đưa 5tr8 có LÃI SUẤT hoặc 24tr KO LÃI SUẤT
--------------------
✅ 𝗛𝗼̂̃ 𝗧𝗿𝗼̛̣ 𝗔𝗲 𝗟𝗲̂𝗻 𝗛𝗼̂̀ 𝗦𝗼̛ 𝗕𝗮𝗻𝗸 𝗡𝗵𝗮̣̂𝗻 𝗫𝗲 𝗩𝗮̀ 𝗖𝗮𝘃𝗲𝘁 𝗚𝗼̂́𝗰
✅ 𝗡𝗼̛̣ 𝗫𝗮̂́𝘂 – 𝗛𝗼̂̃ 𝗧𝗿𝗼̛̣ 𝟬 Đ𝗼̂̀𝗻𝗴 – 𝗞𝗵𝗼̂𝗻𝗴 𝗫𝗮́𝗰 𝗠𝗶𝗻𝗵
✅ 𝗡𝗼̛̣ 𝗫𝗮̂́𝘂 – 𝗛𝗼̂̃ 𝗧𝗿𝗼̛̣ Đ𝘂̛𝗮 𝟯𝟬% – 𝗞𝗵𝗼̂𝗻𝗴 𝗟𝗮̃𝗶
✅ Đ𝗼̂̉𝗶 𝗣𝗶𝗻 𝗞𝗵𝗼̂𝗻𝗴 𝗖𝗵𝗼̛̀ 𝗦𝗮̣c 𝗡𝗵𝗶𝗲̂̀𝘂 𝗖𝗵𝗶 𝗡𝗵𝗮́𝗻𝗵
✅ 𝗛ỗ 𝗧𝗿𝗼̛̣ 𝟮 𝗡𝗮̆𝗺 𝗫𝗲 𝗛𝘂̛ – 𝗖𝗼́ 𝗫𝗲 𝗞𝗵𝗮́𝗰 𝗗𝘂̀𝗻𝗴
✅ Đ𝗮̆𝗻𝗴 𝗞𝘆́ 𝗔𝗽𝗽 𝗫𝗮𝗻𝗵 𝗣𝗹𝗮𝘁𝗳𝗼𝗿𝗺 – 𝗧𝗮̣𝗶 𝗖𝗵𝗼̂̃
--------------------
🏠𝟮𝟴𝟴 𝗧𝗿𝘂̛𝗼̛̀𝗻𝗴 𝗖𝗵𝗶𝗻𝗵 - 𝗣𝗵ư𝗼̛̀𝗻𝗴 Đ𝗼̂𝗻𝗴 𝗛𝘂̛𝗻𝗴 𝗧𝗵𝘂𝗮̣̂𝗻 - 𝗛𝗖𝗠 (𝗤𝘂𝗮̣̂𝗻𝟭𝟮 𝗰𝘂̃)",Cần xác minh,Khác,Không phân loại,,
134620997,Xe máy điện Vespa Espero Classic 2022 Xanh ngọc,8400000,"Vespa Espero Classic 1. Đời cao 2022
Bình khoẻ. Đầy đủ giấy tờ
Ngoại hình đẹp như hình.
Giá hơn 8tr400

📍 Có thể xem xe và kiểm tra trực tiếp.
🏠 87 Máy tơ. Nam định
☎️ ***",2022,8000.0,Nam Định,Thành phố Nam Định,"Vespa Espero Classic 1. Đời cao 2022
Bình khoẻ. Đầy đủ giấy tờ
Ngoại hình đẹp như hình.
Giá hơn 8tr400

📍 Có thể xem xe và kiểm tra trực tiếp.
🏠 87 Máy tơ. Nam định
☎️ ***",Cần xác minh,Khác,Không phân loại,,
134434450,Xe đạp điện Yadea V1 Plus Đen,8500000,"Xe điện V1 Plus màu đen
- Kiểu dáng thời trang, dễ điều khiển.
- Động cơ êm ái.
- Pin bền bỉ, di chuyển quãng đường xa.",2025,1.0,Tp Hồ Chí Minh,Quận Tân Bình,"Xe điện V1 Plus màu đen
- Kiểu dáng thời trang, dễ điều khiển.
- Động cơ êm ái.
- Pin bền bỉ, di chuyển quãng đường xa.",Cần xác minh,Yadea,Yadea (Khác),9990000.0,14.9
134620393,Xe máy điện VinFast Vento Neo Trắng 9.000KM,29500000,"Vento Neo 9.000KM Cập Bến 😍😍😍

Giá..29.5Tr

☎️*** Minh Khờ",2025,9000.0,Tp Hồ Chí Minh,Quận Tân Phú,"Vento Neo 9.000KM Cập Bến 😍😍😍

Giá..29.5Tr

☎️*** Minh Khờ",Cần xác minh,VinFast,Vento,50000000.0,41.0
134620294,Vinfast Ludo Xe điện,6600000,Bán xe điện vinfast ludo acquy mới bảo hành 1 năm,2020,10.0,Hà Nội,Quận Tây Hồ,Bán xe điện vinfast ludo acquy mới bảo hành 1 năm,Cần xác minh,VinFast,Ludo,12900000.0,48.8
134620154,Xe máy điện VinFast Vento ABS Đen 7.000km,28800000,"Vento ABS lướt 7.000km
Chính chủ ký
-  Liền lạc đẹp keng
- 2 chìa 2 kính theo xe còn đủ
- Đã úp phuộc sau

Giá: 28tr8
☎️ ***",2025,7000.0,Tp Hồ Chí Minh,Quận 5,"Vento ABS lướt 7.000km
Chính chủ ký
-  Liền lạc đẹp keng
- 2 chìa 2 kính theo xe còn đủ
- Đã úp phuộc sau

Giá: 28tr8
☎️ ***",Cần xác minh,VinFast,Vento,50000000.0,42.4
134620115,Xe máy điện VinFast Vento Neo 2025 Trắng,29500000,"Khách lên đời để lại 
Vento neo siêu lướt
- Biển Tp chính chủ ký
- Pin 3.5, sạc 1000w đời mới 
- Liền lạc đẹp ken
- Góp đưa trước 30% nhận xe

Giá 29tr5
☎️***",2025,9000.0,Tp Hồ Chí Minh,Quận 5,"Khách lên đời để lại 
Vento neo siêu lướt
- Biển Tp chính chủ ký
- Pin 3.5, sạc 1000w đời mới 
- Liền lạc đẹp ken
- Góp đưa trước 30% nhận xe

Giá 29tr5
☎️***",Cần xác minh,VinFast,Vento,50000000.0,41.0
134620037,Xe máy điện Yadea Omee Trắng Ắc quy Graphene,14500000,"Xe máy điện Yadea Omee trắng, mới mua hơn 1 tuần, còn bảo hành hãng. 
 - Xe mới ra mắt 2026, thiết kế hiện đại. 
 - Pin ắc quy Graphene 48V22Ah, tốc độ tối đa 40km/h, công suất 400W. 
 - Phù hợp cho học sinh, sinh viên từ 16 tuổi trở lên hoặc người không có bằng lái. 
 - Giá 14.500.000 đồng.",2026,150.0,Tp Hồ Chí Minh,Thành phố Thủ Đức,"Xe máy điện Yadea Omee trắng, mới mua hơn 1 tuần, còn bảo hành hãng. 
 - Xe mới ra mắt 2026, thiết kế hiện đại. 
 - Pin ắc quy Graphene 48V22Ah, tốc độ tối đa 40km/h, công suất 400W. 
 - Phù hợp cho học sinh, sinh viên từ 16 tuổi trở lên hoặc người không có bằng lái. 
 - Giá 14.500.000 đồng.",Cần xác minh,Yadea,Yadea (Khác),9990000.0,-45.1
134599987,Xe điện Vespa Vision 2026 Xám Đã sử dụng,18500000,"Xe điện vision mới mua 2026 mới 98%

🔥🔥🔥 Siêu Phẩm Mới Về Ạ 🔥🔥🔥 

Vespa Siêu Siêu Lướt 2026

Xe Mới 95%, dk đầy đủ

SmartKey Zin
Xe Điện huy lâm Bán Rẻ 7tr So Với Mới 
Mà Lại Được Xe Như Mới Ạ 

📌 Ship Hàng TOÀN QUỐC - Nhanh chóng
---- 
📞 LH tư vấn miễn phí : ***( zalo / video call ) 
🕹️ Địa chỉ: 389 đội cấn-ba đình - Hà Nội. 
❇️ Cửa Hàng Xe Điện Huy Lâm",2026,5000.0,Hà Nội,Quận Ba Đình,"Xe điện vision mới mua 2026 mới 98%

🔥🔥🔥 Siêu Phẩm Mới Về Ạ 🔥🔥🔥 

Vespa Siêu Siêu Lướt 2026

Xe Mới 95%, dk đầy đủ

SmartKey Zin
Xe Điện huy lâm Bán Rẻ 7tr So Với Mới 
Mà Lại Được Xe Như Mới Ạ 

📌 Ship Hàng TOÀN QUỐC - Nhanh chóng
---- 
📞 LH tư vấn miễn phí : ***( zalo / video call ) 
🕹️ Địa chỉ: *** đội cấn-ba đình - Hà Nội. 
❇️ Cửa Hàng Xe Điện Huy Lâm",Kèm pin,Khác,Không phân loại,,
134619125,Xe máy điện VinFast Evo200 Lite Đen Việt Nam,20000000,"Trâu bò nhất dòng xe học sinh. Ko cần bằng lái. 
Evo200 lite biển SG.
Pin 3.5 kwh, trâu bò nhất nhà Vin. Tầm 100 - 140 km/sạc.
BH hãng đến 2028.
Biển SG, sang tên nhanh chóng.
20tr bao rút hồ sơ. 

Xe điện Z48
104 Đường số 1,kdc Cityland Center Hill, phường Hạnh Thông (t7 nghỉ)
***",2023,18000.0,Tp Hồ Chí Minh,Quận Gò Vấp,"Trâu bò nhất dòng xe học sinh. Ko cần bằng lái. 
Evo200 lite biển SG.
Pin 3.5 kwh, trâu bò nhất nhà Vin. Tầm 100 - 140 km/sạc.
BH hãng đến 2028.
Biển SG, sang tên nhanh chóng.
20tr bao rút hồ sơ. 

Xe điện Z48
*** Đường số 1,kdc Cityland Center Hill, phường Hạnh Thông (t7 nghỉ)
***",Cần xác minh,VinFast,Evo 200,18000000.0,-11.1
134618992,Vinfast Motio màu đỏ - Xe học sinh,8500000,"- Motio Vinfast.  Học sinh trên 16t đi ko cần bằng lái 
- 5 Bình acquy đi 50km/lần sạc 
- Chính chủ công chứng 
- Giá 8tr500k 
- Địa chỉ : 24/6. Đ.TL44. P.thạnh lộc. Q12",2025,10484.0,Tp Hồ Chí Minh,Quận 12,"- Motio Vinfast.  Học sinh trên 16t đi ko cần bằng lái 
- 5 Bình acquy đi 50km/lần sạc 
- Chính chủ công chứng 
- Giá 8tr500k 
- Địa chỉ : 24/6. Đ.TL44. P.thạnh lộc. Q12",Cần xác minh,Khác,Không phân loại,,
134618650,Xe máy điện VinFast Ludo/ Ko Bằng Lái (Cs2),8900000,"VinFast LuDo 50 / Pin / Không Bằng Lái
Trọng Lượng: 68Kg
Công Suất: 500w
Mua mới lúc trước 24.5 Triệu ( Pin Mua )
Năm SX : 2020
Xem Xe Tại CH2 Nguyễn Thông",2020,39000.0,Cần Thơ,Quận Bình Thuỷ,"VinFast LuDo 50 / Pin / Không Bằng Lái
Trọng Lượng: 68Kg
Công Suất: 500w
Mua mới lúc trước 24.5 Triệu ( Pin Mua )
Năm SX : 2020
Xem Xe Tại CH2 Nguyễn Thông",Cần xác minh,VinFast,Ludo,12900000.0,31.0
134602241,Xe Điện 3sGo - QuantumS1 BST 2025 Xanh 30k,35900000,"QuantumS1 BST9chù
- Đăng ký 2025
- Odo 30k
- Yên kimdang 
- Dàn áo keng ko trầy 98%
- Óc tán 7 màu keng 98%
- Còn đủ phụ kiện theo xe
❤️Xe keng 99% so với xe new 
⛔️ Nợ xấu đưa 8tr1 có LÃI SUẤT hoặc 19tr5 KO LÃI SUẤT
--------------------
✅ 𝗛𝗼̂̃ 𝗧𝗿𝗼̛̣ 𝗔𝗲 𝗟𝗲̂𝗻 𝗛𝗼̂̀ 𝗦𝗼̛ 𝗕𝗮𝗻𝗸 𝗡𝗵𝗮̣̂𝗻 𝗫𝗲 𝗩𝗮̀ 𝗖𝗮𝘃𝗲𝘁 𝗚𝗼̂́𝗰
✅ 𝗡𝗼̛̣ 𝗫𝗮̂́𝘂 – 𝗛𝗼̂̃ 𝗧𝗿𝗼̛̣ 𝟬 Đ𝗼̂̀𝗻𝗴 – 𝗞𝗵𝗼̂𝗻𝗴 𝗫𝗮́𝗰 𝗠𝗶𝗻𝗵
✅ 𝗡𝗼̛̣ 𝗫𝗮̂́𝘂 – 𝗛𝗼̂̃ 𝗧𝗿𝗼̛̣ Đ𝘂̛𝗮 𝟯𝟬% – 𝗞𝗵𝗼̂𝗻𝗴 𝗟𝗮̃𝗶
✅ Đ𝗼̂̉𝗶 𝗣𝗶𝗻 𝗞𝗵𝗼̂𝗻𝗴 𝗖𝗵𝗼̛̀ 𝗦𝗮̣c 𝗡𝗵𝗶𝗲̂̀𝘂 𝗖𝗵𝗶 𝗡𝗵𝗮́𝗻𝗵
✅ 𝗛ỗ 𝗧𝗿𝗼̛̣ 𝟮 𝗡𝗮̆𝗺 𝗫𝗲 𝗛𝘂̛ – 𝗖𝗼́ 𝗫𝗲 𝗞𝗵𝗮́𝗰 𝗗𝘂̀𝗻𝗴
✅ Đ𝗮̆𝗻𝗴 𝗞𝘆́ 𝗔𝗽𝗽 𝗫𝗮𝗻𝗵 𝗣𝗹𝗮𝘁𝗳𝗼𝗿𝗺 – 𝗧𝗮̣𝗶 𝗖𝗵𝗼̂̃
--------------------
🏠 𝟭𝟭𝟱 𝗣𝗵𝗮̣𝗺 𝗧𝗵𝗲̂́ 𝗛𝗶𝗲̂̉𝗻 - 𝗖𝗵𝗮́𝗻𝗵 𝗛𝘂̛𝗻𝗴 - 𝗛𝗖𝗠 ( 𝗤𝘂𝗮̣̂𝗻 𝟴 )
☎️ 𝗛𝗼𝘁𝗹𝗶𝗻𝗲 : *** - 𝗗𝗶𝗲̣̂𝘂",2025,30.0,Tp Hồ Chí Minh,Quận 8,"QuantumS1 BST9chù
- Đăng ký 2025
- Odo 30k
- Yên kimdang 
- Dàn áo keng ko trầy 98%
- Óc tán 7 màu keng 98%
- Còn đủ phụ kiện theo xe
❤️Xe keng 99% so với xe new 
⛔️ Nợ xấu đưa 8tr1 có LÃI SUẤT hoặc 19tr5 KO LÃI SUẤT
--------------------
✅ 𝗛𝗼̂̃ 𝗧𝗿𝗼̛̣ 𝗔𝗲 𝗟𝗲̂𝗻 𝗛𝗼̂̀ 𝗦𝗼̛ 𝗕𝗮𝗻𝗸 𝗡𝗵𝗮̣̂𝗻 𝗫𝗲 𝗩𝗮̀ 𝗖𝗮𝘃𝗲𝘁 𝗚𝗼̂́𝗰
✅ 𝗡𝗼̛̣ 𝗫𝗮̂́𝘂 – 𝗛𝗼̂̃ 𝗧𝗿𝗼̛̣ 𝟬 Đ𝗼̂̀𝗻𝗴 – 𝗞𝗵𝗼̂𝗻𝗴 𝗫𝗮́𝗰 𝗠𝗶𝗻𝗵
✅ 𝗡𝗼̛̣ 𝗫𝗮̂́𝘂 – 𝗛𝗼̂̃ 𝗧𝗿𝗼̛̣ Đ𝘂̛𝗮 𝟯𝟬% – 𝗞𝗵𝗼̂𝗻𝗴 𝗟𝗮̃𝗶
✅ Đ𝗼̂̉𝗶 𝗣𝗶𝗻 𝗞𝗵𝗼̂𝗻𝗴 𝗖𝗵𝗼̛̀ 𝗦𝗮̣c 𝗡𝗵𝗶𝗲̂̀𝘂 𝗖𝗵𝗶 𝗡𝗵𝗮́𝗻𝗵
✅ 𝗛ỗ 𝗧𝗿𝗼̛̣ 𝟮 𝗡𝗮̆𝗺 𝗫𝗲 𝗛𝘂̛ – 𝗖𝗼́ 𝗫𝗲 𝗞𝗵𝗮́𝗰 𝗗𝘂̀𝗻𝗴
✅ Đ𝗮̆𝗻𝗴 𝗞𝘆́ 𝗔𝗽𝗽 𝗫𝗮𝗻𝗵 𝗣𝗹𝗮𝘁𝗳𝗼𝗿𝗺 – 𝗧𝗮̣𝗶 𝗖𝗵𝗼̂̃
--------------------
🏠 𝟭𝟭𝟱 𝗣𝗵𝗮̣𝗺 𝗧𝗵𝗲̂́ 𝗛𝗶𝗲̂̉𝗻 - 𝗖𝗵𝗮́𝗻𝗵 𝗛𝘂̛𝗻𝗴 - 𝗛𝗖𝗠 ( 𝗤𝘂𝗮̣̂𝗻 𝟴 )
☎️ 𝗛𝗼𝘁𝗹𝗶𝗻𝗲 : *** - 𝗗𝗶𝗲̣̂𝘂",Cần xác minh,Khác,Không phân loại,,
134617456,Xe máy điện BEFORE ALL Latina VI 2.0 Trắng,12000000,"Xe máy điện mới mua được 3 tháng cần bán lại  hãng: BEFORE ALL
Dòng : latina vi 2.0 
Thiết kế theo kiểu dáng vespa 
Tốc độ tối đa 50km/h 
Pin chạy được 60km
Còn bảo hành 9 tháng
giá mua mới 18tr500 
bán lại 12tr000",2026,300.0,Đà Nẵng,Quận Ngũ Hành Sơn,"Xe máy điện mới mua được 3 tháng cần bán lại  hãng: BEFORE ALL
Dòng : latina vi 2.0 
Thiết kế theo kiểu dáng vespa 
Tốc độ tối đa 50km/h 
Pin chạy được 60km
Còn bảo hành 9 tháng
giá mua mới 18tr500 
bán lại 12tr000",Cần xác minh,Khác,Không phân loại,,
134617447,Xe máy điện DK Bike 2021,7900000,"Xe máy điện Soma SX không cần bằng lái btc 
1 lần sạc đi được 60km , tốc tối đa 46km giờ 
5 bình vừa thay mới còn bảo hành 1 năm 
Áo quần sạch sẽ không bể , full chức năng 
Giá : 7tr9 bình tân",2021,40000.0,Tp Hồ Chí Minh,Quận Bình Tân,"Xe máy điện Soma SX không cần bằng lái btc 
1 lần sạc đi được 60km , tốc tối đa 46km giờ 
5 bình vừa thay mới còn bảo hành 1 năm 
Áo quần sạch sẽ không bể , full chức năng 
Giá : 7tr9 bình tân",Cần xác minh,Khác,Không phân loại,,
134602534,Xe Điện 3sGo - EvoGrand Đen 14k km,22900000,"EvoGrand ĐK 4/2026 BST 9 chủ kí
- Odo 14k
- 2 pin mua theo xe
- Dàn áo keng ko trầy 98%
- Óc tán 7 màu keng 98%
- Còn đủ phụ kiện theo xe
❤️Xe keng 98% so với xe new 
⛔️ Nợ xấu đưa 0Đ có LÃI SUẤT hoặc 13tr KO LÃI SUẤT
--------------------
✅ 𝗛𝗼̂̃ 𝗧𝗿𝗼̛̣ 𝗔𝗲 𝗟𝗲̂𝗻 𝗛𝗼̂̀ 𝗦𝗼̛ 𝗕𝗮𝗻𝗸 𝗡𝗵𝗮̣̂𝗻 𝗫𝗲 𝗩𝗮̀ 𝗖𝗮𝘃𝗲𝘁 𝗚𝗼̂́𝗰
✅ 𝗡𝗼̛̣ 𝗫𝗮̂́𝘂 – 𝗛𝗼̂̃ 𝗧𝗿𝗼̛̣ 𝟬 Đ𝗼̂̀𝗻𝗴 – 𝗞𝗵𝗼̂𝗻𝗴 𝗫𝗮́𝗰 𝗠𝗶𝗻𝗵
✅ 𝗡𝗼̛̣ 𝗫𝗮̂́𝘂 – 𝗛𝗼̂̃ 𝗧𝗿𝗼̛̣ Đ𝘂̛𝗮 𝟯𝟬% – 𝗞𝗵𝗼̂𝗻𝗴 𝗟𝗮̃𝗶
✅ Đ𝗼̂̉𝗶 𝗣𝗶𝗻 𝗞𝗵𝗼̂𝗻𝗴 𝗖𝗵𝗼̛̀ 𝗦𝗮̣c 𝗡𝗵𝗶𝗲̂̀𝘂 𝗖𝗵𝗶 𝗡𝗵𝗮́𝗻𝗵
✅ 𝗛ỗ 𝗧𝗿𝗼̛̣ 𝟮 𝗡𝗮̆𝗺 𝗫𝗲 𝗛𝘂̛ – 𝗖𝗼́ 𝗫𝗲 𝗞𝗵𝗮́𝗰 𝗗𝘂̀𝗻𝗴
✅ Đ𝗮̆𝗻𝗴 𝗞𝘆́ 𝗔𝗽𝗽 𝗫𝗮𝗻𝗵 𝗣𝗹𝗮𝘁𝗳𝗼𝗿𝗺 – 𝗧𝗮̣𝗶 𝗖𝗵𝗼̂̃
--------------------
🏠 𝟭𝟭𝟱 𝗣𝗵𝗮̣𝗺 𝗧𝗵𝗲̂́ 𝗛𝗶𝗲̂̉𝗻 - 𝗖𝗵𝗮́𝗻𝗵 𝗛𝘂̛𝗻𝗴 - 𝗛𝗖𝗠 ( 𝗤𝘂𝗮̣̂𝗻 𝟴 )
☎️ 𝗛𝗼𝘁𝗹𝗶𝗻𝗲 : *** - 𝗗𝗶𝗲̣̂𝘂",2026,14000.0,Tp Hồ Chí Minh,Quận 8,"EvoGrand ĐK 4/2026 BST 9 chủ kí
- Odo 14k
- 2 pin mua theo xe
- Dàn áo keng ko trầy 98%
- Óc tán 7 màu keng 98%
- Còn đủ phụ kiện theo xe
❤️Xe keng 98% so với xe new 
⛔️ Nợ xấu đưa 0Đ có LÃI SUẤT hoặc 13tr KO LÃI SUẤT
--------------------
✅ 𝗛𝗼̂̃ 𝗧𝗿𝗼̛̣ 𝗔𝗲 𝗟𝗲̂𝗻 𝗛𝗼̂̀ 𝗦𝗼̛ 𝗕𝗮𝗻𝗸 𝗡𝗵𝗮̣̂𝗻 𝗫𝗲 𝗩𝗮̀ 𝗖𝗮𝘃𝗲𝘁 𝗚𝗼̂́𝗰
✅ 𝗡𝗼̛̣ 𝗫𝗮̂́𝘂 – 𝗛𝗼̂̃ 𝗧𝗿𝗼̛̣ 𝟬 Đ𝗼̂̀𝗻𝗴 – 𝗞𝗵𝗼̂𝗻𝗴 𝗫𝗮́𝗰 𝗠𝗶𝗻𝗵
✅ 𝗡𝗼̛̣ 𝗫𝗮̂́𝘂 – 𝗛𝗼̂̃ 𝗧𝗿𝗼̛̣ Đ𝘂̛𝗮 𝟯𝟬% – 𝗞𝗵𝗼̂𝗻𝗴 𝗟𝗮̃𝗶
✅ Đ𝗼̂̉𝗶 𝗣𝗶𝗻 𝗞𝗵𝗼̂𝗻𝗴 𝗖𝗵𝗼̛̀ 𝗦𝗮̣c 𝗡𝗵𝗶𝗲̂̀𝘂 𝗖𝗵𝗶 𝗡𝗵𝗮́𝗻𝗵
✅ 𝗛ỗ 𝗧𝗿𝗼̛̣ 𝟮 𝗡𝗮̆𝗺 𝗫𝗲 𝗛𝘂̛ – 𝗖𝗼́ 𝗫𝗲 𝗞𝗵𝗮́𝗰 𝗗𝘂̀𝗻𝗴
✅ Đ𝗮̆𝗻𝗴 𝗞𝘆́ 𝗔𝗽𝗽 𝗫𝗮𝗻𝗵 𝗣𝗹𝗮𝘁𝗳𝗼𝗿𝗺 – 𝗧𝗮̣𝗶 𝗖𝗵𝗼̂̃
--------------------
🏠 𝟭𝟭𝟱 𝗣𝗵𝗮̣𝗺 𝗧𝗵𝗲̂́ 𝗛𝗶𝗲̂̉𝗻 - 𝗖𝗵𝗮́𝗻𝗵 𝗛𝘂̛𝗻𝗴 - 𝗛𝗖𝗠 ( 𝗤𝘂𝗮̣̂𝗻 𝟴 )
☎️ 𝗛𝗼𝘁𝗹𝗶𝗻𝗲 : *** - 𝗗𝗶𝗲̣̂𝘂",Cần xác minh,Khác,Không phân loại,,
133873833,Xe máy điện SANTOSAR VS3 Xám 240W,12300000,"🏆🏆🏆 Hót Hót mẫu xe VS3 hottrend
🎈xe có thông số động cơ 240W, cho học sinh dưới 16t, cho mẹ đị chợ, cho chị em đi làm
📙Dòng xe có cốp rộng, chạy cực kỳ êm ái. Xe có giấy tờ đăng kiểm, hoá đơn đầy đủ ( đi đường không sợ công an), đặc biệt các em học sinh dứoi 16t chạy vẫn đúng quy định
💡xe được trang bị đèn led, thắng đĩa rất an toàn
🪫 chạy bình 48V30ah chính hãng an toàn không lo cháy nổ
🧾 bảo hành 12 tháng
💰giá 12",2026,,Tp Hồ Chí Minh,Thành phố Thủ Đức,"🏆🏆🏆 Hót Hót mẫu xe VS3 hottrend
🎈xe có thông số động cơ 240W, cho học sinh dưới 16t, cho mẹ đị chợ, cho chị em đi làm
📙Dòng xe có cốp rộng, chạy cực kỳ êm ái. Xe có giấy tờ đăng kiểm, hoá đơn đầy đủ ( đi đường không sợ công an), đặc biệt các em học sinh dứoi 16t chạy vẫn đúng quy định
💡xe được trang bị đèn led, thắng đĩa rất an toàn
🪫 chạy bình 48V30ah chính hãng an toàn không lo cháy nổ
🧾 bảo hành 12 tháng
💰giá 12",Cần xác minh,Khác,Không phân loại,,
134026009,Xe máy điện VinFast EVO 200 2024 Đen mờ 11000 km,20000000,"DƯ dùng bán lại chiếc xe máy điện VinFats EVO 200, màu đen mờ sản xuất 2024 , pin mua chạy 11 000km, pin sử dụng 100km mới sạc,xe luôn bảo dưỡng định kỳ tại hãng , bảo đảm xe còn sử dụng tốt,ngay chủ đứng tên bán, cam ơn anh chị đả xem tin.",2024,11000.0,Tp Hồ Chí Minh,Thành phố Thủ Đức,"DƯ dùng bán lại chiếc xe máy điện VinFats EVO 200, màu đen mờ sản xuất 2024 , pin mua chạy 11 000km, pin sử dụng 100km mới sạc,xe luôn bảo dưỡng định kỳ tại hãng , bảo đảm xe còn sử dụng tốt,ngay chủ đứng tên bán, cam ơn anh chị đả xem tin.",Cần xác minh,VinFast,Evo 200,18000000.0,-11.1
134563221,Xe điện V1  946 TỐT 90% CÒN SỔ BH,7900000,"XE MÁY ĐIỆN KONAXOAKA TỐT 90% CÒN SỔ BH

BÌNH SẠC ĐẦY ĐỦ
BẢO HÀNH DÀI HẠN
ZALO-GỌI TRỰC TIẾP ***
XE ĐẸP NHƯ HÌNH",2026,2000.0,Tp Hồ Chí Minh,Quận 1,"XE MÁY ĐIỆN KONAXOAKA TỐT 90% CÒN SỔ BH

BÌNH SẠC ĐẦY ĐỦ
BẢO HÀNH DÀI HẠN
ZALO-GỌI TRỰC TIẾP ***
XE ĐẸP NHƯ HÌNH",Cần xác minh,Khác,Không phân loại,,
134616801,Xe điện Sundiro Xám tím,6000000,"Cần bán xe điện như hình, xe chạy còn tốt, ngoại hình còn đẹp.",2026,5000.0,Tp Hồ Chí Minh,Quận 10,"Cần bán xe điện như hình, xe chạy còn tốt, ngoại hình còn đẹp.",Cần xác minh,Khác,Không phân loại,,
134602590,Xe Điên 3sGo - Evo200 2025 Trắng 10.000 km,21900000,"Evo200 ĐK 8/2025 Pin Mua BSTP
- Odo 10.000 Cây
- Dàn áo keng ko trầy 99%
- Óc tán 7 màu keng 99%
- Còn đủ phụ kiện theo xe
❤️Xe keng 99% so với xe new 
⛔️ Nợ xấu đưa 0Đ có LÃI SUẤT hoặc 12tr5 KO LÃI SUẤT
--------------------
✅ 𝗛𝗼̂̃ 𝗧𝗿𝗼̛̣ 𝗔𝗲 𝗟𝗲̂𝗻 𝗛𝗼̂̀ 𝗦𝗼̛ 𝗕𝗮𝗻𝗸 𝗡𝗵𝗮̣̂𝗻 𝗫𝗲 𝗩𝗮̀ 𝗖𝗮𝘃𝗲𝘁 𝗚𝗼̂́𝗰
✅ 𝗡𝗼̛̣ 𝗫𝗮̂́𝘂 – 𝗛𝗼̂̃ 𝗧𝗿𝗼̛̣ 𝟬 Đ𝗼̂̀𝗻𝗴 – 𝗞𝗵𝗼̂𝗻𝗴 𝗫𝗮́𝗰 𝗠𝗶𝗻𝗵
✅ 𝗡𝗼̛̣ 𝗫𝗮̂́𝘂 – 𝗛𝗼̂̃ 𝗧𝗿𝗼̛̣ Đ𝘂̛𝗮 𝟯𝟬% – 𝗞𝗵𝗼̂𝗻𝗴 𝗟𝗮̃𝗶
✅ Đ𝗼̂̉𝗶 𝗣𝗶𝗻 𝗞𝗵𝗼̂𝗻𝗴 𝗖𝗵𝗼̛̀ 𝗦𝗮̣c 𝗡𝗵𝗶𝗲̂̀𝘂 𝗖𝗵𝗶 𝗡𝗵𝗮́𝗻𝗵
✅ 𝗛ỗ 𝗧𝗿𝗼̛̣ 𝟮 𝗡𝗮̆𝗺 𝗫𝗲 𝗛𝘂̛ – 𝗖𝗼́ 𝗫𝗲 𝗞𝗵𝗮́𝗰 𝗗𝘂̀𝗻𝗴
✅ Đ𝗮̆𝗻𝗴 𝗞𝘆́ 𝗔𝗽𝗽 𝗫𝗮𝗻𝗵 𝗣𝗹𝗮𝘁𝗳𝗼𝗿𝗺 – 𝗧𝗮̣𝗶 𝗖𝗵𝗼̂̃
--------------------
🏠 𝟭𝟭𝟱 𝗣𝗵𝗮̣𝗺 𝗧𝗵𝗲̂́ 𝗛𝗶𝗲̂̉𝗻 - 𝗖𝗵𝗮́𝗻𝗵 𝗛𝘂̛𝗻𝗴 - 𝗛𝗖𝗠 ( 𝗤𝘂𝗮̣̂𝗻 𝟴 )
☎️ 𝗛𝗼𝘁𝗹𝗶𝗻𝗲 : *** - 𝗗𝗶𝗲̣̂𝘂",2025,10000.0,Tp Hồ Chí Minh,Quận 8,"Evo200 ĐK 8/2025 Pin Mua BSTP
- Odo 10.000 Cây
- Dàn áo keng ko trầy 99%
- Óc tán 7 màu keng 99%
- Còn đủ phụ kiện theo xe
❤️Xe keng 99% so với xe new 
⛔️ Nợ xấu đưa 0Đ có LÃI SUẤT hoặc 12tr5 KO LÃI SUẤT
--------------------
✅ 𝗛𝗼̂̃ 𝗧𝗿𝗼̛̣ 𝗔𝗲 𝗟𝗲̂𝗻 𝗛𝗼̂̀ 𝗦𝗼̛ 𝗕𝗮𝗻𝗸 𝗡𝗵𝗮̣̂𝗻 𝗫𝗲 𝗩𝗮̀ 𝗖𝗮𝘃𝗲𝘁 𝗚𝗼̂́𝗰
✅ 𝗡𝗼̛̣ 𝗫𝗮̂́𝘂 – 𝗛𝗼̂̃ 𝗧𝗿𝗼̛̣ 𝟬 Đ𝗼̂̀𝗻𝗴 – 𝗞𝗵𝗼̂𝗻𝗴 𝗫𝗮́𝗰 𝗠𝗶𝗻𝗵
✅ 𝗡𝗼̛̣ 𝗫𝗮̂́𝘂 – 𝗛𝗼̂̃ 𝗧𝗿𝗼̛̣ Đ𝘂̛𝗮 𝟯𝟬% – 𝗞𝗵𝗼̂𝗻𝗴 𝗟𝗮̃𝗶
✅ Đ𝗼̂̉𝗶 𝗣𝗶𝗻 𝗞𝗵𝗼̂𝗻𝗴 𝗖𝗵𝗼̛̀ 𝗦𝗮̣c 𝗡𝗵𝗶𝗲̂̀𝘂 𝗖𝗵𝗶 𝗡𝗵𝗮́𝗻𝗵
✅ 𝗛ỗ 𝗧𝗿𝗼̛̣ 𝟮 𝗡𝗮̆𝗺 𝗫𝗲 𝗛𝘂̛ – 𝗖𝗼́ 𝗫𝗲 𝗞𝗵𝗮́𝗰 𝗗𝘂̀𝗻𝗴
✅ Đ𝗮̆𝗻𝗴 𝗞𝘆́ 𝗔𝗽𝗽 𝗫𝗮𝗻𝗵 𝗣𝗹𝗮𝘁𝗳𝗼𝗿𝗺 – 𝗧𝗮̣𝗶 𝗖𝗵𝗼̂̃
--------------------
🏠 𝟭𝟭𝟱 𝗣𝗵𝗮̣𝗺 𝗧𝗵𝗲̂́ 𝗛𝗶𝗲̂̉𝗻 - 𝗖𝗵𝗮́𝗻𝗵 𝗛𝘂̛𝗻𝗴 - 𝗛𝗖𝗠 ( 𝗤𝘂𝗮̣̂𝗻 𝟴 )
☎️ 𝗛𝗼𝘁𝗹𝗶𝗻𝗲 : *** - 𝗗𝗶𝗲̣̂𝘂",Cần xác minh,VinFast,Evo 200,18000000.0,-21.7
133937642,Xe máy điện VinFast EVO GRAND Lite 2026 Trắng,19000000,a Ai cần liên hệ nhà ở Quận 12 thành phố Hồ Chí Minh cảm ơn xem như mới,2026,506.0,Tp Hồ Chí Minh,Quận 12,a Ai cần liên hệ nhà ở Quận 12 thành phố Hồ Chí Minh cảm ơn xem như mới,Cần xác minh,Khác,Không phân loại,,
134602453,Xe Điện 3sGo - DatBike Quantum S1 Đen,37900000,"QuantumS1 BSTP
- Odo không nói đâu
- Bảo Hành Pin 10 Năm 
- Sạc 1800w 
- Dàn áo keng ko trầy 98%
- Óc tán 7 màu keng 98%
- Còn đủ phụ kiện theo xe
❤️Xe keng 99% so với xe new 
⛔️ Nợ xấu đưa 3tr7 có LÃI SUẤT hoặc 16tr4 KO LÃI SUẤT
--------------------
✅ 𝗛𝗼̂̃ 𝗧𝗿𝗼̛̣ 𝗔𝗲 𝗟𝗲̂𝗻 𝗛𝗼̂̀ 𝗦𝗼̛ 𝗕𝗮𝗻𝗸 𝗡𝗵𝗮̣̂𝗻 𝗫𝗲 𝗩𝗮̀ 𝗖𝗮𝘃𝗲𝘁 𝗚𝗼̂́𝗰
✅ 𝗡𝗼̛̣ 𝗫𝗮̂́𝘂 – 𝗛𝗼̂̃ 𝗧𝗿𝗼̛̣ 𝟬 Đ𝗼̂̀𝗻𝗴 – 𝗞𝗵𝗼̂𝗻𝗴 𝗫𝗮́𝗰 𝗠𝗶𝗻𝗵
✅ 𝗡𝗼̛̣ 𝗫𝗮̂́𝘂 – 𝗛𝗼̂̃ 𝗧𝗿𝗼̛̣ Đ𝘂̛𝗮 𝟯𝟬% – 𝗞𝗵𝗼̂𝗻𝗴 𝗟𝗮̃𝗶
✅ Đ𝗼̂̉𝗶 𝗣𝗶𝗻 𝗞𝗵𝗼̂𝗻𝗴 𝗖𝗵𝗼̛̀ 𝗦𝗮̣c 𝗡𝗵𝗶𝗲̂̀𝘂 𝗖𝗵𝗶 𝗡𝗵𝗮́𝗻𝗵
✅ 𝗛ỗ 𝗧𝗿𝗼̛̣ 𝟮 𝗡𝗮̆𝗺 𝗫𝗲 𝗛𝘂̛ – 𝗖𝗼́ 𝗫𝗲 𝗞𝗵𝗮́𝗰 𝗗𝘂̀𝗻𝗴
✅ Đ𝗮̆𝗻𝗴 𝗞𝘆́ 𝗔𝗽𝗽 𝗫𝗮𝗻𝗵 𝗣𝗹𝗮𝘁𝗳𝗼𝗿𝗺 – 𝗧𝗮̣𝗶 𝗖𝗵𝗼̂̃
--------------------
🏠 𝟭𝟭𝟱 𝗣𝗵𝗮̣𝗺 𝗧𝗵𝗲̂́ 𝗛𝗶𝗲̂̉𝗻 - 𝗖𝗵𝗮́𝗻𝗵 𝗛𝘂̛𝗻𝗴 - 𝗛𝗖𝗠 ( 𝗤𝘂𝗮̣̂𝗻 𝟴 )
☎️ 𝗛𝗼𝘁𝗹𝗶𝗻𝗲 : *** - 𝗗𝗶𝗲̣̂𝘂",2026,,Tp Hồ Chí Minh,Quận 8,"QuantumS1 BSTP
- Odo không nói đâu
- Bảo Hành Pin 10 Năm 
- Sạc 1800w 
- Dàn áo keng ko trầy 98%
- Óc tán 7 màu keng 98%
- Còn đủ phụ kiện theo xe
❤️Xe keng 99% so với xe new 
⛔️ Nợ xấu đưa 3tr7 có LÃI SUẤT hoặc 16tr4 KO LÃI SUẤT
--------------------
✅ 𝗛𝗼̂̃ 𝗧𝗿𝗼̛̣ 𝗔𝗲 𝗟𝗲̂𝗻 𝗛𝗼̂̀ 𝗦𝗼̛ 𝗕𝗮𝗻𝗸 𝗡𝗵𝗮̣̂𝗻 𝗫𝗲 𝗩𝗮̀ 𝗖𝗮𝘃𝗲𝘁 𝗚𝗼̂́𝗰
✅ 𝗡𝗼̛̣ 𝗫𝗮̂́𝘂 – 𝗛𝗼̂̃ 𝗧𝗿𝗼̛̣ 𝟬 Đ𝗼̂̀𝗻𝗴 – 𝗞𝗵𝗼̂𝗻𝗴 𝗫𝗮́𝗰 𝗠𝗶𝗻𝗵
✅ 𝗡𝗼̛̣ 𝗫𝗮̂́𝘂 – 𝗛𝗼̂̃ 𝗧𝗿𝗼̛̣ Đ𝘂̛𝗮 𝟯𝟬% – 𝗞𝗵𝗼̂𝗻𝗴 𝗟𝗮̃𝗶
✅ Đ𝗼̂̉𝗶 𝗣𝗶𝗻 𝗞𝗵𝗼̂𝗻𝗴 𝗖𝗵𝗼̛̀ 𝗦𝗮̣c 𝗡𝗵𝗶𝗲̂̀𝘂 𝗖𝗵𝗶 𝗡𝗵𝗮́𝗻𝗵
✅ 𝗛ỗ 𝗧𝗿𝗼̛̣ 𝟮 𝗡𝗮̆𝗺 𝗫𝗲 𝗛𝘂̛ – 𝗖𝗼́ 𝗫𝗲 𝗞𝗵𝗮́𝗰 𝗗𝘂̀𝗻𝗴
✅ Đ𝗮̆𝗻𝗴 𝗞𝘆́ 𝗔𝗽𝗽 𝗫𝗮𝗻𝗵 𝗣𝗹𝗮𝘁𝗳𝗼𝗿𝗺 – 𝗧𝗮̣𝗶 𝗖𝗵𝗼̂̃
--------------------
🏠 𝟭𝟭𝟱 𝗣𝗵𝗮̣𝗺 𝗧𝗵𝗲̂́ 𝗛𝗶𝗲̂̉𝗻 - 𝗖𝗵𝗮́𝗻𝗵 𝗛𝘂̛𝗻𝗴 - 𝗛𝗖𝗠 ( 𝗤𝘂𝗮̣̂𝗻 𝟴 )
☎️ 𝗛𝗼𝘁𝗹𝗶𝗻𝗲 : *** - 𝗗𝗶𝗲̣̂𝘂",Cần xác minh,Dat Bike,Quantum,34900000.0,-8.6
134031255,"Vinfast Klara Pin cầm,xe đẹp biển Sài Gòn",10800000,"🍓🍓🍓 Xe bà xã đi đã đổi Evo200 nên thanh lý lại người dùng.
Xe Vinfast Klara màu hồng (Xe đẹp lắm nữ tính)
☘️ Biển Số Sài Gòn 41MĐ- chạy không cần bằng
Pin zin mua  + Sạc Zin: sạc đầy 2-3 tiếng đi được 40-50km/1 lần
- Động cơ mới thay trước tết, xe chạy mượt pin cầm tốt 40-50km, đã thay đồng hồ hiện đại + đèn led 2 tầng
🍇 Chị em mua về đưa đón con hay đi chợ vòng vòng trãi nghiệm ok nhé
🍏Ưu tiên: Học Sinh-Sinh Viên, xe chạy không cần bằng lái
🍇🍇🍇 Xem xe tại địa chỉ
Đường DN5, Đông Hưng Thuận,TPHCM( KDC AN SƯƠNG)",2020,28000.0,Tp Hồ Chí Minh,Quận 12,"🍓🍓🍓 Xe bà xã đi đã đổi Evo200 nên thanh lý lại người dùng.
Xe Vinfast Klara màu hồng (Xe đẹp lắm nữ tính)
☘️ Biển Số Sài Gòn 41MĐ- chạy không cần bằng
Pin zin mua  + Sạc Zin: sạc đầy 2-3 tiếng đi được 40-50km/1 lần
- Động cơ mới thay trước tết, xe chạy mượt pin cầm tốt 40-50km, đã thay đồng hồ hiện đại + đèn led 2 tầng
🍇 Chị em mua về đưa đón con hay đi chợ vòng vòng trãi nghiệm ok nhé
🍏Ưu tiên: Học Sinh-Sinh Viên, xe chạy không cần bằng lái
🍇🍇🍇 Xem xe tại địa chỉ
Đường DN5, Đông Hưng Thuận,TPHCM( KDC AN SƯƠNG)",Kèm pin,VinFast,Klara,35000000.0,69.1
134623797,Xe Điện Xmen,5000000,Cần bán 5 triệu xe đầy đủ giấy tờ đăng ký,2026,10000.0,Hà Nội,Huyện Phú Xuyên,Cần bán 5 triệu xe đầy đủ giấy tờ đăng ký,Cần xác minh,Khác,Không phân loại,,
134160705,VinFast Feliz 2025 Xanh oliu - Chính chủ - BSTP,21500000,"🔥 FELIZ 2025 1 PIN – XANH OLIU – CHÍNH CHỦ
📌 Date T6/2026
📌 Odo 12.000 km
📌 BSTP - Chính chủ
📌 Chính chủ, ủy quyền, sang tên công chứng nhanh gọn
💰 Giá: 2x
-----------------------
💚 Xe Điện Lướt Sài Gòn – Chuyên mua bán xe máy điện đã qua sử dụng tại TP.HCM
✅ Có trả góp – Cà thẻ – Giao tận nhà
📍 118A Chiến Lược, P. Bình Trị Đông, TP.HCM",2025,12000.0,Tp Hồ Chí Minh,Quận Bình Tân,"🔥 FELIZ 2025 1 PIN – XANH OLIU – CHÍNH CHỦ
📌 Date T6/2026
📌 Odo 12.000 km
📌 BSTP - Chính chủ
📌 Chính chủ, ủy quyền, sang tên công chứng nhanh gọn
💰 Giá: 2x
-----------------------
💚 Xe Điện Lướt Sài Gòn – Chuyên mua bán xe máy điện đã qua sử dụng tại TP.HCM
✅ Có trả góp – Cà thẻ – Giao tận nhà
📍 118A Chiến Lược, P. Bình Trị Đông, TP.HCM",Cần xác minh,VinFast,Feliz,27000000.0,20.4
134537840,Xe máy điện Yadea thể thao Cam đen,7500000,"Xe máy điện màu cam đen, kiểu dáng thể thao, phù hợp cho cả nam và nữ. 
- Xe chính chủ, có thể ký giấy sang tên. 
- Thích hợp cho học sinh, sinh viên không cần bằng lái. 
- Xe đang sử dụng tốt.",2023,123.0,Tp Hồ Chí Minh,Quận 12,"Xe máy điện màu cam đen, kiểu dáng thể thao, phù hợp cho cả nam và nữ. 
- Xe chính chủ, có thể ký giấy sang tên. 
- Thích hợp cho học sinh, sinh viên không cần bằng lái. 
- Xe đang sử dụng tốt.",Cần xác minh,Yadea,Yadea (Khác),14990000.0,50.0
134623423,Xe điện VinFast Klara màu Đen,10000000,"Tôi có 1 xe điện vinfast Klara màu đen như hình muốn bán do không có nhu cầu sử dụng. Xe còn đi tốt, vẫn chạy bình thường, vỏ còn nguyên vẹn, ko va chạm hay trầy xước. Xe tôi đi ít nên giữ gìn rất cẩn thận.",2020,19903.0,Hà Nội,Quận Ba Đình,"Tôi có 1 xe điện vinfast Klara màu đen như hình muốn bán do không có nhu cầu sử dụng. Xe còn đi tốt, vẫn chạy bình thường, vỏ còn nguyên vẹn, ko va chạm hay trầy xước. Xe tôi đi ít nên giữ gìn rất cẩn thận.",Cần xác minh,VinFast,Klara,35000000.0,71.4
133934022,Vinfast Evo200 Vàng zin 100% chính chủ,21900000,"     
 ✅ Vinfast Evo200 siêu đẹp ko một vết trầy 2025 
✅ Xe chính chủ Bstp ký mua bán ủy quyền đều được nhé 
✅ Pin 3.5 mua đứt bảo hành 8 năm ,sạc đầy đi được 200km
✅ Giá bán : 21,9tr
✅ Dt : 
✅ Xem xe Q6, Ship toàn quốc
",2025,14000.0,Tp Hồ Chí Minh,Quận 6,"     
 ✅ Vinfast Evo200 siêu đẹp ko một vết trầy 2025 
✅ Xe chính chủ Bstp ký mua bán ủy quyền đều được nhé 
✅ Pin 3.5 mua đứt bảo hành 8 năm ,sạc đầy đi được 200km
✅ Giá bán : 21,9tr
✅ Dt : 
✅ Xem xe Q6, Ship toàn quốc
",Kèm pin,VinFast,Evo 200,18000000.0,-21.7
134623388,Xe máy điện VinFast Feliz Đen 14000 km,19500000,Xe odo 14 ngàn xe hoạt động bình thường không lỗi làm gì chỉ việc mua về là chạy không cần suy nghĩ gì hết,2026,14000.0,Đồng Nai,Huyện Xuân Lộc,Xe odo 14 ngàn xe hoạt động bình thường không lỗi làm gì chỉ việc mua về là chạy không cần suy nghĩ gì hết,Cần xác minh,VinFast,Feliz,27000000.0,27.8
134623383,Xe máy điện VinFast Feliz Trắng 300 km,26000000,Xe mới mua về không đi như mới odo mới 300km xe sẵn 2 pin chỉ việc mua về là chạy không khác gì xe mới đầy đủ phụ kiện,2026,300.0,Đồng Nai,Huyện Xuân Lộc,Xe mới mua về không đi như mới odo mới 300km xe sẵn 2 pin chỉ việc mua về là chạy không khác gì xe mới đầy đủ phụ kiện,Cần xác minh,VinFast,Feliz,27000000.0,3.7
134623365,Xe máy điện  2026 Hồng Đã sử dụng,9500000,Xe mới mua được 4 ngày không có nhu cầu đi nữa bán lại mới 99% kh vết trầy xe hoạt động bình thường không lỗi chỉ việc về cắm sạc là chạy,2026,10.0,Đồng Nai,Huyện Xuân Lộc,Xe mới mua được 4 ngày không có nhu cầu đi nữa bán lại mới 99% kh vết trầy xe hoạt động bình thường không lỗi chỉ việc về cắm sạc là chạy,Cần xác minh,Khác,Không phân loại,,
134596908,Quantum S1 2025 lướt đẹp,38500000,"Xe máy điện màu trắng, pin 100% cho quãng đường di chuyển xa. 
- Thiết kế hiện đại, trẻ trung. 
- Vận hành êm ái, tiết kiệm năng lượng. 
- Phù hợp di chuyển trong thành phố.",2025,10.0,Tp Hồ Chí Minh,Quận Bình Tân,"Xe máy điện màu trắng, pin 100% cho quãng đường di chuyển xa. 
- Thiết kế hiện đại, trẻ trung. 
- Vận hành êm ái, tiết kiệm năng lượng. 
- Phù hợp di chuyển trong thành phố.",Cần xác minh,Dat Bike,Quantum,34900000.0,-10.3
134509389,Xe máy điện VinFast Evo200 2025 Đen,20900000,"Evo200  - Bstp 9 Chủ ĐK 2025
- Dàn áo dán keng 98%
- Óc tán 7 màu keng 98%
- Còn đủ phụ kiện theo xe
❤️Xe keng 98% so với xe new 
⛔️ Nợ xấu đưa 0đ có LÃI SUẤT hoặc 11tr KO LÃI SUẤT
--------------------
✅ 𝗛𝗼̂̃ 𝗧𝗿𝗼̛̣ 𝗔𝗲 𝗟𝗲̂𝗻 𝗛𝗼̂̀ 𝗦𝗼̛ 𝗕𝗮𝗻𝗸 𝗡𝗵𝗮̣̂𝗻 𝗫𝗲 𝗩𝗮̀ 𝗖𝗮𝘃𝗲𝘁 𝗚𝗼̂́𝗰
✅ 𝗡𝗼̛̣ 𝗫𝗮̂́𝘂 – 𝗛𝗼̂̃ 𝗧𝗿𝗼̛̣ 𝟬 Đ𝗼̂̀𝗻𝗴 – 𝗞𝗵𝗼̂𝗻𝗴 𝗫𝗮́𝗰 𝗠𝗶𝗻𝗵
✅ 𝗡𝗼̛̣ 𝗫𝗮̂́𝘂 – 𝗛𝗼̂̃ 𝗧𝗿𝗼̛̣ Đ𝘂̛𝗮 𝟯𝟬% – 𝗞𝗵𝗼̂𝗻𝗴 𝗟𝗮̃𝗶
✅ Đ𝗼̂̉𝗶 𝗣𝗶𝗻 𝗞𝗵𝗼̂𝗻𝗴 𝗖𝗵𝗼̛̀ 𝗦𝗮̣c 𝗡𝗵𝗶𝗲̂̀𝘂 𝗖𝗵𝗶 𝗡𝗵𝗮́𝗻𝗵
✅ 𝗛ỗ 𝗧𝗿𝗼̛̣ 𝟮 𝗡𝗮̆𝗺 𝗫𝗲 𝗛𝘂̛ – 𝗖𝗼́ 𝗫𝗲 𝗞𝗵𝗮́𝗰 𝗗𝘂̀𝗻𝗴
✅ Đ𝗮̆𝗻𝗴 𝗞𝘆́ 𝗔𝗽𝗽 𝗫𝗮𝗻𝗵 𝗣𝗹𝗮𝘁𝗳𝗼𝗿𝗺 – 𝗧𝗮̣𝗶 𝗖𝗵𝗼̂̃
--------------------
🏠𝟮𝟴𝟴 𝗧𝗿𝘂̛𝗼̛̀𝗻𝗴 𝗖𝗵𝗶𝗻𝗵 - 𝗣𝗵ư𝗼̛̀𝗻𝗴 Đ𝗼̂𝗻𝗴 𝗛𝘂̛𝗻𝗴 𝗧𝗵𝘂𝗮̣̂𝗻 - 𝗛𝗖𝗠 (𝗤𝘂𝗮̣̂𝗻𝟭𝟮 𝗰𝘂̃)",2025,0.0,Tp Hồ Chí Minh,Quận 12,"Evo200  - Bstp 9 Chủ ĐK 2025
- Dàn áo dán keng 98%
- Óc tán 7 màu keng 98%
- Còn đủ phụ kiện theo xe
❤️Xe keng 98% so với xe new 
⛔️ Nợ xấu đưa 0đ có LÃI SUẤT hoặc 11tr KO LÃI SUẤT
--------------------
✅ 𝗛𝗼̂̃ 𝗧𝗿𝗼̛̣ 𝗔𝗲 𝗟𝗲̂𝗻 𝗛𝗼̂̀ 𝗦𝗼̛ 𝗕𝗮𝗻𝗸 𝗡𝗵𝗮̣̂𝗻 𝗫𝗲 𝗩𝗮̀ 𝗖𝗮𝘃𝗲𝘁 𝗚𝗼̂́𝗰
✅ 𝗡𝗼̛̣ 𝗫𝗮̂́𝘂 – 𝗛𝗼̂̃ 𝗧𝗿𝗼̛̣ 𝟬 Đ𝗼̂̀𝗻𝗴 – 𝗞𝗵𝗼̂𝗻𝗴 𝗫𝗮́𝗰 𝗠𝗶𝗻𝗵
✅ 𝗡𝗼̛̣ 𝗫𝗮̂́𝘂 – 𝗛𝗼̂̃ 𝗧𝗿𝗼̛̣ Đ𝘂̛𝗮 𝟯𝟬% – 𝗞𝗵𝗼̂𝗻𝗴 𝗟𝗮̃𝗶
✅ Đ𝗼̂̉𝗶 𝗣𝗶𝗻 𝗞𝗵𝗼̂𝗻𝗴 𝗖𝗵𝗼̛̀ 𝗦𝗮̣c 𝗡𝗵𝗶𝗲̂̀𝘂 𝗖𝗵𝗶 𝗡𝗵𝗮́𝗻𝗵
✅ 𝗛ỗ 𝗧𝗿𝗼̛̣ 𝟮 𝗡𝗮̆𝗺 𝗫𝗲 𝗛𝘂̛ – 𝗖𝗼́ 𝗫𝗲 𝗞𝗵𝗮́𝗰 𝗗𝘂̀𝗻𝗴
✅ Đ𝗮̆𝗻𝗴 𝗞𝘆́ 𝗔𝗽𝗽 𝗫𝗮𝗻𝗵 𝗣𝗹𝗮𝘁𝗳𝗼𝗿𝗺 – 𝗧𝗮̣𝗶 𝗖𝗵𝗼̂̃
--------------------
🏠𝟮𝟴𝟴 𝗧𝗿𝘂̛𝗼̛̀𝗻𝗴 𝗖𝗵𝗶𝗻𝗵 - 𝗣𝗵ư𝗼̛̀𝗻𝗴 Đ𝗼̂𝗻𝗴 𝗛𝘂̛𝗻𝗴 𝗧𝗵𝘂𝗮̣̂𝗻 - 𝗛𝗖𝗠 (𝗤𝘂𝗮̣̂𝗻𝟭𝟮 𝗰𝘂̃)",Cần xác minh,VinFast,Evo 200,18000000.0,-16.1
134622598,Xe máy điện Quantum s1 2025 Đen,43000000,"Xe máy điện Quantum s1  màu đen, kiểu dáng hiện đại, vận hành êm ái. 
- Xe mới, ít sử dụng. 
- Thiết kế thời trang, phù hợp di chuyển trong phố. 
- Tiết kiệm năng lượng, thân thiện môi trường.
Năm 12.2025",2025,6000.0,Tp Hồ Chí Minh,Thành phố Thủ Đức,"Xe máy điện Quantum s1  màu đen, kiểu dáng hiện đại, vận hành êm ái. 
- Xe mới, ít sử dụng. 
- Thiết kế thời trang, phù hợp di chuyển trong phố. 
- Tiết kiệm năng lượng, thân thiện môi trường.
Năm 12.2025",Cần xác minh,Dat Bike,Quantum,34900000.0,-23.2
134558900,Xe Điện 3sGo - EvoMax BST 65 Trắng 8000 km,20900000,"EvoMax BST 65 Chính Chủ
- Odo 8k
- Sẵn 2 pin thuê
- Óc tán 7 màu keng 
- Còn đủ phụ kiện theo xe
- Bảo hành Vinfats toàn quốc
⛔️ Nợ xấu đưa 0đ có LÃI SUẤT hoặc 12tr KO LÃI SUẤT
--------------------
✅ 𝗛𝗼̂̃ 𝗧𝗿𝗼̛̣ 𝗔𝗲 𝗟𝗲̂𝗻 𝗛𝗼̂̀ 𝗦𝗼̛ 𝗕𝗮𝗻𝗸 𝗡𝗵𝗮̣̂𝗻 𝗫𝗲 𝗩𝗮̀ 𝗖𝗮𝘃𝗲𝘁 𝗚𝗼̂́𝗰
✅ 𝗡𝗼̛̣ 𝗫𝗮̂́𝘂 – 𝗛𝗼̂̃ 𝗧𝗿𝗼̛̣ 𝟬 Đ𝗼̂̀𝗻𝗴 – 𝗞𝗵𝗼̂𝗻𝗴 𝗫𝗮́𝗰 𝗠𝗶𝗻𝗵
✅ 𝗡𝗼̛̣ 𝗫𝗮̂́𝘂 – 𝗛𝗼̂̃ 𝗧𝗿𝗼̛̣ Đ𝘂̛𝗮 𝟯𝟬% – 𝗞𝗵𝗼̂𝗻𝗴 𝗟𝗮̃𝗶
✅ Đ𝗼̂̉𝗶 𝗣𝗶𝗻 𝗞𝗵𝗼̂𝗻𝗴 𝗖𝗵𝗼̛̀ 𝗦𝗮̣c 𝗡𝗵𝗶𝗲̂̀𝘂 𝗖𝗵𝗶 𝗡𝗵𝗮́𝗻𝗵
✅ 𝗛ỗ 𝗧𝗿𝗼̛̣ 𝟮 𝗡𝗮̆𝗺 𝗫𝗲 𝗛𝘂̛ – 𝗖𝗼́ 𝗫𝗲 𝗞𝗵𝗮́𝗰 𝗗𝘂̀𝗻𝗴
✅ Đ𝗮̆𝗻𝗴 𝗞𝘆́ 𝗔𝗽𝗽 𝗫𝗮𝗻𝗵 𝗣𝗹𝗮𝘁𝗳𝗼𝗿𝗺 – 𝗧𝗮̣𝗶 𝗖𝗵𝗼̂̃
--------------------
🏠𝟮𝟴𝟴 𝗧𝗿𝘂̛𝗼̛̀𝗻𝗴 𝗖𝗵𝗶𝗻𝗵 - 𝗣𝗵ư𝗼̛̀𝗻𝗴 Đ𝗼̂𝗻𝗴 𝗛𝘂̛𝗻𝗴 𝗧𝗵𝘂𝗮̣̂𝗻 - 𝗛𝗖𝗠 (𝗤𝘂𝗮̣̂𝗻𝟭𝟮 𝗰𝘂̃)",2026,8000.0,Tp Hồ Chí Minh,Quận 12,"EvoMax BST 65 Chính Chủ
- Odo 8k
- Sẵn 2 pin thuê
- Óc tán 7 màu keng 
- Còn đủ phụ kiện theo xe
- Bảo hành Vinfats toàn quốc
⛔️ Nợ xấu đưa 0đ có LÃI SUẤT hoặc 12tr KO LÃI SUẤT
--------------------
✅ 𝗛𝗼̂̃ 𝗧𝗿𝗼̛̣ 𝗔𝗲 𝗟𝗲̂𝗻 𝗛𝗼̂̀ 𝗦𝗼̛ 𝗕𝗮𝗻𝗸 𝗡𝗵𝗮̣̂𝗻 𝗫𝗲 𝗩𝗮̀ 𝗖𝗮𝘃𝗲𝘁 𝗚𝗼̂́𝗰
✅ 𝗡𝗼̛̣ 𝗫𝗮̂́𝘂 – 𝗛𝗼̂̃ 𝗧𝗿𝗼̛̣ 𝟬 Đ𝗼̂̀𝗻𝗴 – 𝗞𝗵𝗼̂𝗻𝗴 𝗫𝗮́𝗰 𝗠𝗶𝗻𝗵
✅ 𝗡𝗼̛̣ 𝗫𝗮̂́𝘂 – 𝗛𝗼̂̃ 𝗧𝗿𝗼̛̣ Đ𝘂̛𝗮 𝟯𝟬% – 𝗞𝗵𝗼̂𝗻𝗴 𝗟𝗮̃𝗶
✅ Đ𝗼̂̉𝗶 𝗣𝗶𝗻 𝗞𝗵𝗼̂𝗻𝗴 𝗖𝗵𝗼̛̀ 𝗦𝗮̣c 𝗡𝗵𝗶𝗲̂̀𝘂 𝗖𝗵𝗶 𝗡𝗵𝗮́𝗻𝗵
✅ 𝗛ỗ 𝗧𝗿𝗼̛̣ 𝟮 𝗡𝗮̆𝗺 𝗫𝗲 𝗛𝘂̛ – 𝗖𝗼́ 𝗫𝗲 𝗞𝗵𝗮́𝗰 𝗗𝘂̀𝗻𝗴
✅ Đ𝗮̆𝗻𝗴 𝗞𝘆́ 𝗔𝗽𝗽 𝗫𝗮𝗻𝗵 𝗣𝗹𝗮𝘁𝗳𝗼𝗿𝗺 – 𝗧𝗮̣𝗶 𝗖𝗵𝗼̂̃
--------------------
🏠𝟮𝟴𝟴 𝗧𝗿𝘂̛𝗼̛̀𝗻𝗴 𝗖𝗵𝗶𝗻𝗵 - 𝗣𝗵ư𝗼̛̀𝗻𝗴 Đ𝗼̂𝗻𝗴 𝗛𝘂̛𝗻𝗴 𝗧𝗵𝘂𝗮̣̂𝗻 - 𝗛𝗖𝗠 (𝗤𝘂𝗮̣̂𝗻𝟭𝟮 𝗰𝘂̃)",Cần xác minh,Khác,Không phân loại,,
134366874,"Xe máy điện Typer 2 Trắng, Cam đã sử dụng",7800000,"Typer 2 đi ít còn như mới bán nửa giá mới

🛵TRẺ TRUNG - PHONG CÁCH - NĂNG ĐỘNG 
✴️ thanh lý xe typer2 
💸💸 giá bán 7tr800
☑️ màu sắc trung tính, thời trang (bảo hành 6 tháng) 
☑️ máy móc nguyên zin, an toàn tiết kiệm điện , Xanh, sạch không ồn 
☎️ Zalo *** (free ship Hà Nội, hỗ trợ ship toàn quốc  )
🏠 389 đội cấn -Hà Nội",2025,10000.0,Hà Nội,Quận Ba Đình,"Typer 2 đi ít còn như mới bán nửa giá mới

🛵TRẺ TRUNG - PHONG CÁCH - NĂNG ĐỘNG 
✴️ thanh lý xe typer2 
💸💸 giá bán 7tr800
☑️ màu sắc trung tính, thời trang (bảo hành 6 tháng) 
☑️ máy móc nguyên zin, an toàn tiết kiệm điện , Xanh, sạch không ồn 
☎️ Zalo *** (free ship Hà Nội, hỗ trợ ship toàn quốc  )
🏠 *** đội cấn -Hà Nội",Kèm pin,Khác,Không phân loại,,
134508320,Xe Điện 3sGo - Datbike S1 2026 Đen 10000 km,44900000,"DatbikeS1 BSTP ĐK 2026 Chính Chủ 1 Lần sạc đi 285km
- Odo 10k hơn
- Óc tán 7 màu keng 
- Còn đủ phụ kiện theo xe 
- Bảo hành Datbike toàn quốc
⛔️ Nợ xấu đưa 5tr8 có LÃI SUẤT hoặc 23tr KO LÃI SUẤT
--------------------
✅ 𝗛𝗼̂̃ 𝗧𝗿𝗼̛̣ 𝗔𝗲 𝗟𝗲̂𝗻 𝗛𝗼̂̀ 𝗦𝗼̛ 𝗕𝗮𝗻𝗸 𝗡𝗵𝗮̣̂𝗻 𝗫𝗲 𝗩𝗮̀ 𝗖𝗮𝘃𝗲𝘁 𝗚𝗼̂́𝗰
✅ 𝗡𝗼̛̣ 𝗫𝗮̂́𝘂 – 𝗛𝗼̂̃ 𝗧𝗿𝗼̛̣ 𝟬 Đ𝗼̂̀𝗻𝗴 – 𝗞𝗵𝗼̂𝗻𝗴 𝗫𝗮́𝗰 𝗠𝗶𝗻𝗵
✅ 𝗡𝗼̛̣ 𝗫𝗮̂́𝘂 – 𝗛𝗼̂̃ 𝗧𝗿𝗼̛̣ Đ𝘂̛𝗮 𝟯𝟬% – 𝗞𝗵𝗼̂𝗻𝗴 𝗟𝗮̃𝗶
✅ Đ𝗼̂̉𝗶 𝗣𝗶𝗻 𝗞𝗵𝗼̂𝗻𝗴 𝗖𝗵𝗼̛̀ 𝗦𝗮̣c 𝗡𝗵𝗶𝗲̂̀𝘂 𝗖𝗵𝗶 𝗡𝗵𝗮́𝗻𝗵
✅ 𝗛ỗ 𝗧𝗿𝗼̛̣ 𝟮 𝗡𝗮̆𝗺 𝗫𝗲 𝗛𝘂̛ – 𝗖𝗼́ 𝗫𝗲 𝗞𝗵𝗮́𝗰 𝗗𝘂̀𝗻𝗴
✅ Đ𝗮̆𝗻𝗴 𝗞𝘆́ 𝗔𝗽𝗽 𝗫𝗮𝗻𝗵 𝗣𝗹𝗮𝘁𝗳𝗼𝗿𝗺 – 𝗧𝗮̣𝗶 𝗖𝗵𝗼̂̃
--------------------
🏠𝟮𝟴𝟴 𝗧𝗿𝘂̛𝗼̛̀𝗻𝗴 𝗖𝗵𝗶𝗻𝗵 - 𝗣𝗵ư𝗼̛̀𝗻𝗴 Đ𝗼̂𝗻𝗴 𝗛𝘂̛𝗻𝗴 𝗧𝗵𝘂𝗮̣̂𝗻 - 𝗛𝗖𝗠 (𝗤𝘂𝗮̣̂𝗻𝟭𝟮 𝗰𝘂̃)",2025,10000.0,Tp Hồ Chí Minh,Quận 12,"DatbikeS1 BSTP ĐK 2026 Chính Chủ 1 Lần sạc đi 285km
- Odo 10k hơn
- Óc tán 7 màu keng 
- Còn đủ phụ kiện theo xe 
- Bảo hành Datbike toàn quốc
⛔️ Nợ xấu đưa 5tr8 có LÃI SUẤT hoặc 23tr KO LÃI SUẤT
--------------------
✅ 𝗛𝗼̂̃ 𝗧𝗿𝗼̛̣ 𝗔𝗲 𝗟𝗲̂𝗻 𝗛𝗼̂̀ 𝗦𝗼̛ 𝗕𝗮𝗻𝗸 𝗡𝗵𝗮̣̂𝗻 𝗫𝗲 𝗩𝗮̀ 𝗖𝗮𝘃𝗲𝘁 𝗚𝗼̂́𝗰
✅ 𝗡𝗼̛̣ 𝗫𝗮̂́𝘂 – 𝗛𝗼̂̃ 𝗧𝗿𝗼̛̣ 𝟬 Đ𝗼̂̀𝗻𝗴 – 𝗞𝗵𝗼̂𝗻𝗴 𝗫𝗮́𝗰 𝗠𝗶𝗻𝗵
✅ 𝗡𝗼̛̣ 𝗫𝗮̂́𝘂 – 𝗛𝗼̂̃ 𝗧𝗿𝗼̛̣ Đ𝘂̛𝗮 𝟯𝟬% – 𝗞𝗵𝗼̂𝗻𝗴 𝗟𝗮̃𝗶
✅ Đ𝗼̂̉𝗶 𝗣𝗶𝗻 𝗞𝗵𝗼̂𝗻𝗴 𝗖𝗵𝗼̛̀ 𝗦𝗮̣c 𝗡𝗵𝗶𝗲̂̀𝘂 𝗖𝗵𝗶 𝗡𝗵𝗮́𝗻𝗵
✅ 𝗛ỗ 𝗧𝗿𝗼̛̣ 𝟮 𝗡𝗮̆𝗺 𝗫𝗲 𝗛𝘂̛ – 𝗖𝗼́ 𝗫𝗲 𝗞𝗵𝗮́𝗰 𝗗𝘂̀𝗻𝗴
✅ Đ𝗮̆𝗻𝗴 𝗞𝘆́ 𝗔𝗽𝗽 𝗫𝗮𝗻𝗵 𝗣𝗹𝗮𝘁𝗳𝗼𝗿𝗺 – 𝗧𝗮̣𝗶 𝗖𝗵𝗼̂̃
--------------------
🏠𝟮𝟴𝟴 𝗧𝗿𝘂̛𝗼̛̀𝗻𝗴 𝗖𝗵𝗶𝗻𝗵 - 𝗣𝗵ư𝗼̛̀𝗻𝗴 Đ𝗼̂𝗻𝗴 𝗛𝘂̛𝗻𝗴 𝗧𝗵𝘂𝗮̣̂𝗻 - 𝗛𝗖𝗠 (𝗤𝘂𝗮̣̂𝗻𝟭𝟮 𝗰𝘂̃)",Cần xác minh,Khác,Không phân loại,,
134197994,CỬA HÀNG THU MUA XE MÁY ĐIỆN CŨ,35999000,"⭐️ CỬA HÀNG PHẠM TUẤN XE ĐIỆN CŨ 
CHUYÊN THU MUA XE ĐIỆN CŨ - GIÁ CAO - BAO MỌI GIẤY TỜ LIÊN QUAN
📌 Địa chỉ: 244 Thoại Ngọc Hầu . Phú Thạnh , Q .Tân Phú . TP HCM.
⭐️ ĐỊNH GIÁ MIỄN PHÍ XE MÁY ⭐️

❤️ Chuyên Thu Mua Xe Điện Cũ với các dòng như sau, Giá Bao Thị Trường
( VINFAST . YADEA . DATBIKE . PEGA...)

Giá thu từ: 1tr - 99tr

Dịch vụ đặc biệt:
❤️ Bấm Giá Trong Vòng 30s Để Khách Hàng Tham Khảo Giá
❤️ Hỗ Trợ Mua Tận Nơi ( Sài Gòn và những chỗ lân cận)


😍😍😍 CẦN KẾT NỐI VỚI SHOWROOM CÁC HÃNG XE ĐIỆN NEW THU CŨ ĐỔI MỚI CHO KHÁCH HÀNG

code: #thumuaxe #26003663_1",2025,1.0,Tp Hồ Chí Minh,Quận Tân Phú,"⭐️ CỬA HÀNG PHẠM TUẤN XE ĐIỆN CŨ 
CHUYÊN THU MUA XE ĐIỆN CŨ - GIÁ CAO - BAO MỌI GIẤY TỜ LIÊN QUAN
📌 Địa chỉ: 244 Thoại Ngọc Hầu . Phú Thạnh , Q .Tân Phú . TP HCM.
⭐️ ĐỊNH GIÁ MIỄN PHÍ XE MÁY ⭐️

❤️ Chuyên Thu Mua Xe Điện Cũ với các dòng như sau, Giá Bao Thị Trường
( VINFAST . YADEA . DATBIKE . PEGA...)

Giá thu từ: 1tr - 99tr

Dịch vụ đặc biệt:
❤️ Bấm Giá Trong Vòng 30s Để Khách Hàng Tham Khảo Giá
❤️ Hỗ Trợ Mua Tận Nơi ( Sài Gòn và những chỗ lân cận)


😍😍😍 CẦN KẾT NỐI VỚI SHOWROOM CÁC HÃNG XE ĐIỆN NEW THU CŨ ĐỔI MỚI CHO KHÁCH HÀNG

code: #thumuaxe #26003663_1",Cần xác minh,Khác,Không phân loại,,
134558870,Xe Điện 3sGo - Feliz II Trắng 700km,25900000,"Feliz II BSTP Chính Chủ 
- Odo 700km
- 2pin (free thuê 2pin 1 năm)
- Óc tán 7 màu keng 
- Còn đủ phụ kiện theo xe 
- Bảo hành Vinfast toàn quốc
⛔️ Nợ xấu đưa 0đ có LÃI SUẤT hoặc 15tr KO LÃI SUẤT
--------------------
✅ 𝗛𝗼̂̃ 𝗧𝗿𝗼̛̣ 𝗔𝗲 𝗟𝗲̂𝗻 𝗛𝗼̂̀ 𝗦𝗼̛ 𝗕𝗮𝗻𝗸 𝗡𝗵𝗮̣̂𝗻 𝗫𝗲 𝗩𝗮̀ 𝗖𝗮𝘃𝗲𝘁 𝗚𝗼̂́𝗰
✅ 𝗡𝗼̛̣ 𝗫𝗮̂́𝘂 – 𝗛𝗼̂̃ 𝗧𝗿𝗼̛̣ 𝟬 Đ𝗼̂̀𝗻𝗴 – 𝗞𝗵𝗼̂𝗻𝗴 𝗫𝗮́𝗰 𝗠𝗶𝗻𝗵
✅ 𝗡𝗼̛̣ 𝗫𝗮̂́𝘂 – 𝗛𝗼̂̃ 𝗧𝗿𝗼̛̣ Đ𝘂̛𝗮 𝟯𝟬% – 𝗞𝗵𝗼̂𝗻𝗴 𝗟𝗮̃𝗶
✅ Đ𝗼̂̉𝗶 𝗣𝗶𝗻 𝗞𝗵𝗼̂𝗻𝗴 𝗖𝗵𝗼̛̀ 𝗦𝗮̣c 𝗡𝗵𝗶𝗲̂̀𝘂 𝗖𝗵𝗶 𝗡𝗵𝗮́𝗻𝗵
✅ 𝗛ỗ 𝗧𝗿𝗼̛̣ 𝟮 𝗡𝗮̆𝗺 𝗫𝗲 𝗛𝘂̛ – 𝗖𝗼́ 𝗫𝗲 𝗞𝗵𝗮́𝗰 𝗗𝘂̀𝗻𝗴
✅ Đ𝗮̆𝗻𝗴 𝗞𝘆́ 𝗔𝗽𝗽 𝗫𝗮𝗻𝗵 𝗣𝗹𝗮𝘁𝗳𝗼𝗿𝗺 – 𝗧𝗮̣𝗶 𝗖𝗵𝗼̂̃
--------------------
🏠𝟮𝟴𝟴 𝗧𝗿𝘂̛𝗼̛̀𝗻𝗴 𝗖𝗵𝗶𝗻𝗵 - 𝗣𝗵ư𝗼̛̀𝗻𝗴 Đ𝗼̂𝗻𝗴 𝗛𝘂̛𝗻𝗴 𝗧𝗵𝘂𝗮̣̂𝗻 - 𝗛𝗖𝗠 (𝗤𝘂𝗮̣̂𝗻𝟭𝟮 𝗰𝘂̃)",2026,700.0,Tp Hồ Chí Minh,Quận 12,"Feliz II BSTP Chính Chủ 
- Odo 700km
- 2pin (free thuê 2pin 1 năm)
- Óc tán 7 màu keng 
- Còn đủ phụ kiện theo xe 
- Bảo hành Vinfast toàn quốc
⛔️ Nợ xấu đưa 0đ có LÃI SUẤT hoặc 15tr KO LÃI SUẤT
--------------------
✅ 𝗛𝗼̂̃ 𝗧𝗿𝗼̛̣ 𝗔𝗲 𝗟𝗲̂𝗻 𝗛𝗼̂̀ 𝗦𝗼̛ 𝗕𝗮𝗻𝗸 𝗡𝗵𝗮̣̂𝗻 𝗫𝗲 𝗩𝗮̀ 𝗖𝗮𝘃𝗲𝘁 𝗚𝗼̂́𝗰
✅ 𝗡𝗼̛̣ 𝗫𝗮̂́𝘂 – 𝗛𝗼̂̃ 𝗧𝗿𝗼̛̣ 𝟬 Đ𝗼̂̀𝗻𝗴 – 𝗞𝗵𝗼̂𝗻𝗴 𝗫𝗮́𝗰 𝗠𝗶𝗻𝗵
✅ 𝗡𝗼̛̣ 𝗫𝗮̂́𝘂 – 𝗛𝗼̂̃ 𝗧𝗿𝗼̛̣ Đ𝘂̛𝗮 𝟯𝟬% – 𝗞𝗵𝗼̂𝗻𝗴 𝗟𝗮̃𝗶
✅ Đ𝗼̂̉𝗶 𝗣𝗶𝗻 𝗞𝗵𝗼̂𝗻𝗴 𝗖𝗵𝗼̛̀ 𝗦𝗮̣c 𝗡𝗵𝗶𝗲̂̀𝘂 𝗖𝗵𝗶 𝗡𝗵𝗮́𝗻𝗵
✅ 𝗛ỗ 𝗧𝗿𝗼̛̣ 𝟮 𝗡𝗮̆𝗺 𝗫𝗲 𝗛𝘂̛ – 𝗖𝗼́ 𝗫𝗲 𝗞𝗵𝗮́𝗰 𝗗𝘂̀𝗻𝗴
✅ Đ𝗮̆𝗻𝗴 𝗞𝘆́ 𝗔𝗽𝗽 𝗫𝗮𝗻𝗵 𝗣𝗹𝗮𝘁𝗳𝗼𝗿𝗺 – 𝗧𝗮̣𝗶 𝗖𝗵𝗼̂̃
--------------------
🏠𝟮𝟴𝟴 𝗧𝗿𝘂̛𝗼̛̀𝗻𝗴 𝗖𝗵𝗶𝗻𝗵 - 𝗣𝗵ư𝗼̛̀𝗻𝗴 Đ𝗼̂𝗻𝗴 𝗛𝘂̛𝗻𝗴 𝗧𝗵𝘂𝗮̣̂𝗻 - 𝗛𝗖𝗠 (𝗤𝘂𝗮̣̂𝗻𝟭𝟮 𝗰𝘂̃)",Cần xác minh,VinFast,Feliz,27000000.0,4.1
134621837,Xe máy điện Xmen 2019 Đen Việt Nam,4900000,"BÁN XE MÁY ĐIỆN cũ :  Xmen 
Giá:4tr900  bình khỏe 30/35km/1 lần sạc 
Đk 2019 biển số 74 
xe ở Cầu Vượt Sóng Thần  Qlộ 1A 
LH: ***
Có nhan đổi xe điện cũ các loại",2019,8978.0,Tp Hồ Chí Minh,Thành phố Thủ Đức,"BÁN XE MÁY ĐIỆN cũ :  Xmen 
Giá:4tr900  bình khỏe 30/35km/1 lần sạc 
Đk 2019 biển số 74 
xe ở Cầu Vượt Sóng Thần  Qlộ 1A 
LH: ***
Có nhan đổi xe điện cũ các loại",Cần xác minh,Khác,Không phân loại,,
134621834,Xe máy điện VinFast Vento Neo Trắng 9.000KM,29500000,"Vento Neo 9.000KM Cập Bến 😍😍😍

Giá..29.5Tr

☎️*** Em bi",2025,9000.0,Tp Hồ Chí Minh,Quận Tân Phú,"Vento Neo 9.000KM Cập Bến 😍😍😍

Giá..29.5Tr

☎️*** Em bi",Cần xác minh,VinFast,Vento,50000000.0,41.0
134621825,"VinFast Feliz Neo 2025 Xám 38,900km",28000000,"Feliz Ne***


- ODO : 38,900km
- Pin : 72v 105Ah . Quãng đường đi được từ 200km 1 lần sạc
- Ngoại hình : 95%
- Thủ tục mua bán : công chứng mua bán ra tên mới. Chủ xe hỗ trợ rút hồ sơ
- Năm đăng ký : 10/2025
- Giá bán :  28,000,000
- Có hỗ trợ trả góp, nợ xấu
- Có cho thuê xe, trao đổi mua bán xe, ký gửi xe",2025,38900.0,Tp Hồ Chí Minh,Quận Tân Bình,"Feliz Ne***


- ODO : 38,900km
- Pin : 72v 105Ah . Quãng đường đi được từ 200km 1 lần sạc
- Ngoại hình : 95%
- Thủ tục mua bán : công chứng mua bán ra tên mới. Chủ xe hỗ trợ rút hồ sơ
- Năm đăng ký : 10/2025
- Giá bán :  28,000,000
- Có hỗ trợ trả góp, nợ xấu
- Có cho thuê xe, trao đổi mua bán xe, ký gửi xe",Cần xác minh,VinFast,Feliz,27000000.0,-3.7
134621821,Xe điện gogo,5200000,"bán xe điện còn rất tốt nhập khẩu nguyên chiếc giá vừa tầm ai mua cho con đi hoc câp 3 đỡ đươc bao nhiêu tiền nhà nhiêu xe lên bán nhanh cho gọn
ai thiên chí mua hoăc nhăn tin nêu ko nghe may kip",2019,5252.0,Hải Phòng,Quận Ngô Quyền,"bán xe điện còn rất tốt nhập khẩu nguyên chiếc giá vừa tầm ai mua cho con đi hoc câp 3 đỡ đươc bao nhiêu tiền nhà nhiêu xe lên bán nhanh cho gọn
ai thiên chí mua hoăc nhăn tin nêu ko nghe may kip",Cần xác minh,Dibao,Gogo,14500000.0,64.1
134621813,Quantum S3 odo 10k xe đẹp ken biển sg,32500000,"Quantum s3 xe đẹp ken 9 chủ ký 
Có gop nợ xấu tay đôi",2025,10412.0,Tp Hồ Chí Minh,Quận Tân Phú,"Quantum s3 xe đẹp ken 9 chủ ký 
Có gop nợ xấu tay đôi",Cần xác minh,Dat Bike,Quantum,34900000.0,6.9
133165398,Xe máy điện VinFast Feliz 2 Trắng,17500000,"Xe máy điện VinFast Feliz 2 màu trắng, thiết kế hiện đại, phù hợp cho cả nam và nữ. 
- Xe vận hành êm ái, tiết kiệm năng lượng. 
- Trang bị nhiều tính năng thông minh. 
- Xe mới, ít sử dụng.
- chuyển nhượng hợp đồng thuê 2 pin vinfast 1,5kw
",2026,1589.0,Đồng Nai,Huyện Trảng Bom,"Xe máy điện VinFast Feliz 2 màu trắng, thiết kế hiện đại, phù hợp cho cả nam và nữ. 
- Xe vận hành êm ái, tiết kiệm năng lượng. 
- Trang bị nhiều tính năng thông minh. 
- Xe mới, ít sử dụng.
- chuyển nhượng hợp đồng thuê 2 pin vinfast 1,5kw
",Cần xác minh,VinFast,Feliz,27000000.0,35.2
134536690,Xe Điện 3sGo -  Evo200Lite 2025 Đen,22900000,"Evo200Lite  - Bstp 9 Chủ ĐK 2025
- 2 Chìa khoá đầy đủ
- Dàn áo dán keng 98%
- Óc tán 7 màu keng 98%
- Còn đủ phụ kiện theo xe
❤️Xe keng 98% so với xe new 
⛔️ Nợ xấu đưa 3tr2 có LÃI SUẤT hoặc 12tr KO LÃI SUẤT
--------------------
✅ 𝗛𝗼̂̃ 𝗧𝗿𝗼̛̣ 𝗔𝗲 𝗟𝗲̂𝗻 𝗛𝗼̂̀ 𝗦𝗼̛ 𝗕𝗮𝗻𝗸 𝗡𝗵𝗮̣̂𝗻 𝗫𝗲 𝗩𝗮̀ 𝗖𝗮𝘃𝗲𝘁 𝗚𝗼̂́𝗰
✅ 𝗡𝗼̛̣ 𝗫𝗮̂́𝘂 – 𝗛𝗼̂̃ 𝗧𝗿𝗼̛̣ 𝟬 Đ𝗼̂̀𝗻𝗴 – 𝗞𝗵𝗼̂𝗻𝗴 𝗫𝗮́𝗰 𝗠𝗶𝗻𝗵
✅ 𝗡𝗼̛̣ 𝗫𝗮̂́𝘂 – 𝗛𝗼̂̃ 𝗧𝗿𝗼̛̣ Đ𝘂̛𝗮 𝟯𝟬% – 𝗞𝗵𝗼̂𝗻𝗴 𝗟𝗮̃𝗶
✅ Đ𝗼̂̉𝗶 𝗣𝗶𝗻 𝗞𝗵𝗼̂𝗻𝗴 𝗖𝗵𝗼̛̀ 𝗦𝗮̣c 𝗡𝗵𝗶𝗲̂̀𝘂 𝗖𝗵𝗶 𝗡𝗵𝗮́𝗻𝗵
✅ 𝗛ỗ 𝗧𝗿𝗼̛̣ 𝟮 𝗡𝗮̆𝗺 𝗫𝗲 𝗛𝘂̛ – 𝗖𝗼́ 𝗫𝗲 𝗞𝗵𝗮́𝗰 𝗗𝘂̀𝗻𝗴
✅ Đ𝗮̆𝗻𝗴 𝗞𝘆́ 𝗔𝗽𝗽 𝗫𝗮𝗻𝗵 𝗣𝗹𝗮𝘁𝗳𝗼𝗿𝗺 – 𝗧𝗮̣𝗶 𝗖𝗵𝗼̂̃
--------------------
🏠𝟮𝟴𝟴 𝗧𝗿𝘂̛𝗼̛̀𝗻𝗴 𝗖𝗵𝗶𝗻𝗵 - 𝗣𝗵ư𝗼̛̀𝗻𝗴 Đ𝗼̂𝗻𝗴 𝗛𝘂̛𝗻𝗴 𝗧𝗵𝘂𝗮̣̂𝗻 - 𝗛𝗖𝗠 (𝗤𝘂𝗮̣̂𝗻𝟭𝟮 𝗰𝘂̃)",2025,0.0,Tp Hồ Chí Minh,Quận 12,"Evo200Lite  - Bstp 9 Chủ ĐK 2025
- 2 Chìa khoá đầy đủ
- Dàn áo dán keng 98%
- Óc tán 7 màu keng 98%
- Còn đủ phụ kiện theo xe
❤️Xe keng 98% so với xe new 
⛔️ Nợ xấu đưa 3tr2 có LÃI SUẤT hoặc 12tr KO LÃI SUẤT
--------------------
✅ 𝗛𝗼̂̃ 𝗧𝗿𝗼̛̣ 𝗔𝗲 𝗟𝗲̂𝗻 𝗛𝗼̂̀ 𝗦𝗼̛ 𝗕𝗮𝗻𝗸 𝗡𝗵𝗮̣̂𝗻 𝗫𝗲 𝗩𝗮̀ 𝗖𝗮𝘃𝗲𝘁 𝗚𝗼̂́𝗰
✅ 𝗡𝗼̛̣ 𝗫𝗮̂́𝘂 – 𝗛𝗼̂̃ 𝗧𝗿𝗼̛̣ 𝟬 Đ𝗼̂̀𝗻𝗴 – 𝗞𝗵𝗼̂𝗻𝗴 𝗫𝗮́𝗰 𝗠𝗶𝗻𝗵
✅ 𝗡𝗼̛̣ 𝗫𝗮̂́𝘂 – 𝗛𝗼̂̃ 𝗧𝗿𝗼̛̣ Đ𝘂̛𝗮 𝟯𝟬% – 𝗞𝗵𝗼̂𝗻𝗴 𝗟𝗮̃𝗶
✅ Đ𝗼̂̉𝗶 𝗣𝗶𝗻 𝗞𝗵𝗼̂𝗻𝗴 𝗖𝗵𝗼̛̀ 𝗦𝗮̣c 𝗡𝗵𝗶𝗲̂̀𝘂 𝗖𝗵𝗶 𝗡𝗵𝗮́𝗻𝗵
✅ 𝗛ỗ 𝗧𝗿𝗼̛̣ 𝟮 𝗡𝗮̆𝗺 𝗫𝗲 𝗛𝘂̛ – 𝗖𝗼́ 𝗫𝗲 𝗞𝗵𝗮́𝗰 𝗗𝘂̀𝗻𝗴
✅ Đ𝗮̆𝗻𝗴 𝗞𝘆́ 𝗔𝗽𝗽 𝗫𝗮𝗻𝗵 𝗣𝗹𝗮𝘁𝗳𝗼𝗿𝗺 – 𝗧𝗮̣𝗶 𝗖𝗵𝗼̂̃
--------------------
🏠𝟮𝟴𝟴 𝗧𝗿𝘂̛𝗼̛̀𝗻𝗴 𝗖𝗵𝗶𝗻𝗵 - 𝗣𝗵ư𝗼̛̀𝗻𝗴 Đ𝗼̂𝗻𝗴 𝗛𝘂̛𝗻𝗴 𝗧𝗵𝘂𝗮̣̂𝗻 - 𝗛𝗖𝗠 (𝗤𝘂𝗮̣̂𝗻𝟭𝟮 𝗰𝘂̃)",Cần xác minh,Khác,Không phân loại,,
134621561,Xe máy điện VinFast Feliz 2025 Trắng 2 pin 2.4kW,25000000,"FELIZ 2025 – 2 PIN ZIN – GIÁ 25 TRIỆU 🔥
Biển số: 50AD-256.57

🛵 Feliz 2025 – xe đẹp, 2 pin zin, sẵn sàng chạy ngay!

✨ Thông tin xe:

📍 ODO: 10.000 km
🔋 2 pin 2.4kW zin hãng
💎 Ngoại hình: 95%
📅 Đăng ký: 12/2025
📄 Công chứng mua bán
💰 Giá bán: 25.000.000đ

💳 HỖ TRỢ TRẢ GÓP – HỖ TRỢ HỒ SƠ NỢ XẤU
🛵 Có cho thuê xe
🔄 Nhận trao đổi – mua bán xe
📦 Nhận ký gửi xe

🔥 Điểm đáng tiền: 2 pin zin + đời 2025 + giấy tờ mua bán rõ ràng. Mua về đi hằng ngày hoặc chạy dịch vụ đều tiện.

📩 Quan tâm inbox ngay – xe đẹp, giá tốt, chốt sớm kẻo hết!",2025,10000.0,Tp Hồ Chí Minh,Quận Tân Bình,"FELIZ 2025 – 2 PIN ZIN – GIÁ 25 TRIỆU 🔥
Biển số: 50AD-256.57

🛵 Feliz 2025 – xe đẹp, 2 pin zin, sẵn sàng chạy ngay!

✨ Thông tin xe:

📍 ODO: 10.000 km
🔋 2 pin 2.4kW zin hãng
💎 Ngoại hình: 95%
📅 Đăng ký: 12/2025
📄 Công chứng mua bán
💰 Giá bán: 25.000.000đ

💳 HỖ TRỢ TRẢ GÓP – HỖ TRỢ HỒ SƠ NỢ XẤU
🛵 Có cho thuê xe
🔄 Nhận trao đổi – mua bán xe
📦 Nhận ký gửi xe

🔥 Điểm đáng tiền: 2 pin zin + đời 2025 + giấy tờ mua bán rõ ràng. Mua về đi hằng ngày hoặc chạy dịch vụ đều tiện.

📩 Quan tâm inbox ngay – xe đẹp, giá tốt, chốt sớm kẻo hết!",Kèm pin,VinFast,Feliz,27000000.0,7.4
134621518,Xe máy điện VinFast Feliz Neo 2025 Xám 39000 km,20500000,"Feliz Neo màu xám BS : 50-AC 735.12


- ODO : 39000
- Pin : 1 Pin zin 67v 30Ah + 1 pin song song sàn chân 67v 30Ah . Quãng đường đi được từ 130 - 150km 1 lần sạc
- Ngoại hình : 90%
- Thủ tục mua bán : công chứng mua bán
- Năm đăng ký : 09/2025
- Giá bán :  20,500,000
- Có hỗ trợ trả góp, nợ xấu
- Có cho thuê xe, trao đổi mua bán xe, ký gửi xe",2025,39000.0,Tp Hồ Chí Minh,Quận Tân Bình,"Feliz Neo màu xám BS : 50-AC 735.12


- ODO : 39000
- Pin : 1 Pin zin 67v 30Ah + 1 pin song song sàn chân 67v 30Ah . Quãng đường đi được từ 130 - 150km 1 lần sạc
- Ngoại hình : 90%
- Thủ tục mua bán : công chứng mua bán
- Năm đăng ký : 09/2025
- Giá bán :  20,500,000
- Có hỗ trợ trả góp, nợ xấu
- Có cho thuê xe, trao đổi mua bán xe, ký gửi xe",Kèm pin,VinFast,Feliz,27000000.0,24.1
134506458,Xe Điện 3sGo - Flazz 2026 Trắng 900 km,15900000,"Flazz BSTP ĐK 2026 Chính Chủ 
- Odo 900 cây
- Đã mua 2 pin
- Óc tán 7 màu keng 
- Còn đủ phụ kiện theo xe
- Bảo hành Vinfast toàn quốc
#Giá_15tr9 - Nậu xớ đưa 2tr1 hoặc 5tr1
⛔️ Nợ xấu đưa 2tr1 có LÃI SUẤT hoặc 8tr KO LÃI SUẤT
--------------------
✅ 𝗛𝗼̂̃ 𝗧𝗿𝗼̛̣ 𝗔𝗲 𝗟𝗲̂𝗻 𝗛𝗼̂̀ 𝗦𝗼̛ 𝗕𝗮𝗻𝗸 𝗡𝗵𝗮̣̂𝗻 𝗫𝗲 𝗩𝗮̀ 𝗖𝗮𝘃𝗲𝘁 𝗚𝗼̂́𝗰
✅ 𝗡𝗼̛̣ 𝗫𝗮̂́𝘂 – 𝗛𝗼̂̃ 𝗧𝗿𝗼̛̣ 𝟬 Đ𝗼̂̀𝗻𝗴 – 𝗞𝗵𝗼̂𝗻𝗴 𝗫𝗮́𝗰 𝗠𝗶𝗻𝗵
✅ 𝗡𝗼̛̣ 𝗫𝗮̂́𝘂 – 𝗛𝗼̂̃ 𝗧𝗿𝗼̛̣ Đ𝘂̛𝗮 𝟯𝟬% – 𝗞𝗵𝗼̂𝗻𝗴 𝗟𝗮̃𝗶
✅ Đ𝗼̂̉𝗶 𝗣𝗶𝗻 𝗞𝗵𝗼̂𝗻𝗴 𝗖𝗵𝗼̛̀ 𝗦𝗮̣c 𝗡𝗵𝗶𝗲̂̀𝘂 𝗖𝗵𝗶 𝗡𝗵𝗮́𝗻𝗵
✅ 𝗛ỗ 𝗧𝗿𝗼̛̣ 𝟮 𝗡𝗮̆𝗺 𝗫𝗲 𝗛𝘂̛ – 𝗖𝗼́ 𝗫𝗲 𝗞𝗵𝗮́𝗰 𝗗𝘂̀𝗻𝗴
✅ Đ𝗮̆𝗻𝗴 𝗞𝘆́ 𝗔𝗽𝗽 𝗫𝗮𝗻𝗵 𝗣𝗹𝗮𝘁𝗳𝗼𝗿𝗺 – 𝗧𝗮̣𝗶 𝗖𝗵𝗼̂̃
--------------------
🏠𝟮𝟴𝟴 𝗧𝗿𝘂̛𝗼̛̀𝗻𝗴 𝗖𝗵𝗶𝗻𝗵 - 𝗣𝗵ư𝗼̛̀𝗻𝗴 Đ𝗼̂𝗻𝗴 𝗛𝘂̛𝗻𝗴 𝗧𝗵𝘂𝗮̣̂𝗻 - 𝗛𝗖𝗠 (𝗤𝘂𝗮̣̂𝗻𝟭𝟮 𝗰𝘂̃)",2026,900.0,Tp Hồ Chí Minh,Quận 12,"Flazz BSTP ĐK 2026 Chính Chủ 
- Odo 900 cây
- Đã mua 2 pin
- Óc tán 7 màu keng 
- Còn đủ phụ kiện theo xe
- Bảo hành Vinfast toàn quốc
#Giá_15tr9 - Nậu xớ đưa 2tr1 hoặc 5tr1
⛔️ Nợ xấu đưa 2tr1 có LÃI SUẤT hoặc 8tr KO LÃI SUẤT
--------------------
✅ 𝗛𝗼̂̃ 𝗧𝗿𝗼̛̣ 𝗔𝗲 𝗟𝗲̂𝗻 𝗛𝗼̂̀ 𝗦𝗼̛ 𝗕𝗮𝗻𝗸 𝗡𝗵𝗮̣̂𝗻 𝗫𝗲 𝗩𝗮̀ 𝗖𝗮𝘃𝗲𝘁 𝗚𝗼̂́𝗰
✅ 𝗡𝗼̛̣ 𝗫𝗮̂́𝘂 – 𝗛𝗼̂̃ 𝗧𝗿𝗼̛̣ 𝟬 Đ𝗼̂̀𝗻𝗴 – 𝗞𝗵𝗼̂𝗻𝗴 𝗫𝗮́𝗰 𝗠𝗶𝗻𝗵
✅ 𝗡𝗼̛̣ 𝗫𝗮̂́𝘂 – 𝗛𝗼̂̃ 𝗧𝗿𝗼̛̣ Đ𝘂̛𝗮 𝟯𝟬% – 𝗞𝗵𝗼̂𝗻𝗴 𝗟𝗮̃𝗶
✅ Đ𝗼̂̉𝗶 𝗣𝗶𝗻 𝗞𝗵𝗼̂𝗻𝗴 𝗖𝗵𝗼̛̀ 𝗦𝗮̣c 𝗡𝗵𝗶𝗲̂̀𝘂 𝗖𝗵𝗶 𝗡𝗵𝗮́𝗻𝗵
✅ 𝗛ỗ 𝗧𝗿𝗼̛̣ 𝟮 𝗡𝗮̆𝗺 𝗫𝗲 𝗛𝘂̛ – 𝗖𝗼́ 𝗫𝗲 𝗞𝗵𝗮́𝗰 𝗗𝘂̀𝗻𝗴
✅ Đ𝗮̆𝗻𝗴 𝗞𝘆́ 𝗔𝗽𝗽 𝗫𝗮𝗻𝗵 𝗣𝗹𝗮𝘁𝗳𝗼𝗿𝗺 – 𝗧𝗮̣𝗶 𝗖𝗵𝗼̂̃
--------------------
🏠𝟮𝟴𝟴 𝗧𝗿𝘂̛𝗼̛̀𝗻𝗴 𝗖𝗵𝗶𝗻𝗵 - 𝗣𝗵ư𝗼̛̀𝗻𝗴 Đ𝗼̂𝗻𝗴 𝗛𝘂̛𝗻𝗴 𝗧𝗵𝘂𝗮̣̂𝗻 - 𝗛𝗖𝗠 (𝗤𝘂𝗮̣̂𝗻𝟭𝟮 𝗰𝘂̃)",Cần xác minh,Khác,Không phân loại,,
134555510,Xe Điện 3sGo - Datbike S1 Đen 10.000 km,44900000,"DatbikeS1 BSTP ĐK 2026 Chính Chủ 1 Lần sạc đi 285km
- Odo 10k hơn
- Óc tán 7 màu keng 
- Còn đủ phụ kiện theo xe 
- Bảo hành Datbike toàn quốc
⛔️ Nợ xấu đưa 5tr8 có LÃI SUẤT hoặc 24tr KO LÃI SUẤT
--------------------
✅ 𝗛𝗼̂̃ 𝗧𝗿𝗼̛̣ 𝗔𝗲 𝗟𝗲̂𝗻 𝗛𝗼̂̀ 𝗦𝗼̛ 𝗕𝗮𝗻𝗸 𝗡𝗵𝗮̣̂𝗻 𝗫𝗲 𝗩𝗮̀ 𝗖𝗮𝘃𝗲𝘁 𝗚𝗼̂́𝗰
✅ 𝗡𝗼̛̣ 𝗫𝗮̂́𝘂 – 𝗛𝗼̂̃ 𝗧𝗿𝗼̛̣ 𝟬 Đ𝗼̂̀𝗻𝗴 – 𝗞𝗵𝗼̂𝗻𝗴 𝗫𝗮́𝗰 𝗠𝗶𝗻𝗵
✅ 𝗡𝗼̛̣ 𝗫𝗮̂́𝘂 – 𝗛𝗼̂̃ 𝗧𝗿𝗼̛̣ Đ𝘂̛𝗮 𝟯𝟬% – 𝗞𝗵𝗼̂𝗻𝗴 𝗟𝗮̃𝗶
✅ Đ𝗼̂̉𝗶 𝗣𝗶𝗻 𝗞𝗵𝗼̂𝗻𝗴 𝗖𝗵𝗼̛̀ 𝗦𝗮̣c 𝗡𝗵𝗶𝗲̂̀𝘂 𝗖𝗵𝗶 𝗡𝗵𝗮́𝗻𝗵
✅ 𝗛ỗ 𝗧𝗿𝗼̛̣ 𝟮 𝗡𝗮̆𝗺 𝗫𝗲 𝗛𝘂̛ – 𝗖𝗼́ 𝗫𝗲 𝗞𝗵𝗮́𝗰 𝗗𝘂̀𝗻𝗴
✅ Đ𝗮̆𝗻𝗴 𝗞𝘆́ 𝗔𝗽𝗽 𝗫𝗮𝗻𝗵 𝗣𝗹𝗮𝘁𝗳𝗼𝗿𝗺 – 𝗧𝗮̣𝗶 𝗖𝗵𝗼̂̃
--------------------
🏠𝟮𝟴𝟴 𝗧𝗿𝘂̛𝗼̛̀𝗻𝗴 𝗖𝗵𝗶𝗻𝗵 - 𝗣𝗵ư𝗼̛̀𝗻𝗴 Đ𝗼̂𝗻𝗴 𝗛𝘂̛𝗻𝗴 𝗧𝗵𝘂𝗮̣̂𝗻 - 𝗛𝗖𝗠 (𝗤𝘂𝗮̣̂𝗻𝟭𝟮 𝗰𝘂̃)",2026,10000.0,Tp Hồ Chí Minh,Quận 12,"DatbikeS1 BSTP ĐK 2026 Chính Chủ 1 Lần sạc đi 285km
- Odo 10k hơn
- Óc tán 7 màu keng 
- Còn đủ phụ kiện theo xe 
- Bảo hành Datbike toàn quốc
⛔️ Nợ xấu đưa 5tr8 có LÃI SUẤT hoặc 24tr KO LÃI SUẤT
--------------------
✅ 𝗛𝗼̂̃ 𝗧𝗿𝗼̛̣ 𝗔𝗲 𝗟𝗲̂𝗻 𝗛𝗼̂̀ 𝗦𝗼̛ 𝗕𝗮𝗻𝗸 𝗡𝗵𝗮̣̂𝗻 𝗫𝗲 𝗩𝗮̀ 𝗖𝗮𝘃𝗲𝘁 𝗚𝗼̂́𝗰
✅ 𝗡𝗼̛̣ 𝗫𝗮̂́𝘂 – 𝗛𝗼̂̃ 𝗧𝗿𝗼̛̣ 𝟬 Đ𝗼̂̀𝗻𝗴 – 𝗞𝗵𝗼̂𝗻𝗴 𝗫𝗮́𝗰 𝗠𝗶𝗻𝗵
✅ 𝗡𝗼̛̣ 𝗫𝗮̂́𝘂 – 𝗛𝗼̂̃ 𝗧𝗿𝗼̛̣ Đ𝘂̛𝗮 𝟯𝟬% – 𝗞𝗵𝗼̂𝗻𝗴 𝗟𝗮̃𝗶
✅ Đ𝗼̂̉𝗶 𝗣𝗶𝗻 𝗞𝗵𝗼̂𝗻𝗴 𝗖𝗵𝗼̛̀ 𝗦𝗮̣c 𝗡𝗵𝗶𝗲̂̀𝘂 𝗖𝗵𝗶 𝗡𝗵𝗮́𝗻𝗵
✅ 𝗛ỗ 𝗧𝗿𝗼̛̣ 𝟮 𝗡𝗮̆𝗺 𝗫𝗲 𝗛𝘂̛ – 𝗖𝗼́ 𝗫𝗲 𝗞𝗵𝗮́𝗰 𝗗𝘂̀𝗻𝗴
✅ Đ𝗮̆𝗻𝗴 𝗞𝘆́ 𝗔𝗽𝗽 𝗫𝗮𝗻𝗵 𝗣𝗹𝗮𝘁𝗳𝗼𝗿𝗺 – 𝗧𝗮̣𝗶 𝗖𝗵𝗼̂̃
--------------------
🏠𝟮𝟴𝟴 𝗧𝗿𝘂̛𝗼̛̀𝗻𝗴 𝗖𝗵𝗶𝗻𝗵 - 𝗣𝗵ư𝗼̛̀𝗻𝗴 Đ𝗼̂𝗻𝗴 𝗛𝘂̛𝗻𝗴 𝗧𝗵𝘂𝗮̣̂𝗻 - 𝗛𝗖𝗠 (𝗤𝘂𝗮̣̂𝗻𝟭𝟮 𝗰𝘂̃)",Cần xác minh,Khác,Không phân loại,,
134620997,Xe máy điện Vespa Espero Classic 2022 Xanh ngọc,8400000,"Vespa Espero Classic 1. Đời cao 2022
Bình khoẻ. Đầy đủ giấy tờ
Ngoại hình đẹp như hình.
Giá hơn 8tr400

📍 Có thể xem xe và kiểm tra trực tiếp.
🏠 87 Máy tơ. Nam định
☎️ ***",2022,8000.0,Nam Định,Thành phố Nam Định,"Vespa Espero Classic 1. Đời cao 2022
Bình khoẻ. Đầy đủ giấy tờ
Ngoại hình đẹp như hình.
Giá hơn 8tr400

📍 Có thể xem xe và kiểm tra trực tiếp.
🏠 87 Máy tơ. Nam định
☎️ ***",Cần xác minh,Khác,Không phân loại,,
134434450,Xe đạp điện Yadea V1 Plus Đen,8500000,"Xe điện V1 Plus màu đen
- Kiểu dáng thời trang, dễ điều khiển.
- Động cơ êm ái.
- Pin bền bỉ, di chuyển quãng đường xa.",2025,1.0,Tp Hồ Chí Minh,Quận Tân Bình,"Xe điện V1 Plus màu đen
- Kiểu dáng thời trang, dễ điều khiển.
- Động cơ êm ái.
- Pin bền bỉ, di chuyển quãng đường xa.",Cần xác minh,Yadea,Yadea (Khác),9990000.0,14.9
134620393,Xe máy điện VinFast Vento Neo Trắng 9.000KM,29500000,"Vento Neo 9.000KM Cập Bến 😍😍😍

Giá..29.5Tr

☎️*** Minh Khờ",2025,9000.0,Tp Hồ Chí Minh,Quận Tân Phú,"Vento Neo 9.000KM Cập Bến 😍😍😍

Giá..29.5Tr

☎️*** Minh Khờ",Cần xác minh,VinFast,Vento,50000000.0,41.0
134620294,Vinfast Ludo Xe điện,6600000,Bán xe điện vinfast ludo acquy mới bảo hành 1 năm,2020,10.0,Hà Nội,Quận Tây Hồ,Bán xe điện vinfast ludo acquy mới bảo hành 1 năm,Cần xác minh,VinFast,Ludo,12900000.0,48.8
134620154,Xe máy điện VinFast Vento ABS Đen 7.000km,28800000,"Vento ABS lướt 7.000km
Chính chủ ký
-  Liền lạc đẹp keng
- 2 chìa 2 kính theo xe còn đủ
- Đã úp phuộc sau

Giá: 28tr8
☎️ ***",2025,7000.0,Tp Hồ Chí Minh,Quận 5,"Vento ABS lướt 7.000km
Chính chủ ký
-  Liền lạc đẹp keng
- 2 chìa 2 kính theo xe còn đủ
- Đã úp phuộc sau

Giá: 28tr8
☎️ ***",Cần xác minh,VinFast,Vento,50000000.0,42.4
134620115,Xe máy điện VinFast Vento Neo 2025 Trắng,29500000,"Khách lên đời để lại 
Vento neo siêu lướt
- Biển Tp chính chủ ký
- Pin 3.5, sạc 1000w đời mới 
- Liền lạc đẹp ken
- Góp đưa trước 30% nhận xe

Giá 29tr5
☎️***",2025,9000.0,Tp Hồ Chí Minh,Quận 5,"Khách lên đời để lại 
Vento neo siêu lướt
- Biển Tp chính chủ ký
- Pin 3.5, sạc 1000w đời mới 
- Liền lạc đẹp ken
- Góp đưa trước 30% nhận xe

Giá 29tr5
☎️***",Cần xác minh,VinFast,Vento,50000000.0,41.0
134620037,Xe máy điện Yadea Omee Trắng Ắc quy Graphene,14500000,"Xe máy điện Yadea Omee trắng, mới mua hơn 1 tuần, còn bảo hành hãng. 
 - Xe mới ra mắt 2026, thiết kế hiện đại. 
 - Pin ắc quy Graphene 48V22Ah, tốc độ tối đa 40km/h, công suất 400W. 
 - Phù hợp cho học sinh, sinh viên từ 16 tuổi trở lên hoặc người không có bằng lái. 
 - Giá 14.500.000 đồng.",2026,150.0,Tp Hồ Chí Minh,Thành phố Thủ Đức,"Xe máy điện Yadea Omee trắng, mới mua hơn 1 tuần, còn bảo hành hãng. 
 - Xe mới ra mắt 2026, thiết kế hiện đại. 
 - Pin ắc quy Graphene 48V22Ah, tốc độ tối đa 40km/h, công suất 400W. 
 - Phù hợp cho học sinh, sinh viên từ 16 tuổi trở lên hoặc người không có bằng lái. 
 - Giá 14.500.000 đồng.",Cần xác minh,Yadea,Yadea (Khác),9990000.0,-45.1
134599987,Xe điện Vespa Vision 2026 Xám Đã sử dụng,18500000,"Xe điện vision mới mua 2026 mới 98%

🔥🔥🔥 Siêu Phẩm Mới Về Ạ 🔥🔥🔥 

Vespa Siêu Siêu Lướt 2026

Xe Mới 95%, dk đầy đủ

SmartKey Zin
Xe Điện huy lâm Bán Rẻ 7tr So Với Mới 
Mà Lại Được Xe Như Mới Ạ 

📌 Ship Hàng TOÀN QUỐC - Nhanh chóng
---- 
📞 LH tư vấn miễn phí : ***( zalo / video call ) 
🕹️ Địa chỉ: 389 đội cấn-ba đình - Hà Nội. 
❇️ Cửa Hàng Xe Điện Huy Lâm",2026,5000.0,Hà Nội,Quận Ba Đình,"Xe điện vision mới mua 2026 mới 98%

🔥🔥🔥 Siêu Phẩm Mới Về Ạ 🔥🔥🔥 

Vespa Siêu Siêu Lướt 2026

Xe Mới 95%, dk đầy đủ

SmartKey Zin
Xe Điện huy lâm Bán Rẻ 7tr So Với Mới 
Mà Lại Được Xe Như Mới Ạ 

📌 Ship Hàng TOÀN QUỐC - Nhanh chóng
---- 
📞 LH tư vấn miễn phí : ***( zalo / video call ) 
🕹️ Địa chỉ: *** đội cấn-ba đình - Hà Nội. 
❇️ Cửa Hàng Xe Điện Huy Lâm",Kèm pin,Khác,Không phân loại,,
134619125,Xe máy điện VinFast Evo200 Lite Đen Việt Nam,20000000,"Trâu bò nhất dòng xe học sinh. Ko cần bằng lái. 
Evo200 lite biển SG.
Pin 3.5 kwh, trâu bò nhất nhà Vin. Tầm 100 - 140 km/sạc.
BH hãng đến 2028.
Biển SG, sang tên nhanh chóng.
20tr bao rút hồ sơ. 

Xe điện Z48
104 Đường số 1,kdc Cityland Center Hill, phường Hạnh Thông (t7 nghỉ)
***",2023,18000.0,Tp Hồ Chí Minh,Quận Gò Vấp,"Trâu bò nhất dòng xe học sinh. Ko cần bằng lái. 
Evo200 lite biển SG.
Pin 3.5 kwh, trâu bò nhất nhà Vin. Tầm 100 - 140 km/sạc.
BH hãng đến 2028.
Biển SG, sang tên nhanh chóng.
20tr bao rút hồ sơ. 

Xe điện Z48
*** Đường số 1,kdc Cityland Center Hill, phường Hạnh Thông (t7 nghỉ)
***",Cần xác minh,VinFast,Evo 200,18000000.0,-11.1
134618992,Vinfast Motio màu đỏ - Xe học sinh,8500000,"- Motio Vinfast.  Học sinh trên 16t đi ko cần bằng lái 
- 5 Bình acquy đi 50km/lần sạc 
- Chính chủ công chứng 
- Giá 8tr500k 
- Địa chỉ : 24/6. Đ.TL44. P.thạnh lộc. Q12",2025,10484.0,Tp Hồ Chí Minh,Quận 12,"- Motio Vinfast.  Học sinh trên 16t đi ko cần bằng lái 
- 5 Bình acquy đi 50km/lần sạc 
- Chính chủ công chứng 
- Giá 8tr500k 
- Địa chỉ : 24/6. Đ.TL44. P.thạnh lộc. Q12",Cần xác minh,Khác,Không phân loại,,
134618650,Xe máy điện VinFast Ludo/ Ko Bằng Lái (Cs2),8900000,"VinFast LuDo 50 / Pin / Không Bằng Lái
Trọng Lượng: 68Kg
Công Suất: 500w
Mua mới lúc trước 24.5 Triệu ( Pin Mua )
Năm SX : 2020
Xem Xe Tại CH2 Nguyễn Thông",2020,39000.0,Cần Thơ,Quận Bình Thuỷ,"VinFast LuDo 50 / Pin / Không Bằng Lái
Trọng Lượng: 68Kg
Công Suất: 500w
Mua mới lúc trước 24.5 Triệu ( Pin Mua )
Năm SX : 2020
Xem Xe Tại CH2 Nguyễn Thông",Cần xác minh,VinFast,Ludo,12900000.0,31.0
134602241,Xe Điện 3sGo - QuantumS1 BST 2025 Xanh 30k,35900000,"QuantumS1 BST9chù
- Đăng ký 2025
- Odo 30k
- Yên kimdang 
- Dàn áo keng ko trầy 98%
- Óc tán 7 màu keng 98%
- Còn đủ phụ kiện theo xe
❤️Xe keng 99% so với xe new 
⛔️ Nợ xấu đưa 8tr1 có LÃI SUẤT hoặc 19tr5 KO LÃI SUẤT
--------------------
✅ 𝗛𝗼̂̃ 𝗧𝗿𝗼̛̣ 𝗔𝗲 𝗟𝗲̂𝗻 𝗛𝗼̂̀ 𝗦𝗼̛ 𝗕𝗮𝗻𝗸 𝗡𝗵𝗮̣̂𝗻 𝗫𝗲 𝗩𝗮̀ 𝗖𝗮𝘃𝗲𝘁 𝗚𝗼̂́𝗰
✅ 𝗡𝗼̛̣ 𝗫𝗮̂́𝘂 – 𝗛𝗼̂̃ 𝗧𝗿𝗼̛̣ 𝟬 Đ𝗼̂̀𝗻𝗴 – 𝗞𝗵𝗼̂𝗻𝗴 𝗫𝗮́𝗰 𝗠𝗶𝗻𝗵
✅ 𝗡𝗼̛̣ 𝗫𝗮̂́𝘂 – 𝗛𝗼̂̃ 𝗧𝗿𝗼̛̣ Đ𝘂̛𝗮 𝟯𝟬% – 𝗞𝗵𝗼̂𝗻𝗴 𝗟𝗮̃𝗶
✅ Đ𝗼̂̉𝗶 𝗣𝗶𝗻 𝗞𝗵𝗼̂𝗻𝗴 𝗖𝗵𝗼̛̀ 𝗦𝗮̣c 𝗡𝗵𝗶𝗲̂̀𝘂 𝗖𝗵𝗶 𝗡𝗵𝗮́𝗻𝗵
✅ 𝗛ỗ 𝗧𝗿𝗼̛̣ 𝟮 𝗡𝗮̆𝗺 𝗫𝗲 𝗛𝘂̛ – 𝗖𝗼́ 𝗫𝗲 𝗞𝗵𝗮́𝗰 𝗗𝘂̀𝗻𝗴
✅ Đ𝗮̆𝗻𝗴 𝗞𝘆́ 𝗔𝗽𝗽 𝗫𝗮𝗻𝗵 𝗣𝗹𝗮𝘁𝗳𝗼𝗿𝗺 – 𝗧𝗮̣𝗶 𝗖𝗵𝗼̂̃
--------------------
🏠 𝟭𝟭𝟱 𝗣𝗵𝗮̣𝗺 𝗧𝗵𝗲̂́ 𝗛𝗶𝗲̂̉𝗻 - 𝗖𝗵𝗮́𝗻𝗵 𝗛𝘂̛𝗻𝗴 - 𝗛𝗖𝗠 ( 𝗤𝘂𝗮̣̂𝗻 𝟴 )
☎️ 𝗛𝗼𝘁𝗹𝗶𝗻𝗲 : *** - 𝗗𝗶𝗲̣̂𝘂",2025,30.0,Tp Hồ Chí Minh,Quận 8,"QuantumS1 BST9chù
- Đăng ký 2025
- Odo 30k
- Yên kimdang 
- Dàn áo keng ko trầy 98%
- Óc tán 7 màu keng 98%
- Còn đủ phụ kiện theo xe
❤️Xe keng 99% so với xe new 
⛔️ Nợ xấu đưa 8tr1 có LÃI SUẤT hoặc 19tr5 KO LÃI SUẤT
--------------------
✅ 𝗛𝗼̂̃ 𝗧𝗿𝗼̛̣ 𝗔𝗲 𝗟𝗲̂𝗻 𝗛𝗼̂̀ 𝗦𝗼̛ 𝗕𝗮𝗻𝗸 𝗡𝗵𝗮̣̂𝗻 𝗫𝗲 𝗩𝗮̀ 𝗖𝗮𝘃𝗲𝘁 𝗚𝗼̂́𝗰
✅ 𝗡𝗼̛̣ 𝗫𝗮̂́𝘂 – 𝗛𝗼̂̃ 𝗧𝗿𝗼̛̣ 𝟬 Đ𝗼̂̀𝗻𝗴 – 𝗞𝗵𝗼̂𝗻𝗴 𝗫𝗮́𝗰 𝗠𝗶𝗻𝗵
✅ 𝗡𝗼̛̣ 𝗫𝗮̂́𝘂 – 𝗛𝗼̂̃ 𝗧𝗿𝗼̛̣ Đ𝘂̛𝗮 𝟯𝟬% – 𝗞𝗵𝗼̂𝗻𝗴 𝗟𝗮̃𝗶
✅ Đ𝗼̂̉𝗶 𝗣𝗶𝗻 𝗞𝗵𝗼̂𝗻𝗴 𝗖𝗵𝗼̛̀ 𝗦𝗮̣c 𝗡𝗵𝗶𝗲̂̀𝘂 𝗖𝗵𝗶 𝗡𝗵𝗮́𝗻𝗵
✅ 𝗛ỗ 𝗧𝗿𝗼̛̣ 𝟮 𝗡𝗮̆𝗺 𝗫𝗲 𝗛𝘂̛ – 𝗖𝗼́ 𝗫𝗲 𝗞𝗵𝗮́𝗰 𝗗𝘂̀𝗻𝗴
✅ Đ𝗮̆𝗻𝗴 𝗞𝘆́ 𝗔𝗽𝗽 𝗫𝗮𝗻𝗵 𝗣𝗹𝗮𝘁𝗳𝗼𝗿𝗺 – 𝗧𝗮̣𝗶 𝗖𝗵𝗼̂̃
--------------------
🏠 𝟭𝟭𝟱 𝗣𝗵𝗮̣𝗺 𝗧𝗵𝗲̂́ 𝗛𝗶𝗲̂̉𝗻 - 𝗖𝗵𝗮́𝗻𝗵 𝗛𝘂̛𝗻𝗴 - 𝗛𝗖𝗠 ( 𝗤𝘂𝗮̣̂𝗻 𝟴 )
☎️ 𝗛𝗼𝘁𝗹𝗶𝗻𝗲 : *** - 𝗗𝗶𝗲̣̂𝘂",Cần xác minh,Khác,Không phân loại,,
134617456,Xe máy điện BEFORE ALL Latina VI 2.0 Trắng,12000000,"Xe máy điện mới mua được 3 tháng cần bán lại  hãng: BEFORE ALL
Dòng : latina vi 2.0 
Thiết kế theo kiểu dáng vespa 
Tốc độ tối đa 50km/h 
Pin chạy được 60km
Còn bảo hành 9 tháng
giá mua mới 18tr500 
bán lại 12tr000",2026,300.0,Đà Nẵng,Quận Ngũ Hành Sơn,"Xe máy điện mới mua được 3 tháng cần bán lại  hãng: BEFORE ALL
Dòng : latina vi 2.0 
Thiết kế theo kiểu dáng vespa 
Tốc độ tối đa 50km/h 
Pin chạy được 60km
Còn bảo hành 9 tháng
giá mua mới 18tr500 
bán lại 12tr000",Cần xác minh,Khác,Không phân loại,,
134617447,Xe máy điện DK Bike 2021,7900000,"Xe máy điện Soma SX không cần bằng lái btc 
1 lần sạc đi được 60km , tốc tối đa 46km giờ 
5 bình vừa thay mới còn bảo hành 1 năm 
Áo quần sạch sẽ không bể , full chức năng 
Giá : 7tr9 bình tân",2021,40000.0,Tp Hồ Chí Minh,Quận Bình Tân,"Xe máy điện Soma SX không cần bằng lái btc 
1 lần sạc đi được 60km , tốc tối đa 46km giờ 
5 bình vừa thay mới còn bảo hành 1 năm 
Áo quần sạch sẽ không bể , full chức năng 
Giá : 7tr9 bình tân",Cần xác minh,Khác,Không phân loại,,
134602534,Xe Điện 3sGo - EvoGrand Đen 14k km,22900000,"EvoGrand ĐK 4/2026 BST 9 chủ kí
- Odo 14k
- 2 pin mua theo xe
- Dàn áo keng ko trầy 98%
- Óc tán 7 màu keng 98%
- Còn đủ phụ kiện theo xe
❤️Xe keng 98% so với xe new 
⛔️ Nợ xấu đưa 0Đ có LÃI SUẤT hoặc 13tr KO LÃI SUẤT
--------------------
✅ 𝗛𝗼̂̃ 𝗧𝗿𝗼̛̣ 𝗔𝗲 𝗟𝗲̂𝗻 𝗛𝗼̂̀ 𝗦𝗼̛ 𝗕𝗮𝗻𝗸 𝗡𝗵𝗮̣̂𝗻 𝗫𝗲 𝗩𝗮̀ 𝗖𝗮𝘃𝗲𝘁 𝗚𝗼̂́𝗰
✅ 𝗡𝗼̛̣ 𝗫𝗮̂́𝘂 – 𝗛𝗼̂̃ 𝗧𝗿𝗼̛̣ 𝟬 Đ𝗼̂̀𝗻𝗴 – 𝗞𝗵𝗼̂𝗻𝗴 𝗫𝗮́𝗰 𝗠𝗶𝗻𝗵
✅ 𝗡𝗼̛̣ 𝗫𝗮̂́𝘂 – 𝗛𝗼̂̃ 𝗧𝗿𝗼̛̣ Đ𝘂̛𝗮 𝟯𝟬% – 𝗞𝗵𝗼̂𝗻𝗴 𝗟𝗮̃𝗶
✅ Đ𝗼̂̉𝗶 𝗣𝗶𝗻 𝗞𝗵𝗼̂𝗻𝗴 𝗖𝗵𝗼̛̀ 𝗦𝗮̣c 𝗡𝗵𝗶𝗲̂̀𝘂 𝗖𝗵𝗶 𝗡𝗵𝗮́𝗻𝗵
✅ 𝗛ỗ 𝗧𝗿𝗼̛̣ 𝟮 𝗡𝗮̆𝗺 𝗫𝗲 𝗛𝘂̛ – 𝗖𝗼́ 𝗫𝗲 𝗞𝗵𝗮́𝗰 𝗗𝘂̀𝗻𝗴
✅ Đ𝗮̆𝗻𝗴 𝗞𝘆́ 𝗔𝗽𝗽 𝗫𝗮𝗻𝗵 𝗣𝗹𝗮𝘁𝗳𝗼𝗿𝗺 – 𝗧𝗮̣𝗶 𝗖𝗵𝗼̂̃
--------------------
🏠 𝟭𝟭𝟱 𝗣𝗵𝗮̣𝗺 𝗧𝗵𝗲̂́ 𝗛𝗶𝗲̂̉𝗻 - 𝗖𝗵𝗮́𝗻𝗵 𝗛𝘂̛𝗻𝗴 - 𝗛𝗖𝗠 ( 𝗤𝘂𝗮̣̂𝗻 𝟴 )
☎️ 𝗛𝗼𝘁𝗹𝗶𝗻𝗲 : *** - 𝗗𝗶𝗲̣̂𝘂",2026,14000.0,Tp Hồ Chí Minh,Quận 8,"EvoGrand ĐK 4/2026 BST 9 chủ kí
- Odo 14k
- 2 pin mua theo xe
- Dàn áo keng ko trầy 98%
- Óc tán 7 màu keng 98%
- Còn đủ phụ kiện theo xe
❤️Xe keng 98% so với xe new 
⛔️ Nợ xấu đưa 0Đ có LÃI SUẤT hoặc 13tr KO LÃI SUẤT
--------------------
✅ 𝗛𝗼̂̃ 𝗧𝗿𝗼̛̣ 𝗔𝗲 𝗟𝗲̂𝗻 𝗛𝗼̂̀ 𝗦𝗼̛ 𝗕𝗮𝗻𝗸 𝗡𝗵𝗮̣̂𝗻 𝗫𝗲 𝗩𝗮̀ 𝗖𝗮𝘃𝗲𝘁 𝗚𝗼̂́𝗰
✅ 𝗡𝗼̛̣ 𝗫𝗮̂́𝘂 – 𝗛𝗼̂̃ 𝗧𝗿𝗼̛̣ 𝟬 Đ𝗼̂̀𝗻𝗴 – 𝗞𝗵𝗼̂𝗻𝗴 𝗫𝗮́𝗰 𝗠𝗶𝗻𝗵
✅ 𝗡𝗼̛̣ 𝗫𝗮̂́𝘂 – 𝗛𝗼̂̃ 𝗧𝗿𝗼̛̣ Đ𝘂̛𝗮 𝟯𝟬% – 𝗞𝗵𝗼̂𝗻𝗴 𝗟𝗮̃𝗶
✅ Đ𝗼̂̉𝗶 𝗣𝗶𝗻 𝗞𝗵𝗼̂𝗻𝗴 𝗖𝗵𝗼̛̀ 𝗦𝗮̣c 𝗡𝗵𝗶𝗲̂̀𝘂 𝗖𝗵𝗶 𝗡𝗵𝗮́𝗻𝗵
✅ 𝗛ỗ 𝗧𝗿𝗼̛̣ 𝟮 𝗡𝗮̆𝗺 𝗫𝗲 𝗛𝘂̛ – 𝗖𝗼́ 𝗫𝗲 𝗞𝗵𝗮́𝗰 𝗗𝘂̀𝗻𝗴
✅ Đ𝗮̆𝗻𝗴 𝗞𝘆́ 𝗔𝗽𝗽 𝗫𝗮𝗻𝗵 𝗣𝗹𝗮𝘁𝗳𝗼𝗿𝗺 – 𝗧𝗮̣𝗶 𝗖𝗵𝗼̂̃
--------------------
🏠 𝟭𝟭𝟱 𝗣𝗵𝗮̣𝗺 𝗧𝗵𝗲̂́ 𝗛𝗶𝗲̂̉𝗻 - 𝗖𝗵𝗮́𝗻𝗵 𝗛𝘂̛𝗻𝗴 - 𝗛𝗖𝗠 ( 𝗤𝘂𝗮̣̂𝗻 𝟴 )
☎️ 𝗛𝗼𝘁𝗹𝗶𝗻𝗲 : *** - 𝗗𝗶𝗲̣̂𝘂",Cần xác minh,Khác,Không phân loại,,
133873833,Xe máy điện SANTOSAR VS3 Xám 240W,12300000,"🏆🏆🏆 Hót Hót mẫu xe VS3 hottrend
🎈xe có thông số động cơ 240W, cho học sinh dưới 16t, cho mẹ đị chợ, cho chị em đi làm
📙Dòng xe có cốp rộng, chạy cực kỳ êm ái. Xe có giấy tờ đăng kiểm, hoá đơn đầy đủ ( đi đường không sợ công an), đặc biệt các em học sinh dứoi 16t chạy vẫn đúng quy định
💡xe được trang bị đèn led, thắng đĩa rất an toàn
🪫 chạy bình 48V30ah chính hãng an toàn không lo cháy nổ
🧾 bảo hành 12 tháng
💰giá 12",2026,,Tp Hồ Chí Minh,Thành phố Thủ Đức,"🏆🏆🏆 Hót Hót mẫu xe VS3 hottrend
🎈xe có thông số động cơ 240W, cho học sinh dưới 16t, cho mẹ đị chợ, cho chị em đi làm
📙Dòng xe có cốp rộng, chạy cực kỳ êm ái. Xe có giấy tờ đăng kiểm, hoá đơn đầy đủ ( đi đường không sợ công an), đặc biệt các em học sinh dứoi 16t chạy vẫn đúng quy định
💡xe được trang bị đèn led, thắng đĩa rất an toàn
🪫 chạy bình 48V30ah chính hãng an toàn không lo cháy nổ
🧾 bảo hành 12 tháng
💰giá 12",Cần xác minh,Khác,Không phân loại,,
134026009,Xe máy điện VinFast EVO 200 2024 Đen mờ 11000 km,20000000,"DƯ dùng bán lại chiếc xe máy điện VinFats EVO 200, màu đen mờ sản xuất 2024 , pin mua chạy 11 000km, pin sử dụng 100km mới sạc,xe luôn bảo dưỡng định kỳ tại hãng , bảo đảm xe còn sử dụng tốt,ngay chủ đứng tên bán, cam ơn anh chị đả xem tin.",2024,11000.0,Tp Hồ Chí Minh,Thành phố Thủ Đức,"DƯ dùng bán lại chiếc xe máy điện VinFats EVO 200, màu đen mờ sản xuất 2024 , pin mua chạy 11 000km, pin sử dụng 100km mới sạc,xe luôn bảo dưỡng định kỳ tại hãng , bảo đảm xe còn sử dụng tốt,ngay chủ đứng tên bán, cam ơn anh chị đả xem tin.",Cần xác minh,VinFast,Evo 200,18000000.0,-11.1
134563221,Xe điện V1  946 TỐT 90% CÒN SỔ BH,7900000,"XE MÁY ĐIỆN KONAXOAKA TỐT 90% CÒN SỔ BH

BÌNH SẠC ĐẦY ĐỦ
BẢO HÀNH DÀI HẠN
ZALO-GỌI TRỰC TIẾP ***
XE ĐẸP NHƯ HÌNH",2026,2000.0,Tp Hồ Chí Minh,Quận 1,"XE MÁY ĐIỆN KONAXOAKA TỐT 90% CÒN SỔ BH

BÌNH SẠC ĐẦY ĐỦ
BẢO HÀNH DÀI HẠN
ZALO-GỌI TRỰC TIẾP ***
XE ĐẸP NHƯ HÌNH",Cần xác minh,Khác,Không phân loại,,
134616801,Xe điện Sundiro Xám tím,6000000,"Cần bán xe điện như hình, xe chạy còn tốt, ngoại hình còn đẹp.",2026,5000.0,Tp Hồ Chí Minh,Quận 10,"Cần bán xe điện như hình, xe chạy còn tốt, ngoại hình còn đẹp.",Cần xác minh,Khác,Không phân loại,,
134602590,Xe Điên 3sGo - Evo200 2025 Trắng 10.000 km,21900000,"Evo200 ĐK 8/2025 Pin Mua BSTP
- Odo 10.000 Cây
- Dàn áo keng ko trầy 99%
- Óc tán 7 màu keng 99%
- Còn đủ phụ kiện theo xe
❤️Xe keng 99% so với xe new 
⛔️ Nợ xấu đưa 0Đ có LÃI SUẤT hoặc 12tr5 KO LÃI SUẤT
--------------------
✅ 𝗛𝗼̂̃ 𝗧𝗿𝗼̛̣ 𝗔𝗲 𝗟𝗲̂𝗻 𝗛𝗼̂̀ 𝗦𝗼̛ 𝗕𝗮𝗻𝗸 𝗡𝗵𝗮̣̂𝗻 𝗫𝗲 𝗩𝗮̀ 𝗖𝗮𝘃𝗲𝘁 𝗚𝗼̂́𝗰
✅ 𝗡𝗼̛̣ 𝗫𝗮̂́𝘂 – 𝗛𝗼̂̃ 𝗧𝗿𝗼̛̣ 𝟬 Đ𝗼̂̀𝗻𝗴 – 𝗞𝗵𝗼̂𝗻𝗴 𝗫𝗮́𝗰 𝗠𝗶𝗻𝗵
✅ 𝗡𝗼̛̣ 𝗫𝗮̂́𝘂 – 𝗛𝗼̂̃ 𝗧𝗿𝗼̛̣ Đ𝘂̛𝗮 𝟯𝟬% – 𝗞𝗵𝗼̂𝗻𝗴 𝗟𝗮̃𝗶
✅ Đ𝗼̂̉𝗶 𝗣𝗶𝗻 𝗞𝗵𝗼̂𝗻𝗴 𝗖𝗵𝗼̛̀ 𝗦𝗮̣c 𝗡𝗵𝗶𝗲̂̀𝘂 𝗖𝗵𝗶 𝗡𝗵𝗮́𝗻𝗵
✅ 𝗛ỗ 𝗧𝗿𝗼̛̣ 𝟮 𝗡𝗮̆𝗺 𝗫𝗲 𝗛𝘂̛ – 𝗖𝗼́ 𝗫𝗲 𝗞𝗵𝗮́𝗰 𝗗𝘂̀𝗻𝗴
✅ Đ𝗮̆𝗻𝗴 𝗞𝘆́ 𝗔𝗽𝗽 𝗫𝗮𝗻𝗵 𝗣𝗹𝗮𝘁𝗳𝗼𝗿𝗺 – 𝗧𝗮̣𝗶 𝗖𝗵𝗼̂̃
--------------------
🏠 𝟭𝟭𝟱 𝗣𝗵𝗮̣𝗺 𝗧𝗵𝗲̂́ 𝗛𝗶𝗲̂̉𝗻 - 𝗖𝗵𝗮́𝗻𝗵 𝗛𝘂̛𝗻𝗴 - 𝗛𝗖𝗠 ( 𝗤𝘂𝗮̣̂𝗻 𝟴 )
☎️ 𝗛𝗼𝘁𝗹𝗶𝗻𝗲 : *** - 𝗗𝗶𝗲̣̂𝘂",2025,10000.0,Tp Hồ Chí Minh,Quận 8,"Evo200 ĐK 8/2025 Pin Mua BSTP
- Odo 10.000 Cây
- Dàn áo keng ko trầy 99%
- Óc tán 7 màu keng 99%
- Còn đủ phụ kiện theo xe
❤️Xe keng 99% so với xe new 
⛔️ Nợ xấu đưa 0Đ có LÃI SUẤT hoặc 12tr5 KO LÃI SUẤT
--------------------
✅ 𝗛𝗼̂̃ 𝗧𝗿𝗼̛̣ 𝗔𝗲 𝗟𝗲̂𝗻 𝗛𝗼̂̀ 𝗦𝗼̛ 𝗕𝗮𝗻𝗸 𝗡𝗵𝗮̣̂𝗻 𝗫𝗲 𝗩𝗮̀ 𝗖𝗮𝘃𝗲𝘁 𝗚𝗼̂́𝗰
✅ 𝗡𝗼̛̣ 𝗫𝗮̂́𝘂 – 𝗛𝗼̂̃ 𝗧𝗿𝗼̛̣ 𝟬 Đ𝗼̂̀𝗻𝗴 – 𝗞𝗵𝗼̂𝗻𝗴 𝗫𝗮́𝗰 𝗠𝗶𝗻𝗵
✅ 𝗡𝗼̛̣ 𝗫𝗮̂́𝘂 – 𝗛𝗼̂̃ 𝗧𝗿𝗼̛̣ Đ𝘂̛𝗮 𝟯𝟬% – 𝗞𝗵𝗼̂𝗻𝗴 𝗟𝗮̃𝗶
✅ Đ𝗼̂̉𝗶 𝗣𝗶𝗻 𝗞𝗵𝗼̂𝗻𝗴 𝗖𝗵𝗼̛̀ 𝗦𝗮̣c 𝗡𝗵𝗶𝗲̂̀𝘂 𝗖𝗵𝗶 𝗡𝗵𝗮́𝗻𝗵
✅ 𝗛ỗ 𝗧𝗿𝗼̛̣ 𝟮 𝗡𝗮̆𝗺 𝗫𝗲 𝗛𝘂̛ – 𝗖𝗼́ 𝗫𝗲 𝗞𝗵𝗮́𝗰 𝗗𝘂̀𝗻𝗴
✅ Đ𝗮̆𝗻𝗴 𝗞𝘆́ 𝗔𝗽𝗽 𝗫𝗮𝗻𝗵 𝗣𝗹𝗮𝘁𝗳𝗼𝗿𝗺 – 𝗧𝗮̣𝗶 𝗖𝗵𝗼̂̃
--------------------
🏠 𝟭𝟭𝟱 𝗣𝗵𝗮̣𝗺 𝗧𝗵𝗲̂́ 𝗛𝗶𝗲̂̉𝗻 - 𝗖𝗵𝗮́𝗻𝗵 𝗛𝘂̛𝗻𝗴 - 𝗛𝗖𝗠 ( 𝗤𝘂𝗮̣̂𝗻 𝟴 )
☎️ 𝗛𝗼𝘁𝗹𝗶𝗻𝗲 : *** - 𝗗𝗶𝗲̣̂𝘂",Cần xác minh,VinFast,Evo 200,18000000.0,-21.7
133937642,Xe máy điện VinFast EVO GRAND Lite 2026 Trắng,19000000,a Ai cần liên hệ nhà ở Quận 12 thành phố Hồ Chí Minh cảm ơn xem như mới,2026,506.0,Tp Hồ Chí Minh,Quận 12,a Ai cần liên hệ nhà ở Quận 12 thành phố Hồ Chí Minh cảm ơn xem như mới,Cần xác minh,Khác,Không phân loại,,
134602453,Xe Điện 3sGo - DatBike Quantum S1 Đen,37900000,"QuantumS1 BSTP
- Odo không nói đâu
- Bảo Hành Pin 10 Năm 
- Sạc 1800w 
- Dàn áo keng ko trầy 98%
- Óc tán 7 màu keng 98%
- Còn đủ phụ kiện theo xe
❤️Xe keng 99% so với xe new 
⛔️ Nợ xấu đưa 3tr7 có LÃI SUẤT hoặc 16tr4 KO LÃI SUẤT
--------------------
✅ 𝗛𝗼̂̃ 𝗧𝗿𝗼̛̣ 𝗔𝗲 𝗟𝗲̂𝗻 𝗛𝗼̂̀ 𝗦𝗼̛ 𝗕𝗮𝗻𝗸 𝗡𝗵𝗮̣̂𝗻 𝗫𝗲 𝗩𝗮̀ 𝗖𝗮𝘃𝗲𝘁 𝗚𝗼̂́𝗰
✅ 𝗡𝗼̛̣ 𝗫𝗮̂́𝘂 – 𝗛𝗼̂̃ 𝗧𝗿𝗼̛̣ 𝟬 Đ𝗼̂̀𝗻𝗴 – 𝗞𝗵𝗼̂𝗻𝗴 𝗫𝗮́𝗰 𝗠𝗶𝗻𝗵
✅ 𝗡𝗼̛̣ 𝗫𝗮̂́𝘂 – 𝗛𝗼̂̃ 𝗧𝗿𝗼̛̣ Đ𝘂̛𝗮 𝟯𝟬% – 𝗞𝗵𝗼̂𝗻𝗴 𝗟𝗮̃𝗶
✅ Đ𝗼̂̉𝗶 𝗣𝗶𝗻 𝗞𝗵𝗼̂𝗻𝗴 𝗖𝗵𝗼̛̀ 𝗦𝗮̣c 𝗡𝗵𝗶𝗲̂̀𝘂 𝗖𝗵𝗶 𝗡𝗵𝗮́𝗻𝗵
✅ 𝗛ỗ 𝗧𝗿𝗼̛̣ 𝟮 𝗡𝗮̆𝗺 𝗫𝗲 𝗛𝘂̛ – 𝗖𝗼́ 𝗫𝗲 𝗞𝗵𝗮́𝗰 𝗗𝘂̀𝗻𝗴
✅ Đ𝗮̆𝗻𝗴 𝗞𝘆́ 𝗔𝗽𝗽 𝗫𝗮𝗻𝗵 𝗣𝗹𝗮𝘁𝗳𝗼𝗿𝗺 – 𝗧𝗮̣𝗶 𝗖𝗵𝗼̂̃
--------------------
🏠 𝟭𝟭𝟱 𝗣𝗵𝗮̣𝗺 𝗧𝗵𝗲̂́ 𝗛𝗶𝗲̂̉𝗻 - 𝗖𝗵𝗮́𝗻𝗵 𝗛𝘂̛𝗻𝗴 - 𝗛𝗖𝗠 ( 𝗤𝘂𝗮̣̂𝗻 𝟴 )
☎️ 𝗛𝗼𝘁𝗹𝗶𝗻𝗲 : *** - 𝗗𝗶𝗲̣̂𝘂",2026,0.0,Tp Hồ Chí Minh,Quận 8,"QuantumS1 BSTP
- Odo không nói đâu
- Bảo Hành Pin 10 Năm 
- Sạc 1800w 
- Dàn áo keng ko trầy 98%
- Óc tán 7 màu keng 98%
- Còn đủ phụ kiện theo xe
❤️Xe keng 99% so với xe new 
⛔️ Nợ xấu đưa 3tr7 có LÃI SUẤT hoặc 16tr4 KO LÃI SUẤT
--------------------
✅ 𝗛𝗼̂̃ 𝗧𝗿𝗼̛̣ 𝗔𝗲 𝗟𝗲̂𝗻 𝗛𝗼̂̀ 𝗦𝗼̛ 𝗕𝗮𝗻𝗸 𝗡𝗵𝗮̣̂𝗻 𝗫𝗲 𝗩𝗮̀ 𝗖𝗮𝘃𝗲𝘁 𝗚𝗼̂́𝗰
✅ 𝗡𝗼̛̣ 𝗫𝗮̂́𝘂 – 𝗛𝗼̂̃ 𝗧𝗿𝗼̛̣ 𝟬 Đ𝗼̂̀𝗻𝗴 – 𝗞𝗵𝗼̂𝗻𝗴 𝗫𝗮́𝗰 𝗠𝗶𝗻𝗵
✅ 𝗡𝗼̛̣ 𝗫𝗮̂́𝘂 – 𝗛𝗼̂̃ 𝗧𝗿𝗼̛̣ Đ𝘂̛𝗮 𝟯𝟬% – 𝗞𝗵𝗼̂𝗻𝗴 𝗟𝗮̃𝗶
✅ Đ𝗼̂̉𝗶 𝗣𝗶𝗻 𝗞𝗵𝗼̂𝗻𝗴 𝗖𝗵𝗼̛̀ 𝗦𝗮̣c 𝗡𝗵𝗶𝗲̂̀𝘂 𝗖𝗵𝗶 𝗡𝗵𝗮́𝗻𝗵
✅ 𝗛ỗ 𝗧𝗿𝗼̛̣ 𝟮 𝗡𝗮̆𝗺 𝗫𝗲 𝗛𝘂̛ – 𝗖𝗼́ 𝗫𝗲 𝗞𝗵𝗮́𝗰 𝗗𝘂̀𝗻𝗴
✅ Đ𝗮̆𝗻𝗴 𝗞𝘆́ 𝗔𝗽𝗽 𝗫𝗮𝗻𝗵 𝗣𝗹𝗮𝘁𝗳𝗼𝗿𝗺 – 𝗧𝗮̣𝗶 𝗖𝗵𝗼̂̃
--------------------
🏠 𝟭𝟭𝟱 𝗣𝗵𝗮̣𝗺 𝗧𝗵𝗲̂́ 𝗛𝗶𝗲̂̉𝗻 - 𝗖𝗵𝗮́𝗻𝗵 𝗛𝘂̛𝗻𝗴 - 𝗛𝗖𝗠 ( 𝗤𝘂𝗮̣̂𝗻 𝟴 )
☎️ 𝗛𝗼𝘁𝗹𝗶𝗻𝗲 : *** - 𝗗𝗶𝗲̣̂𝘂",Cần xác minh,Dat Bike,Quantum,34900000.0,-8.6
134031255,"Vinfast Klara Pin cầm,xe đẹp biển Sài Gòn",10800000,"🍓🍓🍓 Xe bà xã đi đã đổi Evo200 nên thanh lý lại người dùng.
Xe Vinfast Klara màu hồng (Xe đẹp lắm nữ tính)
☘️ Biển Số Sài Gòn 41MĐ- chạy không cần bằng
Pin zin mua  + Sạc Zin: sạc đầy 2-3 tiếng đi được 40-50km/1 lần
- Động cơ mới thay trước tết, xe chạy mượt pin cầm tốt 40-50km, đã thay đồng hồ hiện đại + đèn led 2 tầng
🍇 Chị em mua về đưa đón con hay đi chợ vòng vòng trãi nghiệm ok nhé
🍏Ưu tiên: Học Sinh-Sinh Viên, xe chạy không cần bằng lái
🍇🍇🍇 Xem xe tại địa chỉ
Đường DN5, Đông Hưng Thuận,TPHCM( KDC AN SƯƠNG)",2020,28000.0,Tp Hồ Chí Minh,Quận 12,"🍓🍓🍓 Xe bà xã đi đã đổi Evo200 nên thanh lý lại người dùng.
Xe Vinfast Klara màu hồng (Xe đẹp lắm nữ tính)
☘️ Biển Số Sài Gòn 41MĐ- chạy không cần bằng
Pin zin mua  + Sạc Zin: sạc đầy 2-3 tiếng đi được 40-50km/1 lần
- Động cơ mới thay trước tết, xe chạy mượt pin cầm tốt 40-50km, đã thay đồng hồ hiện đại + đèn led 2 tầng
🍇 Chị em mua về đưa đón con hay đi chợ vòng vòng trãi nghiệm ok nhé
🍏Ưu tiên: Học Sinh-Sinh Viên, xe chạy không cần bằng lái
🍇🍇🍇 Xem xe tại địa chỉ
Đường DN5, Đông Hưng Thuận,TPHCM( KDC AN SƯƠNG)",Kèm pin,VinFast,Klara,35000000.0,69.1
134623797,Xe Điện Xmen,5000000,Cần bán 5 triệu xe đầy đủ giấy tờ đăng ký,2026,10000.0,Hà Nội,Huyện Phú Xuyên,Cần bán 5 triệu xe đầy đủ giấy tờ đăng ký,Cần xác minh,Khác,Không phân loại,,
134160705,VinFast Feliz 2025 Xanh oliu - Chính chủ - BSTP,21500000,"🔥 FELIZ 2025 1 PIN – XANH OLIU – CHÍNH CHỦ
📌 Date T6/2026
📌 Odo 12.000 km
📌 BSTP - Chính chủ
📌 Chính chủ, ủy quyền, sang tên công chứng nhanh gọn
💰 Giá: 2x
-----------------------
💚 Xe Điện Lướt Sài Gòn – Chuyên mua bán xe máy điện đã qua sử dụng tại TP.HCM
✅ Có trả góp – Cà thẻ – Giao tận nhà
📍 118A Chiến Lược, P. Bình Trị Đông, TP.HCM",2025,12000.0,Tp Hồ Chí Minh,Quận Bình Tân,"🔥 FELIZ 2025 1 PIN – XANH OLIU – CHÍNH CHỦ
📌 Date T6/2026
📌 Odo 12.000 km
📌 BSTP - Chính chủ
📌 Chính chủ, ủy quyền, sang tên công chứng nhanh gọn
💰 Giá: 2x
-----------------------
💚 Xe Điện Lướt Sài Gòn – Chuyên mua bán xe máy điện đã qua sử dụng tại TP.HCM
✅ Có trả góp – Cà thẻ – Giao tận nhà
📍 118A Chiến Lược, P. Bình Trị Đông, TP.HCM",Cần xác minh,VinFast,Feliz,27000000.0,20.4
134537840,Xe máy điện Yadea thể thao Cam đen,7500000,"Xe máy điện màu cam đen, kiểu dáng thể thao, phù hợp cho cả nam và nữ. 
- Xe chính chủ, có thể ký giấy sang tên. 
- Thích hợp cho học sinh, sinh viên không cần bằng lái. 
- Xe đang sử dụng tốt.",2023,123.0,Tp Hồ Chí Minh,Quận 12,"Xe máy điện màu cam đen, kiểu dáng thể thao, phù hợp cho cả nam và nữ. 
- Xe chính chủ, có thể ký giấy sang tên. 
- Thích hợp cho học sinh, sinh viên không cần bằng lái. 
- Xe đang sử dụng tốt.",Cần xác minh,Yadea,Yadea (Khác),14990000.0,50.0
134623423,Xe điện VinFast Klara màu Đen,10000000,"Tôi có 1 xe điện vinfast Klara màu đen như hình muốn bán do không có nhu cầu sử dụng. Xe còn đi tốt, vẫn chạy bình thường, vỏ còn nguyên vẹn, ko va chạm hay trầy xước. Xe tôi đi ít nên giữ gìn rất cẩn thận.",2020,19903.0,Hà Nội,Quận Ba Đình,"Tôi có 1 xe điện vinfast Klara màu đen như hình muốn bán do không có nhu cầu sử dụng. Xe còn đi tốt, vẫn chạy bình thường, vỏ còn nguyên vẹn, ko va chạm hay trầy xước. Xe tôi đi ít nên giữ gìn rất cẩn thận.",Cần xác minh,VinFast,Klara,35000000.0,71.4
133934022,Vinfast Evo200 Vàng zin 100% chính chủ,21900000,"     
 ✅ Vinfast Evo200 siêu đẹp ko một vết trầy 2025 
✅ Xe chính chủ Bstp ký mua bán ủy quyền đều được nhé 
✅ Pin 3.5 mua đứt bảo hành 8 năm ,sạc đầy đi được 200km
✅ Giá bán : 21,9tr
✅ Dt : 
✅ Xem xe Q6, Ship toàn quốc
",2025,14000.0,Tp Hồ Chí Minh,Quận 6,"     
 ✅ Vinfast Evo200 siêu đẹp ko một vết trầy 2025 
✅ Xe chính chủ Bstp ký mua bán ủy quyền đều được nhé 
✅ Pin 3.5 mua đứt bảo hành 8 năm ,sạc đầy đi được 200km
✅ Giá bán : 21,9tr
✅ Dt : 
✅ Xem xe Q6, Ship toàn quốc
",Kèm pin,VinFast,Evo 200,18000000.0,-21.7
134623388,Xe máy điện VinFast Feliz Đen 14000 km,19500000,Xe odo 14 ngàn xe hoạt động bình thường không lỗi làm gì chỉ việc mua về là chạy không cần suy nghĩ gì hết,2026,14000.0,Đồng Nai,Huyện Xuân Lộc,Xe odo 14 ngàn xe hoạt động bình thường không lỗi làm gì chỉ việc mua về là chạy không cần suy nghĩ gì hết,Cần xác minh,VinFast,Feliz,27000000.0,27.8
134623383,Xe máy điện VinFast Feliz Trắng 300 km,26000000,Xe mới mua về không đi như mới odo mới 300km xe sẵn 2 pin chỉ việc mua về là chạy không khác gì xe mới đầy đủ phụ kiện,2026,300.0,Đồng Nai,Huyện Xuân Lộc,Xe mới mua về không đi như mới odo mới 300km xe sẵn 2 pin chỉ việc mua về là chạy không khác gì xe mới đầy đủ phụ kiện,Cần xác minh,VinFast,Feliz,27000000.0,3.7
134623365,Xe máy điện  2026 Hồng Đã sử dụng,9500000,Xe mới mua được 4 ngày không có nhu cầu đi nữa bán lại mới 99% kh vết trầy xe hoạt động bình thường không lỗi chỉ việc về cắm sạc là chạy,2026,10.0,Đồng Nai,Huyện Xuân Lộc,Xe mới mua được 4 ngày không có nhu cầu đi nữa bán lại mới 99% kh vết trầy xe hoạt động bình thường không lỗi chỉ việc về cắm sạc là chạy,Cần xác minh,Khác,Không phân loại,,
134596908,Quantum S1 2025 lướt đẹp,38500000,"Xe máy điện màu trắng, pin 100% cho quãng đường di chuyển xa. 
- Thiết kế hiện đại, trẻ trung. 
- Vận hành êm ái, tiết kiệm năng lượng. 
- Phù hợp di chuyển trong thành phố.",2025,10.0,Tp Hồ Chí Minh,Quận Bình Tân,"Xe máy điện màu trắng, pin 100% cho quãng đường di chuyển xa. 
- Thiết kế hiện đại, trẻ trung. 
- Vận hành êm ái, tiết kiệm năng lượng. 
- Phù hợp di chuyển trong thành phố.",Cần xác minh,Dat Bike,Quantum,34900000.0,-10.3
134509389,Xe máy điện VinFast Evo200 2025 Đen,20900000,"Evo200  - Bstp 9 Chủ ĐK 2025
- Dàn áo dán keng 98%
- Óc tán 7 màu keng 98%
- Còn đủ phụ kiện theo xe
❤️Xe keng 98% so với xe new 
⛔️ Nợ xấu đưa 0đ có LÃI SUẤT hoặc 11tr KO LÃI SUẤT
--------------------
✅ 𝗛𝗼̂̃ 𝗧𝗿𝗼̛̣ 𝗔𝗲 𝗟𝗲̂𝗻 𝗛𝗼̂̀ 𝗦𝗼̛ 𝗕𝗮𝗻𝗸 𝗡𝗵𝗮̣̂𝗻 𝗫𝗲 𝗩𝗮̀ 𝗖𝗮𝘃𝗲𝘁 𝗚𝗼̂́𝗰
✅ 𝗡𝗼̛̣ 𝗫𝗮̂́𝘂 – 𝗛𝗼̂̃ 𝗧𝗿𝗼̛̣ 𝟬 Đ𝗼̂̀𝗻𝗴 – 𝗞𝗵𝗼̂𝗻𝗴 𝗫𝗮́𝗰 𝗠𝗶𝗻𝗵
✅ 𝗡𝗼̛̣ 𝗫𝗮̂́𝘂 – 𝗛𝗼̂̃ 𝗧𝗿𝗼̛̣ Đ𝘂̛𝗮 𝟯𝟬% – 𝗞𝗵𝗼̂𝗻𝗴 𝗟𝗮̃𝗶
✅ Đ𝗼̂̉𝗶 𝗣𝗶𝗻 𝗞𝗵𝗼̂𝗻𝗴 𝗖𝗵𝗼̛̀ 𝗦𝗮̣c 𝗡𝗵𝗶𝗲̂̀𝘂 𝗖𝗵𝗶 𝗡𝗵𝗮́𝗻𝗵
✅ 𝗛ỗ 𝗧𝗿𝗼̛̣ 𝟮 𝗡𝗮̆𝗺 𝗫𝗲 𝗛𝘂̛ – 𝗖𝗼́ 𝗫𝗲 𝗞𝗵𝗮́𝗰 𝗗𝘂̀𝗻𝗴
✅ Đ𝗮̆𝗻𝗴 𝗞𝘆́ 𝗔𝗽𝗽 𝗫𝗮𝗻𝗵 𝗣𝗹𝗮𝘁𝗳𝗼𝗿𝗺 – 𝗧𝗮̣𝗶 𝗖𝗵𝗼̂̃
--------------------
🏠𝟮𝟴𝟴 𝗧𝗿𝘂̛𝗼̛̀𝗻𝗴 𝗖𝗵𝗶𝗻𝗵 - 𝗣𝗵ư𝗼̛̀𝗻𝗴 Đ𝗼̂𝗻𝗴 𝗛𝘂̛𝗻𝗴 𝗧𝗵𝘂𝗮̣̂𝗻 - 𝗛𝗖𝗠 (𝗤𝘂𝗮̣̂𝗻𝟭𝟮 𝗰𝘂̃)",2025,,Tp Hồ Chí Minh,Quận 12,"Evo200  - Bstp 9 Chủ ĐK 2025
- Dàn áo dán keng 98%
- Óc tán 7 màu keng 98%
- Còn đủ phụ kiện theo xe
❤️Xe keng 98% so với xe new 
⛔️ Nợ xấu đưa 0đ có LÃI SUẤT hoặc 11tr KO LÃI SUẤT
--------------------
✅ 𝗛𝗼̂̃ 𝗧𝗿𝗼̛̣ 𝗔𝗲 𝗟𝗲̂𝗻 𝗛𝗼̂̀ 𝗦𝗼̛ 𝗕𝗮𝗻𝗸 𝗡𝗵𝗮̣̂𝗻 𝗫𝗲 𝗩𝗮̀ 𝗖𝗮𝘃𝗲𝘁 𝗚𝗼̂́𝗰
✅ 𝗡𝗼̛̣ 𝗫𝗮̂́𝘂 – 𝗛𝗼̂̃ 𝗧𝗿𝗼̛̣ 𝟬 Đ𝗼̂̀𝗻𝗴 – 𝗞𝗵𝗼̂𝗻𝗴 𝗫𝗮́𝗰 𝗠𝗶𝗻𝗵
✅ 𝗡𝗼̛̣ 𝗫𝗮̂́𝘂 – 𝗛𝗼̂̃ 𝗧𝗿𝗼̛̣ Đ𝘂̛𝗮 𝟯𝟬% – 𝗞𝗵𝗼̂𝗻𝗴 𝗟𝗮̃𝗶
✅ Đ𝗼̂̉𝗶 𝗣𝗶𝗻 𝗞𝗵𝗼̂𝗻𝗴 𝗖𝗵𝗼̛̀ 𝗦𝗮̣c 𝗡𝗵𝗶𝗲̂̀𝘂 𝗖𝗵𝗶 𝗡𝗵𝗮́𝗻𝗵
✅ 𝗛ỗ 𝗧𝗿𝗼̛̣ 𝟮 𝗡𝗮̆𝗺 𝗫𝗲 𝗛𝘂̛ – 𝗖𝗼́ 𝗫𝗲 𝗞𝗵𝗮́𝗰 𝗗𝘂̀𝗻𝗴
✅ Đ𝗮̆𝗻𝗴 𝗞𝘆́ 𝗔𝗽𝗽 𝗫𝗮𝗻𝗵 𝗣𝗹𝗮𝘁𝗳𝗼𝗿𝗺 – 𝗧𝗮̣𝗶 𝗖𝗵𝗼̂̃
--------------------
🏠𝟮𝟴𝟴 𝗧𝗿𝘂̛𝗼̛̀𝗻𝗴 𝗖𝗵𝗶𝗻𝗵 - 𝗣𝗵ư𝗼̛̀𝗻𝗴 Đ𝗼̂𝗻𝗴 𝗛𝘂̛𝗻𝗴 𝗧𝗵𝘂𝗮̣̂𝗻 - 𝗛𝗖𝗠 (𝗤𝘂𝗮̣̂𝗻𝟭𝟮 𝗰𝘂̃)",Cần xác minh,VinFast,Evo 200,18000000.0,-16.1
134622598,Xe máy điện Quantum s1 2025 Đen,43000000,"Xe máy điện Quantum s1  màu đen, kiểu dáng hiện đại, vận hành êm ái. 
- Xe mới, ít sử dụng. 
- Thiết kế thời trang, phù hợp di chuyển trong phố. 
- Tiết kiệm năng lượng, thân thiện môi trường.
Năm 12.2025",2025,6000.0,Tp Hồ Chí Minh,Thành phố Thủ Đức,"Xe máy điện Quantum s1  màu đen, kiểu dáng hiện đại, vận hành êm ái. 
- Xe mới, ít sử dụng. 
- Thiết kế thời trang, phù hợp di chuyển trong phố. 
- Tiết kiệm năng lượng, thân thiện môi trường.
Năm 12.2025",Cần xác minh,Dat Bike,Quantum,34900000.0,-23.2
134558900,Xe Điện 3sGo - EvoMax BST 65 Trắng 8000 km,20900000,"EvoMax BST 65 Chính Chủ
- Odo 8k
- Sẵn 2 pin thuê
- Óc tán 7 màu keng 
- Còn đủ phụ kiện theo xe
- Bảo hành Vinfats toàn quốc
⛔️ Nợ xấu đưa 0đ có LÃI SUẤT hoặc 12tr KO LÃI SUẤT
--------------------
✅ 𝗛𝗼̂̃ 𝗧𝗿𝗼̛̣ 𝗔𝗲 𝗟𝗲̂𝗻 𝗛𝗼̂̀ 𝗦𝗼̛ 𝗕𝗮𝗻𝗸 𝗡𝗵𝗮̣̂𝗻 𝗫𝗲 𝗩𝗮̀ 𝗖𝗮𝘃𝗲𝘁 𝗚𝗼̂́𝗰
✅ 𝗡𝗼̛̣ 𝗫𝗮̂́𝘂 – 𝗛𝗼̂̃ 𝗧𝗿𝗼̛̣ 𝟬 Đ𝗼̂̀𝗻𝗴 – 𝗞𝗵𝗼̂𝗻𝗴 𝗫𝗮́𝗰 𝗠𝗶𝗻𝗵
✅ 𝗡𝗼̛̣ 𝗫𝗮̂́𝘂 – 𝗛𝗼̂̃ 𝗧𝗿𝗼̛̣ Đ𝘂̛𝗮 𝟯𝟬% – 𝗞𝗵𝗼̂𝗻𝗴 𝗟𝗮̃𝗶
✅ Đ𝗼̂̉𝗶 𝗣𝗶𝗻 𝗞𝗵𝗼̂𝗻𝗴 𝗖𝗵𝗼̛̀ 𝗦𝗮̣c 𝗡𝗵𝗶𝗲̂̀𝘂 𝗖𝗵𝗶 𝗡𝗵𝗮́𝗻𝗵
✅ 𝗛ỗ 𝗧𝗿𝗼̛̣ 𝟮 𝗡𝗮̆𝗺 𝗫𝗲 𝗛𝘂̛ – 𝗖𝗼́ 𝗫𝗲 𝗞𝗵𝗮́𝗰 𝗗𝘂̀𝗻𝗴
✅ Đ𝗮̆𝗻𝗴 𝗞𝘆́ 𝗔𝗽𝗽 𝗫𝗮𝗻𝗵 𝗣𝗹𝗮𝘁𝗳𝗼𝗿𝗺 – 𝗧𝗮̣𝗶 𝗖𝗵𝗼̂̃
--------------------
🏠𝟮𝟴𝟴 𝗧𝗿𝘂̛𝗼̛̀𝗻𝗴 𝗖𝗵𝗶𝗻𝗵 - 𝗣𝗵ư𝗼̛̀𝗻𝗴 Đ𝗼̂𝗻𝗴 𝗛𝘂̛𝗻𝗴 𝗧𝗵𝘂𝗮̣̂𝗻 - 𝗛𝗖𝗠 (𝗤𝘂𝗮̣̂𝗻𝟭𝟮 𝗰𝘂̃)",2026,8000.0,Tp Hồ Chí Minh,Quận 12,"EvoMax BST 65 Chính Chủ
- Odo 8k
- Sẵn 2 pin thuê
- Óc tán 7 màu keng 
- Còn đủ phụ kiện theo xe
- Bảo hành Vinfats toàn quốc
⛔️ Nợ xấu đưa 0đ có LÃI SUẤT hoặc 12tr KO LÃI SUẤT
--------------------
✅ 𝗛𝗼̂̃ 𝗧𝗿𝗼̛̣ 𝗔𝗲 𝗟𝗲̂𝗻 𝗛𝗼̂̀ 𝗦𝗼̛ 𝗕𝗮𝗻𝗸 𝗡𝗵𝗮̣̂𝗻 𝗫𝗲 𝗩𝗮̀ 𝗖𝗮𝘃𝗲𝘁 𝗚𝗼̂́𝗰
✅ 𝗡𝗼̛̣ 𝗫𝗮̂́𝘂 – 𝗛𝗼̂̃ 𝗧𝗿𝗼̛̣ 𝟬 Đ𝗼̂̀𝗻𝗴 – 𝗞𝗵𝗼̂𝗻𝗴 𝗫𝗮́𝗰 𝗠𝗶𝗻𝗵
✅ 𝗡𝗼̛̣ 𝗫𝗮̂́𝘂 – 𝗛𝗼̂̃ 𝗧𝗿𝗼̛̣ Đ𝘂̛𝗮 𝟯𝟬% – 𝗞𝗵𝗼̂𝗻𝗴 𝗟𝗮̃𝗶
✅ Đ𝗼̂̉𝗶 𝗣𝗶𝗻 𝗞𝗵𝗼̂𝗻𝗴 𝗖𝗵𝗼̛̀ 𝗦𝗮̣c 𝗡𝗵𝗶𝗲̂̀𝘂 𝗖𝗵𝗶 𝗡𝗵𝗮́𝗻𝗵
✅ 𝗛ỗ 𝗧𝗿𝗼̛̣ 𝟮 𝗡𝗮̆𝗺 𝗫𝗲 𝗛𝘂̛ – 𝗖𝗼́ 𝗫𝗲 𝗞𝗵𝗮́𝗰 𝗗𝘂̀𝗻𝗴
✅ Đ𝗮̆𝗻𝗴 𝗞𝘆́ 𝗔𝗽𝗽 𝗫𝗮𝗻𝗵 𝗣𝗹𝗮𝘁𝗳𝗼𝗿𝗺 – 𝗧𝗮̣𝗶 𝗖𝗵𝗼̂̃
--------------------
🏠𝟮𝟴𝟴 𝗧𝗿𝘂̛𝗼̛̀𝗻𝗴 𝗖𝗵𝗶𝗻𝗵 - 𝗣𝗵ư𝗼̛̀𝗻𝗴 Đ𝗼̂𝗻𝗴 𝗛𝘂̛𝗻𝗴 𝗧𝗵𝘂𝗮̣̂𝗻 - 𝗛𝗖𝗠 (𝗤𝘂𝗮̣̂𝗻𝟭𝟮 𝗰𝘂̃)",Cần xác minh,Khác,Không phân loại,,
134366874,"Xe máy điện Typer 2 Trắng, Cam đã sử dụng",7800000,"Typer 2 đi ít còn như mới bán nửa giá mới

🛵TRẺ TRUNG - PHONG CÁCH - NĂNG ĐỘNG 
✴️ thanh lý xe typer2 
💸💸 giá bán 7tr800
☑️ màu sắc trung tính, thời trang (bảo hành 6 tháng) 
☑️ máy móc nguyên zin, an toàn tiết kiệm điện , Xanh, sạch không ồn 
☎️ Zalo *** (free ship Hà Nội, hỗ trợ ship toàn quốc  )
🏠 389 đội cấn -Hà Nội",2025,10000.0,Hà Nội,Quận Ba Đình,"Typer 2 đi ít còn như mới bán nửa giá mới

🛵TRẺ TRUNG - PHONG CÁCH - NĂNG ĐỘNG 
✴️ thanh lý xe typer2 
💸💸 giá bán 7tr800
☑️ màu sắc trung tính, thời trang (bảo hành 6 tháng) 
☑️ máy móc nguyên zin, an toàn tiết kiệm điện , Xanh, sạch không ồn 
☎️ Zalo *** (free ship Hà Nội, hỗ trợ ship toàn quốc  )
🏠 *** đội cấn -Hà Nội",Kèm pin,Khác,Không phân loại,,
134508320,Xe Điện 3sGo - Datbike S1 2026 Đen 10000 km,44900000,"DatbikeS1 BSTP ĐK 2026 Chính Chủ 1 Lần sạc đi 285km
- Odo 10k hơn
- Óc tán 7 màu keng 
- Còn đủ phụ kiện theo xe 
- Bảo hành Datbike toàn quốc
⛔️ Nợ xấu đưa 5tr8 có LÃI SUẤT hoặc 23tr KO LÃI SUẤT
--------------------
✅ 𝗛𝗼̂̃ 𝗧𝗿𝗼̛̣ 𝗔𝗲 𝗟𝗲̂𝗻 𝗛𝗼̂̀ 𝗦𝗼̛ 𝗕𝗮𝗻𝗸 𝗡𝗵𝗮̣̂𝗻 𝗫𝗲 𝗩𝗮̀ 𝗖𝗮𝘃𝗲𝘁 𝗚𝗼̂́𝗰
✅ 𝗡𝗼̛̣ 𝗫𝗮̂́𝘂 – 𝗛𝗼̂̃ 𝗧𝗿𝗼̛̣ 𝟬 Đ𝗼̂̀𝗻𝗴 – 𝗞𝗵𝗼̂𝗻𝗴 𝗫𝗮́𝗰 𝗠𝗶𝗻𝗵
✅ 𝗡𝗼̛̣ 𝗫𝗮̂́𝘂 – 𝗛𝗼̂̃ 𝗧𝗿𝗼̛̣ Đ𝘂̛𝗮 𝟯𝟬% – 𝗞𝗵𝗼̂𝗻𝗴 𝗟𝗮̃𝗶
✅ Đ𝗼̂̉𝗶 𝗣𝗶𝗻 𝗞𝗵𝗼̂𝗻𝗴 𝗖𝗵𝗼̛̀ 𝗦𝗮̣c 𝗡𝗵𝗶𝗲̂̀𝘂 𝗖𝗵𝗶 𝗡𝗵𝗮́𝗻𝗵
✅ 𝗛ỗ 𝗧𝗿𝗼̛̣ 𝟮 𝗡𝗮̆𝗺 𝗫𝗲 𝗛𝘂̛ – 𝗖𝗼́ 𝗫𝗲 𝗞𝗵𝗮́𝗰 𝗗𝘂̀𝗻𝗴
✅ Đ𝗮̆𝗻𝗴 𝗞𝘆́ 𝗔𝗽𝗽 𝗫𝗮𝗻𝗵 𝗣𝗹𝗮𝘁𝗳𝗼𝗿𝗺 – 𝗧𝗮̣𝗶 𝗖𝗵𝗼̂̃
--------------------
🏠𝟮𝟴𝟴 𝗧𝗿𝘂̛𝗼̛̀𝗻𝗴 𝗖𝗵𝗶𝗻𝗵 - 𝗣𝗵ư𝗼̛̀𝗻𝗴 Đ𝗼̂𝗻𝗴 𝗛𝘂̛𝗻𝗴 𝗧𝗵𝘂𝗮̣̂𝗻 - 𝗛𝗖𝗠 (𝗤𝘂𝗮̣̂𝗻𝟭𝟮 𝗰𝘂̃)",2025,10000.0,Tp Hồ Chí Minh,Quận 12,"DatbikeS1 BSTP ĐK 2026 Chính Chủ 1 Lần sạc đi 285km
- Odo 10k hơn
- Óc tán 7 màu keng 
- Còn đủ phụ kiện theo xe 
- Bảo hành Datbike toàn quốc
⛔️ Nợ xấu đưa 5tr8 có LÃI SUẤT hoặc 23tr KO LÃI SUẤT
--------------------
✅ 𝗛𝗼̂̃ 𝗧𝗿𝗼̛̣ 𝗔𝗲 𝗟𝗲̂𝗻 𝗛𝗼̂̀ 𝗦𝗼̛ 𝗕𝗮𝗻𝗸 𝗡𝗵𝗮̣̂𝗻 𝗫𝗲 𝗩𝗮̀ 𝗖𝗮𝘃𝗲𝘁 𝗚𝗼̂́𝗰
✅ 𝗡𝗼̛̣ 𝗫𝗮̂́𝘂 – 𝗛𝗼̂̃ 𝗧𝗿𝗼̛̣ 𝟬 Đ𝗼̂̀𝗻𝗴 – 𝗞𝗵𝗼̂𝗻𝗴 𝗫𝗮́𝗰 𝗠𝗶𝗻𝗵
✅ 𝗡𝗼̛̣ 𝗫𝗮̂́𝘂 – 𝗛𝗼̂̃ 𝗧𝗿𝗼̛̣ Đ𝘂̛𝗮 𝟯𝟬% – 𝗞𝗵𝗼̂𝗻𝗴 𝗟𝗮̃𝗶
✅ Đ𝗼̂̉𝗶 𝗣𝗶𝗻 𝗞𝗵𝗼̂𝗻𝗴 𝗖𝗵𝗼̛̀ 𝗦𝗮̣c 𝗡𝗵𝗶𝗲̂̀𝘂 𝗖𝗵𝗶 𝗡𝗵𝗮́𝗻𝗵
✅ 𝗛ỗ 𝗧𝗿𝗼̛̣ 𝟮 𝗡𝗮̆𝗺 𝗫𝗲 𝗛𝘂̛ – 𝗖𝗼́ 𝗫𝗲 𝗞𝗵𝗮́𝗰 𝗗𝘂̀𝗻𝗴
✅ Đ𝗮̆𝗻𝗴 𝗞𝘆́ 𝗔𝗽𝗽 𝗫𝗮𝗻𝗵 𝗣𝗹𝗮𝘁𝗳𝗼𝗿𝗺 – 𝗧𝗮̣𝗶 𝗖𝗵𝗼̂̃
--------------------
🏠𝟮𝟴𝟴 𝗧𝗿𝘂̛𝗼̛̀𝗻𝗴 𝗖𝗵𝗶𝗻𝗵 - 𝗣𝗵ư𝗼̛̀𝗻𝗴 Đ𝗼̂𝗻𝗴 𝗛𝘂̛𝗻𝗴 𝗧𝗵𝘂𝗮̣̂𝗻 - 𝗛𝗖𝗠 (𝗤𝘂𝗮̣̂𝗻𝟭𝟮 𝗰𝘂̃)",Cần xác minh,Khác,Không phân loại,,
134197994,CỬA HÀNG THU MUA XE MÁY ĐIỆN CŨ,35999000,"⭐️ CỬA HÀNG PHẠM TUẤN XE ĐIỆN CŨ 
CHUYÊN THU MUA XE ĐIỆN CŨ - GIÁ CAO - BAO MỌI GIẤY TỜ LIÊN QUAN
📌 Địa chỉ: 244 Thoại Ngọc Hầu . Phú Thạnh , Q .Tân Phú . TP HCM.
⭐️ ĐỊNH GIÁ MIỄN PHÍ XE MÁY ⭐️

❤️ Chuyên Thu Mua Xe Điện Cũ với các dòng như sau, Giá Bao Thị Trường
( VINFAST . YADEA . DATBIKE . PEGA...)

Giá thu từ: 1tr - 99tr

Dịch vụ đặc biệt:
❤️ Bấm Giá Trong Vòng 30s Để Khách Hàng Tham Khảo Giá
❤️ Hỗ Trợ Mua Tận Nơi ( Sài Gòn và những chỗ lân cận)


😍😍😍 CẦN KẾT NỐI VỚI SHOWROOM CÁC HÃNG XE ĐIỆN NEW THU CŨ ĐỔI MỚI CHO KHÁCH HÀNG

code: #thumuaxe #26003663_1",2025,1.0,Tp Hồ Chí Minh,Quận Tân Phú,"⭐️ CỬA HÀNG PHẠM TUẤN XE ĐIỆN CŨ 
CHUYÊN THU MUA XE ĐIỆN CŨ - GIÁ CAO - BAO MỌI GIẤY TỜ LIÊN QUAN
📌 Địa chỉ: 244 Thoại Ngọc Hầu . Phú Thạnh , Q .Tân Phú . TP HCM.
⭐️ ĐỊNH GIÁ MIỄN PHÍ XE MÁY ⭐️

❤️ Chuyên Thu Mua Xe Điện Cũ với các dòng như sau, Giá Bao Thị Trường
( VINFAST . YADEA . DATBIKE . PEGA...)

Giá thu từ: 1tr - 99tr

Dịch vụ đặc biệt:
❤️ Bấm Giá Trong Vòng 30s Để Khách Hàng Tham Khảo Giá
❤️ Hỗ Trợ Mua Tận Nơi ( Sài Gòn và những chỗ lân cận)


😍😍😍 CẦN KẾT NỐI VỚI SHOWROOM CÁC HÃNG XE ĐIỆN NEW THU CŨ ĐỔI MỚI CHO KHÁCH HÀNG

code: #thumuaxe #26003663_1",Cần xác minh,Khác,Không phân loại,,
134558870,Xe Điện 3sGo - Feliz II Trắng 700km,25900000,"Feliz II BSTP Chính Chủ 
- Odo 700km
- 2pin (free thuê 2pin 1 năm)
- Óc tán 7 màu keng 
- Còn đủ phụ kiện theo xe 
- Bảo hành Vinfast toàn quốc
⛔️ Nợ xấu đưa 0đ có LÃI SUẤT hoặc 15tr KO LÃI SUẤT
--------------------
✅ 𝗛𝗼̂̃ 𝗧𝗿𝗼̛̣ 𝗔𝗲 𝗟𝗲̂𝗻 𝗛𝗼̂̀ 𝗦𝗼̛ 𝗕𝗮𝗻𝗸 𝗡𝗵𝗮̣̂𝗻 𝗫𝗲 𝗩𝗮̀ 𝗖𝗮𝘃𝗲𝘁 𝗚𝗼̂́𝗰
✅ 𝗡𝗼̛̣ 𝗫𝗮̂́𝘂 – 𝗛𝗼̂̃ 𝗧𝗿𝗼̛̣ 𝟬 Đ𝗼̂̀𝗻𝗴 – 𝗞𝗵𝗼̂𝗻𝗴 𝗫𝗮́𝗰 𝗠𝗶𝗻𝗵
✅ 𝗡𝗼̛̣ 𝗫𝗮̂́𝘂 – 𝗛𝗼̂̃ 𝗧𝗿𝗼̛̣ Đ𝘂̛𝗮 𝟯𝟬% – 𝗞𝗵𝗼̂𝗻𝗴 𝗟𝗮̃𝗶
✅ Đ𝗼̂̉𝗶 𝗣𝗶𝗻 𝗞𝗵𝗼̂𝗻𝗴 𝗖𝗵𝗼̛̀ 𝗦𝗮̣c 𝗡𝗵𝗶𝗲̂̀𝘂 𝗖𝗵𝗶 𝗡𝗵𝗮́𝗻𝗵
✅ 𝗛ỗ 𝗧𝗿𝗼̛̣ 𝟮 𝗡𝗮̆𝗺 𝗫𝗲 𝗛𝘂̛ – 𝗖𝗼́ 𝗫𝗲 𝗞𝗵𝗮́𝗰 𝗗𝘂̀𝗻𝗴
✅ Đ𝗮̆𝗻𝗴 𝗞𝘆́ 𝗔𝗽𝗽 𝗫𝗮𝗻𝗵 𝗣𝗹𝗮𝘁𝗳𝗼𝗿𝗺 – 𝗧𝗮̣𝗶 𝗖𝗵𝗼̂̃
--------------------
🏠𝟮𝟴𝟴 𝗧𝗿𝘂̛𝗼̛̀𝗻𝗴 𝗖𝗵𝗶𝗻𝗵 - 𝗣𝗵ư𝗼̛̀𝗻𝗴 Đ𝗼̂𝗻𝗴 𝗛𝘂̛𝗻𝗴 𝗧𝗵𝘂𝗮̣̂𝗻 - 𝗛𝗖𝗠 (𝗤𝘂𝗮̣̂𝗻𝟭𝟮 𝗰𝘂̃)",2026,700.0,Tp Hồ Chí Minh,Quận 12,"Feliz II BSTP Chính Chủ 
- Odo 700km
- 2pin (free thuê 2pin 1 năm)
- Óc tán 7 màu keng 
- Còn đủ phụ kiện theo xe 
- Bảo hành Vinfast toàn quốc
⛔️ Nợ xấu đưa 0đ có LÃI SUẤT hoặc 15tr KO LÃI SUẤT
--------------------
✅ 𝗛𝗼̂̃ 𝗧𝗿𝗼̛̣ 𝗔𝗲 𝗟𝗲̂𝗻 𝗛𝗼̂̀ 𝗦𝗼̛ 𝗕𝗮𝗻𝗸 𝗡𝗵𝗮̣̂𝗻 𝗫𝗲 𝗩𝗮̀ 𝗖𝗮𝘃𝗲𝘁 𝗚𝗼̂́𝗰
✅ 𝗡𝗼̛̣ 𝗫𝗮̂́𝘂 – 𝗛𝗼̂̃ 𝗧𝗿𝗼̛̣ 𝟬 Đ𝗼̂̀𝗻𝗴 – 𝗞𝗵𝗼̂𝗻𝗴 𝗫𝗮́𝗰 𝗠𝗶𝗻𝗵
✅ 𝗡𝗼̛̣ 𝗫𝗮̂́𝘂 – 𝗛𝗼̂̃ 𝗧𝗿𝗼̛̣ Đ𝘂̛𝗮 𝟯𝟬% – 𝗞𝗵𝗼̂𝗻𝗴 𝗟𝗮̃𝗶
✅ Đ𝗼̂̉𝗶 𝗣𝗶𝗻 𝗞𝗵𝗼̂𝗻𝗴 𝗖𝗵𝗼̛̀ 𝗦𝗮̣c 𝗡𝗵𝗶𝗲̂̀𝘂 𝗖𝗵𝗶 𝗡𝗵𝗮́𝗻𝗵
✅ 𝗛ỗ 𝗧𝗿𝗼̛̣ 𝟮 𝗡𝗮̆𝗺 𝗫𝗲 𝗛𝘂̛ – 𝗖𝗼́ 𝗫𝗲 𝗞𝗵𝗮́𝗰 𝗗𝘂̀𝗻𝗴
✅ Đ𝗮̆𝗻𝗴 𝗞𝘆́ 𝗔𝗽𝗽 𝗫𝗮𝗻𝗵 𝗣𝗹𝗮𝘁𝗳𝗼𝗿𝗺 – 𝗧𝗮̣𝗶 𝗖𝗵𝗼̂̃
--------------------
🏠𝟮𝟴𝟴 𝗧𝗿𝘂̛𝗼̛̀𝗻𝗴 𝗖𝗵𝗶𝗻𝗵 - 𝗣𝗵ư𝗼̛̀𝗻𝗴 Đ𝗼̂𝗻𝗴 𝗛𝘂̛𝗻𝗴 𝗧𝗵𝘂𝗮̣̂𝗻 - 𝗛𝗖𝗠 (𝗤𝘂𝗮̣̂𝗻𝟭𝟮 𝗰𝘂̃)",Cần xác minh,VinFast,Feliz,27000000.0,4.1
134621837,Xe máy điện Xmen 2019 Đen Việt Nam,4900000,"BÁN XE MÁY ĐIỆN cũ :  Xmen 
Giá:4tr900  bình khỏe 30/35km/1 lần sạc 
Đk 2019 biển số 74 
xe ở Cầu Vượt Sóng Thần  Qlộ 1A 
LH: ***
Có nhan đổi xe điện cũ các loại",2019,8978.0,Tp Hồ Chí Minh,Thành phố Thủ Đức,"BÁN XE MÁY ĐIỆN cũ :  Xmen 
Giá:4tr900  bình khỏe 30/35km/1 lần sạc 
Đk 2019 biển số 74 
xe ở Cầu Vượt Sóng Thần  Qlộ 1A 
LH: ***
Có nhan đổi xe điện cũ các loại",Cần xác minh,Khác,Không phân loại,,
134621834,Xe máy điện VinFast Vento Neo Trắng 9.000KM,29500000,"Vento Neo 9.000KM Cập Bến 😍😍😍

Giá..29.5Tr

☎️*** Em bi",2025,9000.0,Tp Hồ Chí Minh,Quận Tân Phú,"Vento Neo 9.000KM Cập Bến 😍😍😍

Giá..29.5Tr

☎️*** Em bi",Cần xác minh,VinFast,Vento,50000000.0,41.0
134621825,"VinFast Feliz Neo 2025 Xám 38,900km",28000000,"Feliz Ne***


- ODO : 38,900km
- Pin : 72v 105Ah . Quãng đường đi được từ 200km 1 lần sạc
- Ngoại hình : 95%
- Thủ tục mua bán : công chứng mua bán ra tên mới. Chủ xe hỗ trợ rút hồ sơ
- Năm đăng ký : 10/2025
- Giá bán :  28,000,000
- Có hỗ trợ trả góp, nợ xấu
- Có cho thuê xe, trao đổi mua bán xe, ký gửi xe",2025,38900.0,Tp Hồ Chí Minh,Quận Tân Bình,"Feliz Ne***


- ODO : 38,900km
- Pin : 72v 105Ah . Quãng đường đi được từ 200km 1 lần sạc
- Ngoại hình : 95%
- Thủ tục mua bán : công chứng mua bán ra tên mới. Chủ xe hỗ trợ rút hồ sơ
- Năm đăng ký : 10/2025
- Giá bán :  28,000,000
- Có hỗ trợ trả góp, nợ xấu
- Có cho thuê xe, trao đổi mua bán xe, ký gửi xe",Cần xác minh,VinFast,Feliz,27000000.0,-3.7
134621821,Xe điện gogo,5200000,"bán xe điện còn rất tốt nhập khẩu nguyên chiếc giá vừa tầm ai mua cho con đi hoc câp 3 đỡ đươc bao nhiêu tiền nhà nhiêu xe lên bán nhanh cho gọn
ai thiên chí mua hoăc nhăn tin nêu ko nghe may kip",2019,5252.0,Hải Phòng,Quận Ngô Quyền,"bán xe điện còn rất tốt nhập khẩu nguyên chiếc giá vừa tầm ai mua cho con đi hoc câp 3 đỡ đươc bao nhiêu tiền nhà nhiêu xe lên bán nhanh cho gọn
ai thiên chí mua hoăc nhăn tin nêu ko nghe may kip",Cần xác minh,Dibao,Gogo,14500000.0,64.1
134621813,Quantum S3 odo 10k xe đẹp ken biển sg,32500000,"Quantum s3 xe đẹp ken 9 chủ ký 
Có gop nợ xấu tay đôi",2025,10412.0,Tp Hồ Chí Minh,Quận Tân Phú,"Quantum s3 xe đẹp ken 9 chủ ký 
Có gop nợ xấu tay đôi",Cần xác minh,Dat Bike,Quantum,34900000.0,6.9
133165398,Xe máy điện VinFast Feliz 2 Trắng,17500000,"Xe máy điện VinFast Feliz 2 màu trắng, thiết kế hiện đại, phù hợp cho cả nam và nữ. 
- Xe vận hành êm ái, tiết kiệm năng lượng. 
- Trang bị nhiều tính năng thông minh. 
- Xe mới, ít sử dụng.
- chuyển nhượng hợp đồng thuê 2 pin vinfast 1,5kw
",2026,1589.0,Đồng Nai,Huyện Trảng Bom,"Xe máy điện VinFast Feliz 2 màu trắng, thiết kế hiện đại, phù hợp cho cả nam và nữ. 
- Xe vận hành êm ái, tiết kiệm năng lượng. 
- Trang bị nhiều tính năng thông minh. 
- Xe mới, ít sử dụng.
- chuyển nhượng hợp đồng thuê 2 pin vinfast 1,5kw
",Cần xác minh,VinFast,Feliz,27000000.0,35.2
134536690,Xe Điện 3sGo -  Evo200Lite 2025 Đen,22900000,"Evo200Lite  - Bstp 9 Chủ ĐK 2025
- 2 Chìa khoá đầy đủ
- Dàn áo dán keng 98%
- Óc tán 7 màu keng 98%
- Còn đủ phụ kiện theo xe
❤️Xe keng 98% so với xe new 
⛔️ Nợ xấu đưa 3tr2 có LÃI SUẤT hoặc 12tr KO LÃI SUẤT
--------------------
✅ 𝗛𝗼̂̃ 𝗧𝗿𝗼̛̣ 𝗔𝗲 𝗟𝗲̂𝗻 𝗛𝗼̂̀ 𝗦𝗼̛ 𝗕𝗮𝗻𝗸 𝗡𝗵𝗮̣̂𝗻 𝗫𝗲 𝗩𝗮̀ 𝗖𝗮𝘃𝗲𝘁 𝗚𝗼̂́𝗰
✅ 𝗡𝗼̛̣ 𝗫𝗮̂́𝘂 – 𝗛𝗼̂̃ 𝗧𝗿𝗼̛̣ 𝟬 Đ𝗼̂̀𝗻𝗴 – 𝗞𝗵𝗼̂𝗻𝗴 𝗫𝗮́𝗰 𝗠𝗶𝗻𝗵
✅ 𝗡𝗼̛̣ 𝗫𝗮̂́𝘂 – 𝗛𝗼̂̃ 𝗧𝗿𝗼̛̣ Đ𝘂̛𝗮 𝟯𝟬% – 𝗞𝗵𝗼̂𝗻𝗴 𝗟𝗮̃𝗶
✅ Đ𝗼̂̉𝗶 𝗣𝗶𝗻 𝗞𝗵𝗼̂𝗻𝗴 𝗖𝗵𝗼̛̀ 𝗦𝗮̣c 𝗡𝗵𝗶𝗲̂̀𝘂 𝗖𝗵𝗶 𝗡𝗵𝗮́𝗻𝗵
✅ 𝗛ỗ 𝗧𝗿𝗼̛̣ 𝟮 𝗡𝗮̆𝗺 𝗫𝗲 𝗛𝘂̛ – 𝗖𝗼́ 𝗫𝗲 𝗞𝗵𝗮́𝗰 𝗗𝘂̀𝗻𝗴
✅ Đ𝗮̆𝗻𝗴 𝗞𝘆́ 𝗔𝗽𝗽 𝗫𝗮𝗻𝗵 𝗣𝗹𝗮𝘁𝗳𝗼𝗿𝗺 – 𝗧𝗮̣𝗶 𝗖𝗵𝗼̂̃
--------------------
🏠𝟮𝟴𝟴 𝗧𝗿𝘂̛𝗼̛̀𝗻𝗴 𝗖𝗵𝗶𝗻𝗵 - 𝗣𝗵ư𝗼̛̀𝗻𝗴 Đ𝗼̂𝗻𝗴 𝗛𝘂̛𝗻𝗴 𝗧𝗵𝘂𝗮̣̂𝗻 - 𝗛𝗖𝗠 (𝗤𝘂𝗮̣̂𝗻𝟭𝟮 𝗰𝘂̃)",2025,,Tp Hồ Chí Minh,Quận 12,"Evo200Lite  - Bstp 9 Chủ ĐK 2025
- 2 Chìa khoá đầy đủ
- Dàn áo dán keng 98%
- Óc tán 7 màu keng 98%
- Còn đủ phụ kiện theo xe
❤️Xe keng 98% so với xe new 
⛔️ Nợ xấu đưa 3tr2 có LÃI SUẤT hoặc 12tr KO LÃI SUẤT
--------------------
✅ 𝗛𝗼̂̃ 𝗧𝗿𝗼̛̣ 𝗔𝗲 𝗟𝗲̂𝗻 𝗛𝗼̂̀ 𝗦𝗼̛ 𝗕𝗮𝗻𝗸 𝗡𝗵𝗮̣̂𝗻 𝗫𝗲 𝗩𝗮̀ 𝗖𝗮𝘃𝗲𝘁 𝗚𝗼̂́𝗰
✅ 𝗡𝗼̛̣ 𝗫𝗮̂́𝘂 – 𝗛𝗼̂̃ 𝗧𝗿𝗼̛̣ 𝟬 Đ𝗼̂̀𝗻𝗴 – 𝗞𝗵𝗼̂𝗻𝗴 𝗫𝗮́𝗰 𝗠𝗶𝗻𝗵
✅ 𝗡𝗼̛̣ 𝗫𝗮̂́𝘂 – 𝗛𝗼̂̃ 𝗧𝗿𝗼̛̣ Đ𝘂̛𝗮 𝟯𝟬% – 𝗞𝗵𝗼̂𝗻𝗴 𝗟𝗮̃𝗶
✅ Đ𝗼̂̉𝗶 𝗣𝗶𝗻 𝗞𝗵𝗼̂𝗻𝗴 𝗖𝗵𝗼̛̀ 𝗦𝗮̣c 𝗡𝗵𝗶𝗲̂̀𝘂 𝗖𝗵𝗶 𝗡𝗵𝗮́𝗻𝗵
✅ 𝗛ỗ 𝗧𝗿𝗼̛̣ 𝟮 𝗡𝗮̆𝗺 𝗫𝗲 𝗛𝘂̛ – 𝗖𝗼́ 𝗫𝗲 𝗞𝗵𝗮́𝗰 𝗗𝘂̀𝗻𝗴
✅ Đ𝗮̆𝗻𝗴 𝗞𝘆́ 𝗔𝗽𝗽 𝗫𝗮𝗻𝗵 𝗣𝗹𝗮𝘁𝗳𝗼𝗿𝗺 – 𝗧𝗮̣𝗶 𝗖𝗵𝗼̂̃
--------------------
🏠𝟮𝟴𝟴 𝗧𝗿𝘂̛𝗼̛̀𝗻𝗴 𝗖𝗵𝗶𝗻𝗵 - 𝗣𝗵ư𝗼̛̀𝗻𝗴 Đ𝗼̂𝗻𝗴 𝗛𝘂̛𝗻𝗴 𝗧𝗵𝘂𝗮̣̂𝗻 - 𝗛𝗖𝗠 (𝗤𝘂𝗮̣̂𝗻𝟭𝟮 𝗰𝘂̃)",Cần xác minh,Khác,Không phân loại,,
134621561,Xe máy điện VinFast Feliz 2025 Trắng 2 pin 2.4kW,25000000,"FELIZ 2025 – 2 PIN ZIN – GIÁ 25 TRIỆU 🔥
Biển số: 50AD-256.57

🛵 Feliz 2025 – xe đẹp, 2 pin zin, sẵn sàng chạy ngay!

✨ Thông tin xe:

📍 ODO: 10.000 km
🔋 2 pin 2.4kW zin hãng
💎 Ngoại hình: 95%
📅 Đăng ký: 12/2025
📄 Công chứng mua bán
💰 Giá bán: 25.000.000đ

💳 HỖ TRỢ TRẢ GÓP – HỖ TRỢ HỒ SƠ NỢ XẤU
🛵 Có cho thuê xe
🔄 Nhận trao đổi – mua bán xe
📦 Nhận ký gửi xe

🔥 Điểm đáng tiền: 2 pin zin + đời 2025 + giấy tờ mua bán rõ ràng. Mua về đi hằng ngày hoặc chạy dịch vụ đều tiện.

📩 Quan tâm inbox ngay – xe đẹp, giá tốt, chốt sớm kẻo hết!",2025,10000.0,Tp Hồ Chí Minh,Quận Tân Bình,"FELIZ 2025 – 2 PIN ZIN – GIÁ 25 TRIỆU 🔥
Biển số: 50AD-256.57

🛵 Feliz 2025 – xe đẹp, 2 pin zin, sẵn sàng chạy ngay!

✨ Thông tin xe:

📍 ODO: 10.000 km
🔋 2 pin 2.4kW zin hãng
💎 Ngoại hình: 95%
📅 Đăng ký: 12/2025
📄 Công chứng mua bán
💰 Giá bán: 25.000.000đ

💳 HỖ TRỢ TRẢ GÓP – HỖ TRỢ HỒ SƠ NỢ XẤU
🛵 Có cho thuê xe
🔄 Nhận trao đổi – mua bán xe
📦 Nhận ký gửi xe

🔥 Điểm đáng tiền: 2 pin zin + đời 2025 + giấy tờ mua bán rõ ràng. Mua về đi hằng ngày hoặc chạy dịch vụ đều tiện.

📩 Quan tâm inbox ngay – xe đẹp, giá tốt, chốt sớm kẻo hết!",Kèm pin,VinFast,Feliz,27000000.0,7.4
134621518,Xe máy điện VinFast Feliz Neo 2025 Xám 39000 km,20500000,"Feliz Neo màu xám BS : 50-AC 735.12


- ODO : 39000
- Pin : 1 Pin zin 67v 30Ah + 1 pin song song sàn chân 67v 30Ah . Quãng đường đi được từ 130 - 150km 1 lần sạc
- Ngoại hình : 90%
- Thủ tục mua bán : công chứng mua bán
- Năm đăng ký : 09/2025
- Giá bán :  20,500,000
- Có hỗ trợ trả góp, nợ xấu
- Có cho thuê xe, trao đổi mua bán xe, ký gửi xe",2025,39000.0,Tp Hồ Chí Minh,Quận Tân Bình,"Feliz Neo màu xám BS : 50-AC 735.12


- ODO : 39000
- Pin : 1 Pin zin 67v 30Ah + 1 pin song song sàn chân 67v 30Ah . Quãng đường đi được từ 130 - 150km 1 lần sạc
- Ngoại hình : 90%
- Thủ tục mua bán : công chứng mua bán
- Năm đăng ký : 09/2025
- Giá bán :  20,500,000
- Có hỗ trợ trả góp, nợ xấu
- Có cho thuê xe, trao đổi mua bán xe, ký gửi xe",Kèm pin,VinFast,Feliz,27000000.0,24.1
134506458,Xe Điện 3sGo - Flazz 2026 Trắng 900 km,15900000,"Flazz BSTP ĐK 2026 Chính Chủ 
- Odo 900 cây
- Đã mua 2 pin
- Óc tán 7 màu keng 
- Còn đủ phụ kiện theo xe
- Bảo hành Vinfast toàn quốc
#Giá_15tr9 - Nậu xớ đưa 2tr1 hoặc 5tr1
⛔️ Nợ xấu đưa 2tr1 có LÃI SUẤT hoặc 8tr KO LÃI SUẤT
--------------------
✅ 𝗛𝗼̂̃ 𝗧𝗿𝗼̛̣ 𝗔𝗲 𝗟𝗲̂𝗻 𝗛𝗼̂̀ 𝗦𝗼̛ 𝗕𝗮𝗻𝗸 𝗡𝗵𝗮̣̂𝗻 𝗫𝗲 𝗩𝗮̀ 𝗖𝗮𝘃𝗲𝘁 𝗚𝗼̂́𝗰
✅ 𝗡𝗼̛̣ 𝗫𝗮̂́𝘂 – 𝗛𝗼̂̃ 𝗧𝗿𝗼̛̣ 𝟬 Đ𝗼̂̀𝗻𝗴 – 𝗞𝗵𝗼̂𝗻𝗴 𝗫𝗮́𝗰 𝗠𝗶𝗻𝗵
✅ 𝗡𝗼̛̣ 𝗫𝗮̂́𝘂 – 𝗛𝗼̂̃ 𝗧𝗿𝗼̛̣ Đ𝘂̛𝗮 𝟯𝟬% – 𝗞𝗵𝗼̂𝗻𝗴 𝗟𝗮̃𝗶
✅ Đ𝗼̂̉𝗶 𝗣𝗶𝗻 𝗞𝗵𝗼̂𝗻𝗴 𝗖𝗵𝗼̛̀ 𝗦𝗮̣c 𝗡𝗵𝗶𝗲̂̀𝘂 𝗖𝗵𝗶 𝗡𝗵𝗮́𝗻𝗵
✅ 𝗛ỗ 𝗧𝗿𝗼̛̣ 𝟮 𝗡𝗮̆𝗺 𝗫𝗲 𝗛𝘂̛ – 𝗖𝗼́ 𝗫𝗲 𝗞𝗵𝗮́𝗰 𝗗𝘂̀𝗻𝗴
✅ Đ𝗮̆𝗻𝗴 𝗞𝘆́ 𝗔𝗽𝗽 𝗫𝗮𝗻𝗵 𝗣𝗹𝗮𝘁𝗳𝗼𝗿𝗺 – 𝗧𝗮̣𝗶 𝗖𝗵𝗼̂̃
--------------------
🏠𝟮𝟴𝟴 𝗧𝗿𝘂̛𝗼̛̀𝗻𝗴 𝗖𝗵𝗶𝗻𝗵 - 𝗣𝗵ư𝗼̛̀𝗻𝗴 Đ𝗼̂𝗻𝗴 𝗛𝘂̛𝗻𝗴 𝗧𝗵𝘂𝗮̣̂𝗻 - 𝗛𝗖𝗠 (𝗤𝘂𝗮̣̂𝗻𝟭𝟮 𝗰𝘂̃)",2026,900.0,Tp Hồ Chí Minh,Quận 12,"Flazz BSTP ĐK 2026 Chính Chủ 
- Odo 900 cây
- Đã mua 2 pin
- Óc tán 7 màu keng 
- Còn đủ phụ kiện theo xe
- Bảo hành Vinfast toàn quốc
#Giá_15tr9 - Nậu xớ đưa 2tr1 hoặc 5tr1
⛔️ Nợ xấu đưa 2tr1 có LÃI SUẤT hoặc 8tr KO LÃI SUẤT
--------------------
✅ 𝗛𝗼̂̃ 𝗧𝗿𝗼̛̣ 𝗔𝗲 𝗟𝗲̂𝗻 𝗛𝗼̂̀ 𝗦𝗼̛ 𝗕𝗮𝗻𝗸 𝗡𝗵𝗮̣̂𝗻 𝗫𝗲 𝗩𝗮̀ 𝗖𝗮𝘃𝗲𝘁 𝗚𝗼̂́𝗰
✅ 𝗡𝗼̛̣ 𝗫𝗮̂́𝘂 – 𝗛𝗼̂̃ 𝗧𝗿𝗼̛̣ 𝟬 Đ𝗼̂̀𝗻𝗴 – 𝗞𝗵𝗼̂𝗻𝗴 𝗫𝗮́𝗰 𝗠𝗶𝗻𝗵
✅ 𝗡𝗼̛̣ 𝗫𝗮̂́𝘂 – 𝗛𝗼̂̃ 𝗧𝗿𝗼̛̣ Đ𝘂̛𝗮 𝟯𝟬% – 𝗞𝗵𝗼̂𝗻𝗴 𝗟𝗮̃𝗶
✅ Đ𝗼̂̉𝗶 𝗣𝗶𝗻 𝗞𝗵𝗼̂𝗻𝗴 𝗖𝗵𝗼̛̀ 𝗦𝗮̣c 𝗡𝗵𝗶𝗲̂̀𝘂 𝗖𝗵𝗶 𝗡𝗵𝗮́𝗻𝗵
✅ 𝗛ỗ 𝗧𝗿𝗼̛̣ 𝟮 𝗡𝗮̆𝗺 𝗫𝗲 𝗛𝘂̛ – 𝗖𝗼́ 𝗫𝗲 𝗞𝗵𝗮́𝗰 𝗗𝘂̀𝗻𝗴
✅ Đ𝗮̆𝗻𝗴 𝗞𝘆́ 𝗔𝗽𝗽 𝗫𝗮𝗻𝗵 𝗣𝗹𝗮𝘁𝗳𝗼𝗿𝗺 – 𝗧𝗮̣𝗶 𝗖𝗵𝗼̂̃
--------------------
🏠𝟮𝟴𝟴 𝗧𝗿𝘂̛𝗼̛̀𝗻𝗴 𝗖𝗵𝗶𝗻𝗵 - 𝗣𝗵ư𝗼̛̀𝗻𝗴 Đ𝗼̂𝗻𝗴 𝗛𝘂̛𝗻𝗴 𝗧𝗵𝘂𝗮̣̂𝗻 - 𝗛𝗖𝗠 (𝗤𝘂𝗮̣̂𝗻𝟭𝟮 𝗰𝘂̃)",Cần xác minh,Khác,Không phân loại,,
134555510,Xe Điện 3sGo - Datbike S1 Đen 10.000 km,44900000,"DatbikeS1 BSTP ĐK 2026 Chính Chủ 1 Lần sạc đi 285km
- Odo 10k hơn
- Óc tán 7 màu keng 
- Còn đủ phụ kiện theo xe 
- Bảo hành Datbike toàn quốc
⛔️ Nợ xấu đưa 5tr8 có LÃI SUẤT hoặc 24tr KO LÃI SUẤT
--------------------
✅ 𝗛𝗼̂̃ 𝗧𝗿𝗼̛̣ 𝗔𝗲 𝗟𝗲̂𝗻 𝗛𝗼̂̀ 𝗦𝗼̛ 𝗕𝗮𝗻𝗸 𝗡𝗵𝗮̣̂𝗻 𝗫𝗲 𝗩𝗮̀ 𝗖𝗮𝘃𝗲𝘁 𝗚𝗼̂́𝗰
✅ 𝗡𝗼̛̣ 𝗫𝗮̂́𝘂 – 𝗛𝗼̂̃ 𝗧𝗿𝗼̛̣ 𝟬 Đ𝗼̂̀𝗻𝗴 – 𝗞𝗵𝗼̂𝗻𝗴 𝗫𝗮́𝗰 𝗠𝗶𝗻𝗵
✅ 𝗡𝗼̛̣ 𝗫𝗮̂́𝘂 – 𝗛𝗼̂̃ 𝗧𝗿𝗼̛̣ Đ𝘂̛𝗮 𝟯𝟬% – 𝗞𝗵𝗼̂𝗻𝗴 𝗟𝗮̃𝗶
✅ Đ𝗼̂̉𝗶 𝗣𝗶𝗻 𝗞𝗵𝗼̂𝗻𝗴 𝗖𝗵𝗼̛̀ 𝗦𝗮̣c 𝗡𝗵𝗶𝗲̂̀𝘂 𝗖𝗵𝗶 𝗡𝗵𝗮́𝗻𝗵
✅ 𝗛ỗ 𝗧𝗿𝗼̛̣ 𝟮 𝗡𝗮̆𝗺 𝗫𝗲 𝗛𝘂̛ – 𝗖𝗼́ 𝗫𝗲 𝗞𝗵𝗮́𝗰 𝗗𝘂̀𝗻𝗴
✅ Đ𝗮̆𝗻𝗴 𝗞𝘆́ 𝗔𝗽𝗽 𝗫𝗮𝗻𝗵 𝗣𝗹𝗮𝘁𝗳𝗼𝗿𝗺 – 𝗧𝗮̣𝗶 𝗖𝗵𝗼̂̃
--------------------
🏠𝟮𝟴𝟴 𝗧𝗿𝘂̛𝗼̛̀𝗻𝗴 𝗖𝗵𝗶𝗻𝗵 - 𝗣𝗵ư𝗼̛̀𝗻𝗴 Đ𝗼̂𝗻𝗴 𝗛𝘂̛𝗻𝗴 𝗧𝗵𝘂𝗮̣̂𝗻 - 𝗛𝗖𝗠 (𝗤𝘂𝗮̣̂𝗻𝟭𝟮 𝗰𝘂̃)",2026,10000.0,Tp Hồ Chí Minh,Quận 12,"DatbikeS1 BSTP ĐK 2026 Chính Chủ 1 Lần sạc đi 285km
- Odo 10k hơn
- Óc tán 7 màu keng 
- Còn đủ phụ kiện theo xe 
- Bảo hành Datbike toàn quốc
⛔️ Nợ xấu đưa 5tr8 có LÃI SUẤT hoặc 24tr KO LÃI SUẤT
--------------------
✅ 𝗛𝗼̂̃ 𝗧𝗿𝗼̛̣ 𝗔𝗲 𝗟𝗲̂𝗻 𝗛𝗼̂̀ 𝗦𝗼̛ 𝗕𝗮𝗻𝗸 𝗡𝗵𝗮̣̂𝗻 𝗫𝗲 𝗩𝗮̀ 𝗖𝗮𝘃𝗲𝘁 𝗚𝗼̂́𝗰
✅ 𝗡𝗼̛̣ 𝗫𝗮̂́𝘂 – 𝗛𝗼̂̃ 𝗧𝗿𝗼̛̣ 𝟬 Đ𝗼̂̀𝗻𝗴 – 𝗞𝗵𝗼̂𝗻𝗴 𝗫𝗮́𝗰 𝗠𝗶𝗻𝗵
✅ 𝗡𝗼̛̣ 𝗫𝗮̂́𝘂 – 𝗛𝗼̂̃ 𝗧𝗿𝗼̛̣ Đ𝘂̛𝗮 𝟯𝟬% – 𝗞𝗵𝗼̂𝗻𝗴 𝗟𝗮̃𝗶
✅ Đ𝗼̂̉𝗶 𝗣𝗶𝗻 𝗞𝗵𝗼̂𝗻𝗴 𝗖𝗵𝗼̛̀ 𝗦𝗮̣c 𝗡𝗵𝗶𝗲̂̀𝘂 𝗖𝗵𝗶 𝗡𝗵𝗮́𝗻𝗵
✅ 𝗛ỗ 𝗧𝗿𝗼̛̣ 𝟮 𝗡𝗮̆𝗺 𝗫𝗲 𝗛𝘂̛ – 𝗖𝗼́ 𝗫𝗲 𝗞𝗵𝗮́𝗰 𝗗𝘂̀𝗻𝗴
✅ Đ𝗮̆𝗻𝗴 𝗞𝘆́ 𝗔𝗽𝗽 𝗫𝗮𝗻𝗵 𝗣𝗹𝗮𝘁𝗳𝗼𝗿𝗺 – 𝗧𝗮̣𝗶 𝗖𝗵𝗼̂̃
--------------------
🏠𝟮𝟴𝟴 𝗧𝗿𝘂̛𝗼̛̀𝗻𝗴 𝗖𝗵𝗶𝗻𝗵 - 𝗣𝗵ư𝗼̛̀𝗻𝗴 Đ𝗼̂𝗻𝗴 𝗛𝘂̛𝗻𝗴 𝗧𝗵𝘂𝗮̣̂𝗻 - 𝗛𝗖𝗠 (𝗤𝘂𝗮̣̂𝗻𝟭𝟮 𝗰𝘂̃)",Cần xác minh,Khác,Không phân loại,,
134620997,Xe máy điện Vespa Espero Classic 2022 Xanh ngọc,8400000,"Vespa Espero Classic 1. Đời cao 2022
Bình khoẻ. Đầy đủ giấy tờ
Ngoại hình đẹp như hình.
Giá hơn 8tr400

📍 Có thể xem xe và kiểm tra trực tiếp.
🏠 87 Máy tơ. Nam định
☎️ ***",2022,8000.0,Nam Định,Thành phố Nam Định,"Vespa Espero Classic 1. Đời cao 2022
Bình khoẻ. Đầy đủ giấy tờ
Ngoại hình đẹp như hình.
Giá hơn 8tr400

📍 Có thể xem xe và kiểm tra trực tiếp.
🏠 87 Máy tơ. Nam định
☎️ ***",Cần xác minh,Khác,Không phân loại,,
134434450,Xe đạp điện Yadea V1 Plus Đen,8500000,"Xe điện V1 Plus màu đen
- Kiểu dáng thời trang, dễ điều khiển.
- Động cơ êm ái.
- Pin bền bỉ, di chuyển quãng đường xa.",2025,1.0,Tp Hồ Chí Minh,Quận Tân Bình,"Xe điện V1 Plus màu đen
- Kiểu dáng thời trang, dễ điều khiển.
- Động cơ êm ái.
- Pin bền bỉ, di chuyển quãng đường xa.",Cần xác minh,Yadea,Yadea (Khác),9990000.0,14.9
134620393,Xe máy điện VinFast Vento Neo Trắng 9.000KM,29500000,"Vento Neo 9.000KM Cập Bến 😍😍😍

Giá..29.5Tr

☎️*** Minh Khờ",2025,9000.0,Tp Hồ Chí Minh,Quận Tân Phú,"Vento Neo 9.000KM Cập Bến 😍😍😍

Giá..29.5Tr

☎️*** Minh Khờ",Cần xác minh,VinFast,Vento,50000000.0,41.0
134620294,Vinfast Ludo Xe điện,6600000,Bán xe điện vinfast ludo acquy mới bảo hành 1 năm,2020,10.0,Hà Nội,Quận Tây Hồ,Bán xe điện vinfast ludo acquy mới bảo hành 1 năm,Cần xác minh,VinFast,Ludo,12900000.0,48.8
134620154,Xe máy điện VinFast Vento ABS Đen 7.000km,28800000,"Vento ABS lướt 7.000km
Chính chủ ký
-  Liền lạc đẹp keng
- 2 chìa 2 kính theo xe còn đủ
- Đã úp phuộc sau

Giá: 28tr8
☎️ ***",2025,7000.0,Tp Hồ Chí Minh,Quận 5,"Vento ABS lướt 7.000km
Chính chủ ký
-  Liền lạc đẹp keng
- 2 chìa 2 kính theo xe còn đủ
- Đã úp phuộc sau

Giá: 28tr8
☎️ ***",Cần xác minh,VinFast,Vento,50000000.0,42.4
134620115,Xe máy điện VinFast Vento Neo 2025 Trắng,29500000,"Khách lên đời để lại 
Vento neo siêu lướt
- Biển Tp chính chủ ký
- Pin 3.5, sạc 1000w đời mới 
- Liền lạc đẹp ken
- Góp đưa trước 30% nhận xe

Giá 29tr5
☎️***",2025,9000.0,Tp Hồ Chí Minh,Quận 5,"Khách lên đời để lại 
Vento neo siêu lướt
- Biển Tp chính chủ ký
- Pin 3.5, sạc 1000w đời mới 
- Liền lạc đẹp ken
- Góp đưa trước 30% nhận xe

Giá 29tr5
☎️***",Cần xác minh,VinFast,Vento,50000000.0,41.0
134620037,Xe máy điện Yadea Omee Trắng Ắc quy Graphene,14500000,"Xe máy điện Yadea Omee trắng, mới mua hơn 1 tuần, còn bảo hành hãng. 
 - Xe mới ra mắt 2026, thiết kế hiện đại. 
 - Pin ắc quy Graphene 48V22Ah, tốc độ tối đa 40km/h, công suất 400W. 
 - Phù hợp cho học sinh, sinh viên từ 16 tuổi trở lên hoặc người không có bằng lái. 
 - Giá 14.500.000 đồng.",2026,150.0,Tp Hồ Chí Minh,Thành phố Thủ Đức,"Xe máy điện Yadea Omee trắng, mới mua hơn 1 tuần, còn bảo hành hãng. 
 - Xe mới ra mắt 2026, thiết kế hiện đại. 
 - Pin ắc quy Graphene 48V22Ah, tốc độ tối đa 40km/h, công suất 400W. 
 - Phù hợp cho học sinh, sinh viên từ 16 tuổi trở lên hoặc người không có bằng lái. 
 - Giá 14.500.000 đồng.",Cần xác minh,Yadea,Yadea (Khác),9990000.0,-45.1
134599987,Xe điện Vespa Vision 2026 Xám Đã sử dụng,18500000,"Xe điện vision mới mua 2026 mới 98%

🔥🔥🔥 Siêu Phẩm Mới Về Ạ 🔥🔥🔥 

Vespa Siêu Siêu Lướt 2026

Xe Mới 95%, dk đầy đủ

SmartKey Zin
Xe Điện huy lâm Bán Rẻ 7tr So Với Mới 
Mà Lại Được Xe Như Mới Ạ 

📌 Ship Hàng TOÀN QUỐC - Nhanh chóng
---- 
📞 LH tư vấn miễn phí : ***( zalo / video call ) 
🕹️ Địa chỉ: 389 đội cấn-ba đình - Hà Nội. 
❇️ Cửa Hàng Xe Điện Huy Lâm",2026,5000.0,Hà Nội,Quận Ba Đình,"Xe điện vision mới mua 2026 mới 98%

🔥🔥🔥 Siêu Phẩm Mới Về Ạ 🔥🔥🔥 

Vespa Siêu Siêu Lướt 2026

Xe Mới 95%, dk đầy đủ

SmartKey Zin
Xe Điện huy lâm Bán Rẻ 7tr So Với Mới 
Mà Lại Được Xe Như Mới Ạ 

📌 Ship Hàng TOÀN QUỐC - Nhanh chóng
---- 
📞 LH tư vấn miễn phí : ***( zalo / video call ) 
🕹️ Địa chỉ: *** đội cấn-ba đình - Hà Nội. 
❇️ Cửa Hàng Xe Điện Huy Lâm",Kèm pin,Khác,Không phân loại,,
134619125,Xe máy điện VinFast Evo200 Lite Đen Việt Nam,20000000,"Trâu bò nhất dòng xe học sinh. Ko cần bằng lái. 
Evo200 lite biển SG.
Pin 3.5 kwh, trâu bò nhất nhà Vin. Tầm 100 - 140 km/sạc.
BH hãng đến 2028.
Biển SG, sang tên nhanh chóng.
20tr bao rút hồ sơ. 

Xe điện Z48
104 Đường số 1,kdc Cityland Center Hill, phường Hạnh Thông (t7 nghỉ)
***",2023,18000.0,Tp Hồ Chí Minh,Quận Gò Vấp,"Trâu bò nhất dòng xe học sinh. Ko cần bằng lái. 
Evo200 lite biển SG.
Pin 3.5 kwh, trâu bò nhất nhà Vin. Tầm 100 - 140 km/sạc.
BH hãng đến 2028.
Biển SG, sang tên nhanh chóng.
20tr bao rút hồ sơ. 

Xe điện Z48
*** Đường số 1,kdc Cityland Center Hill, phường Hạnh Thông (t7 nghỉ)
***",Cần xác minh,VinFast,Evo 200,18000000.0,-11.1
134618992,Vinfast Motio màu đỏ - Xe học sinh,8500000,"- Motio Vinfast.  Học sinh trên 16t đi ko cần bằng lái 
- 5 Bình acquy đi 50km/lần sạc 
- Chính chủ công chứng 
- Giá 8tr500k 
- Địa chỉ : 24/6. Đ.TL44. P.thạnh lộc. Q12",2025,10484.0,Tp Hồ Chí Minh,Quận 12,"- Motio Vinfast.  Học sinh trên 16t đi ko cần bằng lái 
- 5 Bình acquy đi 50km/lần sạc 
- Chính chủ công chứng 
- Giá 8tr500k 
- Địa chỉ : 24/6. Đ.TL44. P.thạnh lộc. Q12",Cần xác minh,Khác,Không phân loại,,
134618650,Xe máy điện VinFast Ludo/ Ko Bằng Lái (Cs2),8900000,"VinFast LuDo 50 / Pin / Không Bằng Lái
Trọng Lượng: 68Kg
Công Suất: 500w
Mua mới lúc trước 24.5 Triệu ( Pin Mua )
Năm SX : 2020
Xem Xe Tại CH2 Nguyễn Thông",2020,39000.0,Cần Thơ,Quận Bình Thuỷ,"VinFast LuDo 50 / Pin / Không Bằng Lái
Trọng Lượng: 68Kg
Công Suất: 500w
Mua mới lúc trước 24.5 Triệu ( Pin Mua )
Năm SX : 2020
Xem Xe Tại CH2 Nguyễn Thông",Cần xác minh,VinFast,Ludo,12900000.0,31.0
134602241,Xe Điện 3sGo - QuantumS1 BST 2025 Xanh 30k,35900000,"QuantumS1 BST9chù
- Đăng ký 2025
- Odo 30k
- Yên kimdang 
- Dàn áo keng ko trầy 98%
- Óc tán 7 màu keng 98%
- Còn đủ phụ kiện theo xe
❤️Xe keng 99% so với xe new 
⛔️ Nợ xấu đưa 8tr1 có LÃI SUẤT hoặc 19tr5 KO LÃI SUẤT
--------------------
✅ 𝗛𝗼̂̃ 𝗧𝗿𝗼̛̣ 𝗔𝗲 𝗟𝗲̂𝗻 𝗛𝗼̂̀ 𝗦𝗼̛ 𝗕𝗮𝗻𝗸 𝗡𝗵𝗮̣̂𝗻 𝗫𝗲 𝗩𝗮̀ 𝗖𝗮𝘃𝗲𝘁 𝗚𝗼̂́𝗰
✅ 𝗡𝗼̛̣ 𝗫𝗮̂́𝘂 – 𝗛𝗼̂̃ 𝗧𝗿𝗼̛̣ 𝟬 Đ𝗼̂̀𝗻𝗴 – 𝗞𝗵𝗼̂𝗻𝗴 𝗫𝗮́𝗰 𝗠𝗶𝗻𝗵
✅ 𝗡𝗼̛̣ 𝗫𝗮̂́𝘂 – 𝗛𝗼̂̃ 𝗧𝗿𝗼̛̣ Đ𝘂̛𝗮 𝟯𝟬% – 𝗞𝗵𝗼̂𝗻𝗴 𝗟𝗮̃𝗶
✅ Đ𝗼̂̉𝗶 𝗣𝗶𝗻 𝗞𝗵𝗼̂𝗻𝗴 𝗖𝗵𝗼̛̀ 𝗦𝗮̣c 𝗡𝗵𝗶𝗲̂̀𝘂 𝗖𝗵𝗶 𝗡𝗵𝗮́𝗻𝗵
✅ 𝗛ỗ 𝗧𝗿𝗼̛̣ 𝟮 𝗡𝗮̆𝗺 𝗫𝗲 𝗛𝘂̛ – 𝗖𝗼́ 𝗫𝗲 𝗞𝗵𝗮́𝗰 𝗗𝘂̀𝗻𝗴
✅ Đ𝗮̆𝗻𝗴 𝗞𝘆́ 𝗔𝗽𝗽 𝗫𝗮𝗻𝗵 𝗣𝗹𝗮𝘁𝗳𝗼𝗿𝗺 – 𝗧𝗮̣𝗶 𝗖𝗵𝗼̂̃
--------------------
🏠 𝟭𝟭𝟱 𝗣𝗵𝗮̣𝗺 𝗧𝗵𝗲̂́ 𝗛𝗶𝗲̂̉𝗻 - 𝗖𝗵𝗮́𝗻𝗵 𝗛𝘂̛𝗻𝗴 - 𝗛𝗖𝗠 ( 𝗤𝘂𝗮̣̂𝗻 𝟴 )
☎️ 𝗛𝗼𝘁𝗹𝗶𝗻𝗲 : *** - 𝗗𝗶𝗲̣̂𝘂",2025,30.0,Tp Hồ Chí Minh,Quận 8,"QuantumS1 BST9chù
- Đăng ký 2025
- Odo 30k
- Yên kimdang 
- Dàn áo keng ko trầy 98%
- Óc tán 7 màu keng 98%
- Còn đủ phụ kiện theo xe
❤️Xe keng 99% so với xe new 
⛔️ Nợ xấu đưa 8tr1 có LÃI SUẤT hoặc 19tr5 KO LÃI SUẤT
--------------------
✅ 𝗛𝗼̂̃ 𝗧𝗿𝗼̛̣ 𝗔𝗲 𝗟𝗲̂𝗻 𝗛𝗼̂̀ 𝗦𝗼̛ 𝗕𝗮𝗻𝗸 𝗡𝗵𝗮̣̂𝗻 𝗫𝗲 𝗩𝗮̀ 𝗖𝗮𝘃𝗲𝘁 𝗚𝗼̂́𝗰
✅ 𝗡𝗼̛̣ 𝗫𝗮̂́𝘂 – 𝗛𝗼̂̃ 𝗧𝗿𝗼̛̣ 𝟬 Đ𝗼̂̀𝗻𝗴 – 𝗞𝗵𝗼̂𝗻𝗴 𝗫𝗮́𝗰 𝗠𝗶𝗻𝗵
✅ 𝗡𝗼̛̣ 𝗫𝗮̂́𝘂 – 𝗛𝗼̂̃ 𝗧𝗿𝗼̛̣ Đ𝘂̛𝗮 𝟯𝟬% – 𝗞𝗵𝗼̂𝗻𝗴 𝗟𝗮̃𝗶
✅ Đ𝗼̂̉𝗶 𝗣𝗶𝗻 𝗞𝗵𝗼̂𝗻𝗴 𝗖𝗵𝗼̛̀ 𝗦𝗮̣c 𝗡𝗵𝗶𝗲̂̀𝘂 𝗖𝗵𝗶 𝗡𝗵𝗮́𝗻𝗵
✅ 𝗛ỗ 𝗧𝗿𝗼̛̣ 𝟮 𝗡𝗮̆𝗺 𝗫𝗲 𝗛𝘂̛ – 𝗖𝗼́ 𝗫𝗲 𝗞𝗵𝗮́𝗰 𝗗𝘂̀𝗻𝗴
✅ Đ𝗮̆𝗻𝗴 𝗞𝘆́ 𝗔𝗽𝗽 𝗫𝗮𝗻𝗵 𝗣𝗹𝗮𝘁𝗳𝗼𝗿𝗺 – 𝗧𝗮̣𝗶 𝗖𝗵𝗼̂̃
--------------------
🏠 𝟭𝟭𝟱 𝗣𝗵𝗮̣𝗺 𝗧𝗵𝗲̂́ 𝗛𝗶𝗲̂̉𝗻 - 𝗖𝗵𝗮́𝗻𝗵 𝗛𝘂̛𝗻𝗴 - 𝗛𝗖𝗠 ( 𝗤𝘂𝗮̣̂𝗻 𝟴 )
☎️ 𝗛𝗼𝘁𝗹𝗶𝗻𝗲 : *** - 𝗗𝗶𝗲̣̂𝘂",Cần xác minh,Khác,Không phân loại,,
134617456,Xe máy điện BEFORE ALL Latina VI 2.0 Trắng,12000000,"Xe máy điện mới mua được 3 tháng cần bán lại  hãng: BEFORE ALL
Dòng : latina vi 2.0 
Thiết kế theo kiểu dáng vespa 
Tốc độ tối đa 50km/h 
Pin chạy được 60km
Còn bảo hành 9 tháng
giá mua mới 18tr500 
bán lại 12tr000",2026,300.0,Đà Nẵng,Quận Ngũ Hành Sơn,"Xe máy điện mới mua được 3 tháng cần bán lại  hãng: BEFORE ALL
Dòng : latina vi 2.0 
Thiết kế theo kiểu dáng vespa 
Tốc độ tối đa 50km/h 
Pin chạy được 60km
Còn bảo hành 9 tháng
giá mua mới 18tr500 
bán lại 12tr000",Cần xác minh,Khác,Không phân loại,,
134617447,Xe máy điện DK Bike 2021,7900000,"Xe máy điện Soma SX không cần bằng lái btc 
1 lần sạc đi được 60km , tốc tối đa 46km giờ 
5 bình vừa thay mới còn bảo hành 1 năm 
Áo quần sạch sẽ không bể , full chức năng 
Giá : 7tr9 bình tân",2021,40000.0,Tp Hồ Chí Minh,Quận Bình Tân,"Xe máy điện Soma SX không cần bằng lái btc 
1 lần sạc đi được 60km , tốc tối đa 46km giờ 
5 bình vừa thay mới còn bảo hành 1 năm 
Áo quần sạch sẽ không bể , full chức năng 
Giá : 7tr9 bình tân",Cần xác minh,Khác,Không phân loại,,
134602534,Xe Điện 3sGo - EvoGrand Đen 14k km,22900000,"EvoGrand ĐK 4/2026 BST 9 chủ kí
- Odo 14k
- 2 pin mua theo xe
- Dàn áo keng ko trầy 98%
- Óc tán 7 màu keng 98%
- Còn đủ phụ kiện theo xe
❤️Xe keng 98% so với xe new 
⛔️ Nợ xấu đưa 0Đ có LÃI SUẤT hoặc 13tr KO LÃI SUẤT
--------------------
✅ 𝗛𝗼̂̃ 𝗧𝗿𝗼̛̣ 𝗔𝗲 𝗟𝗲̂𝗻 𝗛𝗼̂̀ 𝗦𝗼̛ 𝗕𝗮𝗻𝗸 𝗡𝗵𝗮̣̂𝗻 𝗫𝗲 𝗩𝗮̀ 𝗖𝗮𝘃𝗲𝘁 𝗚𝗼̂́𝗰
✅ 𝗡𝗼̛̣ 𝗫𝗮̂́𝘂 – 𝗛𝗼̂̃ 𝗧𝗿𝗼̛̣ 𝟬 Đ𝗼̂̀𝗻𝗴 – 𝗞𝗵𝗼̂𝗻𝗴 𝗫𝗮́𝗰 𝗠𝗶𝗻𝗵
✅ 𝗡𝗼̛̣ 𝗫𝗮̂́𝘂 – 𝗛𝗼̂̃ 𝗧𝗿𝗼̛̣ Đ𝘂̛𝗮 𝟯𝟬% – 𝗞𝗵𝗼̂𝗻𝗴 𝗟𝗮̃𝗶
✅ Đ𝗼̂̉𝗶 𝗣𝗶𝗻 𝗞𝗵𝗼̂𝗻𝗴 𝗖𝗵𝗼̛̀ 𝗦𝗮̣c 𝗡𝗵𝗶𝗲̂̀𝘂 𝗖𝗵𝗶 𝗡𝗵𝗮́𝗻𝗵
✅ 𝗛ỗ 𝗧𝗿𝗼̛̣ 𝟮 𝗡𝗮̆𝗺 𝗫𝗲 𝗛𝘂̛ – 𝗖𝗼́ 𝗫𝗲 𝗞𝗵𝗮́𝗰 𝗗𝘂̀𝗻𝗴
✅ Đ𝗮̆𝗻𝗴 𝗞𝘆́ 𝗔𝗽𝗽 𝗫𝗮𝗻𝗵 𝗣𝗹𝗮𝘁𝗳𝗼𝗿𝗺 – 𝗧𝗮̣𝗶 𝗖𝗵𝗼̂̃
--------------------
🏠 𝟭𝟭𝟱 𝗣𝗵𝗮̣𝗺 𝗧𝗵𝗲̂́ 𝗛𝗶𝗲̂̉𝗻 - 𝗖𝗵𝗮́𝗻𝗵 𝗛𝘂̛𝗻𝗴 - 𝗛𝗖𝗠 ( 𝗤𝘂𝗮̣̂𝗻 𝟴 )
☎️ 𝗛𝗼𝘁𝗹𝗶𝗻𝗲 : *** - 𝗗𝗶𝗲̣̂𝘂",2026,14000.0,Tp Hồ Chí Minh,Quận 8,"EvoGrand ĐK 4/2026 BST 9 chủ kí
- Odo 14k
- 2 pin mua theo xe
- Dàn áo keng ko trầy 98%
- Óc tán 7 màu keng 98%
- Còn đủ phụ kiện theo xe
❤️Xe keng 98% so với xe new 
⛔️ Nợ xấu đưa 0Đ có LÃI SUẤT hoặc 13tr KO LÃI SUẤT
--------------------
✅ 𝗛𝗼̂̃ 𝗧𝗿𝗼̛̣ 𝗔𝗲 𝗟𝗲̂𝗻 𝗛𝗼̂̀ 𝗦𝗼̛ 𝗕𝗮𝗻𝗸 𝗡𝗵𝗮̣̂𝗻 𝗫𝗲 𝗩𝗮̀ 𝗖𝗮𝘃𝗲𝘁 𝗚𝗼̂́𝗰
✅ 𝗡𝗼̛̣ 𝗫𝗮̂́𝘂 – 𝗛𝗼̂̃ 𝗧𝗿𝗼̛̣ 𝟬 Đ𝗼̂̀𝗻𝗴 – 𝗞𝗵𝗼̂𝗻𝗴 𝗫𝗮́𝗰 𝗠𝗶𝗻𝗵
✅ 𝗡𝗼̛̣ 𝗫𝗮̂́𝘂 – 𝗛𝗼̂̃ 𝗧𝗿𝗼̛̣ Đ𝘂̛𝗮 𝟯𝟬% – 𝗞𝗵𝗼̂𝗻𝗴 𝗟𝗮̃𝗶
✅ Đ𝗼̂̉𝗶 𝗣𝗶𝗻 𝗞𝗵𝗼̂𝗻𝗴 𝗖𝗵𝗼̛̀ 𝗦𝗮̣c 𝗡𝗵𝗶𝗲̂̀𝘂 𝗖𝗵𝗶 𝗡𝗵𝗮́𝗻𝗵
✅ 𝗛ỗ 𝗧𝗿𝗼̛̣ 𝟮 𝗡𝗮̆𝗺 𝗫𝗲 𝗛𝘂̛ – 𝗖𝗼́ 𝗫𝗲 𝗞𝗵𝗮́𝗰 𝗗𝘂̀𝗻𝗴
✅ Đ𝗮̆𝗻𝗴 𝗞𝘆́ 𝗔𝗽𝗽 𝗫𝗮𝗻𝗵 𝗣𝗹𝗮𝘁𝗳𝗼𝗿𝗺 – 𝗧𝗮̣𝗶 𝗖𝗵𝗼̂̃
--------------------
🏠 𝟭𝟭𝟱 𝗣𝗵𝗮̣𝗺 𝗧𝗵𝗲̂́ 𝗛𝗶𝗲̂̉𝗻 - 𝗖𝗵𝗮́𝗻𝗵 𝗛𝘂̛𝗻𝗴 - 𝗛𝗖𝗠 ( 𝗤𝘂𝗮̣̂𝗻 𝟴 )
☎️ 𝗛𝗼𝘁𝗹𝗶𝗻𝗲 : *** - 𝗗𝗶𝗲̣̂𝘂",Cần xác minh,Khác,Không phân loại,,
133873833,Xe máy điện SANTOSAR VS3 Xám 240W,12300000,"🏆🏆🏆 Hót Hót mẫu xe VS3 hottrend
🎈xe có thông số động cơ 240W, cho học sinh dưới 16t, cho mẹ đị chợ, cho chị em đi làm
📙Dòng xe có cốp rộng, chạy cực kỳ êm ái. Xe có giấy tờ đăng kiểm, hoá đơn đầy đủ ( đi đường không sợ công an), đặc biệt các em học sinh dứoi 16t chạy vẫn đúng quy định
💡xe được trang bị đèn led, thắng đĩa rất an toàn
🪫 chạy bình 48V30ah chính hãng an toàn không lo cháy nổ
🧾 bảo hành 12 tháng
💰giá 12",2026,,Tp Hồ Chí Minh,Thành phố Thủ Đức,"🏆🏆🏆 Hót Hót mẫu xe VS3 hottrend
🎈xe có thông số động cơ 240W, cho học sinh dưới 16t, cho mẹ đị chợ, cho chị em đi làm
📙Dòng xe có cốp rộng, chạy cực kỳ êm ái. Xe có giấy tờ đăng kiểm, hoá đơn đầy đủ ( đi đường không sợ công an), đặc biệt các em học sinh dứoi 16t chạy vẫn đúng quy định
💡xe được trang bị đèn led, thắng đĩa rất an toàn
🪫 chạy bình 48V30ah chính hãng an toàn không lo cháy nổ
🧾 bảo hành 12 tháng
💰giá 12",Cần xác minh,Khác,Không phân loại,,
134026009,Xe máy điện VinFast EVO 200 2024 Đen mờ 11000 km,20000000,"DƯ dùng bán lại chiếc xe máy điện VinFats EVO 200, màu đen mờ sản xuất 2024 , pin mua chạy 11 000km, pin sử dụng 100km mới sạc,xe luôn bảo dưỡng định kỳ tại hãng , bảo đảm xe còn sử dụng tốt,ngay chủ đứng tên bán, cam ơn anh chị đả xem tin.",2024,11000.0,Tp Hồ Chí Minh,Thành phố Thủ Đức,"DƯ dùng bán lại chiếc xe máy điện VinFats EVO 200, màu đen mờ sản xuất 2024 , pin mua chạy 11 000km, pin sử dụng 100km mới sạc,xe luôn bảo dưỡng định kỳ tại hãng , bảo đảm xe còn sử dụng tốt,ngay chủ đứng tên bán, cam ơn anh chị đả xem tin.",Cần xác minh,VinFast,Evo 200,18000000.0,-11.1
134563221,Xe điện V1  946 TỐT 90% CÒN SỔ BH,7900000,"XE MÁY ĐIỆN KONAXOAKA TỐT 90% CÒN SỔ BH

BÌNH SẠC ĐẦY ĐỦ
BẢO HÀNH DÀI HẠN
ZALO-GỌI TRỰC TIẾP ***
XE ĐẸP NHƯ HÌNH",2026,2000.0,Tp Hồ Chí Minh,Quận 1,"XE MÁY ĐIỆN KONAXOAKA TỐT 90% CÒN SỔ BH

BÌNH SẠC ĐẦY ĐỦ
BẢO HÀNH DÀI HẠN
ZALO-GỌI TRỰC TIẾP ***
XE ĐẸP NHƯ HÌNH",Cần xác minh,Khác,Không phân loại,,
134616801,Xe điện Sundiro Xám tím,6000000,"Cần bán xe điện như hình, xe chạy còn tốt, ngoại hình còn đẹp.",2026,5000.0,Tp Hồ Chí Minh,Quận 10,"Cần bán xe điện như hình, xe chạy còn tốt, ngoại hình còn đẹp.",Cần xác minh,Khác,Không phân loại,,
134602590,Xe Điên 3sGo - Evo200 2025 Trắng 10.000 km,21900000,"Evo200 ĐK 8/2025 Pin Mua BSTP
- Odo 10.000 Cây
- Dàn áo keng ko trầy 99%
- Óc tán 7 màu keng 99%
- Còn đủ phụ kiện theo xe
❤️Xe keng 99% so với xe new 
⛔️ Nợ xấu đưa 0Đ có LÃI SUẤT hoặc 12tr5 KO LÃI SUẤT
--------------------
✅ 𝗛𝗼̂̃ 𝗧𝗿𝗼̛̣ 𝗔𝗲 𝗟𝗲̂𝗻 𝗛𝗼̂̀ 𝗦𝗼̛ 𝗕𝗮𝗻𝗸 𝗡𝗵𝗮̣̂𝗻 𝗫𝗲 𝗩𝗮̀ 𝗖𝗮𝘃𝗲𝘁 𝗚𝗼̂́𝗰
✅ 𝗡𝗼̛̣ 𝗫𝗮̂́𝘂 – 𝗛𝗼̂̃ 𝗧𝗿𝗼̛̣ 𝟬 Đ𝗼̂̀𝗻𝗴 – 𝗞𝗵𝗼̂𝗻𝗴 𝗫𝗮́𝗰 𝗠𝗶𝗻𝗵
✅ 𝗡𝗼̛̣ 𝗫𝗮̂́𝘂 – 𝗛𝗼̂̃ 𝗧𝗿𝗼̛̣ Đ𝘂̛𝗮 𝟯𝟬% – 𝗞𝗵𝗼̂𝗻𝗴 𝗟𝗮̃𝗶
✅ Đ𝗼̂̉𝗶 𝗣𝗶𝗻 𝗞𝗵𝗼̂𝗻𝗴 𝗖𝗵𝗼̛̀ 𝗦𝗮̣c 𝗡𝗵𝗶𝗲̂̀𝘂 𝗖𝗵𝗶 𝗡𝗵𝗮́𝗻𝗵
✅ 𝗛ỗ 𝗧𝗿𝗼̛̣ 𝟮 𝗡𝗮̆𝗺 𝗫𝗲 𝗛𝘂̛ – 𝗖𝗼́ 𝗫𝗲 𝗞𝗵𝗮́𝗰 𝗗𝘂̀𝗻𝗴
✅ Đ𝗮̆𝗻𝗴 𝗞𝘆́ 𝗔𝗽𝗽 𝗫𝗮𝗻𝗵 𝗣𝗹𝗮𝘁𝗳𝗼𝗿𝗺 – 𝗧𝗮̣𝗶 𝗖𝗵𝗼̂̃
--------------------
🏠 𝟭𝟭𝟱 𝗣𝗵𝗮̣𝗺 𝗧𝗵𝗲̂́ 𝗛𝗶𝗲̂̉𝗻 - 𝗖𝗵𝗮́𝗻𝗵 𝗛𝘂̛𝗻𝗴 - 𝗛𝗖𝗠 ( 𝗤𝘂𝗮̣̂𝗻 𝟴 )
☎️ 𝗛𝗼𝘁𝗹𝗶𝗻𝗲 : *** - 𝗗𝗶𝗲̣̂𝘂",2025,10000.0,Tp Hồ Chí Minh,Quận 8,"Evo200 ĐK 8/2025 Pin Mua BSTP
- Odo 10.000 Cây
- Dàn áo keng ko trầy 99%
- Óc tán 7 màu keng 99%
- Còn đủ phụ kiện theo xe
❤️Xe keng 99% so với xe new 
⛔️ Nợ xấu đưa 0Đ có LÃI SUẤT hoặc 12tr5 KO LÃI SUẤT
--------------------
✅ 𝗛𝗼̂̃ 𝗧𝗿𝗼̛̣ 𝗔𝗲 𝗟𝗲̂𝗻 𝗛𝗼̂̀ 𝗦𝗼̛ 𝗕𝗮𝗻𝗸 𝗡𝗵𝗮̣̂𝗻 𝗫𝗲 𝗩𝗮̀ 𝗖𝗮𝘃𝗲𝘁 𝗚𝗼̂́𝗰
✅ 𝗡𝗼̛̣ 𝗫𝗮̂́𝘂 – 𝗛𝗼̂̃ 𝗧𝗿𝗼̛̣ 𝟬 Đ𝗼̂̀𝗻𝗴 – 𝗞𝗵𝗼̂𝗻𝗴 𝗫𝗮́𝗰 𝗠𝗶𝗻𝗵
✅ 𝗡𝗼̛̣ 𝗫𝗮̂́𝘂 – 𝗛𝗼̂̃ 𝗧𝗿𝗼̛̣ Đ𝘂̛𝗮 𝟯𝟬% – 𝗞𝗵𝗼̂𝗻𝗴 𝗟𝗮̃𝗶
✅ Đ𝗼̂̉𝗶 𝗣𝗶𝗻 𝗞𝗵𝗼̂𝗻𝗴 𝗖𝗵𝗼̛̀ 𝗦𝗮̣c 𝗡𝗵𝗶𝗲̂̀𝘂 𝗖𝗵𝗶 𝗡𝗵𝗮́𝗻𝗵
✅ 𝗛ỗ 𝗧𝗿𝗼̛̣ 𝟮 𝗡𝗮̆𝗺 𝗫𝗲 𝗛𝘂̛ – 𝗖𝗼́ 𝗫𝗲 𝗞𝗵𝗮́𝗰 𝗗𝘂̀𝗻𝗴
✅ Đ𝗮̆𝗻𝗴 𝗞𝘆́ 𝗔𝗽𝗽 𝗫𝗮𝗻𝗵 𝗣𝗹𝗮𝘁𝗳𝗼𝗿𝗺 – 𝗧𝗮̣𝗶 𝗖𝗵𝗼̂̃
--------------------
🏠 𝟭𝟭𝟱 𝗣𝗵𝗮̣𝗺 𝗧𝗵𝗲̂́ 𝗛𝗶𝗲̂̉𝗻 - 𝗖𝗵𝗮́𝗻𝗵 𝗛𝘂̛𝗻𝗴 - 𝗛𝗖𝗠 ( 𝗤𝘂𝗮̣̂𝗻 𝟴 )
☎️ 𝗛𝗼𝘁𝗹𝗶𝗻𝗲 : *** - 𝗗𝗶𝗲̣̂𝘂",Cần xác minh,VinFast,Evo 200,18000000.0,-21.7
133937642,Xe máy điện VinFast EVO GRAND Lite 2026 Trắng,19000000,a Ai cần liên hệ nhà ở Quận 12 thành phố Hồ Chí Minh cảm ơn xem như mới,2026,506.0,Tp Hồ Chí Minh,Quận 12,a Ai cần liên hệ nhà ở Quận 12 thành phố Hồ Chí Minh cảm ơn xem như mới,Cần xác minh,Khác,Không phân loại,,
134602453,Xe Điện 3sGo - DatBike Quantum S1 Đen,37900000,"QuantumS1 BSTP
- Odo không nói đâu
- Bảo Hành Pin 10 Năm 
- Sạc 1800w 
- Dàn áo keng ko trầy 98%
- Óc tán 7 màu keng 98%
- Còn đủ phụ kiện theo xe
❤️Xe keng 99% so với xe new 
⛔️ Nợ xấu đưa 3tr7 có LÃI SUẤT hoặc 16tr4 KO LÃI SUẤT
--------------------
✅ 𝗛𝗼̂̃ 𝗧𝗿𝗼̛̣ 𝗔𝗲 𝗟𝗲̂𝗻 𝗛𝗼̂̀ 𝗦𝗼̛ 𝗕𝗮𝗻𝗸 𝗡𝗵𝗮̣̂𝗻 𝗫𝗲 𝗩𝗮̀ 𝗖𝗮𝘃𝗲𝘁 𝗚𝗼̂́𝗰
✅ 𝗡𝗼̛̣ 𝗫𝗮̂́𝘂 – 𝗛𝗼̂̃ 𝗧𝗿𝗼̛̣ 𝟬 Đ𝗼̂̀𝗻𝗴 – 𝗞𝗵𝗼̂𝗻𝗴 𝗫𝗮́𝗰 𝗠𝗶𝗻𝗵
✅ 𝗡𝗼̛̣ 𝗫𝗮̂́𝘂 – 𝗛𝗼̂̃ 𝗧𝗿𝗼̛̣ Đ𝘂̛𝗮 𝟯𝟬% – 𝗞𝗵𝗼̂𝗻𝗴 𝗟𝗮̃𝗶
✅ Đ𝗼̂̉𝗶 𝗣𝗶𝗻 𝗞𝗵𝗼̂𝗻𝗴 𝗖𝗵𝗼̛̀ 𝗦𝗮̣c 𝗡𝗵𝗶𝗲̂̀𝘂 𝗖𝗵𝗶 𝗡𝗵𝗮́𝗻𝗵
✅ 𝗛ỗ 𝗧𝗿𝗼̛̣ 𝟮 𝗡𝗮̆𝗺 𝗫𝗲 𝗛𝘂̛ – 𝗖𝗼́ 𝗫𝗲 𝗞𝗵𝗮́𝗰 𝗗𝘂̀𝗻𝗴
✅ Đ𝗮̆𝗻𝗴 𝗞𝘆́ 𝗔𝗽𝗽 𝗫𝗮𝗻𝗵 𝗣𝗹𝗮𝘁𝗳𝗼𝗿𝗺 – 𝗧𝗮̣𝗶 𝗖𝗵𝗼̂̃
--------------------
🏠 𝟭𝟭𝟱 𝗣𝗵𝗮̣𝗺 𝗧𝗵𝗲̂́ 𝗛𝗶𝗲̂̉𝗻 - 𝗖𝗵𝗮́𝗻𝗵 𝗛𝘂̛𝗻𝗴 - 𝗛𝗖𝗠 ( 𝗤𝘂𝗮̣̂𝗻 𝟴 )
☎️ 𝗛𝗼𝘁𝗹𝗶𝗻𝗲 : *** - 𝗗𝗶𝗲̣̂𝘂",2026,,Tp Hồ Chí Minh,Quận 8,"QuantumS1 BSTP
- Odo không nói đâu
- Bảo Hành Pin 10 Năm 
- Sạc 1800w 
- Dàn áo keng ko trầy 98%
- Óc tán 7 màu keng 98%
- Còn đủ phụ kiện theo xe
❤️Xe keng 99% so với xe new 
⛔️ Nợ xấu đưa 3tr7 có LÃI SUẤT hoặc 16tr4 KO LÃI SUẤT
--------------------
✅ 𝗛𝗼̂̃ 𝗧𝗿𝗼̛̣ 𝗔𝗲 𝗟𝗲̂𝗻 𝗛𝗼̂̀ 𝗦𝗼̛ 𝗕𝗮𝗻𝗸 𝗡𝗵𝗮̣̂𝗻 𝗫𝗲 𝗩𝗮̀ 𝗖𝗮𝘃𝗲𝘁 𝗚𝗼̂́𝗰
✅ 𝗡𝗼̛̣ 𝗫𝗮̂́𝘂 – 𝗛𝗼̂̃ 𝗧𝗿𝗼̛̣ 𝟬 Đ𝗼̂̀𝗻𝗴 – 𝗞𝗵𝗼̂𝗻𝗴 𝗫𝗮́𝗰 𝗠𝗶𝗻𝗵
✅ 𝗡𝗼̛̣ 𝗫𝗮̂́𝘂 – 𝗛𝗼̂̃ 𝗧𝗿𝗼̛̣ Đ𝘂̛𝗮 𝟯𝟬% – 𝗞𝗵𝗼̂𝗻𝗴 𝗟𝗮̃𝗶
✅ Đ𝗼̂̉𝗶 𝗣𝗶𝗻 𝗞𝗵𝗼̂𝗻𝗴 𝗖𝗵𝗼̛̀ 𝗦𝗮̣c 𝗡𝗵𝗶𝗲̂̀𝘂 𝗖𝗵𝗶 𝗡𝗵𝗮́𝗻𝗵
✅ 𝗛ỗ 𝗧𝗿𝗼̛̣ 𝟮 𝗡𝗮̆𝗺 𝗫𝗲 𝗛𝘂̛ – 𝗖𝗼́ 𝗫𝗲 𝗞𝗵𝗮́𝗰 𝗗𝘂̀𝗻𝗴
✅ Đ𝗮̆𝗻𝗴 𝗞𝘆́ 𝗔𝗽𝗽 𝗫𝗮𝗻𝗵 𝗣𝗹𝗮𝘁𝗳𝗼𝗿𝗺 – 𝗧𝗮̣𝗶 𝗖𝗵𝗼̂̃
--------------------
🏠 𝟭𝟭𝟱 𝗣𝗵𝗮̣𝗺 𝗧𝗵𝗲̂́ 𝗛𝗶𝗲̂̉𝗻 - 𝗖𝗵𝗮́𝗻𝗵 𝗛𝘂̛𝗻𝗴 - 𝗛𝗖𝗠 ( 𝗤𝘂𝗮̣̂𝗻 𝟴 )
☎️ 𝗛𝗼𝘁𝗹𝗶𝗻𝗲 : *** - 𝗗𝗶𝗲̣̂𝘂",Cần xác minh,Dat Bike,Quantum,34900000.0,-8.6
134031255,"Vinfast Klara Pin cầm,xe đẹp biển Sài Gòn",10800000,"🍓🍓🍓 Xe bà xã đi đã đổi Evo200 nên thanh lý lại người dùng.
Xe Vinfast Klara màu hồng (Xe đẹp lắm nữ tính)
☘️ Biển Số Sài Gòn 41MĐ- chạy không cần bằng
Pin zin mua  + Sạc Zin: sạc đầy 2-3 tiếng đi được 40-50km/1 lần
- Động cơ mới thay trước tết, xe chạy mượt pin cầm tốt 40-50km, đã thay đồng hồ hiện đại + đèn led 2 tầng
🍇 Chị em mua về đưa đón con hay đi chợ vòng vòng trãi nghiệm ok nhé
🍏Ưu tiên: Học Sinh-Sinh Viên, xe chạy không cần bằng lái
🍇🍇🍇 Xem xe tại địa chỉ
Đường DN5, Đông Hưng Thuận,TPHCM( KDC AN SƯƠNG)",2020,28000.0,Tp Hồ Chí Minh,Quận 12,"🍓🍓🍓 Xe bà xã đi đã đổi Evo200 nên thanh lý lại người dùng.
Xe Vinfast Klara màu hồng (Xe đẹp lắm nữ tính)
☘️ Biển Số Sài Gòn 41MĐ- chạy không cần bằng
Pin zin mua  + Sạc Zin: sạc đầy 2-3 tiếng đi được 40-50km/1 lần
- Động cơ mới thay trước tết, xe chạy mượt pin cầm tốt 40-50km, đã thay đồng hồ hiện đại + đèn led 2 tầng
🍇 Chị em mua về đưa đón con hay đi chợ vòng vòng trãi nghiệm ok nhé
🍏Ưu tiên: Học Sinh-Sinh Viên, xe chạy không cần bằng lái
🍇🍇🍇 Xem xe tại địa chỉ
Đường DN5, Đông Hưng Thuận,TPHCM( KDC AN SƯƠNG)",Kèm pin,VinFast,Klara,35000000.0,69.1
134623797,Xe Điện Xmen,5000000,Cần bán 5 triệu xe đầy đủ giấy tờ đăng ký,2026,10000.0,Hà Nội,Huyện Phú Xuyên,Cần bán 5 triệu xe đầy đủ giấy tờ đăng ký,Cần xác minh,Khác,Không phân loại,,
134160705,VinFast Feliz 2025 Xanh oliu - Chính chủ - BSTP,21500000,"🔥 FELIZ 2025 1 PIN – XANH OLIU – CHÍNH CHỦ
📌 Date T6/2026
📌 Odo 12.000 km
📌 BSTP - Chính chủ
📌 Chính chủ, ủy quyền, sang tên công chứng nhanh gọn
💰 Giá: 2x
-----------------------
💚 Xe Điện Lướt Sài Gòn – Chuyên mua bán xe máy điện đã qua sử dụng tại TP.HCM
✅ Có trả góp – Cà thẻ – Giao tận nhà
📍 118A Chiến Lược, P. Bình Trị Đông, TP.HCM",2025,12000.0,Tp Hồ Chí Minh,Quận Bình Tân,"🔥 FELIZ 2025 1 PIN – XANH OLIU – CHÍNH CHỦ
📌 Date T6/2026
📌 Odo 12.000 km
📌 BSTP - Chính chủ
📌 Chính chủ, ủy quyền, sang tên công chứng nhanh gọn
💰 Giá: 2x
-----------------------
💚 Xe Điện Lướt Sài Gòn – Chuyên mua bán xe máy điện đã qua sử dụng tại TP.HCM
✅ Có trả góp – Cà thẻ – Giao tận nhà
📍 118A Chiến Lược, P. Bình Trị Đông, TP.HCM",Cần xác minh,VinFast,Feliz,27000000.0,20.4
134537840,Xe máy điện Yadea thể thao Cam đen,7500000,"Xe máy điện màu cam đen, kiểu dáng thể thao, phù hợp cho cả nam và nữ. 
- Xe chính chủ, có thể ký giấy sang tên. 
- Thích hợp cho học sinh, sinh viên không cần bằng lái. 
- Xe đang sử dụng tốt.",2023,123.0,Tp Hồ Chí Minh,Quận 12,"Xe máy điện màu cam đen, kiểu dáng thể thao, phù hợp cho cả nam và nữ. 
- Xe chính chủ, có thể ký giấy sang tên. 
- Thích hợp cho học sinh, sinh viên không cần bằng lái. 
- Xe đang sử dụng tốt.",Cần xác minh,Yadea,Yadea (Khác),14990000.0,50.0
134623423,Xe điện VinFast Klara màu Đen,10000000,"Tôi có 1 xe điện vinfast Klara màu đen như hình muốn bán do không có nhu cầu sử dụng. Xe còn đi tốt, vẫn chạy bình thường, vỏ còn nguyên vẹn, ko va chạm hay trầy xước. Xe tôi đi ít nên giữ gìn rất cẩn thận.",2020,19903.0,Hà Nội,Quận Ba Đình,"Tôi có 1 xe điện vinfast Klara màu đen như hình muốn bán do không có nhu cầu sử dụng. Xe còn đi tốt, vẫn chạy bình thường, vỏ còn nguyên vẹn, ko va chạm hay trầy xước. Xe tôi đi ít nên giữ gìn rất cẩn thận.",Cần xác minh,VinFast,Klara,35000000.0,71.4
133934022,Vinfast Evo200 Vàng zin 100% chính chủ,21900000,"     
 ✅ Vinfast Evo200 siêu đẹp ko một vết trầy 2025 
✅ Xe chính chủ Bstp ký mua bán ủy quyền đều được nhé 
✅ Pin 3.5 mua đứt bảo hành 8 năm ,sạc đầy đi được 200km
✅ Giá bán : 21,9tr
✅ Dt : 
✅ Xem xe Q6, Ship toàn quốc
",2025,14000.0,Tp Hồ Chí Minh,Quận 6,"     
 ✅ Vinfast Evo200 siêu đẹp ko một vết trầy 2025 
✅ Xe chính chủ Bstp ký mua bán ủy quyền đều được nhé 
✅ Pin 3.5 mua đứt bảo hành 8 năm ,sạc đầy đi được 200km
✅ Giá bán : 21,9tr
✅ Dt : 
✅ Xem xe Q6, Ship toàn quốc
",Kèm pin,VinFast,Evo 200,18000000.0,-21.7
134623388,Xe máy điện VinFast Feliz Đen 14000 km,19500000,Xe odo 14 ngàn xe hoạt động bình thường không lỗi làm gì chỉ việc mua về là chạy không cần suy nghĩ gì hết,2026,14000.0,Đồng Nai,Huyện Xuân Lộc,Xe odo 14 ngàn xe hoạt động bình thường không lỗi làm gì chỉ việc mua về là chạy không cần suy nghĩ gì hết,Cần xác minh,VinFast,Feliz,27000000.0,27.8
134623383,Xe máy điện VinFast Feliz Trắng 300 km,26000000,Xe mới mua về không đi như mới odo mới 300km xe sẵn 2 pin chỉ việc mua về là chạy không khác gì xe mới đầy đủ phụ kiện,2026,300.0,Đồng Nai,Huyện Xuân Lộc,Xe mới mua về không đi như mới odo mới 300km xe sẵn 2 pin chỉ việc mua về là chạy không khác gì xe mới đầy đủ phụ kiện,Cần xác minh,VinFast,Feliz,27000000.0,3.7
134623365,Xe máy điện  2026 Hồng Đã sử dụng,9500000,Xe mới mua được 4 ngày không có nhu cầu đi nữa bán lại mới 99% kh vết trầy xe hoạt động bình thường không lỗi chỉ việc về cắm sạc là chạy,2026,10.0,Đồng Nai,Huyện Xuân Lộc,Xe mới mua được 4 ngày không có nhu cầu đi nữa bán lại mới 99% kh vết trầy xe hoạt động bình thường không lỗi chỉ việc về cắm sạc là chạy,Cần xác minh,Khác,Không phân loại,,
134596908,Quantum S1 2025 lướt đẹp,38500000,"Xe máy điện màu trắng, pin 100% cho quãng đường di chuyển xa. 
- Thiết kế hiện đại, trẻ trung. 
- Vận hành êm ái, tiết kiệm năng lượng. 
- Phù hợp di chuyển trong thành phố.",2025,10.0,Tp Hồ Chí Minh,Quận Bình Tân,"Xe máy điện màu trắng, pin 100% cho quãng đường di chuyển xa. 
- Thiết kế hiện đại, trẻ trung. 
- Vận hành êm ái, tiết kiệm năng lượng. 
- Phù hợp di chuyển trong thành phố.",Cần xác minh,Dat Bike,Quantum,34900000.0,-10.3
134509389,Xe máy điện VinFast Evo200 2025 Đen,20900000,"Evo200  - Bstp 9 Chủ ĐK 2025
- Dàn áo dán keng 98%
- Óc tán 7 màu keng 98%
- Còn đủ phụ kiện theo xe
❤️Xe keng 98% so với xe new 
⛔️ Nợ xấu đưa 0đ có LÃI SUẤT hoặc 11tr KO LÃI SUẤT
--------------------
✅ 𝗛𝗼̂̃ 𝗧𝗿𝗼̛̣ 𝗔𝗲 𝗟𝗲̂𝗻 𝗛𝗼̂̀ 𝗦𝗼̛ 𝗕𝗮𝗻𝗸 𝗡𝗵𝗮̣̂𝗻 𝗫𝗲 𝗩𝗮̀ 𝗖𝗮𝘃𝗲𝘁 𝗚𝗼̂́𝗰
✅ 𝗡𝗼̛̣ 𝗫𝗮̂́𝘂 – 𝗛𝗼̂̃ 𝗧𝗿𝗼̛̣ 𝟬 Đ𝗼̂̀𝗻𝗴 – 𝗞𝗵𝗼̂𝗻𝗴 𝗫𝗮́𝗰 𝗠𝗶𝗻𝗵
✅ 𝗡𝗼̛̣ 𝗫𝗮̂́𝘂 – 𝗛𝗼̂̃ 𝗧𝗿𝗼̛̣ Đ𝘂̛𝗮 𝟯𝟬% – 𝗞𝗵𝗼̂𝗻𝗴 𝗟𝗮̃𝗶
✅ Đ𝗼̂̉𝗶 𝗣𝗶𝗻 𝗞𝗵𝗼̂𝗻𝗴 𝗖𝗵𝗼̛̀ 𝗦𝗮̣c 𝗡𝗵𝗶𝗲̂̀𝘂 𝗖𝗵𝗶 𝗡𝗵𝗮́𝗻𝗵
✅ 𝗛ỗ 𝗧𝗿𝗼̛̣ 𝟮 𝗡𝗮̆𝗺 𝗫𝗲 𝗛𝘂̛ – 𝗖𝗼́ 𝗫𝗲 𝗞𝗵𝗮́𝗰 𝗗𝘂̀𝗻𝗴
✅ Đ𝗮̆𝗻𝗴 𝗞𝘆́ 𝗔𝗽𝗽 𝗫𝗮𝗻𝗵 𝗣𝗹𝗮𝘁𝗳𝗼𝗿𝗺 – 𝗧𝗮̣𝗶 𝗖𝗵𝗼̂̃
--------------------
🏠𝟮𝟴𝟴 𝗧𝗿𝘂̛𝗼̛̀𝗻𝗴 𝗖𝗵𝗶𝗻𝗵 - 𝗣𝗵ư𝗼̛̀𝗻𝗴 Đ𝗼̂𝗻𝗴 𝗛𝘂̛𝗻𝗴 𝗧𝗵𝘂𝗮̣̂𝗻 - 𝗛𝗖𝗠 (𝗤𝘂𝗮̣̂𝗻𝟭𝟮 𝗰𝘂̃)",2025,,Tp Hồ Chí Minh,Quận 12,"Evo200  - Bstp 9 Chủ ĐK 2025
- Dàn áo dán keng 98%
- Óc tán 7 màu keng 98%
- Còn đủ phụ kiện theo xe
❤️Xe keng 98% so với xe new 
⛔️ Nợ xấu đưa 0đ có LÃI SUẤT hoặc 11tr KO LÃI SUẤT
--------------------
✅ 𝗛𝗼̂̃ 𝗧𝗿𝗼̛̣ 𝗔𝗲 𝗟𝗲̂𝗻 𝗛𝗼̂̀ 𝗦𝗼̛ 𝗕𝗮𝗻𝗸 𝗡𝗵𝗮̣̂𝗻 𝗫𝗲 𝗩𝗮̀ 𝗖𝗮𝘃𝗲𝘁 𝗚𝗼̂́𝗰
✅ 𝗡𝗼̛̣ 𝗫𝗮̂́𝘂 – 𝗛𝗼̂̃ 𝗧𝗿𝗼̛̣ 𝟬 Đ𝗼̂̀𝗻𝗴 – 𝗞𝗵𝗼̂𝗻𝗴 𝗫𝗮́𝗰 𝗠𝗶𝗻𝗵
✅ 𝗡𝗼̛̣ 𝗫𝗮̂́𝘂 – 𝗛𝗼̂̃ 𝗧𝗿𝗼̛̣ Đ𝘂̛𝗮 𝟯𝟬% – 𝗞𝗵𝗼̂𝗻𝗴 𝗟𝗮̃𝗶
✅ Đ𝗼̂̉𝗶 𝗣𝗶𝗻 𝗞𝗵𝗼̂𝗻𝗴 𝗖𝗵𝗼̛̀ 𝗦𝗮̣c 𝗡𝗵𝗶𝗲̂̀𝘂 𝗖𝗵𝗶 𝗡𝗵𝗮́𝗻𝗵
✅ 𝗛ỗ 𝗧𝗿𝗼̛̣ 𝟮 𝗡𝗮̆𝗺 𝗫𝗲 𝗛𝘂̛ – 𝗖𝗼́ 𝗫𝗲 𝗞𝗵𝗮́𝗰 𝗗𝘂̀𝗻𝗴
✅ Đ𝗮̆𝗻𝗴 𝗞𝘆́ 𝗔𝗽𝗽 𝗫𝗮𝗻𝗵 𝗣𝗹𝗮𝘁𝗳𝗼𝗿𝗺 – 𝗧𝗮̣𝗶 𝗖𝗵𝗼̂̃
--------------------
🏠𝟮𝟴𝟴 𝗧𝗿𝘂̛𝗼̛̀𝗻𝗴 𝗖𝗵𝗶𝗻𝗵 - 𝗣𝗵ư𝗼̛̀𝗻𝗴 Đ𝗼̂𝗻𝗴 𝗛𝘂̛𝗻𝗴 𝗧𝗵𝘂𝗮̣̂𝗻 - 𝗛𝗖𝗠 (𝗤𝘂𝗮̣̂𝗻𝟭𝟮 𝗰𝘂̃)",Cần xác minh,VinFast,Evo 200,18000000.0,-16.1
134622598,Xe máy điện Quantum s1 2025 Đen,43000000,"Xe máy điện Quantum s1  màu đen, kiểu dáng hiện đại, vận hành êm ái. 
- Xe mới, ít sử dụng. 
- Thiết kế thời trang, phù hợp di chuyển trong phố. 
- Tiết kiệm năng lượng, thân thiện môi trường.
Năm 12.2025",2025,6000.0,Tp Hồ Chí Minh,Thành phố Thủ Đức,"Xe máy điện Quantum s1  màu đen, kiểu dáng hiện đại, vận hành êm ái. 
- Xe mới, ít sử dụng. 
- Thiết kế thời trang, phù hợp di chuyển trong phố. 
- Tiết kiệm năng lượng, thân thiện môi trường.
Năm 12.2025",Cần xác minh,Dat Bike,Quantum,34900000.0,-23.2
134558900,Xe Điện 3sGo - EvoMax BST 65 Trắng 8000 km,20900000,"EvoMax BST 65 Chính Chủ
- Odo 8k
- Sẵn 2 pin thuê
- Óc tán 7 màu keng 
- Còn đủ phụ kiện theo xe
- Bảo hành Vinfats toàn quốc
⛔️ Nợ xấu đưa 0đ có LÃI SUẤT hoặc 12tr KO LÃI SUẤT
--------------------
✅ 𝗛𝗼̂̃ 𝗧𝗿𝗼̛̣ 𝗔𝗲 𝗟𝗲̂𝗻 𝗛𝗼̂̀ 𝗦𝗼̛ 𝗕𝗮𝗻𝗸 𝗡𝗵𝗮̣̂𝗻 𝗫𝗲 𝗩𝗮̀ 𝗖𝗮𝘃𝗲𝘁 𝗚𝗼̂́𝗰
✅ 𝗡𝗼̛̣ 𝗫𝗮̂́𝘂 – 𝗛𝗼̂̃ 𝗧𝗿𝗼̛̣ 𝟬 Đ𝗼̂̀𝗻𝗴 – 𝗞𝗵𝗼̂𝗻𝗴 𝗫𝗮́𝗰 𝗠𝗶𝗻𝗵
✅ 𝗡𝗼̛̣ 𝗫𝗮̂́𝘂 – 𝗛𝗼̂̃ 𝗧𝗿𝗼̛̣ Đ𝘂̛𝗮 𝟯𝟬% – 𝗞𝗵𝗼̂𝗻𝗴 𝗟𝗮̃𝗶
✅ Đ𝗼̂̉𝗶 𝗣𝗶𝗻 𝗞𝗵𝗼̂𝗻𝗴 𝗖𝗵𝗼̛̀ 𝗦𝗮̣c 𝗡𝗵𝗶𝗲̂̀𝘂 𝗖𝗵𝗶 𝗡𝗵𝗮́𝗻𝗵
✅ 𝗛ỗ 𝗧𝗿𝗼̛̣ 𝟮 𝗡𝗮̆𝗺 𝗫𝗲 𝗛𝘂̛ – 𝗖𝗼́ 𝗫𝗲 𝗞𝗵𝗮́𝗰 𝗗𝘂̀𝗻𝗴
✅ Đ𝗮̆𝗻𝗴 𝗞𝘆́ 𝗔𝗽𝗽 𝗫𝗮𝗻𝗵 𝗣𝗹𝗮𝘁𝗳𝗼𝗿𝗺 – 𝗧𝗮̣𝗶 𝗖𝗵𝗼̂̃
--------------------
🏠𝟮𝟴𝟴 𝗧𝗿𝘂̛𝗼̛̀𝗻𝗴 𝗖𝗵𝗶𝗻𝗵 - 𝗣𝗵ư𝗼̛̀𝗻𝗴 Đ𝗼̂𝗻𝗴 𝗛𝘂̛𝗻𝗴 𝗧𝗵𝘂𝗮̣̂𝗻 - 𝗛𝗖𝗠 (𝗤𝘂𝗮̣̂𝗻𝟭𝟮 𝗰𝘂̃)",2026,8000.0,Tp Hồ Chí Minh,Quận 12,"EvoMax BST 65 Chính Chủ
- Odo 8k
- Sẵn 2 pin thuê
- Óc tán 7 màu keng 
- Còn đủ phụ kiện theo xe
- Bảo hành Vinfats toàn quốc
⛔️ Nợ xấu đưa 0đ có LÃI SUẤT hoặc 12tr KO LÃI SUẤT
--------------------
✅ 𝗛𝗼̂̃ 𝗧𝗿𝗼̛̣ 𝗔𝗲 𝗟𝗲̂𝗻 𝗛𝗼̂̀ 𝗦𝗼̛ 𝗕𝗮𝗻𝗸 𝗡𝗵𝗮̣̂𝗻 𝗫𝗲 𝗩𝗮̀ 𝗖𝗮𝘃𝗲𝘁 𝗚𝗼̂́𝗰
✅ 𝗡𝗼̛̣ 𝗫𝗮̂́𝘂 – 𝗛𝗼̂̃ 𝗧𝗿𝗼̛̣ 𝟬 Đ𝗼̂̀𝗻𝗴 – 𝗞𝗵𝗼̂𝗻𝗴 𝗫𝗮́𝗰 𝗠𝗶𝗻𝗵
✅ 𝗡𝗼̛̣ 𝗫𝗮̂́𝘂 – 𝗛𝗼̂̃ 𝗧𝗿𝗼̛̣ Đ𝘂̛𝗮 𝟯𝟬% – 𝗞𝗵𝗼̂𝗻𝗴 𝗟𝗮̃𝗶
✅ Đ𝗼̂̉𝗶 𝗣𝗶𝗻 𝗞𝗵𝗼̂𝗻𝗴 𝗖𝗵𝗼̛̀ 𝗦𝗮̣c 𝗡𝗵𝗶𝗲̂̀𝘂 𝗖𝗵𝗶 𝗡𝗵𝗮́𝗻𝗵
✅ 𝗛ỗ 𝗧𝗿𝗼̛̣ 𝟮 𝗡𝗮̆𝗺 𝗫𝗲 𝗛𝘂̛ – 𝗖𝗼́ 𝗫𝗲 𝗞𝗵𝗮́𝗰 𝗗𝘂̀𝗻𝗴
✅ Đ𝗮̆𝗻𝗴 𝗞𝘆́ 𝗔𝗽𝗽 𝗫𝗮𝗻𝗵 𝗣𝗹𝗮𝘁𝗳𝗼𝗿𝗺 – 𝗧𝗮̣𝗶 𝗖𝗵𝗼̂̃
--------------------
🏠𝟮𝟴𝟴 𝗧𝗿𝘂̛𝗼̛̀𝗻𝗴 𝗖𝗵𝗶𝗻𝗵 - 𝗣𝗵ư𝗼̛̀𝗻𝗴 Đ𝗼̂𝗻𝗴 𝗛𝘂̛𝗻𝗴 𝗧𝗵𝘂𝗮̣̂𝗻 - 𝗛𝗖𝗠 (𝗤𝘂𝗮̣̂𝗻𝟭𝟮 𝗰𝘂̃)",Cần xác minh,Khác,Không phân loại,,
134366874,"Xe máy điện Typer 2 Trắng, Cam đã sử dụng",7800000,"Typer 2 đi ít còn như mới bán nửa giá mới

🛵TRẺ TRUNG - PHONG CÁCH - NĂNG ĐỘNG 
✴️ thanh lý xe typer2 
💸💸 giá bán 7tr800
☑️ màu sắc trung tính, thời trang (bảo hành 6 tháng) 
☑️ máy móc nguyên zin, an toàn tiết kiệm điện , Xanh, sạch không ồn 
☎️ Zalo *** (free ship Hà Nội, hỗ trợ ship toàn quốc  )
🏠 389 đội cấn -Hà Nội",2025,10000.0,Hà Nội,Quận Ba Đình,"Typer 2 đi ít còn như mới bán nửa giá mới

🛵TRẺ TRUNG - PHONG CÁCH - NĂNG ĐỘNG 
✴️ thanh lý xe typer2 
💸💸 giá bán 7tr800
☑️ màu sắc trung tính, thời trang (bảo hành 6 tháng) 
☑️ máy móc nguyên zin, an toàn tiết kiệm điện , Xanh, sạch không ồn 
☎️ Zalo *** (free ship Hà Nội, hỗ trợ ship toàn quốc  )
🏠 *** đội cấn -Hà Nội",Kèm pin,Khác,Không phân loại,,
134508320,Xe Điện 3sGo - Datbike S1 2026 Đen 10000 km,44900000,"DatbikeS1 BSTP ĐK 2026 Chính Chủ 1 Lần sạc đi 285km
- Odo 10k hơn
- Óc tán 7 màu keng 
- Còn đủ phụ kiện theo xe 
- Bảo hành Datbike toàn quốc
⛔️ Nợ xấu đưa 5tr8 có LÃI SUẤT hoặc 23tr KO LÃI SUẤT
--------------------
✅ 𝗛𝗼̂̃ 𝗧𝗿𝗼̛̣ 𝗔𝗲 𝗟𝗲̂𝗻 𝗛𝗼̂̀ 𝗦𝗼̛ 𝗕𝗮𝗻𝗸 𝗡𝗵𝗮̣̂𝗻 𝗫𝗲 𝗩𝗮̀ 𝗖𝗮𝘃𝗲𝘁 𝗚𝗼̂́𝗰
✅ 𝗡𝗼̛̣ 𝗫𝗮̂́𝘂 – 𝗛𝗼̂̃ 𝗧𝗿𝗼̛̣ 𝟬 Đ𝗼̂̀𝗻𝗴 – 𝗞𝗵𝗼̂𝗻𝗴 𝗫𝗮́𝗰 𝗠𝗶𝗻𝗵
✅ 𝗡𝗼̛̣ 𝗫𝗮̂́𝘂 – 𝗛𝗼̂̃ 𝗧𝗿𝗼̛̣ Đ𝘂̛𝗮 𝟯𝟬% – 𝗞𝗵𝗼̂𝗻𝗴 𝗟𝗮̃𝗶
✅ Đ𝗼̂̉𝗶 𝗣𝗶𝗻 𝗞𝗵𝗼̂𝗻𝗴 𝗖𝗵𝗼̛̀ 𝗦𝗮̣c 𝗡𝗵𝗶𝗲̂̀𝘂 𝗖𝗵𝗶 𝗡𝗵𝗮́𝗻𝗵
✅ 𝗛ỗ 𝗧𝗿𝗼̛̣ 𝟮 𝗡𝗮̆𝗺 𝗫𝗲 𝗛𝘂̛ – 𝗖𝗼́ 𝗫𝗲 𝗞𝗵𝗮́𝗰 𝗗𝘂̀𝗻𝗴
✅ Đ𝗮̆𝗻𝗴 𝗞𝘆́ 𝗔𝗽𝗽 𝗫𝗮𝗻𝗵 𝗣𝗹𝗮𝘁𝗳𝗼𝗿𝗺 – 𝗧𝗮̣𝗶 𝗖𝗵𝗼̂̃
--------------------
🏠𝟮𝟴𝟴 𝗧𝗿𝘂̛𝗼̛̀𝗻𝗴 𝗖𝗵𝗶𝗻𝗵 - 𝗣𝗵ư𝗼̛̀𝗻𝗴 Đ𝗼̂𝗻𝗴 𝗛𝘂̛𝗻𝗴 𝗧𝗵𝘂𝗮̣̂𝗻 - 𝗛𝗖𝗠 (𝗤𝘂𝗮̣̂𝗻𝟭𝟮 𝗰𝘂̃)",2025,10000.0,Tp Hồ Chí Minh,Quận 12,"DatbikeS1 BSTP ĐK 2026 Chính Chủ 1 Lần sạc đi 285km
- Odo 10k hơn
- Óc tán 7 màu keng 
- Còn đủ phụ kiện theo xe 
- Bảo hành Datbike toàn quốc
⛔️ Nợ xấu đưa 5tr8 có LÃI SUẤT hoặc 23tr KO LÃI SUẤT
--------------------
✅ 𝗛𝗼̂̃ 𝗧𝗿𝗼̛̣ 𝗔𝗲 𝗟𝗲̂𝗻 𝗛𝗼̂̀ 𝗦𝗼̛ 𝗕𝗮𝗻𝗸 𝗡𝗵𝗮̣̂𝗻 𝗫𝗲 𝗩𝗮̀ 𝗖𝗮𝘃𝗲𝘁 𝗚𝗼̂́𝗰
✅ 𝗡𝗼̛̣ 𝗫𝗮̂́𝘂 – 𝗛𝗼̂̃ 𝗧𝗿𝗼̛̣ 𝟬 Đ𝗼̂̀𝗻𝗴 – 𝗞𝗵𝗼̂𝗻𝗴 𝗫𝗮́𝗰 𝗠𝗶𝗻𝗵
✅ 𝗡𝗼̛̣ 𝗫𝗮̂́𝘂 – 𝗛𝗼̂̃ 𝗧𝗿𝗼̛̣ Đ𝘂̛𝗮 𝟯𝟬% – 𝗞𝗵𝗼̂𝗻𝗴 𝗟𝗮̃𝗶
✅ Đ𝗼̂̉𝗶 𝗣𝗶𝗻 𝗞𝗵𝗼̂𝗻𝗴 𝗖𝗵𝗼̛̀ 𝗦𝗮̣c 𝗡𝗵𝗶𝗲̂̀𝘂 𝗖𝗵𝗶 𝗡𝗵𝗮́𝗻𝗵
✅ 𝗛ỗ 𝗧𝗿𝗼̛̣ 𝟮 𝗡𝗮̆𝗺 𝗫𝗲 𝗛𝘂̛ – 𝗖𝗼́ 𝗫𝗲 𝗞𝗵𝗮́𝗰 𝗗𝘂̀𝗻𝗴
✅ Đ𝗮̆𝗻𝗴 𝗞𝘆́ 𝗔𝗽𝗽 𝗫𝗮𝗻𝗵 𝗣𝗹𝗮𝘁𝗳𝗼𝗿𝗺 – 𝗧𝗮̣𝗶 𝗖𝗵𝗼̂̃
--------------------
🏠𝟮𝟴𝟴 𝗧𝗿𝘂̛𝗼̛̀𝗻𝗴 𝗖𝗵𝗶𝗻𝗵 - 𝗣𝗵ư𝗼̛̀𝗻𝗴 Đ𝗼̂𝗻𝗴 𝗛𝘂̛𝗻𝗴 𝗧𝗵𝘂𝗮̣̂𝗻 - 𝗛𝗖𝗠 (𝗤𝘂𝗮̣̂𝗻𝟭𝟮 𝗰𝘂̃)",Cần xác minh,Khác,Không phân loại,,
134197994,CỬA HÀNG THU MUA XE MÁY ĐIỆN CŨ,35999000,"⭐️ CỬA HÀNG PHẠM TUẤN XE ĐIỆN CŨ 
CHUYÊN THU MUA XE ĐIỆN CŨ - GIÁ CAO - BAO MỌI GIẤY TỜ LIÊN QUAN
📌 Địa chỉ: 244 Thoại Ngọc Hầu . Phú Thạnh , Q .Tân Phú . TP HCM.
⭐️ ĐỊNH GIÁ MIỄN PHÍ XE MÁY ⭐️

❤️ Chuyên Thu Mua Xe Điện Cũ với các dòng như sau, Giá Bao Thị Trường
( VINFAST . YADEA . DATBIKE . PEGA...)

Giá thu từ: 1tr - 99tr

Dịch vụ đặc biệt:
❤️ Bấm Giá Trong Vòng 30s Để Khách Hàng Tham Khảo Giá
❤️ Hỗ Trợ Mua Tận Nơi ( Sài Gòn và những chỗ lân cận)


😍😍😍 CẦN KẾT NỐI VỚI SHOWROOM CÁC HÃNG XE ĐIỆN NEW THU CŨ ĐỔI MỚI CHO KHÁCH HÀNG

code: #thumuaxe #26003663_1",2025,1.0,Tp Hồ Chí Minh,Quận Tân Phú,"⭐️ CỬA HÀNG PHẠM TUẤN XE ĐIỆN CŨ 
CHUYÊN THU MUA XE ĐIỆN CŨ - GIÁ CAO - BAO MỌI GIẤY TỜ LIÊN QUAN
📌 Địa chỉ: 244 Thoại Ngọc Hầu . Phú Thạnh , Q .Tân Phú . TP HCM.
⭐️ ĐỊNH GIÁ MIỄN PHÍ XE MÁY ⭐️

❤️ Chuyên Thu Mua Xe Điện Cũ với các dòng như sau, Giá Bao Thị Trường
( VINFAST . YADEA . DATBIKE . PEGA...)

Giá thu từ: 1tr - 99tr

Dịch vụ đặc biệt:
❤️ Bấm Giá Trong Vòng 30s Để Khách Hàng Tham Khảo Giá
❤️ Hỗ Trợ Mua Tận Nơi ( Sài Gòn và những chỗ lân cận)


😍😍😍 CẦN KẾT NỐI VỚI SHOWROOM CÁC HÃNG XE ĐIỆN NEW THU CŨ ĐỔI MỚI CHO KHÁCH HÀNG

code: #thumuaxe #26003663_1",Cần xác minh,Khác,Không phân loại,,
134558870,Xe Điện 3sGo - Feliz II Trắng 700km,25900000,"Feliz II BSTP Chính Chủ 
- Odo 700km
- 2pin (free thuê 2pin 1 năm)
- Óc tán 7 màu keng 
- Còn đủ phụ kiện theo xe 
- Bảo hành Vinfast toàn quốc
⛔️ Nợ xấu đưa 0đ có LÃI SUẤT hoặc 15tr KO LÃI SUẤT
--------------------
✅ 𝗛𝗼̂̃ 𝗧𝗿𝗼̛̣ 𝗔𝗲 𝗟𝗲̂𝗻 𝗛𝗼̂̀ 𝗦𝗼̛ 𝗕𝗮𝗻𝗸 𝗡𝗵𝗮̣̂𝗻 𝗫𝗲 𝗩𝗮̀ 𝗖𝗮𝘃𝗲𝘁 𝗚𝗼̂́𝗰
✅ 𝗡𝗼̛̣ 𝗫𝗮̂́𝘂 – 𝗛𝗼̂̃ 𝗧𝗿𝗼̛̣ 𝟬 Đ𝗼̂̀𝗻𝗴 – 𝗞𝗵𝗼̂𝗻𝗴 𝗫𝗮́𝗰 𝗠𝗶𝗻𝗵
✅ 𝗡𝗼̛̣ 𝗫𝗮̂́𝘂 – 𝗛𝗼̂̃ 𝗧𝗿𝗼̛̣ Đ𝘂̛𝗮 𝟯𝟬% – 𝗞𝗵𝗼̂𝗻𝗴 𝗟𝗮̃𝗶
✅ Đ𝗼̂̉𝗶 𝗣𝗶𝗻 𝗞𝗵𝗼̂𝗻𝗴 𝗖𝗵𝗼̛̀ 𝗦𝗮̣c 𝗡𝗵𝗶𝗲̂̀𝘂 𝗖𝗵𝗶 𝗡𝗵𝗮́𝗻𝗵
✅ 𝗛ỗ 𝗧𝗿𝗼̛̣ 𝟮 𝗡𝗮̆𝗺 𝗫𝗲 𝗛𝘂̛ – 𝗖𝗼́ 𝗫𝗲 𝗞𝗵𝗮́𝗰 𝗗𝘂̀𝗻𝗴
✅ Đ𝗮̆𝗻𝗴 𝗞𝘆́ 𝗔𝗽𝗽 𝗫𝗮𝗻𝗵 𝗣𝗹𝗮𝘁𝗳𝗼𝗿𝗺 – 𝗧𝗮̣𝗶 𝗖𝗵𝗼̂̃
--------------------
🏠𝟮𝟴𝟴 𝗧𝗿𝘂̛𝗼̛̀𝗻𝗴 𝗖𝗵𝗶𝗻𝗵 - 𝗣𝗵ư𝗼̛̀𝗻𝗴 Đ𝗼̂𝗻𝗴 𝗛𝘂̛𝗻𝗴 𝗧𝗵𝘂𝗮̣̂𝗻 - 𝗛𝗖𝗠 (𝗤𝘂𝗮̣̂𝗻𝟭𝟮 𝗰𝘂̃)",2026,700.0,Tp Hồ Chí Minh,Quận 12,"Feliz II BSTP Chính Chủ 
- Odo 700km
- 2pin (free thuê 2pin 1 năm)
- Óc tán 7 màu keng 
- Còn đủ phụ kiện theo xe 
- Bảo hành Vinfast toàn quốc
⛔️ Nợ xấu đưa 0đ có LÃI SUẤT hoặc 15tr KO LÃI SUẤT
--------------------
✅ 𝗛𝗼̂̃ 𝗧𝗿𝗼̛̣ 𝗔𝗲 𝗟𝗲̂𝗻 𝗛𝗼̂̀ 𝗦𝗼̛ 𝗕𝗮𝗻𝗸 𝗡𝗵𝗮̣̂𝗻 𝗫𝗲 𝗩𝗮̀ 𝗖𝗮𝘃𝗲𝘁 𝗚𝗼̂́𝗰
✅ 𝗡𝗼̛̣ 𝗫𝗮̂́𝘂 – 𝗛𝗼̂̃ 𝗧𝗿𝗼̛̣ 𝟬 Đ𝗼̂̀𝗻𝗴 – 𝗞𝗵𝗼̂𝗻𝗴 𝗫𝗮́𝗰 𝗠𝗶𝗻𝗵
✅ 𝗡𝗼̛̣ 𝗫𝗮̂́𝘂 – 𝗛𝗼̂̃ 𝗧𝗿𝗼̛̣ Đ𝘂̛𝗮 𝟯𝟬% – 𝗞𝗵𝗼̂𝗻𝗴 𝗟𝗮̃𝗶
✅ Đ𝗼̂̉𝗶 𝗣𝗶𝗻 𝗞𝗵𝗼̂𝗻𝗴 𝗖𝗵𝗼̛̀ 𝗦𝗮̣c 𝗡𝗵𝗶𝗲̂̀𝘂 𝗖𝗵𝗶 𝗡𝗵𝗮́𝗻𝗵
✅ 𝗛ỗ 𝗧𝗿𝗼̛̣ 𝟮 𝗡𝗮̆𝗺 𝗫𝗲 𝗛𝘂̛ – 𝗖𝗼́ 𝗫𝗲 𝗞𝗵𝗮́𝗰 𝗗𝘂̀𝗻𝗴
✅ Đ𝗮̆𝗻𝗴 𝗞𝘆́ 𝗔𝗽𝗽 𝗫𝗮𝗻𝗵 𝗣𝗹𝗮𝘁𝗳𝗼𝗿𝗺 – 𝗧𝗮̣𝗶 𝗖𝗵𝗼̂̃
--------------------
🏠𝟮𝟴𝟴 𝗧𝗿𝘂̛𝗼̛̀𝗻𝗴 𝗖𝗵𝗶𝗻𝗵 - 𝗣𝗵ư𝗼̛̀𝗻𝗴 Đ𝗼̂𝗻𝗴 𝗛𝘂̛𝗻𝗴 𝗧𝗵𝘂𝗮̣̂𝗻 - 𝗛𝗖𝗠 (𝗤𝘂𝗮̣̂𝗻𝟭𝟮 𝗰𝘂̃)",Cần xác minh,VinFast,Feliz,27000000.0,4.1
134621837,Xe máy điện Xmen 2019 Đen Việt Nam,4900000,"BÁN XE MÁY ĐIỆN cũ :  Xmen 
Giá:4tr900  bình khỏe 30/35km/1 lần sạc 
Đk 2019 biển số 74 
xe ở Cầu Vượt Sóng Thần  Qlộ 1A 
LH: ***
Có nhan đổi xe điện cũ các loại",2019,8978.0,Tp Hồ Chí Minh,Thành phố Thủ Đức,"BÁN XE MÁY ĐIỆN cũ :  Xmen 
Giá:4tr900  bình khỏe 30/35km/1 lần sạc 
Đk 2019 biển số 74 
xe ở Cầu Vượt Sóng Thần  Qlộ 1A 
LH: ***
Có nhan đổi xe điện cũ các loại",Cần xác minh,Khác,Không phân loại,,
134621834,Xe máy điện VinFast Vento Neo Trắng 9.000KM,29500000,"Vento Neo 9.000KM Cập Bến 😍😍😍

Giá..29.5Tr

☎️*** Em bi",2025,9000.0,Tp Hồ Chí Minh,Quận Tân Phú,"Vento Neo 9.000KM Cập Bến 😍😍😍

Giá..29.5Tr

☎️*** Em bi",Cần xác minh,VinFast,Vento,50000000.0,41.0
134621825,"VinFast Feliz Neo 2025 Xám 38,900km",28000000,"Feliz Ne***


- ODO : 38,900km
- Pin : 72v 105Ah . Quãng đường đi được từ 200km 1 lần sạc
- Ngoại hình : 95%
- Thủ tục mua bán : công chứng mua bán ra tên mới. Chủ xe hỗ trợ rút hồ sơ
- Năm đăng ký : 10/2025
- Giá bán :  28,000,000
- Có hỗ trợ trả góp, nợ xấu
- Có cho thuê xe, trao đổi mua bán xe, ký gửi xe",2025,38900.0,Tp Hồ Chí Minh,Quận Tân Bình,"Feliz Ne***


- ODO : 38,900km
- Pin : 72v 105Ah . Quãng đường đi được từ 200km 1 lần sạc
- Ngoại hình : 95%
- Thủ tục mua bán : công chứng mua bán ra tên mới. Chủ xe hỗ trợ rút hồ sơ
- Năm đăng ký : 10/2025
- Giá bán :  28,000,000
- Có hỗ trợ trả góp, nợ xấu
- Có cho thuê xe, trao đổi mua bán xe, ký gửi xe",Cần xác minh,VinFast,Feliz,27000000.0,-3.7
134621821,Xe điện gogo,5200000,"bán xe điện còn rất tốt nhập khẩu nguyên chiếc giá vừa tầm ai mua cho con đi hoc câp 3 đỡ đươc bao nhiêu tiền nhà nhiêu xe lên bán nhanh cho gọn
ai thiên chí mua hoăc nhăn tin nêu ko nghe may kip",2019,5252.0,Hải Phòng,Quận Ngô Quyền,"bán xe điện còn rất tốt nhập khẩu nguyên chiếc giá vừa tầm ai mua cho con đi hoc câp 3 đỡ đươc bao nhiêu tiền nhà nhiêu xe lên bán nhanh cho gọn
ai thiên chí mua hoăc nhăn tin nêu ko nghe may kip",Cần xác minh,Dibao,Gogo,14500000.0,64.1
134621813,Quantum S3 odo 10k xe đẹp ken biển sg,32500000,"Quantum s3 xe đẹp ken 9 chủ ký 
Có gop nợ xấu tay đôi",2025,10412.0,Tp Hồ Chí Minh,Quận Tân Phú,"Quantum s3 xe đẹp ken 9 chủ ký 
Có gop nợ xấu tay đôi",Cần xác minh,Dat Bike,Quantum,34900000.0,6.9
133165398,Xe máy điện VinFast Feliz 2 Trắng,17500000,"Xe máy điện VinFast Feliz 2 màu trắng, thiết kế hiện đại, phù hợp cho cả nam và nữ. 
- Xe vận hành êm ái, tiết kiệm năng lượng. 
- Trang bị nhiều tính năng thông minh. 
- Xe mới, ít sử dụng.
- chuyển nhượng hợp đồng thuê 2 pin vinfast 1,5kw
",2026,1589.0,Đồng Nai,Huyện Trảng Bom,"Xe máy điện VinFast Feliz 2 màu trắng, thiết kế hiện đại, phù hợp cho cả nam và nữ. 
- Xe vận hành êm ái, tiết kiệm năng lượng. 
- Trang bị nhiều tính năng thông minh. 
- Xe mới, ít sử dụng.
- chuyển nhượng hợp đồng thuê 2 pin vinfast 1,5kw
",Cần xác minh,VinFast,Feliz,27000000.0,35.2
134536690,Xe Điện 3sGo -  Evo200Lite 2025 Đen,22900000,"Evo200Lite  - Bstp 9 Chủ ĐK 2025
- 2 Chìa khoá đầy đủ
- Dàn áo dán keng 98%
- Óc tán 7 màu keng 98%
- Còn đủ phụ kiện theo xe
❤️Xe keng 98% so với xe new 
⛔️ Nợ xấu đưa 3tr2 có LÃI SUẤT hoặc 12tr KO LÃI SUẤT
--------------------
✅ 𝗛𝗼̂̃ 𝗧𝗿𝗼̛̣ 𝗔𝗲 𝗟𝗲̂𝗻 𝗛𝗼̂̀ 𝗦𝗼̛ 𝗕𝗮𝗻𝗸 𝗡𝗵𝗮̣̂𝗻 𝗫𝗲 𝗩𝗮̀ 𝗖𝗮𝘃𝗲𝘁 𝗚𝗼̂́𝗰
✅ 𝗡𝗼̛̣ 𝗫𝗮̂́𝘂 – 𝗛𝗼̂̃ 𝗧𝗿𝗼̛̣ 𝟬 Đ𝗼̂̀𝗻𝗴 – 𝗞𝗵𝗼̂𝗻𝗴 𝗫𝗮́𝗰 𝗠𝗶𝗻𝗵
✅ 𝗡𝗼̛̣ 𝗫𝗮̂́𝘂 – 𝗛𝗼̂̃ 𝗧𝗿𝗼̛̣ Đ𝘂̛𝗮 𝟯𝟬% – 𝗞𝗵𝗼̂𝗻𝗴 𝗟𝗮̃𝗶
✅ Đ𝗼̂̉𝗶 𝗣𝗶𝗻 𝗞𝗵𝗼̂𝗻𝗴 𝗖𝗵𝗼̛̀ 𝗦𝗮̣c 𝗡𝗵𝗶𝗲̂̀𝘂 𝗖𝗵𝗶 𝗡𝗵𝗮́𝗻𝗵
✅ 𝗛ỗ 𝗧𝗿𝗼̛̣ 𝟮 𝗡𝗮̆𝗺 𝗫𝗲 𝗛𝘂̛ – 𝗖𝗼́ 𝗫𝗲 𝗞𝗵𝗮́𝗰 𝗗𝘂̀𝗻𝗴
✅ Đ𝗮̆𝗻𝗴 𝗞𝘆́ 𝗔𝗽𝗽 𝗫𝗮𝗻𝗵 𝗣𝗹𝗮𝘁𝗳𝗼𝗿𝗺 – 𝗧𝗮̣𝗶 𝗖𝗵𝗼̂̃
--------------------
🏠𝟮𝟴𝟴 𝗧𝗿𝘂̛𝗼̛̀𝗻𝗴 𝗖𝗵𝗶𝗻𝗵 - 𝗣𝗵ư𝗼̛̀𝗻𝗴 Đ𝗼̂𝗻𝗴 𝗛𝘂̛𝗻𝗴 𝗧𝗵𝘂𝗮̣̂𝗻 - 𝗛𝗖𝗠 (𝗤𝘂𝗮̣̂𝗻𝟭𝟮 𝗰𝘂̃)",2025,,Tp Hồ Chí Minh,Quận 12,"Evo200Lite  - Bstp 9 Chủ ĐK 2025
- 2 Chìa khoá đầy đủ
- Dàn áo dán keng 98%
- Óc tán 7 màu keng 98%
- Còn đủ phụ kiện theo xe
❤️Xe keng 98% so với xe new 
⛔️ Nợ xấu đưa 3tr2 có LÃI SUẤT hoặc 12tr KO LÃI SUẤT
--------------------
✅ 𝗛𝗼̂̃ 𝗧𝗿𝗼̛̣ 𝗔𝗲 𝗟𝗲̂𝗻 𝗛𝗼̂̀ 𝗦𝗼̛ 𝗕𝗮𝗻𝗸 𝗡𝗵𝗮̣̂𝗻 𝗫𝗲 𝗩𝗮̀ 𝗖𝗮𝘃𝗲𝘁 𝗚𝗼̂́𝗰
✅ 𝗡𝗼̛̣ 𝗫𝗮̂́𝘂 – 𝗛𝗼̂̃ 𝗧𝗿𝗼̛̣ 𝟬 Đ𝗼̂̀𝗻𝗴 – 𝗞𝗵𝗼̂𝗻𝗴 𝗫𝗮́𝗰 𝗠𝗶𝗻𝗵
✅ 𝗡𝗼̛̣ 𝗫𝗮̂́𝘂 – 𝗛𝗼̂̃ 𝗧𝗿𝗼̛̣ Đ𝘂̛𝗮 𝟯𝟬% – 𝗞𝗵𝗼̂𝗻𝗴 𝗟𝗮̃𝗶
✅ Đ𝗼̂̉𝗶 𝗣𝗶𝗻 𝗞𝗵𝗼̂𝗻𝗴 𝗖𝗵𝗼̛̀ 𝗦𝗮̣c 𝗡𝗵𝗶𝗲̂̀𝘂 𝗖𝗵𝗶 𝗡𝗵𝗮́𝗻𝗵
✅ 𝗛ỗ 𝗧𝗿𝗼̛̣ 𝟮 𝗡𝗮̆𝗺 𝗫𝗲 𝗛𝘂̛ – 𝗖𝗼́ 𝗫𝗲 𝗞𝗵𝗮́𝗰 𝗗𝘂̀𝗻𝗴
✅ Đ𝗮̆𝗻𝗴 𝗞𝘆́ 𝗔𝗽𝗽 𝗫𝗮𝗻𝗵 𝗣𝗹𝗮𝘁𝗳𝗼𝗿𝗺 – 𝗧𝗮̣𝗶 𝗖𝗵𝗼̂̃
--------------------
🏠𝟮𝟴𝟴 𝗧𝗿𝘂̛𝗼̛̀𝗻𝗴 𝗖𝗵𝗶𝗻𝗵 - 𝗣𝗵ư𝗼̛̀𝗻𝗴 Đ𝗼̂𝗻𝗴 𝗛𝘂̛𝗻𝗴 𝗧𝗵𝘂𝗮̣̂𝗻 - 𝗛𝗖𝗠 (𝗤𝘂𝗮̣̂𝗻𝟭𝟮 𝗰𝘂̃)",Cần xác minh,Khác,Không phân loại,,
134621561,Xe máy điện VinFast Feliz 2025 Trắng 2 pin 2.4kW,25000000,"FELIZ 2025 – 2 PIN ZIN – GIÁ 25 TRIỆU 🔥
Biển số: 50AD-256.57

🛵 Feliz 2025 – xe đẹp, 2 pin zin, sẵn sàng chạy ngay!

✨ Thông tin xe:

📍 ODO: 10.000 km
🔋 2 pin 2.4kW zin hãng
💎 Ngoại hình: 95%
📅 Đăng ký: 12/2025
📄 Công chứng mua bán
💰 Giá bán: 25.000.000đ

💳 HỖ TRỢ TRẢ GÓP – HỖ TRỢ HỒ SƠ NỢ XẤU
🛵 Có cho thuê xe
🔄 Nhận trao đổi – mua bán xe
📦 Nhận ký gửi xe

🔥 Điểm đáng tiền: 2 pin zin + đời 2025 + giấy tờ mua bán rõ ràng. Mua về đi hằng ngày hoặc chạy dịch vụ đều tiện.

📩 Quan tâm inbox ngay – xe đẹp, giá tốt, chốt sớm kẻo hết!",2025,10000.0,Tp Hồ Chí Minh,Quận Tân Bình,"FELIZ 2025 – 2 PIN ZIN – GIÁ 25 TRIỆU 🔥
Biển số: 50AD-256.57

🛵 Feliz 2025 – xe đẹp, 2 pin zin, sẵn sàng chạy ngay!

✨ Thông tin xe:

📍 ODO: 10.000 km
🔋 2 pin 2.4kW zin hãng
💎 Ngoại hình: 95%
📅 Đăng ký: 12/2025
📄 Công chứng mua bán
💰 Giá bán: 25.000.000đ

💳 HỖ TRỢ TRẢ GÓP – HỖ TRỢ HỒ SƠ NỢ XẤU
🛵 Có cho thuê xe
🔄 Nhận trao đổi – mua bán xe
📦 Nhận ký gửi xe

🔥 Điểm đáng tiền: 2 pin zin + đời 2025 + giấy tờ mua bán rõ ràng. Mua về đi hằng ngày hoặc chạy dịch vụ đều tiện.

📩 Quan tâm inbox ngay – xe đẹp, giá tốt, chốt sớm kẻo hết!",Kèm pin,VinFast,Feliz,27000000.0,7.4
134621518,Xe máy điện VinFast Feliz Neo 2025 Xám 39000 km,20500000,"Feliz Neo màu xám BS : 50-AC 735.12


- ODO : 39000
- Pin : 1 Pin zin 67v 30Ah + 1 pin song song sàn chân 67v 30Ah . Quãng đường đi được từ 130 - 150km 1 lần sạc
- Ngoại hình : 90%
- Thủ tục mua bán : công chứng mua bán
- Năm đăng ký : 09/2025
- Giá bán :  20,500,000
- Có hỗ trợ trả góp, nợ xấu
- Có cho thuê xe, trao đổi mua bán xe, ký gửi xe",2025,39000.0,Tp Hồ Chí Minh,Quận Tân Bình,"Feliz Neo màu xám BS : 50-AC 735.12


- ODO : 39000
- Pin : 1 Pin zin 67v 30Ah + 1 pin song song sàn chân 67v 30Ah . Quãng đường đi được từ 130 - 150km 1 lần sạc
- Ngoại hình : 90%
- Thủ tục mua bán : công chứng mua bán
- Năm đăng ký : 09/2025
- Giá bán :  20,500,000
- Có hỗ trợ trả góp, nợ xấu
- Có cho thuê xe, trao đổi mua bán xe, ký gửi xe",Kèm pin,VinFast,Feliz,27000000.0,24.1
134506458,Xe Điện 3sGo - Flazz 2026 Trắng 900 km,15900000,"Flazz BSTP ĐK 2026 Chính Chủ 
- Odo 900 cây
- Đã mua 2 pin
- Óc tán 7 màu keng 
- Còn đủ phụ kiện theo xe
- Bảo hành Vinfast toàn quốc
#Giá_15tr9 - Nậu xớ đưa 2tr1 hoặc 5tr1
⛔️ Nợ xấu đưa 2tr1 có LÃI SUẤT hoặc 8tr KO LÃI SUẤT
--------------------
✅ 𝗛𝗼̂̃ 𝗧𝗿𝗼̛̣ 𝗔𝗲 𝗟𝗲̂𝗻 𝗛𝗼̂̀ 𝗦𝗼̛ 𝗕𝗮𝗻𝗸 𝗡𝗵𝗮̣̂𝗻 𝗫𝗲 𝗩𝗮̀ 𝗖𝗮𝘃𝗲𝘁 𝗚𝗼̂́𝗰
✅ 𝗡𝗼̛̣ 𝗫𝗮̂́𝘂 – 𝗛𝗼̂̃ 𝗧𝗿𝗼̛̣ 𝟬 Đ𝗼̂̀𝗻𝗴 – 𝗞𝗵𝗼̂𝗻𝗴 𝗫𝗮́𝗰 𝗠𝗶𝗻𝗵
✅ 𝗡𝗼̛̣ 𝗫𝗮̂́𝘂 – 𝗛𝗼̂̃ 𝗧𝗿𝗼̛̣ Đ𝘂̛𝗮 𝟯𝟬% – 𝗞𝗵𝗼̂𝗻𝗴 𝗟𝗮̃𝗶
✅ Đ𝗼̂̉𝗶 𝗣𝗶𝗻 𝗞𝗵𝗼̂𝗻𝗴 𝗖𝗵𝗼̛̀ 𝗦𝗮̣c 𝗡𝗵𝗶𝗲̂̀𝘂 𝗖𝗵𝗶 𝗡𝗵𝗮́𝗻𝗵
✅ 𝗛ỗ 𝗧𝗿𝗼̛̣ 𝟮 𝗡𝗮̆𝗺 𝗫𝗲 𝗛𝘂̛ – 𝗖𝗼́ 𝗫𝗲 𝗞𝗵𝗮́𝗰 𝗗𝘂̀𝗻𝗴
✅ Đ𝗮̆𝗻𝗴 𝗞𝘆́ 𝗔𝗽𝗽 𝗫𝗮𝗻𝗵 𝗣𝗹𝗮𝘁𝗳𝗼𝗿𝗺 – 𝗧𝗮̣𝗶 𝗖𝗵𝗼̂̃
--------------------
🏠𝟮𝟴𝟴 𝗧𝗿𝘂̛𝗼̛̀𝗻𝗴 𝗖𝗵𝗶𝗻𝗵 - 𝗣𝗵ư𝗼̛̀𝗻𝗴 Đ𝗼̂𝗻𝗴 𝗛𝘂̛𝗻𝗴 𝗧𝗵𝘂𝗮̣̂𝗻 - 𝗛𝗖𝗠 (𝗤𝘂𝗮̣̂𝗻𝟭𝟮 𝗰𝘂̃)",2026,900.0,Tp Hồ Chí Minh,Quận 12,"Flazz BSTP ĐK 2026 Chính Chủ 
- Odo 900 cây
- Đã mua 2 pin
- Óc tán 7 màu keng 
- Còn đủ phụ kiện theo xe
- Bảo hành Vinfast toàn quốc
#Giá_15tr9 - Nậu xớ đưa 2tr1 hoặc 5tr1
⛔️ Nợ xấu đưa 2tr1 có LÃI SUẤT hoặc 8tr KO LÃI SUẤT
--------------------
✅ 𝗛𝗼̂̃ 𝗧𝗿𝗼̛̣ 𝗔𝗲 𝗟𝗲̂𝗻 𝗛𝗼̂̀ 𝗦𝗼̛ 𝗕𝗮𝗻𝗸 𝗡𝗵𝗮̣̂𝗻 𝗫𝗲 𝗩𝗮̀ 𝗖𝗮𝘃𝗲𝘁 𝗚𝗼̂́𝗰
✅ 𝗡𝗼̛̣ 𝗫𝗮̂́𝘂 – 𝗛𝗼̂̃ 𝗧𝗿𝗼̛̣ 𝟬 Đ𝗼̂̀𝗻𝗴 – 𝗞𝗵𝗼̂𝗻𝗴 𝗫𝗮́𝗰 𝗠𝗶𝗻𝗵
✅ 𝗡𝗼̛̣ 𝗫𝗮̂́𝘂 – 𝗛𝗼̂̃ 𝗧𝗿𝗼̛̣ Đ𝘂̛𝗮 𝟯𝟬% – 𝗞𝗵𝗼̂𝗻𝗴 𝗟𝗮̃𝗶
✅ Đ𝗼̂̉𝗶 𝗣𝗶𝗻 𝗞𝗵𝗼̂𝗻𝗴 𝗖𝗵𝗼̛̀ 𝗦𝗮̣c 𝗡𝗵𝗶𝗲̂̀𝘂 𝗖𝗵𝗶 𝗡𝗵𝗮́𝗻𝗵
✅ 𝗛ỗ 𝗧𝗿𝗼̛̣ 𝟮 𝗡𝗮̆𝗺 𝗫𝗲 𝗛𝘂̛ – 𝗖𝗼́ 𝗫𝗲 𝗞𝗵𝗮́𝗰 𝗗𝘂̀𝗻𝗴
✅ Đ𝗮̆𝗻𝗴 𝗞𝘆́ 𝗔𝗽𝗽 𝗫𝗮𝗻𝗵 𝗣𝗹𝗮𝘁𝗳𝗼𝗿𝗺 – 𝗧𝗮̣𝗶 𝗖𝗵𝗼̂̃
--------------------
🏠𝟮𝟴𝟴 𝗧𝗿𝘂̛𝗼̛̀𝗻𝗴 𝗖𝗵𝗶𝗻𝗵 - 𝗣𝗵ư𝗼̛̀𝗻𝗴 Đ𝗼̂𝗻𝗴 𝗛𝘂̛𝗻𝗴 𝗧𝗵𝘂𝗮̣̂𝗻 - 𝗛𝗖𝗠 (𝗤𝘂𝗮̣̂𝗻𝟭𝟮 𝗰𝘂̃)",Cần xác minh,Khác,Không phân loại,,
134555510,Xe Điện 3sGo - Datbike S1 Đen 10.000 km,44900000,"DatbikeS1 BSTP ĐK 2026 Chính Chủ 1 Lần sạc đi 285km
- Odo 10k hơn
- Óc tán 7 màu keng 
- Còn đủ phụ kiện theo xe 
- Bảo hành Datbike toàn quốc
⛔️ Nợ xấu đưa 5tr8 có LÃI SUẤT hoặc 24tr KO LÃI SUẤT
--------------------
✅ 𝗛𝗼̂̃ 𝗧𝗿𝗼̛̣ 𝗔𝗲 𝗟𝗲̂𝗻 𝗛𝗼̂̀ 𝗦𝗼̛ 𝗕𝗮𝗻𝗸 𝗡𝗵𝗮̣̂𝗻 𝗫𝗲 𝗩𝗮̀ 𝗖𝗮𝘃𝗲𝘁 𝗚𝗼̂́𝗰
✅ 𝗡𝗼̛̣ 𝗫𝗮̂́𝘂 – 𝗛𝗼̂̃ 𝗧𝗿𝗼̛̣ 𝟬 Đ𝗼̂̀𝗻𝗴 – 𝗞𝗵𝗼̂𝗻𝗴 𝗫𝗮́𝗰 𝗠𝗶𝗻𝗵
✅ 𝗡𝗼̛̣ 𝗫𝗮̂́𝘂 – 𝗛𝗼̂̃ 𝗧𝗿𝗼̛̣ Đ𝘂̛𝗮 𝟯𝟬% – 𝗞𝗵𝗼̂𝗻𝗴 𝗟𝗮̃𝗶
✅ Đ𝗼̂̉𝗶 𝗣𝗶𝗻 𝗞𝗵𝗼̂𝗻𝗴 𝗖𝗵𝗼̛̀ 𝗦𝗮̣c 𝗡𝗵𝗶𝗲̂̀𝘂 𝗖𝗵𝗶 𝗡𝗵𝗮́𝗻𝗵
✅ 𝗛ỗ 𝗧𝗿𝗼̛̣ 𝟮 𝗡𝗮̆𝗺 𝗫𝗲 𝗛𝘂̛ – 𝗖𝗼́ 𝗫𝗲 𝗞𝗵𝗮́𝗰 𝗗𝘂̀𝗻𝗴
✅ Đ𝗮̆𝗻𝗴 𝗞𝘆́ 𝗔𝗽𝗽 𝗫𝗮𝗻𝗵 𝗣𝗹𝗮𝘁𝗳𝗼𝗿𝗺 – 𝗧𝗮̣𝗶 𝗖𝗵𝗼̂̃
--------------------
🏠𝟮𝟴𝟴 𝗧𝗿𝘂̛𝗼̛̀𝗻𝗴 𝗖𝗵𝗶𝗻𝗵 - 𝗣𝗵ư𝗼̛̀𝗻𝗴 Đ𝗼̂𝗻𝗴 𝗛𝘂̛𝗻𝗴 𝗧𝗵𝘂𝗮̣̂𝗻 - 𝗛𝗖𝗠 (𝗤𝘂𝗮̣̂𝗻𝟭𝟮 𝗰𝘂̃)",2026,10000.0,Tp Hồ Chí Minh,Quận 12,"DatbikeS1 BSTP ĐK 2026 Chính Chủ 1 Lần sạc đi 285km
- Odo 10k hơn
- Óc tán 7 màu keng 
- Còn đủ phụ kiện theo xe 
- Bảo hành Datbike toàn quốc
⛔️ Nợ xấu đưa 5tr8 có LÃI SUẤT hoặc 24tr KO LÃI SUẤT
--------------------
✅ 𝗛𝗼̂̃ 𝗧𝗿𝗼̛̣ 𝗔𝗲 𝗟𝗲̂𝗻 𝗛𝗼̂̀ 𝗦𝗼̛ 𝗕𝗮𝗻𝗸 𝗡𝗵𝗮̣̂𝗻 𝗫𝗲 𝗩𝗮̀ 𝗖𝗮𝘃𝗲𝘁 𝗚𝗼̂́𝗰
✅ 𝗡𝗼̛̣ 𝗫𝗮̂́𝘂 – 𝗛𝗼̂̃ 𝗧𝗿𝗼̛̣ 𝟬 Đ𝗼̂̀𝗻𝗴 – 𝗞𝗵𝗼̂𝗻𝗴 𝗫𝗮́𝗰 𝗠𝗶𝗻𝗵
✅ 𝗡𝗼̛̣ 𝗫𝗮̂́𝘂 – 𝗛𝗼̂̃ 𝗧𝗿𝗼̛̣ Đ𝘂̛𝗮 𝟯𝟬% – 𝗞𝗵𝗼̂𝗻𝗴 𝗟𝗮̃𝗶
✅ Đ𝗼̂̉𝗶 𝗣𝗶𝗻 𝗞𝗵𝗼̂𝗻𝗴 𝗖𝗵𝗼̛̀ 𝗦𝗮̣c 𝗡𝗵𝗶𝗲̂̀𝘂 𝗖𝗵𝗶 𝗡𝗵𝗮́𝗻𝗵
✅ 𝗛ỗ 𝗧𝗿𝗼̛̣ 𝟮 𝗡𝗮̆𝗺 𝗫𝗲 𝗛𝘂̛ – 𝗖𝗼́ 𝗫𝗲 𝗞𝗵𝗮́𝗰 𝗗𝘂̀𝗻𝗴
✅ Đ𝗮̆𝗻𝗴 𝗞𝘆́ 𝗔𝗽𝗽 𝗫𝗮𝗻𝗵 𝗣𝗹𝗮𝘁𝗳𝗼𝗿𝗺 – 𝗧𝗮̣𝗶 𝗖𝗵𝗼̂̃
--------------------
🏠𝟮𝟴𝟴 𝗧𝗿𝘂̛𝗼̛̀𝗻𝗴 𝗖𝗵𝗶𝗻𝗵 - 𝗣𝗵ư𝗼̛̀𝗻𝗴 Đ𝗼̂𝗻𝗴 𝗛𝘂̛𝗻𝗴 𝗧𝗵𝘂𝗮̣̂𝗻 - 𝗛𝗖𝗠 (𝗤𝘂𝗮̣̂𝗻𝟭𝟮 𝗰𝘂̃)",Cần xác minh,Khác,Không phân loại,,
134620997,Xe máy điện Vespa Espero Classic 2022 Xanh ngọc,8400000,"Vespa Espero Classic 1. Đời cao 2022
Bình khoẻ. Đầy đủ giấy tờ
Ngoại hình đẹp như hình.
Giá hơn 8tr400

📍 Có thể xem xe và kiểm tra trực tiếp.
🏠 87 Máy tơ. Nam định
☎️ ***",2022,8000.0,Nam Định,Thành phố Nam Định,"Vespa Espero Classic 1. Đời cao 2022
Bình khoẻ. Đầy đủ giấy tờ
Ngoại hình đẹp như hình.
Giá hơn 8tr400

📍 Có thể xem xe và kiểm tra trực tiếp.
🏠 87 Máy tơ. Nam định
☎️ ***",Cần xác minh,Khác,Không phân loại,,
134434450,Xe đạp điện Yadea V1 Plus Đen,8500000,"Xe điện V1 Plus màu đen
- Kiểu dáng thời trang, dễ điều khiển.
- Động cơ êm ái.
- Pin bền bỉ, di chuyển quãng đường xa.",2025,1.0,Tp Hồ Chí Minh,Quận Tân Bình,"Xe điện V1 Plus màu đen
- Kiểu dáng thời trang, dễ điều khiển.
- Động cơ êm ái.
- Pin bền bỉ, di chuyển quãng đường xa.",Cần xác minh,Yadea,Yadea (Khác),9990000.0,14.9
134620393,Xe máy điện VinFast Vento Neo Trắng 9.000KM,29500000,"Vento Neo 9.000KM Cập Bến 😍😍😍

Giá..29.5Tr

☎️*** Minh Khờ",2025,9000.0,Tp Hồ Chí Minh,Quận Tân Phú,"Vento Neo 9.000KM Cập Bến 😍😍😍

Giá..29.5Tr

☎️*** Minh Khờ",Cần xác minh,VinFast,Vento,50000000.0,41.0
134620294,Vinfast Ludo Xe điện,6600000,Bán xe điện vinfast ludo acquy mới bảo hành 1 năm,2020,10.0,Hà Nội,Quận Tây Hồ,Bán xe điện vinfast ludo acquy mới bảo hành 1 năm,Cần xác minh,VinFast,Ludo,12900000.0,48.8
134620154,Xe máy điện VinFast Vento ABS Đen 7.000km,28800000,"Vento ABS lướt 7.000km
Chính chủ ký
-  Liền lạc đẹp keng
- 2 chìa 2 kính theo xe còn đủ
- Đã úp phuộc sau

Giá: 28tr8
☎️ ***",2025,7000.0,Tp Hồ Chí Minh,Quận 5,"Vento ABS lướt 7.000km
Chính chủ ký
-  Liền lạc đẹp keng
- 2 chìa 2 kính theo xe còn đủ
- Đã úp phuộc sau

Giá: 28tr8
☎️ ***",Cần xác minh,VinFast,Vento,50000000.0,42.4
134620115,Xe máy điện VinFast Vento Neo 2025 Trắng,29500000,"Khách lên đời để lại 
Vento neo siêu lướt
- Biển Tp chính chủ ký
- Pin 3.5, sạc 1000w đời mới 
- Liền lạc đẹp ken
- Góp đưa trước 30% nhận xe

Giá 29tr5
☎️***",2025,9000.0,Tp Hồ Chí Minh,Quận 5,"Khách lên đời để lại 
Vento neo siêu lướt
- Biển Tp chính chủ ký
- Pin 3.5, sạc 1000w đời mới 
- Liền lạc đẹp ken
- Góp đưa trước 30% nhận xe

Giá 29tr5
☎️***",Cần xác minh,VinFast,Vento,50000000.0,41.0
134620037,Xe máy điện Yadea Omee Trắng Ắc quy Graphene,14500000,"Xe máy điện Yadea Omee trắng, mới mua hơn 1 tuần, còn bảo hành hãng. 
 - Xe mới ra mắt 2026, thiết kế hiện đại. 
 - Pin ắc quy Graphene 48V22Ah, tốc độ tối đa 40km/h, công suất 400W. 
 - Phù hợp cho học sinh, sinh viên từ 16 tuổi trở lên hoặc người không có bằng lái. 
 - Giá 14.500.000 đồng.",2026,150.0,Tp Hồ Chí Minh,Thành phố Thủ Đức,"Xe máy điện Yadea Omee trắng, mới mua hơn 1 tuần, còn bảo hành hãng. 
 - Xe mới ra mắt 2026, thiết kế hiện đại. 
 - Pin ắc quy Graphene 48V22Ah, tốc độ tối đa 40km/h, công suất 400W. 
 - Phù hợp cho học sinh, sinh viên từ 16 tuổi trở lên hoặc người không có bằng lái. 
 - Giá 14.500.000 đồng.",Cần xác minh,Yadea,Yadea (Khác),9990000.0,-45.1
134599987,Xe điện Vespa Vision 2026 Xám Đã sử dụng,18500000,"Xe điện vision mới mua 2026 mới 98%

🔥🔥🔥 Siêu Phẩm Mới Về Ạ 🔥🔥🔥 

Vespa Siêu Siêu Lướt 2026

Xe Mới 95%, dk đầy đủ

SmartKey Zin
Xe Điện huy lâm Bán Rẻ 7tr So Với Mới 
Mà Lại Được Xe Như Mới Ạ 

📌 Ship Hàng TOÀN QUỐC - Nhanh chóng
---- 
📞 LH tư vấn miễn phí : ***( zalo / video call ) 
🕹️ Địa chỉ: 389 đội cấn-ba đình - Hà Nội. 
❇️ Cửa Hàng Xe Điện Huy Lâm",2026,5000.0,Hà Nội,Quận Ba Đình,"Xe điện vision mới mua 2026 mới 98%

🔥🔥🔥 Siêu Phẩm Mới Về Ạ 🔥🔥🔥 

Vespa Siêu Siêu Lướt 2026

Xe Mới 95%, dk đầy đủ

SmartKey Zin
Xe Điện huy lâm Bán Rẻ 7tr So Với Mới 
Mà Lại Được Xe Như Mới Ạ 

📌 Ship Hàng TOÀN QUỐC - Nhanh chóng
---- 
📞 LH tư vấn miễn phí : ***( zalo / video call ) 
🕹️ Địa chỉ: *** đội cấn-ba đình - Hà Nội. 
❇️ Cửa Hàng Xe Điện Huy Lâm",Kèm pin,Khác,Không phân loại,,
134619125,Xe máy điện VinFast Evo200 Lite Đen Việt Nam,20000000,"Trâu bò nhất dòng xe học sinh. Ko cần bằng lái. 
Evo200 lite biển SG.
Pin 3.5 kwh, trâu bò nhất nhà Vin. Tầm 100 - 140 km/sạc.
BH hãng đến 2028.
Biển SG, sang tên nhanh chóng.
20tr bao rút hồ sơ. 

Xe điện Z48
104 Đường số 1,kdc Cityland Center Hill, phường Hạnh Thông (t7 nghỉ)
***",2023,18000.0,Tp Hồ Chí Minh,Quận Gò Vấp,"Trâu bò nhất dòng xe học sinh. Ko cần bằng lái. 
Evo200 lite biển SG.
Pin 3.5 kwh, trâu bò nhất nhà Vin. Tầm 100 - 140 km/sạc.
BH hãng đến 2028.
Biển SG, sang tên nhanh chóng.
20tr bao rút hồ sơ. 

Xe điện Z48
*** Đường số 1,kdc Cityland Center Hill, phường Hạnh Thông (t7 nghỉ)
***",Cần xác minh,VinFast,Evo 200,18000000.0,-11.1
134618992,Vinfast Motio màu đỏ - Xe học sinh,8500000,"- Motio Vinfast.  Học sinh trên 16t đi ko cần bằng lái 
- 5 Bình acquy đi 50km/lần sạc 
- Chính chủ công chứng 
- Giá 8tr500k 
- Địa chỉ : 24/6. Đ.TL44. P.thạnh lộc. Q12",2025,10484.0,Tp Hồ Chí Minh,Quận 12,"- Motio Vinfast.  Học sinh trên 16t đi ko cần bằng lái 
- 5 Bình acquy đi 50km/lần sạc 
- Chính chủ công chứng 
- Giá 8tr500k 
- Địa chỉ : 24/6. Đ.TL44. P.thạnh lộc. Q12",Cần xác minh,Khác,Không phân loại,,
134618650,Xe máy điện VinFast Ludo/ Ko Bằng Lái (Cs2),8900000,"VinFast LuDo 50 / Pin / Không Bằng Lái
Trọng Lượng: 68Kg
Công Suất: 500w
Mua mới lúc trước 24.5 Triệu ( Pin Mua )
Năm SX : 2020
Xem Xe Tại CH2 Nguyễn Thông",2020,39000.0,Cần Thơ,Quận Bình Thuỷ,"VinFast LuDo 50 / Pin / Không Bằng Lái
Trọng Lượng: 68Kg
Công Suất: 500w
Mua mới lúc trước 24.5 Triệu ( Pin Mua )
Năm SX : 2020
Xem Xe Tại CH2 Nguyễn Thông",Cần xác minh,VinFast,Ludo,12900000.0,31.0
134602241,Xe Điện 3sGo - QuantumS1 BST 2025 Xanh 30k,35900000,"QuantumS1 BST9chù
- Đăng ký 2025
- Odo 30k
- Yên kimdang 
- Dàn áo keng ko trầy 98%
- Óc tán 7 màu keng 98%
- Còn đủ phụ kiện theo xe
❤️Xe keng 99% so với xe new 
⛔️ Nợ xấu đưa 8tr1 có LÃI SUẤT hoặc 19tr5 KO LÃI SUẤT
--------------------
✅ 𝗛𝗼̂̃ 𝗧𝗿𝗼̛̣ 𝗔𝗲 𝗟𝗲̂𝗻 𝗛𝗼̂̀ 𝗦𝗼̛ 𝗕𝗮𝗻𝗸 𝗡𝗵𝗮̣̂𝗻 𝗫𝗲 𝗩𝗮̀ 𝗖𝗮𝘃𝗲𝘁 𝗚𝗼̂́𝗰
✅ 𝗡𝗼̛̣ 𝗫𝗮̂́𝘂 – 𝗛𝗼̂̃ 𝗧𝗿𝗼̛̣ 𝟬 Đ𝗼̂̀𝗻𝗴 – 𝗞𝗵𝗼̂𝗻𝗴 𝗫𝗮́𝗰 𝗠𝗶𝗻𝗵
✅ 𝗡𝗼̛̣ 𝗫𝗮̂́𝘂 – 𝗛𝗼̂̃ 𝗧𝗿𝗼̛̣ Đ𝘂̛𝗮 𝟯𝟬% – 𝗞𝗵𝗼̂𝗻𝗴 𝗟𝗮̃𝗶
✅ Đ𝗼̂̉𝗶 𝗣𝗶𝗻 𝗞𝗵𝗼̂𝗻𝗴 𝗖𝗵𝗼̛̀ 𝗦𝗮̣c 𝗡𝗵𝗶𝗲̂̀𝘂 𝗖𝗵𝗶 𝗡𝗵𝗮́𝗻𝗵
✅ 𝗛ỗ 𝗧𝗿𝗼̛̣ 𝟮 𝗡𝗮̆𝗺 𝗫𝗲 𝗛𝘂̛ – 𝗖𝗼́ 𝗫𝗲 𝗞𝗵𝗮́𝗰 𝗗𝘂̀𝗻𝗴
✅ Đ𝗮̆𝗻𝗴 𝗞𝘆́ 𝗔𝗽𝗽 𝗫𝗮𝗻𝗵 𝗣𝗹𝗮𝘁𝗳𝗼𝗿𝗺 – 𝗧𝗮̣𝗶 𝗖𝗵𝗼̂̃
--------------------
🏠 𝟭𝟭𝟱 𝗣𝗵𝗮̣𝗺 𝗧𝗵𝗲̂́ 𝗛𝗶𝗲̂̉𝗻 - 𝗖𝗵𝗮́𝗻𝗵 𝗛𝘂̛𝗻𝗴 - 𝗛𝗖𝗠 ( 𝗤𝘂𝗮̣̂𝗻 𝟴 )
☎️ 𝗛𝗼𝘁𝗹𝗶𝗻𝗲 : *** - 𝗗𝗶𝗲̣̂𝘂",2025,30.0,Tp Hồ Chí Minh,Quận 8,"QuantumS1 BST9chù
- Đăng ký 2025
- Odo 30k
- Yên kimdang 
- Dàn áo keng ko trầy 98%
- Óc tán 7 màu keng 98%
- Còn đủ phụ kiện theo xe
❤️Xe keng 99% so với xe new 
⛔️ Nợ xấu đưa 8tr1 có LÃI SUẤT hoặc 19tr5 KO LÃI SUẤT
--------------------
✅ 𝗛𝗼̂̃ 𝗧𝗿𝗼̛̣ 𝗔𝗲 𝗟𝗲̂𝗻 𝗛𝗼̂̀ 𝗦𝗼̛ 𝗕𝗮𝗻𝗸 𝗡𝗵𝗮̣̂𝗻 𝗫𝗲 𝗩𝗮̀ 𝗖𝗮𝘃𝗲𝘁 𝗚𝗼̂́𝗰
✅ 𝗡𝗼̛̣ 𝗫𝗮̂́𝘂 – 𝗛𝗼̂̃ 𝗧𝗿𝗼̛̣ 𝟬 Đ𝗼̂̀𝗻𝗴 – 𝗞𝗵𝗼̂𝗻𝗴 𝗫𝗮́𝗰 𝗠𝗶𝗻𝗵
✅ 𝗡𝗼̛̣ 𝗫𝗮̂́𝘂 – 𝗛𝗼̂̃ 𝗧𝗿𝗼̛̣ Đ𝘂̛𝗮 𝟯𝟬% – 𝗞𝗵𝗼̂𝗻𝗴 𝗟𝗮̃𝗶
✅ Đ𝗼̂̉𝗶 𝗣𝗶𝗻 𝗞𝗵𝗼̂𝗻𝗴 𝗖𝗵𝗼̛̀ 𝗦𝗮̣c 𝗡𝗵𝗶𝗲̂̀𝘂 𝗖𝗵𝗶 𝗡𝗵𝗮́𝗻𝗵
✅ 𝗛ỗ 𝗧𝗿𝗼̛̣ 𝟮 𝗡𝗮̆𝗺 𝗫𝗲 𝗛𝘂̛ – 𝗖𝗼́ 𝗫𝗲 𝗞𝗵𝗮́𝗰 𝗗𝘂̀𝗻𝗴
✅ Đ𝗮̆𝗻𝗴 𝗞𝘆́ 𝗔𝗽𝗽 𝗫𝗮𝗻𝗵 𝗣𝗹𝗮𝘁𝗳𝗼𝗿𝗺 – 𝗧𝗮̣𝗶 𝗖𝗵𝗼̂̃
--------------------
🏠 𝟭𝟭𝟱 𝗣𝗵𝗮̣𝗺 𝗧𝗵𝗲̂́ 𝗛𝗶𝗲̂̉𝗻 - 𝗖𝗵𝗮́𝗻𝗵 𝗛𝘂̛𝗻𝗴 - 𝗛𝗖𝗠 ( 𝗤𝘂𝗮̣̂𝗻 𝟴 )
☎️ 𝗛𝗼𝘁𝗹𝗶𝗻𝗲 : *** - 𝗗𝗶𝗲̣̂𝘂",Cần xác minh,Khác,Không phân loại,,
134617456,Xe máy điện BEFORE ALL Latina VI 2.0 Trắng,12000000,"Xe máy điện mới mua được 3 tháng cần bán lại  hãng: BEFORE ALL
Dòng : latina vi 2.0 
Thiết kế theo kiểu dáng vespa 
Tốc độ tối đa 50km/h 
Pin chạy được 60km
Còn bảo hành 9 tháng
giá mua mới 18tr500 
bán lại 12tr000",2026,300.0,Đà Nẵng,Quận Ngũ Hành Sơn,"Xe máy điện mới mua được 3 tháng cần bán lại  hãng: BEFORE ALL
Dòng : latina vi 2.0 
Thiết kế theo kiểu dáng vespa 
Tốc độ tối đa 50km/h 
Pin chạy được 60km
Còn bảo hành 9 tháng
giá mua mới 18tr500 
bán lại 12tr000",Cần xác minh,Khác,Không phân loại,,
134617447,Xe máy điện DK Bike 2021,7900000,"Xe máy điện Soma SX không cần bằng lái btc 
1 lần sạc đi được 60km , tốc tối đa 46km giờ 
5 bình vừa thay mới còn bảo hành 1 năm 
Áo quần sạch sẽ không bể , full chức năng 
Giá : 7tr9 bình tân",2021,40000.0,Tp Hồ Chí Minh,Quận Bình Tân,"Xe máy điện Soma SX không cần bằng lái btc 
1 lần sạc đi được 60km , tốc tối đa 46km giờ 
5 bình vừa thay mới còn bảo hành 1 năm 
Áo quần sạch sẽ không bể , full chức năng 
Giá : 7tr9 bình tân",Cần xác minh,Khác,Không phân loại,,
134602534,Xe Điện 3sGo - EvoGrand Đen 14k km,22900000,"EvoGrand ĐK 4/2026 BST 9 chủ kí
- Odo 14k
- 2 pin mua theo xe
- Dàn áo keng ko trầy 98%
- Óc tán 7 màu keng 98%
- Còn đủ phụ kiện theo xe
❤️Xe keng 98% so với xe new 
⛔️ Nợ xấu đưa 0Đ có LÃI SUẤT hoặc 13tr KO LÃI SUẤT
--------------------
✅ 𝗛𝗼̂̃ 𝗧𝗿𝗼̛̣ 𝗔𝗲 𝗟𝗲̂𝗻 𝗛𝗼̂̀ 𝗦𝗼̛ 𝗕𝗮𝗻𝗸 𝗡𝗵𝗮̣̂𝗻 𝗫𝗲 𝗩𝗮̀ 𝗖𝗮𝘃𝗲𝘁 𝗚𝗼̂́𝗰
✅ 𝗡𝗼̛̣ 𝗫𝗮̂́𝘂 – 𝗛𝗼̂̃ 𝗧𝗿𝗼̛̣ 𝟬 Đ𝗼̂̀𝗻𝗴 – 𝗞𝗵𝗼̂𝗻𝗴 𝗫𝗮́𝗰 𝗠𝗶𝗻𝗵
✅ 𝗡𝗼̛̣ 𝗫𝗮̂́𝘂 – 𝗛𝗼̂̃ 𝗧𝗿𝗼̛̣ Đ𝘂̛𝗮 𝟯𝟬% – 𝗞𝗵𝗼̂𝗻𝗴 𝗟𝗮̃𝗶
✅ Đ𝗼̂̉𝗶 𝗣𝗶𝗻 𝗞𝗵𝗼̂𝗻𝗴 𝗖𝗵𝗼̛̀ 𝗦𝗮̣c 𝗡𝗵𝗶𝗲̂̀𝘂 𝗖𝗵𝗶 𝗡𝗵𝗮́𝗻𝗵
✅ 𝗛ỗ 𝗧𝗿𝗼̛̣ 𝟮 𝗡𝗮̆𝗺 𝗫𝗲 𝗛𝘂̛ – 𝗖𝗼́ 𝗫𝗲 𝗞𝗵𝗮́𝗰 𝗗𝘂̀𝗻𝗴
✅ Đ𝗮̆𝗻𝗴 𝗞𝘆́ 𝗔𝗽𝗽 𝗫𝗮𝗻𝗵 𝗣𝗹𝗮𝘁𝗳𝗼𝗿𝗺 – 𝗧𝗮̣𝗶 𝗖𝗵𝗼̂̃
--------------------
🏠 𝟭𝟭𝟱 𝗣𝗵𝗮̣𝗺 𝗧𝗵𝗲̂́ 𝗛𝗶𝗲̂̉𝗻 - 𝗖𝗵𝗮́𝗻𝗵 𝗛𝘂̛𝗻𝗴 - 𝗛𝗖𝗠 ( 𝗤𝘂𝗮̣̂𝗻 𝟴 )
☎️ 𝗛𝗼𝘁𝗹𝗶𝗻𝗲 : *** - 𝗗𝗶𝗲̣̂𝘂",2026,14000.0,Tp Hồ Chí Minh,Quận 8,"EvoGrand ĐK 4/2026 BST 9 chủ kí
- Odo 14k
- 2 pin mua theo xe
- Dàn áo keng ko trầy 98%
- Óc tán 7 màu keng 98%
- Còn đủ phụ kiện theo xe
❤️Xe keng 98% so với xe new 
⛔️ Nợ xấu đưa 0Đ có LÃI SUẤT hoặc 13tr KO LÃI SUẤT
--------------------
✅ 𝗛𝗼̂̃ 𝗧𝗿𝗼̛̣ 𝗔𝗲 𝗟𝗲̂𝗻 𝗛𝗼̂̀ 𝗦𝗼̛ 𝗕𝗮𝗻𝗸 𝗡𝗵𝗮̣̂𝗻 𝗫𝗲 𝗩𝗮̀ 𝗖𝗮𝘃𝗲𝘁 𝗚𝗼̂́𝗰
✅ 𝗡𝗼̛̣ 𝗫𝗮̂́𝘂 – 𝗛𝗼̂̃ 𝗧𝗿𝗼̛̣ 𝟬 Đ𝗼̂̀𝗻𝗴 – 𝗞𝗵𝗼̂𝗻𝗴 𝗫𝗮́𝗰 𝗠𝗶𝗻𝗵
✅ 𝗡𝗼̛̣ 𝗫𝗮̂́𝘂 – 𝗛𝗼̂̃ 𝗧𝗿𝗼̛̣ Đ𝘂̛𝗮 𝟯𝟬% – 𝗞𝗵𝗼̂𝗻𝗴 𝗟𝗮̃𝗶
✅ Đ𝗼̂̉𝗶 𝗣𝗶𝗻 𝗞𝗵𝗼̂𝗻𝗴 𝗖𝗵𝗼̛̀ 𝗦𝗮̣c 𝗡𝗵𝗶𝗲̂̀𝘂 𝗖𝗵𝗶 𝗡𝗵𝗮́𝗻𝗵
✅ 𝗛ỗ 𝗧𝗿𝗼̛̣ 𝟮 𝗡𝗮̆𝗺 𝗫𝗲 𝗛𝘂̛ – 𝗖𝗼́ 𝗫𝗲 𝗞𝗵𝗮́𝗰 𝗗𝘂̀𝗻𝗴
✅ Đ𝗮̆𝗻𝗴 𝗞𝘆́ 𝗔𝗽𝗽 𝗫𝗮𝗻𝗵 𝗣𝗹𝗮𝘁𝗳𝗼𝗿𝗺 – 𝗧𝗮̣𝗶 𝗖𝗵𝗼̂̃
--------------------
🏠 𝟭𝟭𝟱 𝗣𝗵𝗮̣𝗺 𝗧𝗵𝗲̂́ 𝗛𝗶𝗲̂̉𝗻 - 𝗖𝗵𝗮́𝗻𝗵 𝗛𝘂̛𝗻𝗴 - 𝗛𝗖𝗠 ( 𝗤𝘂𝗮̣̂𝗻 𝟴 )
☎️ 𝗛𝗼𝘁𝗹𝗶𝗻𝗲 : *** - 𝗗𝗶𝗲̣̂𝘂",Cần xác minh,Khác,Không phân loại,,
133873833,Xe máy điện SANTOSAR VS3 Xám 240W,12300000,"🏆🏆🏆 Hót Hót mẫu xe VS3 hottrend
🎈xe có thông số động cơ 240W, cho học sinh dưới 16t, cho mẹ đị chợ, cho chị em đi làm
📙Dòng xe có cốp rộng, chạy cực kỳ êm ái. Xe có giấy tờ đăng kiểm, hoá đơn đầy đủ ( đi đường không sợ công an), đặc biệt các em học sinh dứoi 16t chạy vẫn đúng quy định
💡xe được trang bị đèn led, thắng đĩa rất an toàn
🪫 chạy bình 48V30ah chính hãng an toàn không lo cháy nổ
🧾 bảo hành 12 tháng
💰giá 12",2026,,Tp Hồ Chí Minh,Thành phố Thủ Đức,"🏆🏆🏆 Hót Hót mẫu xe VS3 hottrend
🎈xe có thông số động cơ 240W, cho học sinh dưới 16t, cho mẹ đị chợ, cho chị em đi làm
📙Dòng xe có cốp rộng, chạy cực kỳ êm ái. Xe có giấy tờ đăng kiểm, hoá đơn đầy đủ ( đi đường không sợ công an), đặc biệt các em học sinh dứoi 16t chạy vẫn đúng quy định
💡xe được trang bị đèn led, thắng đĩa rất an toàn
🪫 chạy bình 48V30ah chính hãng an toàn không lo cháy nổ
🧾 bảo hành 12 tháng
💰giá 12",Cần xác minh,Khác,Không phân loại,,
134026009,Xe máy điện VinFast EVO 200 2024 Đen mờ 11000 km,20000000,"DƯ dùng bán lại chiếc xe máy điện VinFats EVO 200, màu đen mờ sản xuất 2024 , pin mua chạy 11 000km, pin sử dụng 100km mới sạc,xe luôn bảo dưỡng định kỳ tại hãng , bảo đảm xe còn sử dụng tốt,ngay chủ đứng tên bán, cam ơn anh chị đả xem tin.",2024,11000.0,Tp Hồ Chí Minh,Thành phố Thủ Đức,"DƯ dùng bán lại chiếc xe máy điện VinFats EVO 200, màu đen mờ sản xuất 2024 , pin mua chạy 11 000km, pin sử dụng 100km mới sạc,xe luôn bảo dưỡng định kỳ tại hãng , bảo đảm xe còn sử dụng tốt,ngay chủ đứng tên bán, cam ơn anh chị đả xem tin.",Cần xác minh,VinFast,Evo 200,18000000.0,-11.1
134563221,Xe điện V1  946 TỐT 90% CÒN SỔ BH,7900000,"XE MÁY ĐIỆN KONAXOAKA TỐT 90% CÒN SỔ BH

BÌNH SẠC ĐẦY ĐỦ
BẢO HÀNH DÀI HẠN
ZALO-GỌI TRỰC TIẾP ***
XE ĐẸP NHƯ HÌNH",2026,2000.0,Tp Hồ Chí Minh,Quận 1,"XE MÁY ĐIỆN KONAXOAKA TỐT 90% CÒN SỔ BH

BÌNH SẠC ĐẦY ĐỦ
BẢO HÀNH DÀI HẠN
ZALO-GỌI TRỰC TIẾP ***
XE ĐẸP NHƯ HÌNH",Cần xác minh,Khác,Không phân loại,,
134616801,Xe điện Sundiro Xám tím,6000000,"Cần bán xe điện như hình, xe chạy còn tốt, ngoại hình còn đẹp.",2026,5000.0,Tp Hồ Chí Minh,Quận 10,"Cần bán xe điện như hình, xe chạy còn tốt, ngoại hình còn đẹp.",Cần xác minh,Khác,Không phân loại,,
134602590,Xe Điên 3sGo - Evo200 2025 Trắng 10.000 km,21900000,"Evo200 ĐK 8/2025 Pin Mua BSTP
- Odo 10.000 Cây
- Dàn áo keng ko trầy 99%
- Óc tán 7 màu keng 99%
- Còn đủ phụ kiện theo xe
❤️Xe keng 99% so với xe new 
⛔️ Nợ xấu đưa 0Đ có LÃI SUẤT hoặc 12tr5 KO LÃI SUẤT
--------------------
✅ 𝗛𝗼̂̃ 𝗧𝗿𝗼̛̣ 𝗔𝗲 𝗟𝗲̂𝗻 𝗛𝗼̂̀ 𝗦𝗼̛ 𝗕𝗮𝗻𝗸 𝗡𝗵𝗮̣̂𝗻 𝗫𝗲 𝗩𝗮̀ 𝗖𝗮𝘃𝗲𝘁 𝗚𝗼̂́𝗰
✅ 𝗡𝗼̛̣ 𝗫𝗮̂́𝘂 – 𝗛𝗼̂̃ 𝗧𝗿𝗼̛̣ 𝟬 Đ𝗼̂̀𝗻𝗴 – 𝗞𝗵𝗼̂𝗻𝗴 𝗫𝗮́𝗰 𝗠𝗶𝗻𝗵
✅ 𝗡𝗼̛̣ 𝗫𝗮̂́𝘂 – 𝗛𝗼̂̃ 𝗧𝗿𝗼̛̣ Đ𝘂̛𝗮 𝟯𝟬% – 𝗞𝗵𝗼̂𝗻𝗴 𝗟𝗮̃𝗶
✅ Đ𝗼̂̉𝗶 𝗣𝗶𝗻 𝗞𝗵𝗼̂𝗻𝗴 𝗖𝗵𝗼̛̀ 𝗦𝗮̣c 𝗡𝗵𝗶𝗲̂̀𝘂 𝗖𝗵𝗶 𝗡𝗵𝗮́𝗻𝗵
✅ 𝗛ỗ 𝗧𝗿𝗼̛̣ 𝟮 𝗡𝗮̆𝗺 𝗫𝗲 𝗛𝘂̛ – 𝗖𝗼́ 𝗫𝗲 𝗞𝗵𝗮́𝗰 𝗗𝘂̀𝗻𝗴
✅ Đ𝗮̆𝗻𝗴 𝗞𝘆́ 𝗔𝗽𝗽 𝗫𝗮𝗻𝗵 𝗣𝗹𝗮𝘁𝗳𝗼𝗿𝗺 – 𝗧𝗮̣𝗶 𝗖𝗵𝗼̂̃
--------------------
🏠 𝟭𝟭𝟱 𝗣𝗵𝗮̣𝗺 𝗧𝗵𝗲̂́ 𝗛𝗶𝗲̂̉𝗻 - 𝗖𝗵𝗮́𝗻𝗵 𝗛𝘂̛𝗻𝗴 - 𝗛𝗖𝗠 ( 𝗤𝘂𝗮̣̂𝗻 𝟴 )
☎️ 𝗛𝗼𝘁𝗹𝗶𝗻𝗲 : *** - 𝗗𝗶𝗲̣̂𝘂",2025,10000.0,Tp Hồ Chí Minh,Quận 8,"Evo200 ĐK 8/2025 Pin Mua BSTP
- Odo 10.000 Cây
- Dàn áo keng ko trầy 99%
- Óc tán 7 màu keng 99%
- Còn đủ phụ kiện theo xe
❤️Xe keng 99% so với xe new 
⛔️ Nợ xấu đưa 0Đ có LÃI SUẤT hoặc 12tr5 KO LÃI SUẤT
--------------------
✅ 𝗛𝗼̂̃ 𝗧𝗿𝗼̛̣ 𝗔𝗲 𝗟𝗲̂𝗻 𝗛𝗼̂̀ 𝗦𝗼̛ 𝗕𝗮𝗻𝗸 𝗡𝗵𝗮̣̂𝗻 𝗫𝗲 𝗩𝗮̀ 𝗖𝗮𝘃𝗲𝘁 𝗚𝗼̂́𝗰
✅ 𝗡𝗼̛̣ 𝗫𝗮̂́𝘂 – 𝗛𝗼̂̃ 𝗧𝗿𝗼̛̣ 𝟬 Đ𝗼̂̀𝗻𝗴 – 𝗞𝗵𝗼̂𝗻𝗴 𝗫𝗮́𝗰 𝗠𝗶𝗻𝗵
✅ 𝗡𝗼̛̣ 𝗫𝗮̂́𝘂 – 𝗛𝗼̂̃ 𝗧𝗿𝗼̛̣ Đ𝘂̛𝗮 𝟯𝟬% – 𝗞𝗵𝗼̂𝗻𝗴 𝗟𝗮̃𝗶
✅ Đ𝗼̂̉𝗶 𝗣𝗶𝗻 𝗞𝗵𝗼̂𝗻𝗴 𝗖𝗵𝗼̛̀ 𝗦𝗮̣c 𝗡𝗵𝗶𝗲̂̀𝘂 𝗖𝗵𝗶 𝗡𝗵𝗮́𝗻𝗵
✅ 𝗛ỗ 𝗧𝗿𝗼̛̣ 𝟮 𝗡𝗮̆𝗺 𝗫𝗲 𝗛𝘂̛ – 𝗖𝗼́ 𝗫𝗲 𝗞𝗵𝗮́𝗰 𝗗𝘂̀𝗻𝗴
✅ Đ𝗮̆𝗻𝗴 𝗞𝘆́ 𝗔𝗽𝗽 𝗫𝗮𝗻𝗵 𝗣𝗹𝗮𝘁𝗳𝗼𝗿𝗺 – 𝗧𝗮̣𝗶 𝗖𝗵𝗼̂̃
--------------------
🏠 𝟭𝟭𝟱 𝗣𝗵𝗮̣𝗺 𝗧𝗵𝗲̂́ 𝗛𝗶𝗲̂̉𝗻 - 𝗖𝗵𝗮́𝗻𝗵 𝗛𝘂̛𝗻𝗴 - 𝗛𝗖𝗠 ( 𝗤𝘂𝗮̣̂𝗻 𝟴 )
☎️ 𝗛𝗼𝘁𝗹𝗶𝗻𝗲 : *** - 𝗗𝗶𝗲̣̂𝘂",Cần xác minh,VinFast,Evo 200,18000000.0,-21.7
133937642,Xe máy điện VinFast EVO GRAND Lite 2026 Trắng,19000000,a Ai cần liên hệ nhà ở Quận 12 thành phố Hồ Chí Minh cảm ơn xem như mới,2026,506.0,Tp Hồ Chí Minh,Quận 12,a Ai cần liên hệ nhà ở Quận 12 thành phố Hồ Chí Minh cảm ơn xem như mới,Cần xác minh,Khác,Không phân loại,,
134602453,Xe Điện 3sGo - DatBike Quantum S1 Đen,37900000,"QuantumS1 BSTP
- Odo không nói đâu
- Bảo Hành Pin 10 Năm 
- Sạc 1800w 
- Dàn áo keng ko trầy 98%
- Óc tán 7 màu keng 98%
- Còn đủ phụ kiện theo xe
❤️Xe keng 99% so với xe new 
⛔️ Nợ xấu đưa 3tr7 có LÃI SUẤT hoặc 16tr4 KO LÃI SUẤT
--------------------
✅ 𝗛𝗼̂̃ 𝗧𝗿𝗼̛̣ 𝗔𝗲 𝗟𝗲̂𝗻 𝗛𝗼̂̀ 𝗦𝗼̛ 𝗕𝗮𝗻𝗸 𝗡𝗵𝗮̣̂𝗻 𝗫𝗲 𝗩𝗮̀ 𝗖𝗮𝘃𝗲𝘁 𝗚𝗼̂́𝗰
✅ 𝗡𝗼̛̣ 𝗫𝗮̂́𝘂 – 𝗛𝗼̂̃ 𝗧𝗿𝗼̛̣ 𝟬 Đ𝗼̂̀𝗻𝗴 – 𝗞𝗵𝗼̂𝗻𝗴 𝗫𝗮́𝗰 𝗠𝗶𝗻𝗵
✅ 𝗡𝗼̛̣ 𝗫𝗮̂́𝘂 – 𝗛𝗼̂̃ 𝗧𝗿𝗼̛̣ Đ𝘂̛𝗮 𝟯𝟬% – 𝗞𝗵𝗼̂𝗻𝗴 𝗟𝗮̃𝗶
✅ Đ𝗼̂̉𝗶 𝗣𝗶𝗻 𝗞𝗵𝗼̂𝗻𝗴 𝗖𝗵𝗼̛̀ 𝗦𝗮̣c 𝗡𝗵𝗶𝗲̂̀𝘂 𝗖𝗵𝗶 𝗡𝗵𝗮́𝗻𝗵
✅ 𝗛ỗ 𝗧𝗿𝗼̛̣ 𝟮 𝗡𝗮̆𝗺 𝗫𝗲 𝗛𝘂̛ – 𝗖𝗼́ 𝗫𝗲 𝗞𝗵𝗮́𝗰 𝗗𝘂̀𝗻𝗴
✅ Đ𝗮̆𝗻𝗴 𝗞𝘆́ 𝗔𝗽𝗽 𝗫𝗮𝗻𝗵 𝗣𝗹𝗮𝘁𝗳𝗼𝗿𝗺 – 𝗧𝗮̣𝗶 𝗖𝗵𝗼̂̃
--------------------
🏠 𝟭𝟭𝟱 𝗣𝗵𝗮̣𝗺 𝗧𝗵𝗲̂́ 𝗛𝗶𝗲̂̉𝗻 - 𝗖𝗵𝗮́𝗻𝗵 𝗛𝘂̛𝗻𝗴 - 𝗛𝗖𝗠 ( 𝗤𝘂𝗮̣̂𝗻 𝟴 )
☎️ 𝗛𝗼𝘁𝗹𝗶𝗻𝗲 : *** - 𝗗𝗶𝗲̣̂𝘂",2026,,Tp Hồ Chí Minh,Quận 8,"QuantumS1 BSTP
- Odo không nói đâu
- Bảo Hành Pin 10 Năm 
- Sạc 1800w 
- Dàn áo keng ko trầy 98%
- Óc tán 7 màu keng 98%
- Còn đủ phụ kiện theo xe
❤️Xe keng 99% so với xe new 
⛔️ Nợ xấu đưa 3tr7 có LÃI SUẤT hoặc 16tr4 KO LÃI SUẤT
--------------------
✅ 𝗛𝗼̂̃ 𝗧𝗿𝗼̛̣ 𝗔𝗲 𝗟𝗲̂𝗻 𝗛𝗼̂̀ 𝗦𝗼̛ 𝗕𝗮𝗻𝗸 𝗡𝗵𝗮̣̂𝗻 𝗫𝗲 𝗩𝗮̀ 𝗖𝗮𝘃𝗲𝘁 𝗚𝗼̂́𝗰
✅ 𝗡𝗼̛̣ 𝗫𝗮̂́𝘂 – 𝗛𝗼̂̃ 𝗧𝗿𝗼̛̣ 𝟬 Đ𝗼̂̀𝗻𝗴 – 𝗞𝗵𝗼̂𝗻𝗴 𝗫𝗮́𝗰 𝗠𝗶𝗻𝗵
✅ 𝗡𝗼̛̣ 𝗫𝗮̂́𝘂 – 𝗛𝗼̂̃ 𝗧𝗿𝗼̛̣ Đ𝘂̛𝗮 𝟯𝟬% – 𝗞𝗵𝗼̂𝗻𝗴 𝗟𝗮̃𝗶
✅ Đ𝗼̂̉𝗶 𝗣𝗶𝗻 𝗞𝗵𝗼̂𝗻𝗴 𝗖𝗵𝗼̛̀ 𝗦𝗮̣c 𝗡𝗵𝗶𝗲̂̀𝘂 𝗖𝗵𝗶 𝗡𝗵𝗮́𝗻𝗵
✅ 𝗛ỗ 𝗧𝗿𝗼̛̣ 𝟮 𝗡𝗮̆𝗺 𝗫𝗲 𝗛𝘂̛ – 𝗖𝗼́ 𝗫𝗲 𝗞𝗵𝗮́𝗰 𝗗𝘂̀𝗻𝗴
✅ Đ𝗮̆𝗻𝗴 𝗞𝘆́ 𝗔𝗽𝗽 𝗫𝗮𝗻𝗵 𝗣𝗹𝗮𝘁𝗳𝗼𝗿𝗺 – 𝗧𝗮̣𝗶 𝗖𝗵𝗼̂̃
--------------------
🏠 𝟭𝟭𝟱 𝗣𝗵𝗮̣𝗺 𝗧𝗵𝗲̂́ 𝗛𝗶𝗲̂̉𝗻 - 𝗖𝗵𝗮́𝗻𝗵 𝗛𝘂̛𝗻𝗴 - 𝗛𝗖𝗠 ( 𝗤𝘂𝗮̣̂𝗻 𝟴 )
☎️ 𝗛𝗼𝘁𝗹𝗶𝗻𝗲 : *** - 𝗗𝗶𝗲̣̂𝘂",Cần xác minh,Dat Bike,Quantum,34900000.0,-8.6
134031255,"Vinfast Klara Pin cầm,xe đẹp biển Sài Gòn",10800000,"🍓🍓🍓 Xe bà xã đi đã đổi Evo200 nên thanh lý lại người dùng.
Xe Vinfast Klara màu hồng (Xe đẹp lắm nữ tính)
☘️ Biển Số Sài Gòn 41MĐ- chạy không cần bằng
Pin zin mua  + Sạc Zin: sạc đầy 2-3 tiếng đi được 40-50km/1 lần
- Động cơ mới thay trước tết, xe chạy mượt pin cầm tốt 40-50km, đã thay đồng hồ hiện đại + đèn led 2 tầng
🍇 Chị em mua về đưa đón con hay đi chợ vòng vòng trãi nghiệm ok nhé
🍏Ưu tiên: Học Sinh-Sinh Viên, xe chạy không cần bằng lái
🍇🍇🍇 Xem xe tại địa chỉ
Đường DN5, Đông Hưng Thuận,TPHCM( KDC AN SƯƠNG)",2020,28000.0,Tp Hồ Chí Minh,Quận 12,"🍓🍓🍓 Xe bà xã đi đã đổi Evo200 nên thanh lý lại người dùng.
Xe Vinfast Klara màu hồng (Xe đẹp lắm nữ tính)
☘️ Biển Số Sài Gòn 41MĐ- chạy không cần bằng
Pin zin mua  + Sạc Zin: sạc đầy 2-3 tiếng đi được 40-50km/1 lần
- Động cơ mới thay trước tết, xe chạy mượt pin cầm tốt 40-50km, đã thay đồng hồ hiện đại + đèn led 2 tầng
🍇 Chị em mua về đưa đón con hay đi chợ vòng vòng trãi nghiệm ok nhé
🍏Ưu tiên: Học Sinh-Sinh Viên, xe chạy không cần bằng lái
🍇🍇🍇 Xem xe tại địa chỉ
Đường DN5, Đông Hưng Thuận,TPHCM( KDC AN SƯƠNG)",Kèm pin,VinFast,Klara,35000000.0,69.1
134623797,Xe Điện Xmen,5000000,Cần bán 5 triệu xe đầy đủ giấy tờ đăng ký,2026,10000.0,Hà Nội,Huyện Phú Xuyên,Cần bán 5 triệu xe đầy đủ giấy tờ đăng ký,Cần xác minh,Khác,Không phân loại,,
134160705,VinFast Feliz 2025 Xanh oliu - Chính chủ - BSTP,21500000,"🔥 FELIZ 2025 1 PIN – XANH OLIU – CHÍNH CHỦ
📌 Date T6/2026
📌 Odo 12.000 km
📌 BSTP - Chính chủ
📌 Chính chủ, ủy quyền, sang tên công chứng nhanh gọn
💰 Giá: 2x
-----------------------
💚 Xe Điện Lướt Sài Gòn – Chuyên mua bán xe máy điện đã qua sử dụng tại TP.HCM
✅ Có trả góp – Cà thẻ – Giao tận nhà
📍 118A Chiến Lược, P. Bình Trị Đông, TP.HCM",2025,12000.0,Tp Hồ Chí Minh,Quận Bình Tân,"🔥 FELIZ 2025 1 PIN – XANH OLIU – CHÍNH CHỦ
📌 Date T6/2026
📌 Odo 12.000 km
📌 BSTP - Chính chủ
📌 Chính chủ, ủy quyền, sang tên công chứng nhanh gọn
💰 Giá: 2x
-----------------------
💚 Xe Điện Lướt Sài Gòn – Chuyên mua bán xe máy điện đã qua sử dụng tại TP.HCM
✅ Có trả góp – Cà thẻ – Giao tận nhà
📍 118A Chiến Lược, P. Bình Trị Đông, TP.HCM",Cần xác minh,VinFast,Feliz,27000000.0,20.4
134537840,Xe máy điện Yadea thể thao Cam đen,7500000,"Xe máy điện màu cam đen, kiểu dáng thể thao, phù hợp cho cả nam và nữ. 
- Xe chính chủ, có thể ký giấy sang tên. 
- Thích hợp cho học sinh, sinh viên không cần bằng lái. 
- Xe đang sử dụng tốt.",2023,123.0,Tp Hồ Chí Minh,Quận 12,"Xe máy điện màu cam đen, kiểu dáng thể thao, phù hợp cho cả nam và nữ. 
- Xe chính chủ, có thể ký giấy sang tên. 
- Thích hợp cho học sinh, sinh viên không cần bằng lái. 
- Xe đang sử dụng tốt.",Cần xác minh,Yadea,Yadea (Khác),14990000.0,50.0
134623423,Xe điện VinFast Klara màu Đen,10000000,"Tôi có 1 xe điện vinfast Klara màu đen như hình muốn bán do không có nhu cầu sử dụng. Xe còn đi tốt, vẫn chạy bình thường, vỏ còn nguyên vẹn, ko va chạm hay trầy xước. Xe tôi đi ít nên giữ gìn rất cẩn thận.",2020,19903.0,Hà Nội,Quận Ba Đình,"Tôi có 1 xe điện vinfast Klara màu đen như hình muốn bán do không có nhu cầu sử dụng. Xe còn đi tốt, vẫn chạy bình thường, vỏ còn nguyên vẹn, ko va chạm hay trầy xước. Xe tôi đi ít nên giữ gìn rất cẩn thận.",Cần xác minh,VinFast,Klara,35000000.0,71.4
133934022,Vinfast Evo200 Vàng zin 100% chính chủ,21900000,"     
 ✅ Vinfast Evo200 siêu đẹp ko một vết trầy 2025 
✅ Xe chính chủ Bstp ký mua bán ủy quyền đều được nhé 
✅ Pin 3.5 mua đứt bảo hành 8 năm ,sạc đầy đi được 200km
✅ Giá bán : 21,9tr
✅ Dt : 
✅ Xem xe Q6, Ship toàn quốc
",2025,14000.0,Tp Hồ Chí Minh,Quận 6,"     
 ✅ Vinfast Evo200 siêu đẹp ko một vết trầy 2025 
✅ Xe chính chủ Bstp ký mua bán ủy quyền đều được nhé 
✅ Pin 3.5 mua đứt bảo hành 8 năm ,sạc đầy đi được 200km
✅ Giá bán : 21,9tr
✅ Dt : 
✅ Xem xe Q6, Ship toàn quốc
",Kèm pin,VinFast,Evo 200,18000000.0,-21.7
134623388,Xe máy điện VinFast Feliz Đen 14000 km,19500000,Xe odo 14 ngàn xe hoạt động bình thường không lỗi làm gì chỉ việc mua về là chạy không cần suy nghĩ gì hết,2026,14000.0,Đồng Nai,Huyện Xuân Lộc,Xe odo 14 ngàn xe hoạt động bình thường không lỗi làm gì chỉ việc mua về là chạy không cần suy nghĩ gì hết,Cần xác minh,VinFast,Feliz,27000000.0,27.8
134623383,Xe máy điện VinFast Feliz Trắng 300 km,26000000,Xe mới mua về không đi như mới odo mới 300km xe sẵn 2 pin chỉ việc mua về là chạy không khác gì xe mới đầy đủ phụ kiện,2026,300.0,Đồng Nai,Huyện Xuân Lộc,Xe mới mua về không đi như mới odo mới 300km xe sẵn 2 pin chỉ việc mua về là chạy không khác gì xe mới đầy đủ phụ kiện,Cần xác minh,VinFast,Feliz,27000000.0,3.7
134623365,Xe máy điện  2026 Hồng Đã sử dụng,9500000,Xe mới mua được 4 ngày không có nhu cầu đi nữa bán lại mới 99% kh vết trầy xe hoạt động bình thường không lỗi chỉ việc về cắm sạc là chạy,2026,10.0,Đồng Nai,Huyện Xuân Lộc,Xe mới mua được 4 ngày không có nhu cầu đi nữa bán lại mới 99% kh vết trầy xe hoạt động bình thường không lỗi chỉ việc về cắm sạc là chạy,Cần xác minh,Khác,Không phân loại,,
134596908,Quantum S1 2025 lướt đẹp,38500000,"Xe máy điện màu trắng, pin 100% cho quãng đường di chuyển xa. 
- Thiết kế hiện đại, trẻ trung. 
- Vận hành êm ái, tiết kiệm năng lượng. 
- Phù hợp di chuyển trong thành phố.",2025,10.0,Tp Hồ Chí Minh,Quận Bình Tân,"Xe máy điện màu trắng, pin 100% cho quãng đường di chuyển xa. 
- Thiết kế hiện đại, trẻ trung. 
- Vận hành êm ái, tiết kiệm năng lượng. 
- Phù hợp di chuyển trong thành phố.",Cần xác minh,Dat Bike,Quantum,34900000.0,-10.3
134509389,Xe máy điện VinFast Evo200 2025 Đen,20900000,"Evo200  - Bstp 9 Chủ ĐK 2025
- Dàn áo dán keng 98%
- Óc tán 7 màu keng 98%
- Còn đủ phụ kiện theo xe
❤️Xe keng 98% so với xe new 
⛔️ Nợ xấu đưa 0đ có LÃI SUẤT hoặc 11tr KO LÃI SUẤT
--------------------
✅ 𝗛𝗼̂̃ 𝗧𝗿𝗼̛̣ 𝗔𝗲 𝗟𝗲̂𝗻 𝗛𝗼̂̀ 𝗦𝗼̛ 𝗕𝗮𝗻𝗸 𝗡𝗵𝗮̣̂𝗻 𝗫𝗲 𝗩𝗮̀ 𝗖𝗮𝘃𝗲𝘁 𝗚𝗼̂́𝗰
✅ 𝗡𝗼̛̣ 𝗫𝗮̂́𝘂 – 𝗛𝗼̂̃ 𝗧𝗿𝗼̛̣ 𝟬 Đ𝗼̂̀𝗻𝗴 – 𝗞𝗵𝗼̂𝗻𝗴 𝗫𝗮́𝗰 𝗠𝗶𝗻𝗵
✅ 𝗡𝗼̛̣ 𝗫𝗮̂́𝘂 – 𝗛𝗼̂̃ 𝗧𝗿𝗼̛̣ Đ𝘂̛𝗮 𝟯𝟬% – 𝗞𝗵𝗼̂𝗻𝗴 𝗟𝗮̃𝗶
✅ Đ𝗼̂̉𝗶 𝗣𝗶𝗻 𝗞𝗵𝗼̂𝗻𝗴 𝗖𝗵𝗼̛̀ 𝗦𝗮̣c 𝗡𝗵𝗶𝗲̂̀𝘂 𝗖𝗵𝗶 𝗡𝗵𝗮́𝗻𝗵
✅ 𝗛ỗ 𝗧𝗿𝗼̛̣ 𝟮 𝗡𝗮̆𝗺 𝗫𝗲 𝗛𝘂̛ – 𝗖𝗼́ 𝗫𝗲 𝗞𝗵𝗮́𝗰 𝗗𝘂̀𝗻𝗴
✅ Đ𝗮̆𝗻𝗴 𝗞𝘆́ 𝗔𝗽𝗽 𝗫𝗮𝗻𝗵 𝗣𝗹𝗮𝘁𝗳𝗼𝗿𝗺 – 𝗧𝗮̣𝗶 𝗖𝗵𝗼̂̃
--------------------
🏠𝟮𝟴𝟴 𝗧𝗿𝘂̛𝗼̛̀𝗻𝗴 𝗖𝗵𝗶𝗻𝗵 - 𝗣𝗵ư𝗼̛̀𝗻𝗴 Đ𝗼̂𝗻𝗴 𝗛𝘂̛𝗻𝗴 𝗧𝗵𝘂𝗮̣̂𝗻 - 𝗛𝗖𝗠 (𝗤𝘂𝗮̣̂𝗻𝟭𝟮 𝗰𝘂̃)",2025,,Tp Hồ Chí Minh,Quận 12,"Evo200  - Bstp 9 Chủ ĐK 2025
- Dàn áo dán keng 98%
- Óc tán 7 màu keng 98%
- Còn đủ phụ kiện theo xe
❤️Xe keng 98% so với xe new 
⛔️ Nợ xấu đưa 0đ có LÃI SUẤT hoặc 11tr KO LÃI SUẤT
--------------------
✅ 𝗛𝗼̂̃ 𝗧𝗿𝗼̛̣ 𝗔𝗲 𝗟𝗲̂𝗻 𝗛𝗼̂̀ 𝗦𝗼̛ 𝗕𝗮𝗻𝗸 𝗡𝗵𝗮̣̂𝗻 𝗫𝗲 𝗩𝗮̀ 𝗖𝗮𝘃𝗲𝘁 𝗚𝗼̂́𝗰
✅ 𝗡𝗼̛̣ 𝗫𝗮̂́𝘂 – 𝗛𝗼̂̃ 𝗧𝗿𝗼̛̣ 𝟬 Đ𝗼̂̀𝗻𝗴 – 𝗞𝗵𝗼̂𝗻𝗴 𝗫𝗮́𝗰 𝗠𝗶𝗻𝗵
✅ 𝗡𝗼̛̣ 𝗫𝗮̂́𝘂 – 𝗛𝗼̂̃ 𝗧𝗿𝗼̛̣ Đ𝘂̛𝗮 𝟯𝟬% – 𝗞𝗵𝗼̂𝗻𝗴 𝗟𝗮̃𝗶
✅ Đ𝗼̂̉𝗶 𝗣𝗶𝗻 𝗞𝗵𝗼̂𝗻𝗴 𝗖𝗵𝗼̛̀ 𝗦𝗮̣c 𝗡𝗵𝗶𝗲̂̀𝘂 𝗖𝗵𝗶 𝗡𝗵𝗮́𝗻𝗵
✅ 𝗛ỗ 𝗧𝗿𝗼̛̣ 𝟮 𝗡𝗮̆𝗺 𝗫𝗲 𝗛𝘂̛ – 𝗖𝗼́ 𝗫𝗲 𝗞𝗵𝗮́𝗰 𝗗𝘂̀𝗻𝗴
✅ Đ𝗮̆𝗻𝗴 𝗞𝘆́ 𝗔𝗽𝗽 𝗫𝗮𝗻𝗵 𝗣𝗹𝗮𝘁𝗳𝗼𝗿𝗺 – 𝗧𝗮̣𝗶 𝗖𝗵𝗼̂̃
--------------------
🏠𝟮𝟴𝟴 𝗧𝗿𝘂̛𝗼̛̀𝗻𝗴 𝗖𝗵𝗶𝗻𝗵 - 𝗣𝗵ư𝗼̛̀𝗻𝗴 Đ𝗼̂𝗻𝗴 𝗛𝘂̛𝗻𝗴 𝗧𝗵𝘂𝗮̣̂𝗻 - 𝗛𝗖𝗠 (𝗤𝘂𝗮̣̂𝗻𝟭𝟮 𝗰𝘂̃)",Cần xác minh,VinFast,Evo 200,18000000.0,-16.1
134622598,Xe máy điện Quantum s1 2025 Đen,43000000,"Xe máy điện Quantum s1  màu đen, kiểu dáng hiện đại, vận hành êm ái. 
- Xe mới, ít sử dụng. 
- Thiết kế thời trang, phù hợp di chuyển trong phố. 
- Tiết kiệm năng lượng, thân thiện môi trường.
Năm 12.2025",2025,6000.0,Tp Hồ Chí Minh,Thành phố Thủ Đức,"Xe máy điện Quantum s1  màu đen, kiểu dáng hiện đại, vận hành êm ái. 
- Xe mới, ít sử dụng. 
- Thiết kế thời trang, phù hợp di chuyển trong phố. 
- Tiết kiệm năng lượng, thân thiện môi trường.
Năm 12.2025",Cần xác minh,Dat Bike,Quantum,34900000.0,-23.2
134558900,Xe Điện 3sGo - EvoMax BST 65 Trắng 8000 km,20900000,"EvoMax BST 65 Chính Chủ
- Odo 8k
- Sẵn 2 pin thuê
- Óc tán 7 màu keng 
- Còn đủ phụ kiện theo xe
- Bảo hành Vinfats toàn quốc
⛔️ Nợ xấu đưa 0đ có LÃI SUẤT hoặc 12tr KO LÃI SUẤT
--------------------
✅ 𝗛𝗼̂̃ 𝗧𝗿𝗼̛̣ 𝗔𝗲 𝗟𝗲̂𝗻 𝗛𝗼̂̀ 𝗦𝗼̛ 𝗕𝗮𝗻𝗸 𝗡𝗵𝗮̣̂𝗻 𝗫𝗲 𝗩𝗮̀ 𝗖𝗮𝘃𝗲𝘁 𝗚𝗼̂́𝗰
✅ 𝗡𝗼̛̣ 𝗫𝗮̂́𝘂 – 𝗛𝗼̂̃ 𝗧𝗿𝗼̛̣ 𝟬 Đ𝗼̂̀𝗻𝗴 – 𝗞𝗵𝗼̂𝗻𝗴 𝗫𝗮́𝗰 𝗠𝗶𝗻𝗵
✅ 𝗡𝗼̛̣ 𝗫𝗮̂́𝘂 – 𝗛𝗼̂̃ 𝗧𝗿𝗼̛̣ Đ𝘂̛𝗮 𝟯𝟬% – 𝗞𝗵𝗼̂𝗻𝗴 𝗟𝗮̃𝗶
✅ Đ𝗼̂̉𝗶 𝗣𝗶𝗻 𝗞𝗵𝗼̂𝗻𝗴 𝗖𝗵𝗼̛̀ 𝗦𝗮̣c 𝗡𝗵𝗶𝗲̂̀𝘂 𝗖𝗵𝗶 𝗡𝗵𝗮́𝗻𝗵
✅ 𝗛ỗ 𝗧𝗿𝗼̛̣ 𝟮 𝗡𝗮̆𝗺 𝗫𝗲 𝗛𝘂̛ – 𝗖𝗼́ 𝗫𝗲 𝗞𝗵𝗮́𝗰 𝗗𝘂̀𝗻𝗴
✅ Đ𝗮̆𝗻𝗴 𝗞𝘆́ 𝗔𝗽𝗽 𝗫𝗮𝗻𝗵 𝗣𝗹𝗮𝘁𝗳𝗼𝗿𝗺 – 𝗧𝗮̣𝗶 𝗖𝗵𝗼̂̃
--------------------
🏠𝟮𝟴𝟴 𝗧𝗿𝘂̛𝗼̛̀𝗻𝗴 𝗖𝗵𝗶𝗻𝗵 - 𝗣𝗵ư𝗼̛̀𝗻𝗴 Đ𝗼̂𝗻𝗴 𝗛𝘂̛𝗻𝗴 𝗧𝗵𝘂𝗮̣̂𝗻 - 𝗛𝗖𝗠 (𝗤𝘂𝗮̣̂𝗻𝟭𝟮 𝗰𝘂̃)",2026,8000.0,Tp Hồ Chí Minh,Quận 12,"EvoMax BST 65 Chính Chủ
- Odo 8k
- Sẵn 2 pin thuê
- Óc tán 7 màu keng 
- Còn đủ phụ kiện theo xe
- Bảo hành Vinfats toàn quốc
⛔️ Nợ xấu đưa 0đ có LÃI SUẤT hoặc 12tr KO LÃI SUẤT
--------------------
✅ 𝗛𝗼̂̃ 𝗧𝗿𝗼̛̣ 𝗔𝗲 𝗟𝗲̂𝗻 𝗛𝗼̂̀ 𝗦𝗼̛ 𝗕𝗮𝗻𝗸 𝗡𝗵𝗮̣̂𝗻 𝗫𝗲 𝗩𝗮̀ 𝗖𝗮𝘃𝗲𝘁 𝗚𝗼̂́𝗰
✅ 𝗡𝗼̛̣ 𝗫𝗮̂́𝘂 – 𝗛𝗼̂̃ 𝗧𝗿𝗼̛̣ 𝟬 Đ𝗼̂̀𝗻𝗴 – 𝗞𝗵𝗼̂𝗻𝗴 𝗫𝗮́𝗰 𝗠𝗶𝗻𝗵
✅ 𝗡𝗼̛̣ 𝗫𝗮̂́𝘂 – 𝗛𝗼̂̃ 𝗧𝗿𝗼̛̣ Đ𝘂̛𝗮 𝟯𝟬% – 𝗞𝗵𝗼̂𝗻𝗴 𝗟𝗮̃𝗶
✅ Đ𝗼̂̉𝗶 𝗣𝗶𝗻 𝗞𝗵𝗼̂𝗻𝗴 𝗖𝗵𝗼̛̀ 𝗦𝗮̣c 𝗡𝗵𝗶𝗲̂̀𝘂 𝗖𝗵𝗶 𝗡𝗵𝗮́𝗻𝗵
✅ 𝗛ỗ 𝗧𝗿𝗼̛̣ 𝟮 𝗡𝗮̆𝗺 𝗫𝗲 𝗛𝘂̛ – 𝗖𝗼́ 𝗫𝗲 𝗞𝗵𝗮́𝗰 𝗗𝘂̀𝗻𝗴
✅ Đ𝗮̆𝗻𝗴 𝗞𝘆́ 𝗔𝗽𝗽 𝗫𝗮𝗻𝗵 𝗣𝗹𝗮𝘁𝗳𝗼𝗿𝗺 – 𝗧𝗮̣𝗶 𝗖𝗵𝗼̂̃
--------------------
🏠𝟮𝟴𝟴 𝗧𝗿𝘂̛𝗼̛̀𝗻𝗴 𝗖𝗵𝗶𝗻𝗵 - 𝗣𝗵ư𝗼̛̀𝗻𝗴 Đ𝗼̂𝗻𝗴 𝗛𝘂̛𝗻𝗴 𝗧𝗵𝘂𝗮̣̂𝗻 - 𝗛𝗖𝗠 (𝗤𝘂𝗮̣̂𝗻𝟭𝟮 𝗰𝘂̃)",Cần xác minh,Khác,Không phân loại,,
134366874,"Xe máy điện Typer 2 Trắng, Cam đã sử dụng",7800000,"Typer 2 đi ít còn như mới bán nửa giá mới

🛵TRẺ TRUNG - PHONG CÁCH - NĂNG ĐỘNG 
✴️ thanh lý xe typer2 
💸💸 giá bán 7tr800
☑️ màu sắc trung tính, thời trang (bảo hành 6 tháng) 
☑️ máy móc nguyên zin, an toàn tiết kiệm điện , Xanh, sạch không ồn 
☎️ Zalo *** (free ship Hà Nội, hỗ trợ ship toàn quốc  )
🏠 389 đội cấn -Hà Nội",2025,10000.0,Hà Nội,Quận Ba Đình,"Typer 2 đi ít còn như mới bán nửa giá mới

🛵TRẺ TRUNG - PHONG CÁCH - NĂNG ĐỘNG 
✴️ thanh lý xe typer2 
💸💸 giá bán 7tr800
☑️ màu sắc trung tính, thời trang (bảo hành 6 tháng) 
☑️ máy móc nguyên zin, an toàn tiết kiệm điện , Xanh, sạch không ồn 
☎️ Zalo *** (free ship Hà Nội, hỗ trợ ship toàn quốc  )
🏠 *** đội cấn -Hà Nội",Kèm pin,Khác,Không phân loại,,
134508320,Xe Điện 3sGo - Datbike S1 2026 Đen 10000 km,44900000,"DatbikeS1 BSTP ĐK 2026 Chính Chủ 1 Lần sạc đi 285km
- Odo 10k hơn
- Óc tán 7 màu keng 
- Còn đủ phụ kiện theo xe 
- Bảo hành Datbike toàn quốc
⛔️ Nợ xấu đưa 5tr8 có LÃI SUẤT hoặc 23tr KO LÃI SUẤT
--------------------
✅ 𝗛𝗼̂̃ 𝗧𝗿𝗼̛̣ 𝗔𝗲 𝗟𝗲̂𝗻 𝗛𝗼̂̀ 𝗦𝗼̛ 𝗕𝗮𝗻𝗸 𝗡𝗵𝗮̣̂𝗻 𝗫𝗲 𝗩𝗮̀ 𝗖𝗮𝘃𝗲𝘁 𝗚𝗼̂́𝗰
✅ 𝗡𝗼̛̣ 𝗫𝗮̂́𝘂 – 𝗛𝗼̂̃ 𝗧𝗿𝗼̛̣ 𝟬 Đ𝗼̂̀𝗻𝗴 – 𝗞𝗵𝗼̂𝗻𝗴 𝗫𝗮́𝗰 𝗠𝗶𝗻𝗵
✅ 𝗡𝗼̛̣ 𝗫𝗮̂́𝘂 – 𝗛𝗼̂̃ 𝗧𝗿𝗼̛̣ Đ𝘂̛𝗮 𝟯𝟬% – 𝗞𝗵𝗼̂𝗻𝗴 𝗟𝗮̃𝗶
✅ Đ𝗼̂̉𝗶 𝗣𝗶𝗻 𝗞𝗵𝗼̂𝗻𝗴 𝗖𝗵𝗼̛̀ 𝗦𝗮̣c 𝗡𝗵𝗶𝗲̂̀𝘂 𝗖𝗵𝗶 𝗡𝗵𝗮́𝗻𝗵
✅ 𝗛ỗ 𝗧𝗿𝗼̛̣ 𝟮 𝗡𝗮̆𝗺 𝗫𝗲 𝗛𝘂̛ – 𝗖𝗼́ 𝗫𝗲 𝗞𝗵𝗮́𝗰 𝗗𝘂̀𝗻𝗴
✅ Đ𝗮̆𝗻𝗴 𝗞𝘆́ 𝗔𝗽𝗽 𝗫𝗮𝗻𝗵 𝗣𝗹𝗮𝘁𝗳𝗼𝗿𝗺 – 𝗧𝗮̣𝗶 𝗖𝗵𝗼̂̃
--------------------
🏠𝟮𝟴𝟴 𝗧𝗿𝘂̛𝗼̛̀𝗻𝗴 𝗖𝗵𝗶𝗻𝗵 - 𝗣𝗵ư𝗼̛̀𝗻𝗴 Đ𝗼̂𝗻𝗴 𝗛𝘂̛𝗻𝗴 𝗧𝗵𝘂𝗮̣̂𝗻 - 𝗛𝗖𝗠 (𝗤𝘂𝗮̣̂𝗻𝟭𝟮 𝗰𝘂̃)",2025,10000.0,Tp Hồ Chí Minh,Quận 12,"DatbikeS1 BSTP ĐK 2026 Chính Chủ 1 Lần sạc đi 285km
- Odo 10k hơn
- Óc tán 7 màu keng 
- Còn đủ phụ kiện theo xe 
- Bảo hành Datbike toàn quốc
⛔️ Nợ xấu đưa 5tr8 có LÃI SUẤT hoặc 23tr KO LÃI SUẤT
--------------------
✅ 𝗛𝗼̂̃ 𝗧𝗿𝗼̛̣ 𝗔𝗲 𝗟𝗲̂𝗻 𝗛𝗼̂̀ 𝗦𝗼̛ 𝗕𝗮𝗻𝗸 𝗡𝗵𝗮̣̂𝗻 𝗫𝗲 𝗩𝗮̀ 𝗖𝗮𝘃𝗲𝘁 𝗚𝗼̂́𝗰
✅ 𝗡𝗼̛̣ 𝗫𝗮̂́𝘂 – 𝗛𝗼̂̃ 𝗧𝗿𝗼̛̣ 𝟬 Đ𝗼̂̀𝗻𝗴 – 𝗞𝗵𝗼̂𝗻𝗴 𝗫𝗮́𝗰 𝗠𝗶𝗻𝗵
✅ 𝗡𝗼̛̣ 𝗫𝗮̂́𝘂 – 𝗛𝗼̂̃ 𝗧𝗿𝗼̛̣ Đ𝘂̛𝗮 𝟯𝟬% – 𝗞𝗵𝗼̂𝗻𝗴 𝗟𝗮̃𝗶
✅ Đ𝗼̂̉𝗶 𝗣𝗶𝗻 𝗞𝗵𝗼̂𝗻𝗴 𝗖𝗵𝗼̛̀ 𝗦𝗮̣c 𝗡𝗵𝗶𝗲̂̀𝘂 𝗖𝗵𝗶 𝗡𝗵𝗮́𝗻𝗵
✅ 𝗛ỗ 𝗧𝗿𝗼̛̣ 𝟮 𝗡𝗮̆𝗺 𝗫𝗲 𝗛𝘂̛ – 𝗖𝗼́ 𝗫𝗲 𝗞𝗵𝗮́𝗰 𝗗𝘂̀𝗻𝗴
✅ Đ𝗮̆𝗻𝗴 𝗞𝘆́ 𝗔𝗽𝗽 𝗫𝗮𝗻𝗵 𝗣𝗹𝗮𝘁𝗳𝗼𝗿𝗺 – 𝗧𝗮̣𝗶 𝗖𝗵𝗼̂̃
--------------------
🏠𝟮𝟴𝟴 𝗧𝗿𝘂̛𝗼̛̀𝗻𝗴 𝗖𝗵𝗶𝗻𝗵 - 𝗣𝗵ư𝗼̛̀𝗻𝗴 Đ𝗼̂𝗻𝗴 𝗛𝘂̛𝗻𝗴 𝗧𝗵𝘂𝗮̣̂𝗻 - 𝗛𝗖𝗠 (𝗤𝘂𝗮̣̂𝗻𝟭𝟮 𝗰𝘂̃)",Cần xác minh,Khác,Không phân loại,,
134197994,CỬA HÀNG THU MUA XE MÁY ĐIỆN CŨ,35999000,"⭐️ CỬA HÀNG PHẠM TUẤN XE ĐIỆN CŨ 
CHUYÊN THU MUA XE ĐIỆN CŨ - GIÁ CAO - BAO MỌI GIẤY TỜ LIÊN QUAN
📌 Địa chỉ: 244 Thoại Ngọc Hầu . Phú Thạnh , Q .Tân Phú . TP HCM.
⭐️ ĐỊNH GIÁ MIỄN PHÍ XE MÁY ⭐️

❤️ Chuyên Thu Mua Xe Điện Cũ với các dòng như sau, Giá Bao Thị Trường
( VINFAST . YADEA . DATBIKE . PEGA...)

Giá thu từ: 1tr - 99tr

Dịch vụ đặc biệt:
❤️ Bấm Giá Trong Vòng 30s Để Khách Hàng Tham Khảo Giá
❤️ Hỗ Trợ Mua Tận Nơi ( Sài Gòn và những chỗ lân cận)


😍😍😍 CẦN KẾT NỐI VỚI SHOWROOM CÁC HÃNG XE ĐIỆN NEW THU CŨ ĐỔI MỚI CHO KHÁCH HÀNG

code: #thumuaxe #26003663_1",2025,1.0,Tp Hồ Chí Minh,Quận Tân Phú,"⭐️ CỬA HÀNG PHẠM TUẤN XE ĐIỆN CŨ 
CHUYÊN THU MUA XE ĐIỆN CŨ - GIÁ CAO - BAO MỌI GIẤY TỜ LIÊN QUAN
📌 Địa chỉ: 244 Thoại Ngọc Hầu . Phú Thạnh , Q .Tân Phú . TP HCM.
⭐️ ĐỊNH GIÁ MIỄN PHÍ XE MÁY ⭐️

❤️ Chuyên Thu Mua Xe Điện Cũ với các dòng như sau, Giá Bao Thị Trường
( VINFAST . YADEA . DATBIKE . PEGA...)

Giá thu từ: 1tr - 99tr

Dịch vụ đặc biệt:
❤️ Bấm Giá Trong Vòng 30s Để Khách Hàng Tham Khảo Giá
❤️ Hỗ Trợ Mua Tận Nơi ( Sài Gòn và những chỗ lân cận)


😍😍😍 CẦN KẾT NỐI VỚI SHOWROOM CÁC HÃNG XE ĐIỆN NEW THU CŨ ĐỔI MỚI CHO KHÁCH HÀNG

code: #thumuaxe #26003663_1",Cần xác minh,Khác,Không phân loại,,
134558870,Xe Điện 3sGo - Feliz II Trắng 700km,25900000,"Feliz II BSTP Chính Chủ 
- Odo 700km
- 2pin (free thuê 2pin 1 năm)
- Óc tán 7 màu keng 
- Còn đủ phụ kiện theo xe 
- Bảo hành Vinfast toàn quốc
⛔️ Nợ xấu đưa 0đ có LÃI SUẤT hoặc 15tr KO LÃI SUẤT
--------------------
✅ 𝗛𝗼̂̃ 𝗧𝗿𝗼̛̣ 𝗔𝗲 𝗟𝗲̂𝗻 𝗛𝗼̂̀ 𝗦𝗼̛ 𝗕𝗮𝗻𝗸 𝗡𝗵𝗮̣̂𝗻 𝗫𝗲 𝗩𝗮̀ 𝗖𝗮𝘃𝗲𝘁 𝗚𝗼̂́𝗰
✅ 𝗡𝗼̛̣ 𝗫𝗮̂́𝘂 – 𝗛𝗼̂̃ 𝗧𝗿𝗼̛̣ 𝟬 Đ𝗼̂̀𝗻𝗴 – 𝗞𝗵𝗼̂𝗻𝗴 𝗫𝗮́𝗰 𝗠𝗶𝗻𝗵
✅ 𝗡𝗼̛̣ 𝗫𝗮̂́𝘂 – 𝗛𝗼̂̃ 𝗧𝗿𝗼̛̣ Đ𝘂̛𝗮 𝟯𝟬% – 𝗞𝗵𝗼̂𝗻𝗴 𝗟𝗮̃𝗶
✅ Đ𝗼̂̉𝗶 𝗣𝗶𝗻 𝗞𝗵𝗼̂𝗻𝗴 𝗖𝗵𝗼̛̀ 𝗦𝗮̣c 𝗡𝗵𝗶𝗲̂̀𝘂 𝗖𝗵𝗶 𝗡𝗵𝗮́𝗻𝗵
✅ 𝗛ỗ 𝗧𝗿𝗼̛̣ 𝟮 𝗡𝗮̆𝗺 𝗫𝗲 𝗛𝘂̛ – 𝗖𝗼́ 𝗫𝗲 𝗞𝗵𝗮́𝗰 𝗗𝘂̀𝗻𝗴
✅ Đ𝗮̆𝗻𝗴 𝗞𝘆́ 𝗔𝗽𝗽 𝗫𝗮𝗻𝗵 𝗣𝗹𝗮𝘁𝗳𝗼𝗿𝗺 – 𝗧𝗮̣𝗶 𝗖𝗵𝗼̂̃
--------------------
🏠𝟮𝟴𝟴 𝗧𝗿𝘂̛𝗼̛̀𝗻𝗴 𝗖𝗵𝗶𝗻𝗵 - 𝗣𝗵ư𝗼̛̀𝗻𝗴 Đ𝗼̂𝗻𝗴 𝗛𝘂̛𝗻𝗴 𝗧𝗵𝘂𝗮̣̂𝗻 - 𝗛𝗖𝗠 (𝗤𝘂𝗮̣̂𝗻𝟭𝟮 𝗰𝘂̃)",2026,700.0,Tp Hồ Chí Minh,Quận 12,"Feliz II BSTP Chính Chủ 
- Odo 700km
- 2pin (free thuê 2pin 1 năm)
- Óc tán 7 màu keng 
- Còn đủ phụ kiện theo xe 
- Bảo hành Vinfast toàn quốc
⛔️ Nợ xấu đưa 0đ có LÃI SUẤT hoặc 15tr KO LÃI SUẤT
--------------------
✅ 𝗛𝗼̂̃ 𝗧𝗿𝗼̛̣ 𝗔𝗲 𝗟𝗲̂𝗻 𝗛𝗼̂̀ 𝗦𝗼̛ 𝗕𝗮𝗻𝗸 𝗡𝗵𝗮̣̂𝗻 𝗫𝗲 𝗩𝗮̀ 𝗖𝗮𝘃𝗲𝘁 𝗚𝗼̂́𝗰
✅ 𝗡𝗼̛̣ 𝗫𝗮̂́𝘂 – 𝗛𝗼̂̃ 𝗧𝗿𝗼̛̣ 𝟬 Đ𝗼̂̀𝗻𝗴 – 𝗞𝗵𝗼̂𝗻𝗴 𝗫𝗮́𝗰 𝗠𝗶𝗻𝗵
✅ 𝗡𝗼̛̣ 𝗫𝗮̂́𝘂 – 𝗛𝗼̂̃ 𝗧𝗿𝗼̛̣ Đ𝘂̛𝗮 𝟯𝟬% – 𝗞𝗵𝗼̂𝗻𝗴 𝗟𝗮̃𝗶
✅ Đ𝗼̂̉𝗶 𝗣𝗶𝗻 𝗞𝗵𝗼̂𝗻𝗴 𝗖𝗵𝗼̛̀ 𝗦𝗮̣c 𝗡𝗵𝗶𝗲̂̀𝘂 𝗖𝗵𝗶 𝗡𝗵𝗮́𝗻𝗵
✅ 𝗛ỗ 𝗧𝗿𝗼̛̣ 𝟮 𝗡𝗮̆𝗺 𝗫𝗲 𝗛𝘂̛ – 𝗖𝗼́ 𝗫𝗲 𝗞𝗵𝗮́𝗰 𝗗𝘂̀𝗻𝗴
✅ Đ𝗮̆𝗻𝗴 𝗞𝘆́ 𝗔𝗽𝗽 𝗫𝗮𝗻𝗵 𝗣𝗹𝗮𝘁𝗳𝗼𝗿𝗺 – 𝗧𝗮̣𝗶 𝗖𝗵𝗼̂̃
--------------------
🏠𝟮𝟴𝟴 𝗧𝗿𝘂̛𝗼̛̀𝗻𝗴 𝗖𝗵𝗶𝗻𝗵 - 𝗣𝗵ư𝗼̛̀𝗻𝗴 Đ𝗼̂𝗻𝗴 𝗛𝘂̛𝗻𝗴 𝗧𝗵𝘂𝗮̣̂𝗻 - 𝗛𝗖𝗠 (𝗤𝘂𝗮̣̂𝗻𝟭𝟮 𝗰𝘂̃)",Cần xác minh,VinFast,Feliz,27000000.0,4.1
134621837,Xe máy điện Xmen 2019 Đen Việt Nam,4900000,"BÁN XE MÁY ĐIỆN cũ :  Xmen 
Giá:4tr900  bình khỏe 30/35km/1 lần sạc 
Đk 2019 biển số 74 
xe ở Cầu Vượt Sóng Thần  Qlộ 1A 
LH: ***
Có nhan đổi xe điện cũ các loại",2019,8978.0,Tp Hồ Chí Minh,Thành phố Thủ Đức,"BÁN XE MÁY ĐIỆN cũ :  Xmen 
Giá:4tr900  bình khỏe 30/35km/1 lần sạc 
Đk 2019 biển số 74 
xe ở Cầu Vượt Sóng Thần  Qlộ 1A 
LH: ***
Có nhan đổi xe điện cũ các loại",Cần xác minh,Khác,Không phân loại,,
134621834,Xe máy điện VinFast Vento Neo Trắng 9.000KM,29500000,"Vento Neo 9.000KM Cập Bến 😍😍😍

Giá..29.5Tr

☎️*** Em bi",2025,9000.0,Tp Hồ Chí Minh,Quận Tân Phú,"Vento Neo 9.000KM Cập Bến 😍😍😍

Giá..29.5Tr

☎️*** Em bi",Cần xác minh,VinFast,Vento,50000000.0,41.0
134621825,"VinFast Feliz Neo 2025 Xám 38,900km",28000000,"Feliz Ne***


- ODO : 38,900km
- Pin : 72v 105Ah . Quãng đường đi được từ 200km 1 lần sạc
- Ngoại hình : 95%
- Thủ tục mua bán : công chứng mua bán ra tên mới. Chủ xe hỗ trợ rút hồ sơ
- Năm đăng ký : 10/2025
- Giá bán :  28,000,000
- Có hỗ trợ trả góp, nợ xấu
- Có cho thuê xe, trao đổi mua bán xe, ký gửi xe",2025,38900.0,Tp Hồ Chí Minh,Quận Tân Bình,"Feliz Ne***


- ODO : 38,900km
- Pin : 72v 105Ah . Quãng đường đi được từ 200km 1 lần sạc
- Ngoại hình : 95%
- Thủ tục mua bán : công chứng mua bán ra tên mới. Chủ xe hỗ trợ rút hồ sơ
- Năm đăng ký : 10/2025
- Giá bán :  28,000,000
- Có hỗ trợ trả góp, nợ xấu
- Có cho thuê xe, trao đổi mua bán xe, ký gửi xe",Cần xác minh,VinFast,Feliz,27000000.0,-3.7
134621821,Xe điện gogo,5200000,"bán xe điện còn rất tốt nhập khẩu nguyên chiếc giá vừa tầm ai mua cho con đi hoc câp 3 đỡ đươc bao nhiêu tiền nhà nhiêu xe lên bán nhanh cho gọn
ai thiên chí mua hoăc nhăn tin nêu ko nghe may kip",2019,5252.0,Hải Phòng,Quận Ngô Quyền,"bán xe điện còn rất tốt nhập khẩu nguyên chiếc giá vừa tầm ai mua cho con đi hoc câp 3 đỡ đươc bao nhiêu tiền nhà nhiêu xe lên bán nhanh cho gọn
ai thiên chí mua hoăc nhăn tin nêu ko nghe may kip",Cần xác minh,Dibao,Gogo,14500000.0,64.1
134621813,Quantum S3 odo 10k xe đẹp ken biển sg,32500000,"Quantum s3 xe đẹp ken 9 chủ ký 
Có gop nợ xấu tay đôi",2025,10412.0,Tp Hồ Chí Minh,Quận Tân Phú,"Quantum s3 xe đẹp ken 9 chủ ký 
Có gop nợ xấu tay đôi",Cần xác minh,Dat Bike,Quantum,34900000.0,6.9
133165398,Xe máy điện VinFast Feliz 2 Trắng,17500000,"Xe máy điện VinFast Feliz 2 màu trắng, thiết kế hiện đại, phù hợp cho cả nam và nữ. 
- Xe vận hành êm ái, tiết kiệm năng lượng. 
- Trang bị nhiều tính năng thông minh. 
- Xe mới, ít sử dụng.
- chuyển nhượng hợp đồng thuê 2 pin vinfast 1,5kw
",2026,1589.0,Đồng Nai,Huyện Trảng Bom,"Xe máy điện VinFast Feliz 2 màu trắng, thiết kế hiện đại, phù hợp cho cả nam và nữ. 
- Xe vận hành êm ái, tiết kiệm năng lượng. 
- Trang bị nhiều tính năng thông minh. 
- Xe mới, ít sử dụng.
- chuyển nhượng hợp đồng thuê 2 pin vinfast 1,5kw
",Cần xác minh,VinFast,Feliz,27000000.0,35.2
134536690,Xe Điện 3sGo -  Evo200Lite 2025 Đen,22900000,"Evo200Lite  - Bstp 9 Chủ ĐK 2025
- 2 Chìa khoá đầy đủ
- Dàn áo dán keng 98%
- Óc tán 7 màu keng 98%
- Còn đủ phụ kiện theo xe
❤️Xe keng 98% so với xe new 
⛔️ Nợ xấu đưa 3tr2 có LÃI SUẤT hoặc 12tr KO LÃI SUẤT
--------------------
✅ 𝗛𝗼̂̃ 𝗧𝗿𝗼̛̣ 𝗔𝗲 𝗟𝗲̂𝗻 𝗛𝗼̂̀ 𝗦𝗼̛ 𝗕𝗮𝗻𝗸 𝗡𝗵𝗮̣̂𝗻 𝗫𝗲 𝗩𝗮̀ 𝗖𝗮𝘃𝗲𝘁 𝗚𝗼̂́𝗰
✅ 𝗡𝗼̛̣ 𝗫𝗮̂́𝘂 – 𝗛𝗼̂̃ 𝗧𝗿𝗼̛̣ 𝟬 Đ𝗼̂̀𝗻𝗴 – 𝗞𝗵𝗼̂𝗻𝗴 𝗫𝗮́𝗰 𝗠𝗶𝗻𝗵
✅ 𝗡𝗼̛̣ 𝗫𝗮̂́𝘂 – 𝗛𝗼̂̃ 𝗧𝗿𝗼̛̣ Đ𝘂̛𝗮 𝟯𝟬% – 𝗞𝗵𝗼̂𝗻𝗴 𝗟𝗮̃𝗶
✅ Đ𝗼̂̉𝗶 𝗣𝗶𝗻 𝗞𝗵𝗼̂𝗻𝗴 𝗖𝗵𝗼̛̀ 𝗦𝗮̣c 𝗡𝗵𝗶𝗲̂̀𝘂 𝗖𝗵𝗶 𝗡𝗵𝗮́𝗻𝗵
✅ 𝗛ỗ 𝗧𝗿𝗼̛̣ 𝟮 𝗡𝗮̆𝗺 𝗫𝗲 𝗛𝘂̛ – 𝗖𝗼́ 𝗫𝗲 𝗞𝗵𝗮́𝗰 𝗗𝘂̀𝗻𝗴
✅ Đ𝗮̆𝗻𝗴 𝗞𝘆́ 𝗔𝗽𝗽 𝗫𝗮𝗻𝗵 𝗣𝗹𝗮𝘁𝗳𝗼𝗿𝗺 – 𝗧𝗮̣𝗶 𝗖𝗵𝗼̂̃
--------------------
🏠𝟮𝟴𝟴 𝗧𝗿𝘂̛𝗼̛̀𝗻𝗴 𝗖𝗵𝗶𝗻𝗵 - 𝗣𝗵ư𝗼̛̀𝗻𝗴 Đ𝗼̂𝗻𝗴 𝗛𝘂̛𝗻𝗴 𝗧𝗵𝘂𝗮̣̂𝗻 - 𝗛𝗖𝗠 (𝗤𝘂𝗮̣̂𝗻𝟭𝟮 𝗰𝘂̃)",2025,,Tp Hồ Chí Minh,Quận 12,"Evo200Lite  - Bstp 9 Chủ ĐK 2025
- 2 Chìa khoá đầy đủ
- Dàn áo dán keng 98%
- Óc tán 7 màu keng 98%
- Còn đủ phụ kiện theo xe
❤️Xe keng 98% so với xe new 
⛔️ Nợ xấu đưa 3tr2 có LÃI SUẤT hoặc 12tr KO LÃI SUẤT
--------------------
✅ 𝗛𝗼̂̃ 𝗧𝗿𝗼̛̣ 𝗔𝗲 𝗟𝗲̂𝗻 𝗛𝗼̂̀ 𝗦𝗼̛ 𝗕𝗮𝗻𝗸 𝗡𝗵𝗮̣̂𝗻 𝗫𝗲 𝗩𝗮̀ 𝗖𝗮𝘃𝗲𝘁 𝗚𝗼̂́𝗰
✅ 𝗡𝗼̛̣ 𝗫𝗮̂́𝘂 – 𝗛𝗼̂̃ 𝗧𝗿𝗼̛̣ 𝟬 Đ𝗼̂̀𝗻𝗴 – 𝗞𝗵𝗼̂𝗻𝗴 𝗫𝗮́𝗰 𝗠𝗶𝗻𝗵
✅ 𝗡𝗼̛̣ 𝗫𝗮̂́𝘂 – 𝗛𝗼̂̃ 𝗧𝗿𝗼̛̣ Đ𝘂̛𝗮 𝟯𝟬% – 𝗞𝗵𝗼̂𝗻𝗴 𝗟𝗮̃𝗶
✅ Đ𝗼̂̉𝗶 𝗣𝗶𝗻 𝗞𝗵𝗼̂𝗻𝗴 𝗖𝗵𝗼̛̀ 𝗦𝗮̣c 𝗡𝗵𝗶𝗲̂̀𝘂 𝗖𝗵𝗶 𝗡𝗵𝗮́𝗻𝗵
✅ 𝗛ỗ 𝗧𝗿𝗼̛̣ 𝟮 𝗡𝗮̆𝗺 𝗫𝗲 𝗛𝘂̛ – 𝗖𝗼́ 𝗫𝗲 𝗞𝗵𝗮́𝗰 𝗗𝘂̀𝗻𝗴
✅ Đ𝗮̆𝗻𝗴 𝗞𝘆́ 𝗔𝗽𝗽 𝗫𝗮𝗻𝗵 𝗣𝗹𝗮𝘁𝗳𝗼𝗿𝗺 – 𝗧𝗮̣𝗶 𝗖𝗵𝗼̂̃
--------------------
🏠𝟮𝟴𝟴 𝗧𝗿𝘂̛𝗼̛̀𝗻𝗴 𝗖𝗵𝗶𝗻𝗵 - 𝗣𝗵ư𝗼̛̀𝗻𝗴 Đ𝗼̂𝗻𝗴 𝗛𝘂̛𝗻𝗴 𝗧𝗵𝘂𝗮̣̂𝗻 - 𝗛𝗖𝗠 (𝗤𝘂𝗮̣̂𝗻𝟭𝟮 𝗰𝘂̃)",Cần xác minh,Khác,Không phân loại,,
134621561,Xe máy điện VinFast Feliz 2025 Trắng 2 pin 2.4kW,25000000,"FELIZ 2025 – 2 PIN ZIN – GIÁ 25 TRIỆU 🔥
Biển số: 50AD-256.57

🛵 Feliz 2025 – xe đẹp, 2 pin zin, sẵn sàng chạy ngay!

✨ Thông tin xe:

📍 ODO: 10.000 km
🔋 2 pin 2.4kW zin hãng
💎 Ngoại hình: 95%
📅 Đăng ký: 12/2025
📄 Công chứng mua bán
💰 Giá bán: 25.000.000đ

💳 HỖ TRỢ TRẢ GÓP – HỖ TRỢ HỒ SƠ NỢ XẤU
🛵 Có cho thuê xe
🔄 Nhận trao đổi – mua bán xe
📦 Nhận ký gửi xe

🔥 Điểm đáng tiền: 2 pin zin + đời 2025 + giấy tờ mua bán rõ ràng. Mua về đi hằng ngày hoặc chạy dịch vụ đều tiện.

📩 Quan tâm inbox ngay – xe đẹp, giá tốt, chốt sớm kẻo hết!",2025,10000.0,Tp Hồ Chí Minh,Quận Tân Bình,"FELIZ 2025 – 2 PIN ZIN – GIÁ 25 TRIỆU 🔥
Biển số: 50AD-256.57

🛵 Feliz 2025 – xe đẹp, 2 pin zin, sẵn sàng chạy ngay!

✨ Thông tin xe:

📍 ODO: 10.000 km
🔋 2 pin 2.4kW zin hãng
💎 Ngoại hình: 95%
📅 Đăng ký: 12/2025
📄 Công chứng mua bán
💰 Giá bán: 25.000.000đ

💳 HỖ TRỢ TRẢ GÓP – HỖ TRỢ HỒ SƠ NỢ XẤU
🛵 Có cho thuê xe
🔄 Nhận trao đổi – mua bán xe
📦 Nhận ký gửi xe

🔥 Điểm đáng tiền: 2 pin zin + đời 2025 + giấy tờ mua bán rõ ràng. Mua về đi hằng ngày hoặc chạy dịch vụ đều tiện.

📩 Quan tâm inbox ngay – xe đẹp, giá tốt, chốt sớm kẻo hết!",Kèm pin,VinFast,Feliz,27000000.0,7.4
134621518,Xe máy điện VinFast Feliz Neo 2025 Xám 39000 km,20500000,"Feliz Neo màu xám BS : 50-AC 735.12


- ODO : 39000
- Pin : 1 Pin zin 67v 30Ah + 1 pin song song sàn chân 67v 30Ah . Quãng đường đi được từ 130 - 150km 1 lần sạc
- Ngoại hình : 90%
- Thủ tục mua bán : công chứng mua bán
- Năm đăng ký : 09/2025
- Giá bán :  20,500,000
- Có hỗ trợ trả góp, nợ xấu
- Có cho thuê xe, trao đổi mua bán xe, ký gửi xe",2025,39000.0,Tp Hồ Chí Minh,Quận Tân Bình,"Feliz Neo màu xám BS : 50-AC 735.12


- ODO : 39000
- Pin : 1 Pin zin 67v 30Ah + 1 pin song song sàn chân 67v 30Ah . Quãng đường đi được từ 130 - 150km 1 lần sạc
- Ngoại hình : 90%
- Thủ tục mua bán : công chứng mua bán
- Năm đăng ký : 09/2025
- Giá bán :  20,500,000
- Có hỗ trợ trả góp, nợ xấu
- Có cho thuê xe, trao đổi mua bán xe, ký gửi xe",Kèm pin,VinFast,Feliz,27000000.0,24.1
134506458,Xe Điện 3sGo - Flazz 2026 Trắng 900 km,15900000,"Flazz BSTP ĐK 2026 Chính Chủ 
- Odo 900 cây
- Đã mua 2 pin
- Óc tán 7 màu keng 
- Còn đủ phụ kiện theo xe
- Bảo hành Vinfast toàn quốc
#Giá_15tr9 - Nậu xớ đưa 2tr1 hoặc 5tr1
⛔️ Nợ xấu đưa 2tr1 có LÃI SUẤT hoặc 8tr KO LÃI SUẤT
--------------------
✅ 𝗛𝗼̂̃ 𝗧𝗿𝗼̛̣ 𝗔𝗲 𝗟𝗲̂𝗻 𝗛𝗼̂̀ 𝗦𝗼̛ 𝗕𝗮𝗻𝗸 𝗡𝗵𝗮̣̂𝗻 𝗫𝗲 𝗩𝗮̀ 𝗖𝗮𝘃𝗲𝘁 𝗚𝗼̂́𝗰
✅ 𝗡𝗼̛̣ 𝗫𝗮̂́𝘂 – 𝗛𝗼̂̃ 𝗧𝗿𝗼̛̣ 𝟬 Đ𝗼̂̀𝗻𝗴 – 𝗞𝗵𝗼̂𝗻𝗴 𝗫𝗮́𝗰 𝗠𝗶𝗻𝗵
✅ 𝗡𝗼̛̣ 𝗫𝗮̂́𝘂 – 𝗛𝗼̂̃ 𝗧𝗿𝗼̛̣ Đ𝘂̛𝗮 𝟯𝟬% – 𝗞𝗵𝗼̂𝗻𝗴 𝗟𝗮̃𝗶
✅ Đ𝗼̂̉𝗶 𝗣𝗶𝗻 𝗞𝗵𝗼̂𝗻𝗴 𝗖𝗵𝗼̛̀ 𝗦𝗮̣c 𝗡𝗵𝗶𝗲̂̀𝘂 𝗖𝗵𝗶 𝗡𝗵𝗮́𝗻𝗵
✅ 𝗛ỗ 𝗧𝗿𝗼̛̣ 𝟮 𝗡𝗮̆𝗺 𝗫𝗲 𝗛𝘂̛ – 𝗖𝗼́ 𝗫𝗲 𝗞𝗵𝗮́𝗰 𝗗𝘂̀𝗻𝗴
✅ Đ𝗮̆𝗻𝗴 𝗞𝘆́ 𝗔𝗽𝗽 𝗫𝗮𝗻𝗵 𝗣𝗹𝗮𝘁𝗳𝗼𝗿𝗺 – 𝗧𝗮̣𝗶 𝗖𝗵𝗼̂̃
--------------------
🏠𝟮𝟴𝟴 𝗧𝗿𝘂̛𝗼̛̀𝗻𝗴 𝗖𝗵𝗶𝗻𝗵 - 𝗣𝗵ư𝗼̛̀𝗻𝗴 Đ𝗼̂𝗻𝗴 𝗛𝘂̛𝗻𝗴 𝗧𝗵𝘂𝗮̣̂𝗻 - 𝗛𝗖𝗠 (𝗤𝘂𝗮̣̂𝗻𝟭𝟮 𝗰𝘂̃)",2026,900.0,Tp Hồ Chí Minh,Quận 12,"Flazz BSTP ĐK 2026 Chính Chủ 
- Odo 900 cây
- Đã mua 2 pin
- Óc tán 7 màu keng 
- Còn đủ phụ kiện theo xe
- Bảo hành Vinfast toàn quốc
#Giá_15tr9 - Nậu xớ đưa 2tr1 hoặc 5tr1
⛔️ Nợ xấu đưa 2tr1 có LÃI SUẤT hoặc 8tr KO LÃI SUẤT
--------------------
✅ 𝗛𝗼̂̃ 𝗧𝗿𝗼̛̣ 𝗔𝗲 𝗟𝗲̂𝗻 𝗛𝗼̂̀ 𝗦𝗼̛ 𝗕𝗮𝗻𝗸 𝗡𝗵𝗮̣̂𝗻 𝗫𝗲 𝗩𝗮̀ 𝗖𝗮𝘃𝗲𝘁 𝗚𝗼̂́𝗰
✅ 𝗡𝗼̛̣ 𝗫𝗮̂́𝘂 – 𝗛𝗼̂̃ 𝗧𝗿𝗼̛̣ 𝟬 Đ𝗼̂̀𝗻𝗴 – 𝗞𝗵𝗼̂𝗻𝗴 𝗫𝗮́𝗰 𝗠𝗶𝗻𝗵
✅ 𝗡𝗼̛̣ 𝗫𝗮̂́𝘂 – 𝗛𝗼̂̃ 𝗧𝗿𝗼̛̣ Đ𝘂̛𝗮 𝟯𝟬% – 𝗞𝗵𝗼̂𝗻𝗴 𝗟𝗮̃𝗶
✅ Đ𝗼̂̉𝗶 𝗣𝗶𝗻 𝗞𝗵𝗼̂𝗻𝗴 𝗖𝗵𝗼̛̀ 𝗦𝗮̣c 𝗡𝗵𝗶𝗲̂̀𝘂 𝗖𝗵𝗶 𝗡𝗵𝗮́𝗻𝗵
✅ 𝗛ỗ 𝗧𝗿𝗼̛̣ 𝟮 𝗡𝗮̆𝗺 𝗫𝗲 𝗛𝘂̛ – 𝗖𝗼́ 𝗫𝗲 𝗞𝗵𝗮́𝗰 𝗗𝘂̀𝗻𝗴
✅ Đ𝗮̆𝗻𝗴 𝗞𝘆́ 𝗔𝗽𝗽 𝗫𝗮𝗻𝗵 𝗣𝗹𝗮𝘁𝗳𝗼𝗿𝗺 – 𝗧𝗮̣𝗶 𝗖𝗵𝗼̂̃
--------------------
🏠𝟮𝟴𝟴 𝗧𝗿𝘂̛𝗼̛̀𝗻𝗴 𝗖𝗵𝗶𝗻𝗵 - 𝗣𝗵ư𝗼̛̀𝗻𝗴 Đ𝗼̂𝗻𝗴 𝗛𝘂̛𝗻𝗴 𝗧𝗵𝘂𝗮̣̂𝗻 - 𝗛𝗖𝗠 (𝗤𝘂𝗮̣̂𝗻𝟭𝟮 𝗰𝘂̃)",Cần xác minh,Khác,Không phân loại,,
134555510,Xe Điện 3sGo - Datbike S1 Đen 10.000 km,44900000,"DatbikeS1 BSTP ĐK 2026 Chính Chủ 1 Lần sạc đi 285km
- Odo 10k hơn
- Óc tán 7 màu keng 
- Còn đủ phụ kiện theo xe 
- Bảo hành Datbike toàn quốc
⛔️ Nợ xấu đưa 5tr8 có LÃI SUẤT hoặc 24tr KO LÃI SUẤT
--------------------
✅ 𝗛𝗼̂̃ 𝗧𝗿𝗼̛̣ 𝗔𝗲 𝗟𝗲̂𝗻 𝗛𝗼̂̀ 𝗦𝗼̛ 𝗕𝗮𝗻𝗸 𝗡𝗵𝗮̣̂𝗻 𝗫𝗲 𝗩𝗮̀ 𝗖𝗮𝘃𝗲𝘁 𝗚𝗼̂́𝗰
✅ 𝗡𝗼̛̣ 𝗫𝗮̂́𝘂 – 𝗛𝗼̂̃ 𝗧𝗿𝗼̛̣ 𝟬 Đ𝗼̂̀𝗻𝗴 – 𝗞𝗵𝗼̂𝗻𝗴 𝗫𝗮́𝗰 𝗠𝗶𝗻𝗵
✅ 𝗡𝗼̛̣ 𝗫𝗮̂́𝘂 – 𝗛𝗼̂̃ 𝗧𝗿𝗼̛̣ Đ𝘂̛𝗮 𝟯𝟬% – 𝗞𝗵𝗼̂𝗻𝗴 𝗟𝗮̃𝗶
✅ Đ𝗼̂̉𝗶 𝗣𝗶𝗻 𝗞𝗵𝗼̂𝗻𝗴 𝗖𝗵𝗼̛̀ 𝗦𝗮̣c 𝗡𝗵𝗶𝗲̂̀𝘂 𝗖𝗵𝗶 𝗡𝗵𝗮́𝗻𝗵
✅ 𝗛ỗ 𝗧𝗿𝗼̛̣ 𝟮 𝗡𝗮̆𝗺 𝗫𝗲 𝗛𝘂̛ – 𝗖𝗼́ 𝗫𝗲 𝗞𝗵𝗮́𝗰 𝗗𝘂̀𝗻𝗴
✅ Đ𝗮̆𝗻𝗴 𝗞𝘆́ 𝗔𝗽𝗽 𝗫𝗮𝗻𝗵 𝗣𝗹𝗮𝘁𝗳𝗼𝗿𝗺 – 𝗧𝗮̣𝗶 𝗖𝗵𝗼̂̃
--------------------
🏠𝟮𝟴𝟴 𝗧𝗿𝘂̛𝗼̛̀𝗻𝗴 𝗖𝗵𝗶𝗻𝗵 - 𝗣𝗵ư𝗼̛̀𝗻𝗴 Đ𝗼̂𝗻𝗴 𝗛𝘂̛𝗻𝗴 𝗧𝗵𝘂𝗮̣̂𝗻 - 𝗛𝗖𝗠 (𝗤𝘂𝗮̣̂𝗻𝟭𝟮 𝗰𝘂̃)",2026,10000.0,Tp Hồ Chí Minh,Quận 12,"DatbikeS1 BSTP ĐK 2026 Chính Chủ 1 Lần sạc đi 285km
- Odo 10k hơn
- Óc tán 7 màu keng 
- Còn đủ phụ kiện theo xe 
- Bảo hành Datbike toàn quốc
⛔️ Nợ xấu đưa 5tr8 có LÃI SUẤT hoặc 24tr KO LÃI SUẤT
--------------------
✅ 𝗛𝗼̂̃ 𝗧𝗿𝗼̛̣ 𝗔𝗲 𝗟𝗲̂𝗻 𝗛𝗼̂̀ 𝗦𝗼̛ 𝗕𝗮𝗻𝗸 𝗡𝗵𝗮̣̂𝗻 𝗫𝗲 𝗩𝗮̀ 𝗖𝗮𝘃𝗲𝘁 𝗚𝗼̂́𝗰
✅ 𝗡𝗼̛̣ 𝗫𝗮̂́𝘂 – 𝗛𝗼̂̃ 𝗧𝗿𝗼̛̣ 𝟬 Đ𝗼̂̀𝗻𝗴 – 𝗞𝗵𝗼̂𝗻𝗴 𝗫𝗮́𝗰 𝗠𝗶𝗻𝗵
✅ 𝗡𝗼̛̣ 𝗫𝗮̂́𝘂 – 𝗛𝗼̂̃ 𝗧𝗿𝗼̛̣ Đ𝘂̛𝗮 𝟯𝟬% – 𝗞𝗵𝗼̂𝗻𝗴 𝗟𝗮̃𝗶
✅ Đ𝗼̂̉𝗶 𝗣𝗶𝗻 𝗞𝗵𝗼̂𝗻𝗴 𝗖𝗵𝗼̛̀ 𝗦𝗮̣c 𝗡𝗵𝗶𝗲̂̀𝘂 𝗖𝗵𝗶 𝗡𝗵𝗮́𝗻𝗵
✅ 𝗛ỗ 𝗧𝗿𝗼̛̣ 𝟮 𝗡𝗮̆𝗺 𝗫𝗲 𝗛𝘂̛ – 𝗖𝗼́ 𝗫𝗲 𝗞𝗵𝗮́𝗰 𝗗𝘂̀𝗻𝗴
✅ Đ𝗮̆𝗻𝗴 𝗞𝘆́ 𝗔𝗽𝗽 𝗫𝗮𝗻𝗵 𝗣𝗹𝗮𝘁𝗳𝗼𝗿𝗺 – 𝗧𝗮̣𝗶 𝗖𝗵𝗼̂̃
--------------------
🏠𝟮𝟴𝟴 𝗧𝗿𝘂̛𝗼̛̀𝗻𝗴 𝗖𝗵𝗶𝗻𝗵 - 𝗣𝗵ư𝗼̛̀𝗻𝗴 Đ𝗼̂𝗻𝗴 𝗛𝘂̛𝗻𝗴 𝗧𝗵𝘂𝗮̣̂𝗻 - 𝗛𝗖𝗠 (𝗤𝘂𝗮̣̂𝗻𝟭𝟮 𝗰𝘂̃)",Cần xác minh,Khác,Không phân loại,,
134620997,Xe máy điện Vespa Espero Classic 2022 Xanh ngọc,8400000,"Vespa Espero Classic 1. Đời cao 2022
Bình khoẻ. Đầy đủ giấy tờ
Ngoại hình đẹp như hình.
Giá hơn 8tr400

📍 Có thể xem xe và kiểm tra trực tiếp.
🏠 87 Máy tơ. Nam định
☎️ ***",2022,8000.0,Nam Định,Thành phố Nam Định,"Vespa Espero Classic 1. Đời cao 2022
Bình khoẻ. Đầy đủ giấy tờ
Ngoại hình đẹp như hình.
Giá hơn 8tr400

📍 Có thể xem xe và kiểm tra trực tiếp.
🏠 87 Máy tơ. Nam định
☎️ ***",Cần xác minh,Khác,Không phân loại,,
134434450,Xe đạp điện Yadea V1 Plus Đen,8500000,"Xe điện V1 Plus màu đen
- Kiểu dáng thời trang, dễ điều khiển.
- Động cơ êm ái.
- Pin bền bỉ, di chuyển quãng đường xa.",2025,1.0,Tp Hồ Chí Minh,Quận Tân Bình,"Xe điện V1 Plus màu đen
- Kiểu dáng thời trang, dễ điều khiển.
- Động cơ êm ái.
- Pin bền bỉ, di chuyển quãng đường xa.",Cần xác minh,Yadea,Yadea (Khác),9990000.0,14.9
134620393,Xe máy điện VinFast Vento Neo Trắng 9.000KM,29500000,"Vento Neo 9.000KM Cập Bến 😍😍😍

Giá..29.5Tr

☎️*** Minh Khờ",2025,9000.0,Tp Hồ Chí Minh,Quận Tân Phú,"Vento Neo 9.000KM Cập Bến 😍😍😍

Giá..29.5Tr

☎️*** Minh Khờ",Cần xác minh,VinFast,Vento,50000000.0,41.0
134620294,Vinfast Ludo Xe điện,6600000,Bán xe điện vinfast ludo acquy mới bảo hành 1 năm,2020,10.0,Hà Nội,Quận Tây Hồ,Bán xe điện vinfast ludo acquy mới bảo hành 1 năm,Cần xác minh,VinFast,Ludo,12900000.0,48.8
134620154,Xe máy điện VinFast Vento ABS Đen 7.000km,28800000,"Vento ABS lướt 7.000km
Chính chủ ký
-  Liền lạc đẹp keng
- 2 chìa 2 kính theo xe còn đủ
- Đã úp phuộc sau

Giá: 28tr8
☎️ ***",2025,7000.0,Tp Hồ Chí Minh,Quận 5,"Vento ABS lướt 7.000km
Chính chủ ký
-  Liền lạc đẹp keng
- 2 chìa 2 kính theo xe còn đủ
- Đã úp phuộc sau

Giá: 28tr8
☎️ ***",Cần xác minh,VinFast,Vento,50000000.0,42.4
134620115,Xe máy điện VinFast Vento Neo 2025 Trắng,29500000,"Khách lên đời để lại 
Vento neo siêu lướt
- Biển Tp chính chủ ký
- Pin 3.5, sạc 1000w đời mới 
- Liền lạc đẹp ken
- Góp đưa trước 30% nhận xe

Giá 29tr5
☎️***",2025,9000.0,Tp Hồ Chí Minh,Quận 5,"Khách lên đời để lại 
Vento neo siêu lướt
- Biển Tp chính chủ ký
- Pin 3.5, sạc 1000w đời mới 
- Liền lạc đẹp ken
- Góp đưa trước 30% nhận xe

Giá 29tr5
☎️***",Cần xác minh,VinFast,Vento,50000000.0,41.0
134620037,Xe máy điện Yadea Omee Trắng Ắc quy Graphene,14500000,"Xe máy điện Yadea Omee trắng, mới mua hơn 1 tuần, còn bảo hành hãng. 
 - Xe mới ra mắt 2026, thiết kế hiện đại. 
 - Pin ắc quy Graphene 48V22Ah, tốc độ tối đa 40km/h, công suất 400W. 
 - Phù hợp cho học sinh, sinh viên từ 16 tuổi trở lên hoặc người không có bằng lái. 
 - Giá 14.500.000 đồng.",2026,150.0,Tp Hồ Chí Minh,Thành phố Thủ Đức,"Xe máy điện Yadea Omee trắng, mới mua hơn 1 tuần, còn bảo hành hãng. 
 - Xe mới ra mắt 2026, thiết kế hiện đại. 
 - Pin ắc quy Graphene 48V22Ah, tốc độ tối đa 40km/h, công suất 400W. 
 - Phù hợp cho học sinh, sinh viên từ 16 tuổi trở lên hoặc người không có bằng lái. 
 - Giá 14.500.000 đồng.",Cần xác minh,Yadea,Yadea (Khác),9990000.0,-45.1
134599987,Xe điện Vespa Vision 2026 Xám Đã sử dụng,18500000,"Xe điện vision mới mua 2026 mới 98%

🔥🔥🔥 Siêu Phẩm Mới Về Ạ 🔥🔥🔥 

Vespa Siêu Siêu Lướt 2026

Xe Mới 95%, dk đầy đủ

SmartKey Zin
Xe Điện huy lâm Bán Rẻ 7tr So Với Mới 
Mà Lại Được Xe Như Mới Ạ 

📌 Ship Hàng TOÀN QUỐC - Nhanh chóng
---- 
📞 LH tư vấn miễn phí : ***( zalo / video call ) 
🕹️ Địa chỉ: 389 đội cấn-ba đình - Hà Nội. 
❇️ Cửa Hàng Xe Điện Huy Lâm",2026,5000.0,Hà Nội,Quận Ba Đình,"Xe điện vision mới mua 2026 mới 98%

🔥🔥🔥 Siêu Phẩm Mới Về Ạ 🔥🔥🔥 

Vespa Siêu Siêu Lướt 2026

Xe Mới 95%, dk đầy đủ

SmartKey Zin
Xe Điện huy lâm Bán Rẻ 7tr So Với Mới 
Mà Lại Được Xe Như Mới Ạ 

📌 Ship Hàng TOÀN QUỐC - Nhanh chóng
---- 
📞 LH tư vấn miễn phí : ***( zalo / video call ) 
🕹️ Địa chỉ: *** đội cấn-ba đình - Hà Nội. 
❇️ Cửa Hàng Xe Điện Huy Lâm",Kèm pin,Khác,Không phân loại,,
134619125,Xe máy điện VinFast Evo200 Lite Đen Việt Nam,20000000,"Trâu bò nhất dòng xe học sinh. Ko cần bằng lái. 
Evo200 lite biển SG.
Pin 3.5 kwh, trâu bò nhất nhà Vin. Tầm 100 - 140 km/sạc.
BH hãng đến 2028.
Biển SG, sang tên nhanh chóng.
20tr bao rút hồ sơ. 

Xe điện Z48
104 Đường số 1,kdc Cityland Center Hill, phường Hạnh Thông (t7 nghỉ)
***",2023,18000.0,Tp Hồ Chí Minh,Quận Gò Vấp,"Trâu bò nhất dòng xe học sinh. Ko cần bằng lái. 
Evo200 lite biển SG.
Pin 3.5 kwh, trâu bò nhất nhà Vin. Tầm 100 - 140 km/sạc.
BH hãng đến 2028.
Biển SG, sang tên nhanh chóng.
20tr bao rút hồ sơ. 

Xe điện Z48
*** Đường số 1,kdc Cityland Center Hill, phường Hạnh Thông (t7 nghỉ)
***",Cần xác minh,VinFast,Evo 200,18000000.0,-11.1
134618992,Vinfast Motio màu đỏ - Xe học sinh,8500000,"- Motio Vinfast.  Học sinh trên 16t đi ko cần bằng lái 
- 5 Bình acquy đi 50km/lần sạc 
- Chính chủ công chứng 
- Giá 8tr500k 
- Địa chỉ : 24/6. Đ.TL44. P.thạnh lộc. Q12",2025,10484.0,Tp Hồ Chí Minh,Quận 12,"- Motio Vinfast.  Học sinh trên 16t đi ko cần bằng lái 
- 5 Bình acquy đi 50km/lần sạc 
- Chính chủ công chứng 
- Giá 8tr500k 
- Địa chỉ : 24/6. Đ.TL44. P.thạnh lộc. Q12",Cần xác minh,Khác,Không phân loại,,
134618650,Xe máy điện VinFast Ludo/ Ko Bằng Lái (Cs2),8900000,"VinFast LuDo 50 / Pin / Không Bằng Lái
Trọng Lượng: 68Kg
Công Suất: 500w
Mua mới lúc trước 24.5 Triệu ( Pin Mua )
Năm SX : 2020
Xem Xe Tại CH2 Nguyễn Thông",2020,39000.0,Cần Thơ,Quận Bình Thuỷ,"VinFast LuDo 50 / Pin / Không Bằng Lái
Trọng Lượng: 68Kg
Công Suất: 500w
Mua mới lúc trước 24.5 Triệu ( Pin Mua )
Năm SX : 2020
Xem Xe Tại CH2 Nguyễn Thông",Cần xác minh,VinFast,Ludo,12900000.0,31.0
134602241,Xe Điện 3sGo - QuantumS1 BST 2025 Xanh 30k,35900000,"QuantumS1 BST9chù
- Đăng ký 2025
- Odo 30k
- Yên kimdang 
- Dàn áo keng ko trầy 98%
- Óc tán 7 màu keng 98%
- Còn đủ phụ kiện theo xe
❤️Xe keng 99% so với xe new 
⛔️ Nợ xấu đưa 8tr1 có LÃI SUẤT hoặc 19tr5 KO LÃI SUẤT
--------------------
✅ 𝗛𝗼̂̃ 𝗧𝗿𝗼̛̣ 𝗔𝗲 𝗟𝗲̂𝗻 𝗛𝗼̂̀ 𝗦𝗼̛ 𝗕𝗮𝗻𝗸 𝗡𝗵𝗮̣̂𝗻 𝗫𝗲 𝗩𝗮̀ 𝗖𝗮𝘃𝗲𝘁 𝗚𝗼̂́𝗰
✅ 𝗡𝗼̛̣ 𝗫𝗮̂́𝘂 – 𝗛𝗼̂̃ 𝗧𝗿𝗼̛̣ 𝟬 Đ𝗼̂̀𝗻𝗴 – 𝗞𝗵𝗼̂𝗻𝗴 𝗫𝗮́𝗰 𝗠𝗶𝗻𝗵
✅ 𝗡𝗼̛̣ 𝗫𝗮̂́𝘂 – 𝗛𝗼̂̃ 𝗧𝗿𝗼̛̣ Đ𝘂̛𝗮 𝟯𝟬% – 𝗞𝗵𝗼̂𝗻𝗴 𝗟𝗮̃𝗶
✅ Đ𝗼̂̉𝗶 𝗣𝗶𝗻 𝗞𝗵𝗼̂𝗻𝗴 𝗖𝗵𝗼̛̀ 𝗦𝗮̣c 𝗡𝗵𝗶𝗲̂̀𝘂 𝗖𝗵𝗶 𝗡𝗵𝗮́𝗻𝗵
✅ 𝗛ỗ 𝗧𝗿𝗼̛̣ 𝟮 𝗡𝗮̆𝗺 𝗫𝗲 𝗛𝘂̛ – 𝗖𝗼́ 𝗫𝗲 𝗞𝗵𝗮́𝗰 𝗗𝘂̀𝗻𝗴
✅ Đ𝗮̆𝗻𝗴 𝗞𝘆́ 𝗔𝗽𝗽 𝗫𝗮𝗻𝗵 𝗣𝗹𝗮𝘁𝗳𝗼𝗿𝗺 – 𝗧𝗮̣𝗶 𝗖𝗵𝗼̂̃
--------------------
🏠 𝟭𝟭𝟱 𝗣𝗵𝗮̣𝗺 𝗧𝗵𝗲̂́ 𝗛𝗶𝗲̂̉𝗻 - 𝗖𝗵𝗮́𝗻𝗵 𝗛𝘂̛𝗻𝗴 - 𝗛𝗖𝗠 ( 𝗤𝘂𝗮̣̂𝗻 𝟴 )
☎️ 𝗛𝗼𝘁𝗹𝗶𝗻𝗲 : *** - 𝗗𝗶𝗲̣̂𝘂",2025,30.0,Tp Hồ Chí Minh,Quận 8,"QuantumS1 BST9chù
- Đăng ký 2025
- Odo 30k
- Yên kimdang 
- Dàn áo keng ko trầy 98%
- Óc tán 7 màu keng 98%
- Còn đủ phụ kiện theo xe
❤️Xe keng 99% so với xe new 
⛔️ Nợ xấu đưa 8tr1 có LÃI SUẤT hoặc 19tr5 KO LÃI SUẤT
--------------------
✅ 𝗛𝗼̂̃ 𝗧𝗿𝗼̛̣ 𝗔𝗲 𝗟𝗲̂𝗻 𝗛𝗼̂̀ 𝗦𝗼̛ 𝗕𝗮𝗻𝗸 𝗡𝗵𝗮̣̂𝗻 𝗫𝗲 𝗩𝗮̀ 𝗖𝗮𝘃𝗲𝘁 𝗚𝗼̂́𝗰
✅ 𝗡𝗼̛̣ 𝗫𝗮̂́𝘂 – 𝗛𝗼̂̃ 𝗧𝗿𝗼̛̣ 𝟬 Đ𝗼̂̀𝗻𝗴 – 𝗞𝗵𝗼̂𝗻𝗴 𝗫𝗮́𝗰 𝗠𝗶𝗻𝗵
✅ 𝗡𝗼̛̣ 𝗫𝗮̂́𝘂 – 𝗛𝗼̂̃ 𝗧𝗿𝗼̛̣ Đ𝘂̛𝗮 𝟯𝟬% – 𝗞𝗵𝗼̂𝗻𝗴 𝗟𝗮̃𝗶
✅ Đ𝗼̂̉𝗶 𝗣𝗶𝗻 𝗞𝗵𝗼̂𝗻𝗴 𝗖𝗵𝗼̛̀ 𝗦𝗮̣c 𝗡𝗵𝗶𝗲̂̀𝘂 𝗖𝗵𝗶 𝗡𝗵𝗮́𝗻𝗵
✅ 𝗛ỗ 𝗧𝗿𝗼̛̣ 𝟮 𝗡𝗮̆𝗺 𝗫𝗲 𝗛𝘂̛ – 𝗖𝗼́ 𝗫𝗲 𝗞𝗵𝗮́𝗰 𝗗𝘂̀𝗻𝗴
✅ Đ𝗮̆𝗻𝗴 𝗞𝘆́ 𝗔𝗽𝗽 𝗫𝗮𝗻𝗵 𝗣𝗹𝗮𝘁𝗳𝗼𝗿𝗺 – 𝗧𝗮̣𝗶 𝗖𝗵𝗼̂̃
--------------------
🏠 𝟭𝟭𝟱 𝗣𝗵𝗮̣𝗺 𝗧𝗵𝗲̂́ 𝗛𝗶𝗲̂̉𝗻 - 𝗖𝗵𝗮́𝗻𝗵 𝗛𝘂̛𝗻𝗴 - 𝗛𝗖𝗠 ( 𝗤𝘂𝗮̣̂𝗻 𝟴 )
☎️ 𝗛𝗼𝘁𝗹𝗶𝗻𝗲 : *** - 𝗗𝗶𝗲̣̂𝘂",Cần xác minh,Khác,Không phân loại,,
134617456,Xe máy điện BEFORE ALL Latina VI 2.0 Trắng,12000000,"Xe máy điện mới mua được 3 tháng cần bán lại  hãng: BEFORE ALL
Dòng : latina vi 2.0 
Thiết kế theo kiểu dáng vespa 
Tốc độ tối đa 50km/h 
Pin chạy được 60km
Còn bảo hành 9 tháng
giá mua mới 18tr500 
bán lại 12tr000",2026,300.0,Đà Nẵng,Quận Ngũ Hành Sơn,"Xe máy điện mới mua được 3 tháng cần bán lại  hãng: BEFORE ALL
Dòng : latina vi 2.0 
Thiết kế theo kiểu dáng vespa 
Tốc độ tối đa 50km/h 
Pin chạy được 60km
Còn bảo hành 9 tháng
giá mua mới 18tr500 
bán lại 12tr000",Cần xác minh,Khác,Không phân loại,,
134617447,Xe máy điện DK Bike 2021,7900000,"Xe máy điện Soma SX không cần bằng lái btc 
1 lần sạc đi được 60km , tốc tối đa 46km giờ 
5 bình vừa thay mới còn bảo hành 1 năm 
Áo quần sạch sẽ không bể , full chức năng 
Giá : 7tr9 bình tân",2021,40000.0,Tp Hồ Chí Minh,Quận Bình Tân,"Xe máy điện Soma SX không cần bằng lái btc 
1 lần sạc đi được 60km , tốc tối đa 46km giờ 
5 bình vừa thay mới còn bảo hành 1 năm 
Áo quần sạch sẽ không bể , full chức năng 
Giá : 7tr9 bình tân",Cần xác minh,Khác,Không phân loại,,
134602534,Xe Điện 3sGo - EvoGrand Đen 14k km,22900000,"EvoGrand ĐK 4/2026 BST 9 chủ kí
- Odo 14k
- 2 pin mua theo xe
- Dàn áo keng ko trầy 98%
- Óc tán 7 màu keng 98%
- Còn đủ phụ kiện theo xe
❤️Xe keng 98% so với xe new 
⛔️ Nợ xấu đưa 0Đ có LÃI SUẤT hoặc 13tr KO LÃI SUẤT
--------------------
✅ 𝗛𝗼̂̃ 𝗧𝗿𝗼̛̣ 𝗔𝗲 𝗟𝗲̂𝗻 𝗛𝗼̂̀ 𝗦𝗼̛ 𝗕𝗮𝗻𝗸 𝗡𝗵𝗮̣̂𝗻 𝗫𝗲 𝗩𝗮̀ 𝗖𝗮𝘃𝗲𝘁 𝗚𝗼̂́𝗰
✅ 𝗡𝗼̛̣ 𝗫𝗮̂́𝘂 – 𝗛𝗼̂̃ 𝗧𝗿𝗼̛̣ 𝟬 Đ𝗼̂̀𝗻𝗴 – 𝗞𝗵𝗼̂𝗻𝗴 𝗫𝗮́𝗰 𝗠𝗶𝗻𝗵
✅ 𝗡𝗼̛̣ 𝗫𝗮̂́𝘂 – 𝗛𝗼̂̃ 𝗧𝗿𝗼̛̣ Đ𝘂̛𝗮 𝟯𝟬% – 𝗞𝗵𝗼̂𝗻𝗴 𝗟𝗮̃𝗶
✅ Đ𝗼̂̉𝗶 𝗣𝗶𝗻 𝗞𝗵𝗼̂𝗻𝗴 𝗖𝗵𝗼̛̀ 𝗦𝗮̣c 𝗡𝗵𝗶𝗲̂̀𝘂 𝗖𝗵𝗶 𝗡𝗵𝗮́𝗻𝗵
✅ 𝗛ỗ 𝗧𝗿𝗼̛̣ 𝟮 𝗡𝗮̆𝗺 𝗫𝗲 𝗛𝘂̛ – 𝗖𝗼́ 𝗫𝗲 𝗞𝗵𝗮́𝗰 𝗗𝘂̀𝗻𝗴
✅ Đ𝗮̆𝗻𝗴 𝗞𝘆́ 𝗔𝗽𝗽 𝗫𝗮𝗻𝗵 𝗣𝗹𝗮𝘁𝗳𝗼𝗿𝗺 – 𝗧𝗮̣𝗶 𝗖𝗵𝗼̂̃
--------------------
🏠 𝟭𝟭𝟱 𝗣𝗵𝗮̣𝗺 𝗧𝗵𝗲̂́ 𝗛𝗶𝗲̂̉𝗻 - 𝗖𝗵𝗮́𝗻𝗵 𝗛𝘂̛𝗻𝗴 - 𝗛𝗖𝗠 ( 𝗤𝘂𝗮̣̂𝗻 𝟴 )
☎️ 𝗛𝗼𝘁𝗹𝗶𝗻𝗲 : *** - 𝗗𝗶𝗲̣̂𝘂",2026,14000.0,Tp Hồ Chí Minh,Quận 8,"EvoGrand ĐK 4/2026 BST 9 chủ kí
- Odo 14k
- 2 pin mua theo xe
- Dàn áo keng ko trầy 98%
- Óc tán 7 màu keng 98%
- Còn đủ phụ kiện theo xe
❤️Xe keng 98% so với xe new 
⛔️ Nợ xấu đưa 0Đ có LÃI SUẤT hoặc 13tr KO LÃI SUẤT
--------------------
✅ 𝗛𝗼̂̃ 𝗧𝗿𝗼̛̣ 𝗔𝗲 𝗟𝗲̂𝗻 𝗛𝗼̂̀ 𝗦𝗼̛ 𝗕𝗮𝗻𝗸 𝗡𝗵𝗮̣̂𝗻 𝗫𝗲 𝗩𝗮̀ 𝗖𝗮𝘃𝗲𝘁 𝗚𝗼̂́𝗰
✅ 𝗡𝗼̛̣ 𝗫𝗮̂́𝘂 – 𝗛𝗼̂̃ 𝗧𝗿𝗼̛̣ 𝟬 Đ𝗼̂̀𝗻𝗴 – 𝗞𝗵𝗼̂𝗻𝗴 𝗫𝗮́𝗰 𝗠𝗶𝗻𝗵
✅ 𝗡𝗼̛̣ 𝗫𝗮̂́𝘂 – 𝗛𝗼̂̃ 𝗧𝗿𝗼̛̣ Đ𝘂̛𝗮 𝟯𝟬% – 𝗞𝗵𝗼̂𝗻𝗴 𝗟𝗮̃𝗶
✅ Đ𝗼̂̉𝗶 𝗣𝗶𝗻 𝗞𝗵𝗼̂𝗻𝗴 𝗖𝗵𝗼̛̀ 𝗦𝗮̣c 𝗡𝗵𝗶𝗲̂̀𝘂 𝗖𝗵𝗶 𝗡𝗵𝗮́𝗻𝗵
✅ 𝗛ỗ 𝗧𝗿𝗼̛̣ 𝟮 𝗡𝗮̆𝗺 𝗫𝗲 𝗛𝘂̛ – 𝗖𝗼́ 𝗫𝗲 𝗞𝗵𝗮́𝗰 𝗗𝘂̀𝗻𝗴
✅ Đ𝗮̆𝗻𝗴 𝗞𝘆́ 𝗔𝗽𝗽 𝗫𝗮𝗻𝗵 𝗣𝗹𝗮𝘁𝗳𝗼𝗿𝗺 – 𝗧𝗮̣𝗶 𝗖𝗵𝗼̂̃
--------------------
🏠 𝟭𝟭𝟱 𝗣𝗵𝗮̣𝗺 𝗧𝗵𝗲̂́ 𝗛𝗶𝗲̂̉𝗻 - 𝗖𝗵𝗮́𝗻𝗵 𝗛𝘂̛𝗻𝗴 - 𝗛𝗖𝗠 ( 𝗤𝘂𝗮̣̂𝗻 𝟴 )
☎️ 𝗛𝗼𝘁𝗹𝗶𝗻𝗲 : *** - 𝗗𝗶𝗲̣̂𝘂",Cần xác minh,Khác,Không phân loại,,
133873833,Xe máy điện SANTOSAR VS3 Xám 240W,12300000,"🏆🏆🏆 Hót Hót mẫu xe VS3 hottrend
🎈xe có thông số động cơ 240W, cho học sinh dưới 16t, cho mẹ đị chợ, cho chị em đi làm
📙Dòng xe có cốp rộng, chạy cực kỳ êm ái. Xe có giấy tờ đăng kiểm, hoá đơn đầy đủ ( đi đường không sợ công an), đặc biệt các em học sinh dứoi 16t chạy vẫn đúng quy định
💡xe được trang bị đèn led, thắng đĩa rất an toàn
🪫 chạy bình 48V30ah chính hãng an toàn không lo cháy nổ
🧾 bảo hành 12 tháng
💰giá 12",2026,,Tp Hồ Chí Minh,Thành phố Thủ Đức,"🏆🏆🏆 Hót Hót mẫu xe VS3 hottrend
🎈xe có thông số động cơ 240W, cho học sinh dưới 16t, cho mẹ đị chợ, cho chị em đi làm
📙Dòng xe có cốp rộng, chạy cực kỳ êm ái. Xe có giấy tờ đăng kiểm, hoá đơn đầy đủ ( đi đường không sợ công an), đặc biệt các em học sinh dứoi 16t chạy vẫn đúng quy định
💡xe được trang bị đèn led, thắng đĩa rất an toàn
🪫 chạy bình 48V30ah chính hãng an toàn không lo cháy nổ
🧾 bảo hành 12 tháng
💰giá 12",Cần xác minh,Khác,Không phân loại,,
134026009,Xe máy điện VinFast EVO 200 2024 Đen mờ 11000 km,20000000,"DƯ dùng bán lại chiếc xe máy điện VinFats EVO 200, màu đen mờ sản xuất 2024 , pin mua chạy 11 000km, pin sử dụng 100km mới sạc,xe luôn bảo dưỡng định kỳ tại hãng , bảo đảm xe còn sử dụng tốt,ngay chủ đứng tên bán, cam ơn anh chị đả xem tin.",2024,11000.0,Tp Hồ Chí Minh,Thành phố Thủ Đức,"DƯ dùng bán lại chiếc xe máy điện VinFats EVO 200, màu đen mờ sản xuất 2024 , pin mua chạy 11 000km, pin sử dụng 100km mới sạc,xe luôn bảo dưỡng định kỳ tại hãng , bảo đảm xe còn sử dụng tốt,ngay chủ đứng tên bán, cam ơn anh chị đả xem tin.",Cần xác minh,VinFast,Evo 200,18000000.0,-11.1
134563221,Xe điện V1  946 TỐT 90% CÒN SỔ BH,7900000,"XE MÁY ĐIỆN KONAXOAKA TỐT 90% CÒN SỔ BH

BÌNH SẠC ĐẦY ĐỦ
BẢO HÀNH DÀI HẠN
ZALO-GỌI TRỰC TIẾP ***
XE ĐẸP NHƯ HÌNH",2026,2000.0,Tp Hồ Chí Minh,Quận 1,"XE MÁY ĐIỆN KONAXOAKA TỐT 90% CÒN SỔ BH

BÌNH SẠC ĐẦY ĐỦ
BẢO HÀNH DÀI HẠN
ZALO-GỌI TRỰC TIẾP ***
XE ĐẸP NHƯ HÌNH",Cần xác minh,Khác,Không phân loại,,
134616801,Xe điện Sundiro Xám tím,6000000,"Cần bán xe điện như hình, xe chạy còn tốt, ngoại hình còn đẹp.",2026,5000.0,Tp Hồ Chí Minh,Quận 10,"Cần bán xe điện như hình, xe chạy còn tốt, ngoại hình còn đẹp.",Cần xác minh,Khác,Không phân loại,,
134602590,Xe Điên 3sGo - Evo200 2025 Trắng 10.000 km,21900000,"Evo200 ĐK 8/2025 Pin Mua BSTP
- Odo 10.000 Cây
- Dàn áo keng ko trầy 99%
- Óc tán 7 màu keng 99%
- Còn đủ phụ kiện theo xe
❤️Xe keng 99% so với xe new 
⛔️ Nợ xấu đưa 0Đ có LÃI SUẤT hoặc 12tr5 KO LÃI SUẤT
--------------------
✅ 𝗛𝗼̂̃ 𝗧𝗿𝗼̛̣ 𝗔𝗲 𝗟𝗲̂𝗻 𝗛𝗼̂̀ 𝗦𝗼̛ 𝗕𝗮𝗻𝗸 𝗡𝗵𝗮̣̂𝗻 𝗫𝗲 𝗩𝗮̀ 𝗖𝗮𝘃𝗲𝘁 𝗚𝗼̂́𝗰
✅ 𝗡𝗼̛̣ 𝗫𝗮̂́𝘂 – 𝗛𝗼̂̃ 𝗧𝗿𝗼̛̣ 𝟬 Đ𝗼̂̀𝗻𝗴 – 𝗞𝗵𝗼̂𝗻𝗴 𝗫𝗮́𝗰 𝗠𝗶𝗻𝗵
✅ 𝗡𝗼̛̣ 𝗫𝗮̂́𝘂 – 𝗛𝗼̂̃ 𝗧𝗿𝗼̛̣ Đ𝘂̛𝗮 𝟯𝟬% – 𝗞𝗵𝗼̂𝗻𝗴 𝗟𝗮̃𝗶
✅ Đ𝗼̂̉𝗶 𝗣𝗶𝗻 𝗞𝗵𝗼̂𝗻𝗴 𝗖𝗵𝗼̛̀ 𝗦𝗮̣c 𝗡𝗵𝗶𝗲̂̀𝘂 𝗖𝗵𝗶 𝗡𝗵𝗮́𝗻𝗵
✅ 𝗛ỗ 𝗧𝗿𝗼̛̣ 𝟮 𝗡𝗮̆𝗺 𝗫𝗲 𝗛𝘂̛ – 𝗖𝗼́ 𝗫𝗲 𝗞𝗵𝗮́𝗰 𝗗𝘂̀𝗻𝗴
✅ Đ𝗮̆𝗻𝗴 𝗞𝘆́ 𝗔𝗽𝗽 𝗫𝗮𝗻𝗵 𝗣𝗹𝗮𝘁𝗳𝗼𝗿𝗺 – 𝗧𝗮̣𝗶 𝗖𝗵𝗼̂̃
--------------------
🏠 𝟭𝟭𝟱 𝗣𝗵𝗮̣𝗺 𝗧𝗵𝗲̂́ 𝗛𝗶𝗲̂̉𝗻 - 𝗖𝗵𝗮́𝗻𝗵 𝗛𝘂̛𝗻𝗴 - 𝗛𝗖𝗠 ( 𝗤𝘂𝗮̣̂𝗻 𝟴 )
☎️ 𝗛𝗼𝘁𝗹𝗶𝗻𝗲 : *** - 𝗗𝗶𝗲̣̂𝘂",2025,10000.0,Tp Hồ Chí Minh,Quận 8,"Evo200 ĐK 8/2025 Pin Mua BSTP
- Odo 10.000 Cây
- Dàn áo keng ko trầy 99%
- Óc tán 7 màu keng 99%
- Còn đủ phụ kiện theo xe
❤️Xe keng 99% so với xe new 
⛔️ Nợ xấu đưa 0Đ có LÃI SUẤT hoặc 12tr5 KO LÃI SUẤT
--------------------
✅ 𝗛𝗼̂̃ 𝗧𝗿𝗼̛̣ 𝗔𝗲 𝗟𝗲̂𝗻 𝗛𝗼̂̀ 𝗦𝗼̛ 𝗕𝗮𝗻𝗸 𝗡𝗵𝗮̣̂𝗻 𝗫𝗲 𝗩𝗮̀ 𝗖𝗮𝘃𝗲𝘁 𝗚𝗼̂́𝗰
✅ 𝗡𝗼̛̣ 𝗫𝗮̂́𝘂 – 𝗛𝗼̂̃ 𝗧𝗿𝗼̛̣ 𝟬 Đ𝗼̂̀𝗻𝗴 – 𝗞𝗵𝗼̂𝗻𝗴 𝗫𝗮́𝗰 𝗠𝗶𝗻𝗵
✅ 𝗡𝗼̛̣ 𝗫𝗮̂́𝘂 – 𝗛𝗼̂̃ 𝗧𝗿𝗼̛̣ Đ𝘂̛𝗮 𝟯𝟬% – 𝗞𝗵𝗼̂𝗻𝗴 𝗟𝗮̃𝗶
✅ Đ𝗼̂̉𝗶 𝗣𝗶𝗻 𝗞𝗵𝗼̂𝗻𝗴 𝗖𝗵𝗼̛̀ 𝗦𝗮̣c 𝗡𝗵𝗶𝗲̂̀𝘂 𝗖𝗵𝗶 𝗡𝗵𝗮́𝗻𝗵
✅ 𝗛ỗ 𝗧𝗿𝗼̛̣ 𝟮 𝗡𝗮̆𝗺 𝗫𝗲 𝗛𝘂̛ – 𝗖𝗼́ 𝗫𝗲 𝗞𝗵𝗮́𝗰 𝗗𝘂̀𝗻𝗴
✅ Đ𝗮̆𝗻𝗴 𝗞𝘆́ 𝗔𝗽𝗽 𝗫𝗮𝗻𝗵 𝗣𝗹𝗮𝘁𝗳𝗼𝗿𝗺 – 𝗧𝗮̣𝗶 𝗖𝗵𝗼̂̃
--------------------
🏠 𝟭𝟭𝟱 𝗣𝗵𝗮̣𝗺 𝗧𝗵𝗲̂́ 𝗛𝗶𝗲̂̉𝗻 - 𝗖𝗵𝗮́𝗻𝗵 𝗛𝘂̛𝗻𝗴 - 𝗛𝗖𝗠 ( 𝗤𝘂𝗮̣̂𝗻 𝟴 )
☎️ 𝗛𝗼𝘁𝗹𝗶𝗻𝗲 : *** - 𝗗𝗶𝗲̣̂𝘂",Cần xác minh,VinFast,Evo 200,18000000.0,-21.7
133937642,Xe máy điện VinFast EVO GRAND Lite 2026 Trắng,19000000,a Ai cần liên hệ nhà ở Quận 12 thành phố Hồ Chí Minh cảm ơn xem như mới,2026,506.0,Tp Hồ Chí Minh,Quận 12,a Ai cần liên hệ nhà ở Quận 12 thành phố Hồ Chí Minh cảm ơn xem như mới,Cần xác minh,Khác,Không phân loại,,
134602453,Xe Điện 3sGo - DatBike Quantum S1 Đen,37900000,"QuantumS1 BSTP
- Odo không nói đâu
- Bảo Hành Pin 10 Năm 
- Sạc 1800w 
- Dàn áo keng ko trầy 98%
- Óc tán 7 màu keng 98%
- Còn đủ phụ kiện theo xe
❤️Xe keng 99% so với xe new 
⛔️ Nợ xấu đưa 3tr7 có LÃI SUẤT hoặc 16tr4 KO LÃI SUẤT
--------------------
✅ 𝗛𝗼̂̃ 𝗧𝗿𝗼̛̣ 𝗔𝗲 𝗟𝗲̂𝗻 𝗛𝗼̂̀ 𝗦𝗼̛ 𝗕𝗮𝗻𝗸 𝗡𝗵𝗮̣̂𝗻 𝗫𝗲 𝗩𝗮̀ 𝗖𝗮𝘃𝗲𝘁 𝗚𝗼̂́𝗰
✅ 𝗡𝗼̛̣ 𝗫𝗮̂́𝘂 – 𝗛𝗼̂̃ 𝗧𝗿𝗼̛̣ 𝟬 Đ𝗼̂̀𝗻𝗴 – 𝗞𝗵𝗼̂𝗻𝗴 𝗫𝗮́𝗰 𝗠𝗶𝗻𝗵
✅ 𝗡𝗼̛̣ 𝗫𝗮̂́𝘂 – 𝗛𝗼̂̃ 𝗧𝗿𝗼̛̣ Đ𝘂̛𝗮 𝟯𝟬% – 𝗞𝗵𝗼̂𝗻𝗴 𝗟𝗮̃𝗶
✅ Đ𝗼̂̉𝗶 𝗣𝗶𝗻 𝗞𝗵𝗼̂𝗻𝗴 𝗖𝗵𝗼̛̀ 𝗦𝗮̣c 𝗡𝗵𝗶𝗲̂̀𝘂 𝗖𝗵𝗶 𝗡𝗵𝗮́𝗻𝗵
✅ 𝗛ỗ 𝗧𝗿𝗼̛̣ 𝟮 𝗡𝗮̆𝗺 𝗫𝗲 𝗛𝘂̛ – 𝗖𝗼́ 𝗫𝗲 𝗞𝗵𝗮́𝗰 𝗗𝘂̀𝗻𝗴
✅ Đ𝗮̆𝗻𝗴 𝗞𝘆́ 𝗔𝗽𝗽 𝗫𝗮𝗻𝗵 𝗣𝗹𝗮𝘁𝗳𝗼𝗿𝗺 – 𝗧𝗮̣𝗶 𝗖𝗵𝗼̂̃
--------------------
🏠 𝟭𝟭𝟱 𝗣𝗵𝗮̣𝗺 𝗧𝗵𝗲̂́ 𝗛𝗶𝗲̂̉𝗻 - 𝗖𝗵𝗮́𝗻𝗵 𝗛𝘂̛𝗻𝗴 - 𝗛𝗖𝗠 ( 𝗤𝘂𝗮̣̂𝗻 𝟴 )
☎️ 𝗛𝗼𝘁𝗹𝗶𝗻𝗲 : *** - 𝗗𝗶𝗲̣̂𝘂",2026,,Tp Hồ Chí Minh,Quận 8,"QuantumS1 BSTP
- Odo không nói đâu
- Bảo Hành Pin 10 Năm 
- Sạc 1800w 
- Dàn áo keng ko trầy 98%
- Óc tán 7 màu keng 98%
- Còn đủ phụ kiện theo xe
❤️Xe keng 99% so với xe new 
⛔️ Nợ xấu đưa 3tr7 có LÃI SUẤT hoặc 16tr4 KO LÃI SUẤT
--------------------
✅ 𝗛𝗼̂̃ 𝗧𝗿𝗼̛̣ 𝗔𝗲 𝗟𝗲̂𝗻 𝗛𝗼̂̀ 𝗦𝗼̛ 𝗕𝗮𝗻𝗸 𝗡𝗵𝗮̣̂𝗻 𝗫𝗲 𝗩𝗮̀ 𝗖𝗮𝘃𝗲𝘁 𝗚𝗼̂́𝗰
✅ 𝗡𝗼̛̣ 𝗫𝗮̂́𝘂 – 𝗛𝗼̂̃ 𝗧𝗿𝗼̛̣ 𝟬 Đ𝗼̂̀𝗻𝗴 – 𝗞𝗵𝗼̂𝗻𝗴 𝗫𝗮́𝗰 𝗠𝗶𝗻𝗵
✅ 𝗡𝗼̛̣ 𝗫𝗮̂́𝘂 – 𝗛𝗼̂̃ 𝗧𝗿𝗼̛̣ Đ𝘂̛𝗮 𝟯𝟬% – 𝗞𝗵𝗼̂𝗻𝗴 𝗟𝗮̃𝗶
✅ Đ𝗼̂̉𝗶 𝗣𝗶𝗻 𝗞𝗵𝗼̂𝗻𝗴 𝗖𝗵𝗼̛̀ 𝗦𝗮̣c 𝗡𝗵𝗶𝗲̂̀𝘂 𝗖𝗵𝗶 𝗡𝗵𝗮́𝗻𝗵
✅ 𝗛ỗ 𝗧𝗿𝗼̛̣ 𝟮 𝗡𝗮̆𝗺 𝗫𝗲 𝗛𝘂̛ – 𝗖𝗼́ 𝗫𝗲 𝗞𝗵𝗮́𝗰 𝗗𝘂̀𝗻𝗴
✅ Đ𝗮̆𝗻𝗴 𝗞𝘆́ 𝗔𝗽𝗽 𝗫𝗮𝗻𝗵 𝗣𝗹𝗮𝘁𝗳𝗼𝗿𝗺 – 𝗧𝗮̣𝗶 𝗖𝗵𝗼̂̃
--------------------
🏠 𝟭𝟭𝟱 𝗣𝗵𝗮̣𝗺 𝗧𝗵𝗲̂́ 𝗛𝗶𝗲̂̉𝗻 - 𝗖𝗵𝗮́𝗻𝗵 𝗛𝘂̛𝗻𝗴 - 𝗛𝗖𝗠 ( 𝗤𝘂𝗮̣̂𝗻 𝟴 )
☎️ 𝗛𝗼𝘁𝗹𝗶𝗻𝗲 : *** - 𝗗𝗶𝗲̣̂𝘂",Cần xác minh,Dat Bike,Quantum,34900000.0,-8.6
134031255,"Vinfast Klara Pin cầm,xe đẹp biển Sài Gòn",10800000,"🍓🍓🍓 Xe bà xã đi đã đổi Evo200 nên thanh lý lại người dùng.
Xe Vinfast Klara màu hồng (Xe đẹp lắm nữ tính)
☘️ Biển Số Sài Gòn 41MĐ- chạy không cần bằng
Pin zin mua  + Sạc Zin: sạc đầy 2-3 tiếng đi được 40-50km/1 lần
- Động cơ mới thay trước tết, xe chạy mượt pin cầm tốt 40-50km, đã thay đồng hồ hiện đại + đèn led 2 tầng
🍇 Chị em mua về đưa đón con hay đi chợ vòng vòng trãi nghiệm ok nhé
🍏Ưu tiên: Học Sinh-Sinh Viên, xe chạy không cần bằng lái
🍇🍇🍇 Xem xe tại địa chỉ
Đường DN5, Đông Hưng Thuận,TPHCM( KDC AN SƯƠNG)",2020,28000.0,Tp Hồ Chí Minh,Quận 12,"🍓🍓🍓 Xe bà xã đi đã đổi Evo200 nên thanh lý lại người dùng.
Xe Vinfast Klara màu hồng (Xe đẹp lắm nữ tính)
☘️ Biển Số Sài Gòn 41MĐ- chạy không cần bằng
Pin zin mua  + Sạc Zin: sạc đầy 2-3 tiếng đi được 40-50km/1 lần
- Động cơ mới thay trước tết, xe chạy mượt pin cầm tốt 40-50km, đã thay đồng hồ hiện đại + đèn led 2 tầng
🍇 Chị em mua về đưa đón con hay đi chợ vòng vòng trãi nghiệm ok nhé
🍏Ưu tiên: Học Sinh-Sinh Viên, xe chạy không cần bằng lái
🍇🍇🍇 Xem xe tại địa chỉ
Đường DN5, Đông Hưng Thuận,TPHCM( KDC AN SƯƠNG)",Kèm pin,VinFast,Klara,35000000.0,69.1
134623797,Xe Điện Xmen,5000000,Cần bán 5 triệu xe đầy đủ giấy tờ đăng ký,2026,10000.0,Hà Nội,Huyện Phú Xuyên,Cần bán 5 triệu xe đầy đủ giấy tờ đăng ký,Cần xác minh,Khác,Không phân loại,,
134160705,VinFast Feliz 2025 Xanh oliu - Chính chủ - BSTP,21500000,"🔥 FELIZ 2025 1 PIN – XANH OLIU – CHÍNH CHỦ
📌 Date T6/2026
📌 Odo 12.000 km
📌 BSTP - Chính chủ
📌 Chính chủ, ủy quyền, sang tên công chứng nhanh gọn
💰 Giá: 2x
-----------------------
💚 Xe Điện Lướt Sài Gòn – Chuyên mua bán xe máy điện đã qua sử dụng tại TP.HCM
✅ Có trả góp – Cà thẻ – Giao tận nhà
📍 118A Chiến Lược, P. Bình Trị Đông, TP.HCM",2025,12000.0,Tp Hồ Chí Minh,Quận Bình Tân,"🔥 FELIZ 2025 1 PIN – XANH OLIU – CHÍNH CHỦ
📌 Date T6/2026
📌 Odo 12.000 km
📌 BSTP - Chính chủ
📌 Chính chủ, ủy quyền, sang tên công chứng nhanh gọn
💰 Giá: 2x
-----------------------
💚 Xe Điện Lướt Sài Gòn – Chuyên mua bán xe máy điện đã qua sử dụng tại TP.HCM
✅ Có trả góp – Cà thẻ – Giao tận nhà
📍 118A Chiến Lược, P. Bình Trị Đông, TP.HCM",Cần xác minh,VinFast,Feliz,27000000.0,20.4
134537840,Xe máy điện Yadea thể thao Cam đen,7500000,"Xe máy điện màu cam đen, kiểu dáng thể thao, phù hợp cho cả nam và nữ. 
- Xe chính chủ, có thể ký giấy sang tên. 
- Thích hợp cho học sinh, sinh viên không cần bằng lái. 
- Xe đang sử dụng tốt.",2023,123.0,Tp Hồ Chí Minh,Quận 12,"Xe máy điện màu cam đen, kiểu dáng thể thao, phù hợp cho cả nam và nữ. 
- Xe chính chủ, có thể ký giấy sang tên. 
- Thích hợp cho học sinh, sinh viên không cần bằng lái. 
- Xe đang sử dụng tốt.",Cần xác minh,Yadea,Yadea (Khác),14990000.0,50.0
134623423,Xe điện VinFast Klara màu Đen,10000000,"Tôi có 1 xe điện vinfast Klara màu đen như hình muốn bán do không có nhu cầu sử dụng. Xe còn đi tốt, vẫn chạy bình thường, vỏ còn nguyên vẹn, ko va chạm hay trầy xước. Xe tôi đi ít nên giữ gìn rất cẩn thận.",2020,19903.0,Hà Nội,Quận Ba Đình,"Tôi có 1 xe điện vinfast Klara màu đen như hình muốn bán do không có nhu cầu sử dụng. Xe còn đi tốt, vẫn chạy bình thường, vỏ còn nguyên vẹn, ko va chạm hay trầy xước. Xe tôi đi ít nên giữ gìn rất cẩn thận.",Cần xác minh,VinFast,Klara,35000000.0,71.4
133934022,Vinfast Evo200 Vàng zin 100% chính chủ,21900000,"     
 ✅ Vinfast Evo200 siêu đẹp ko một vết trầy 2025 
✅ Xe chính chủ Bstp ký mua bán ủy quyền đều được nhé 
✅ Pin 3.5 mua đứt bảo hành 8 năm ,sạc đầy đi được 200km
✅ Giá bán : 21,9tr
✅ Dt : 
✅ Xem xe Q6, Ship toàn quốc
",2025,14000.0,Tp Hồ Chí Minh,Quận 6,"     
 ✅ Vinfast Evo200 siêu đẹp ko một vết trầy 2025 
✅ Xe chính chủ Bstp ký mua bán ủy quyền đều được nhé 
✅ Pin 3.5 mua đứt bảo hành 8 năm ,sạc đầy đi được 200km
✅ Giá bán : 21,9tr
✅ Dt : 
✅ Xem xe Q6, Ship toàn quốc
",Kèm pin,VinFast,Evo 200,18000000.0,-21.7
134623388,Xe máy điện VinFast Feliz Đen 14000 km,19500000,Xe odo 14 ngàn xe hoạt động bình thường không lỗi làm gì chỉ việc mua về là chạy không cần suy nghĩ gì hết,2026,14000.0,Đồng Nai,Huyện Xuân Lộc,Xe odo 14 ngàn xe hoạt động bình thường không lỗi làm gì chỉ việc mua về là chạy không cần suy nghĩ gì hết,Cần xác minh,VinFast,Feliz,27000000.0,27.8
134623383,Xe máy điện VinFast Feliz Trắng 300 km,26000000,Xe mới mua về không đi như mới odo mới 300km xe sẵn 2 pin chỉ việc mua về là chạy không khác gì xe mới đầy đủ phụ kiện,2026,300.0,Đồng Nai,Huyện Xuân Lộc,Xe mới mua về không đi như mới odo mới 300km xe sẵn 2 pin chỉ việc mua về là chạy không khác gì xe mới đầy đủ phụ kiện,Cần xác minh,VinFast,Feliz,27000000.0,3.7
134623365,Xe máy điện  2026 Hồng Đã sử dụng,9500000,Xe mới mua được 4 ngày không có nhu cầu đi nữa bán lại mới 99% kh vết trầy xe hoạt động bình thường không lỗi chỉ việc về cắm sạc là chạy,2026,10.0,Đồng Nai,Huyện Xuân Lộc,Xe mới mua được 4 ngày không có nhu cầu đi nữa bán lại mới 99% kh vết trầy xe hoạt động bình thường không lỗi chỉ việc về cắm sạc là chạy,Cần xác minh,Khác,Không phân loại,,
134596908,Quantum S1 2025 lướt đẹp,38500000,"Xe máy điện màu trắng, pin 100% cho quãng đường di chuyển xa. 
- Thiết kế hiện đại, trẻ trung. 
- Vận hành êm ái, tiết kiệm năng lượng. 
- Phù hợp di chuyển trong thành phố.",2025,10.0,Tp Hồ Chí Minh,Quận Bình Tân,"Xe máy điện màu trắng, pin 100% cho quãng đường di chuyển xa. 
- Thiết kế hiện đại, trẻ trung. 
- Vận hành êm ái, tiết kiệm năng lượng. 
- Phù hợp di chuyển trong thành phố.",Cần xác minh,Dat Bike,Quantum,34900000.0,-10.3
134509389,Xe máy điện VinFast Evo200 2025 Đen,20900000,"Evo200  - Bstp 9 Chủ ĐK 2025
- Dàn áo dán keng 98%
- Óc tán 7 màu keng 98%
- Còn đủ phụ kiện theo xe
❤️Xe keng 98% so với xe new 
⛔️ Nợ xấu đưa 0đ có LÃI SUẤT hoặc 11tr KO LÃI SUẤT
--------------------
✅ 𝗛𝗼̂̃ 𝗧𝗿𝗼̛̣ 𝗔𝗲 𝗟𝗲̂𝗻 𝗛𝗼̂̀ 𝗦𝗼̛ 𝗕𝗮𝗻𝗸 𝗡𝗵𝗮̣̂𝗻 𝗫𝗲 𝗩𝗮̀ 𝗖𝗮𝘃𝗲𝘁 𝗚𝗼̂́𝗰
✅ 𝗡𝗼̛̣ 𝗫𝗮̂́𝘂 – 𝗛𝗼̂̃ 𝗧𝗿𝗼̛̣ 𝟬 Đ𝗼̂̀𝗻𝗴 – 𝗞𝗵𝗼̂𝗻𝗴 𝗫𝗮́𝗰 𝗠𝗶𝗻𝗵
✅ 𝗡𝗼̛̣ 𝗫𝗮̂́𝘂 – 𝗛𝗼̂̃ 𝗧𝗿𝗼̛̣ Đ𝘂̛𝗮 𝟯𝟬% – 𝗞𝗵𝗼̂𝗻𝗴 𝗟𝗮̃𝗶
✅ Đ𝗼̂̉𝗶 𝗣𝗶𝗻 𝗞𝗵𝗼̂𝗻𝗴 𝗖𝗵𝗼̛̀ 𝗦𝗮̣c 𝗡𝗵𝗶𝗲̂̀𝘂 𝗖𝗵𝗶 𝗡𝗵𝗮́𝗻𝗵
✅ 𝗛ỗ 𝗧𝗿𝗼̛̣ 𝟮 𝗡𝗮̆𝗺 𝗫𝗲 𝗛𝘂̛ – 𝗖𝗼́ 𝗫𝗲 𝗞𝗵𝗮́𝗰 𝗗𝘂̀𝗻𝗴
✅ Đ𝗮̆𝗻𝗴 𝗞𝘆́ 𝗔𝗽𝗽 𝗫𝗮𝗻𝗵 𝗣𝗹𝗮𝘁𝗳𝗼𝗿𝗺 – 𝗧𝗮̣𝗶 𝗖𝗵𝗼̂̃
--------------------
🏠𝟮𝟴𝟴 𝗧𝗿𝘂̛𝗼̛̀𝗻𝗴 𝗖𝗵𝗶𝗻𝗵 - 𝗣𝗵ư𝗼̛̀𝗻𝗴 Đ𝗼̂𝗻𝗴 𝗛𝘂̛𝗻𝗴 𝗧𝗵𝘂𝗮̣̂𝗻 - 𝗛𝗖𝗠 (𝗤𝘂𝗮̣̂𝗻𝟭𝟮 𝗰𝘂̃)",2025,,Tp Hồ Chí Minh,Quận 12,"Evo200  - Bstp 9 Chủ ĐK 2025
- Dàn áo dán keng 98%
- Óc tán 7 màu keng 98%
- Còn đủ phụ kiện theo xe
❤️Xe keng 98% so với xe new 
⛔️ Nợ xấu đưa 0đ có LÃI SUẤT hoặc 11tr KO LÃI SUẤT
--------------------
✅ 𝗛𝗼̂̃ 𝗧𝗿𝗼̛̣ 𝗔𝗲 𝗟𝗲̂𝗻 𝗛𝗼̂̀ 𝗦𝗼̛ 𝗕𝗮𝗻𝗸 𝗡𝗵𝗮̣̂𝗻 𝗫𝗲 𝗩𝗮̀ 𝗖𝗮𝘃𝗲𝘁 𝗚𝗼̂́𝗰
✅ 𝗡𝗼̛̣ 𝗫𝗮̂́𝘂 – 𝗛𝗼̂̃ 𝗧𝗿𝗼̛̣ 𝟬 Đ𝗼̂̀𝗻𝗴 – 𝗞𝗵𝗼̂𝗻𝗴 𝗫𝗮́𝗰 𝗠𝗶𝗻𝗵
✅ 𝗡𝗼̛̣ 𝗫𝗮̂́𝘂 – 𝗛𝗼̂̃ 𝗧𝗿𝗼̛̣ Đ𝘂̛𝗮 𝟯𝟬% – 𝗞𝗵𝗼̂𝗻𝗴 𝗟𝗮̃𝗶
✅ Đ𝗼̂̉𝗶 𝗣𝗶𝗻 𝗞𝗵𝗼̂𝗻𝗴 𝗖𝗵𝗼̛̀ 𝗦𝗮̣c 𝗡𝗵𝗶𝗲̂̀𝘂 𝗖𝗵𝗶 𝗡𝗵𝗮́𝗻𝗵
✅ 𝗛ỗ 𝗧𝗿𝗼̛̣ 𝟮 𝗡𝗮̆𝗺 𝗫𝗲 𝗛𝘂̛ – 𝗖𝗼́ 𝗫𝗲 𝗞𝗵𝗮́𝗰 𝗗𝘂̀𝗻𝗴
✅ Đ𝗮̆𝗻𝗴 𝗞𝘆́ 𝗔𝗽𝗽 𝗫𝗮𝗻𝗵 𝗣𝗹𝗮𝘁𝗳𝗼𝗿𝗺 – 𝗧𝗮̣𝗶 𝗖𝗵𝗼̂̃
--------------------
🏠𝟮𝟴𝟴 𝗧𝗿𝘂̛𝗼̛̀𝗻𝗴 𝗖𝗵𝗶𝗻𝗵 - 𝗣𝗵ư𝗼̛̀𝗻𝗴 Đ𝗼̂𝗻𝗴 𝗛𝘂̛𝗻𝗴 𝗧𝗵𝘂𝗮̣̂𝗻 - 𝗛𝗖𝗠 (𝗤𝘂𝗮̣̂𝗻𝟭𝟮 𝗰𝘂̃)",Cần xác minh,VinFast,Evo 200,18000000.0,-16.1
134622598,Xe máy điện Quantum s1 2025 Đen,43000000,"Xe máy điện Quantum s1  màu đen, kiểu dáng hiện đại, vận hành êm ái. 
- Xe mới, ít sử dụng. 
- Thiết kế thời trang, phù hợp di chuyển trong phố. 
- Tiết kiệm năng lượng, thân thiện môi trường.
Năm 12.2025",2025,6000.0,Tp Hồ Chí Minh,Thành phố Thủ Đức,"Xe máy điện Quantum s1  màu đen, kiểu dáng hiện đại, vận hành êm ái. 
- Xe mới, ít sử dụng. 
- Thiết kế thời trang, phù hợp di chuyển trong phố. 
- Tiết kiệm năng lượng, thân thiện môi trường.
Năm 12.2025",Cần xác minh,Dat Bike,Quantum,34900000.0,-23.2
134558900,Xe Điện 3sGo - EvoMax BST 65 Trắng 8000 km,20900000,"EvoMax BST 65 Chính Chủ
- Odo 8k
- Sẵn 2 pin thuê
- Óc tán 7 màu keng 
- Còn đủ phụ kiện theo xe
- Bảo hành Vinfats toàn quốc
⛔️ Nợ xấu đưa 0đ có LÃI SUẤT hoặc 12tr KO LÃI SUẤT
--------------------
✅ 𝗛𝗼̂̃ 𝗧𝗿𝗼̛̣ 𝗔𝗲 𝗟𝗲̂𝗻 𝗛𝗼̂̀ 𝗦𝗼̛ 𝗕𝗮𝗻𝗸 𝗡𝗵𝗮̣̂𝗻 𝗫𝗲 𝗩𝗮̀ 𝗖𝗮𝘃𝗲𝘁 𝗚𝗼̂́𝗰
✅ 𝗡𝗼̛̣ 𝗫𝗮̂́𝘂 – 𝗛𝗼̂̃ 𝗧𝗿𝗼̛̣ 𝟬 Đ𝗼̂̀𝗻𝗴 – 𝗞𝗵𝗼̂𝗻𝗴 𝗫𝗮́𝗰 𝗠𝗶𝗻𝗵
✅ 𝗡𝗼̛̣ 𝗫𝗮̂́𝘂 – 𝗛𝗼̂̃ 𝗧𝗿𝗼̛̣ Đ𝘂̛𝗮 𝟯𝟬% – 𝗞𝗵𝗼̂𝗻𝗴 𝗟𝗮̃𝗶
✅ Đ𝗼̂̉𝗶 𝗣𝗶𝗻 𝗞𝗵𝗼̂𝗻𝗴 𝗖𝗵𝗼̛̀ 𝗦𝗮̣c 𝗡𝗵𝗶𝗲̂̀𝘂 𝗖𝗵𝗶 𝗡𝗵𝗮́𝗻𝗵
✅ 𝗛ỗ 𝗧𝗿𝗼̛̣ 𝟮 𝗡𝗮̆𝗺 𝗫𝗲 𝗛𝘂̛ – 𝗖𝗼́ 𝗫𝗲 𝗞𝗵𝗮́𝗰 𝗗𝘂̀𝗻𝗴
✅ Đ𝗮̆𝗻𝗴 𝗞𝘆́ 𝗔𝗽𝗽 𝗫𝗮𝗻𝗵 𝗣𝗹𝗮𝘁𝗳𝗼𝗿𝗺 – 𝗧𝗮̣𝗶 𝗖𝗵𝗼̂̃
--------------------
🏠𝟮𝟴𝟴 𝗧𝗿𝘂̛𝗼̛̀𝗻𝗴 𝗖𝗵𝗶𝗻𝗵 - 𝗣𝗵ư𝗼̛̀𝗻𝗴 Đ𝗼̂𝗻𝗴 𝗛𝘂̛𝗻𝗴 𝗧𝗵𝘂𝗮̣̂𝗻 - 𝗛𝗖𝗠 (𝗤𝘂𝗮̣̂𝗻𝟭𝟮 𝗰𝘂̃)",2026,8000.0,Tp Hồ Chí Minh,Quận 12,"EvoMax BST 65 Chính Chủ
- Odo 8k
- Sẵn 2 pin thuê
- Óc tán 7 màu keng 
- Còn đủ phụ kiện theo xe
- Bảo hành Vinfats toàn quốc
⛔️ Nợ xấu đưa 0đ có LÃI SUẤT hoặc 12tr KO LÃI SUẤT
--------------------
✅ 𝗛𝗼̂̃ 𝗧𝗿𝗼̛̣ 𝗔𝗲 𝗟𝗲̂𝗻 𝗛𝗼̂̀ 𝗦𝗼̛ 𝗕𝗮𝗻𝗸 𝗡𝗵𝗮̣̂𝗻 𝗫𝗲 𝗩𝗮̀ 𝗖𝗮𝘃𝗲𝘁 𝗚𝗼̂́𝗰
✅ 𝗡𝗼̛̣ 𝗫𝗮̂́𝘂 – 𝗛𝗼̂̃ 𝗧𝗿𝗼̛̣ 𝟬 Đ𝗼̂̀𝗻𝗴 – 𝗞𝗵𝗼̂𝗻𝗴 𝗫𝗮́𝗰 𝗠𝗶𝗻𝗵
✅ 𝗡𝗼̛̣ 𝗫𝗮̂́𝘂 – 𝗛𝗼̂̃ 𝗧𝗿𝗼̛̣ Đ𝘂̛𝗮 𝟯𝟬% – 𝗞𝗵𝗼̂𝗻𝗴 𝗟𝗮̃𝗶
✅ Đ𝗼̂̉𝗶 𝗣𝗶𝗻 𝗞𝗵𝗼̂𝗻𝗴 𝗖𝗵𝗼̛̀ 𝗦𝗮̣c 𝗡𝗵𝗶𝗲̂̀𝘂 𝗖𝗵𝗶 𝗡𝗵𝗮́𝗻𝗵
✅ 𝗛ỗ 𝗧𝗿𝗼̛̣ 𝟮 𝗡𝗮̆𝗺 𝗫𝗲 𝗛𝘂̛ – 𝗖𝗼́ 𝗫𝗲 𝗞𝗵𝗮́𝗰 𝗗𝘂̀𝗻𝗴
✅ Đ𝗮̆𝗻𝗴 𝗞𝘆́ 𝗔𝗽𝗽 𝗫𝗮𝗻𝗵 𝗣𝗹𝗮𝘁𝗳𝗼𝗿𝗺 – 𝗧𝗮̣𝗶 𝗖𝗵𝗼̂̃
--------------------
🏠𝟮𝟴𝟴 𝗧𝗿𝘂̛𝗼̛̀𝗻𝗴 𝗖𝗵𝗶𝗻𝗵 - 𝗣𝗵ư𝗼̛̀𝗻𝗴 Đ𝗼̂𝗻𝗴 𝗛𝘂̛𝗻𝗴 𝗧𝗵𝘂𝗮̣̂𝗻 - 𝗛𝗖𝗠 (𝗤𝘂𝗮̣̂𝗻𝟭𝟮 𝗰𝘂̃)",Cần xác minh,Khác,Không phân loại,,
134366874,"Xe máy điện Typer 2 Trắng, Cam đã sử dụng",7800000,"Typer 2 đi ít còn như mới bán nửa giá mới

🛵TRẺ TRUNG - PHONG CÁCH - NĂNG ĐỘNG 
✴️ thanh lý xe typer2 
💸💸 giá bán 7tr800
☑️ màu sắc trung tính, thời trang (bảo hành 6 tháng) 
☑️ máy móc nguyên zin, an toàn tiết kiệm điện , Xanh, sạch không ồn 
☎️ Zalo *** (free ship Hà Nội, hỗ trợ ship toàn quốc  )
🏠 389 đội cấn -Hà Nội",2025,10000.0,Hà Nội,Quận Ba Đình,"Typer 2 đi ít còn như mới bán nửa giá mới

🛵TRẺ TRUNG - PHONG CÁCH - NĂNG ĐỘNG 
✴️ thanh lý xe typer2 
💸💸 giá bán 7tr800
☑️ màu sắc trung tính, thời trang (bảo hành 6 tháng) 
☑️ máy móc nguyên zin, an toàn tiết kiệm điện , Xanh, sạch không ồn 
☎️ Zalo *** (free ship Hà Nội, hỗ trợ ship toàn quốc  )
🏠 *** đội cấn -Hà Nội",Kèm pin,Khác,Không phân loại,,
134508320,Xe Điện 3sGo - Datbike S1 2026 Đen 10000 km,44900000,"DatbikeS1 BSTP ĐK 2026 Chính Chủ 1 Lần sạc đi 285km
- Odo 10k hơn
- Óc tán 7 màu keng 
- Còn đủ phụ kiện theo xe 
- Bảo hành Datbike toàn quốc
⛔️ Nợ xấu đưa 5tr8 có LÃI SUẤT hoặc 23tr KO LÃI SUẤT
--------------------
✅ 𝗛𝗼̂̃ 𝗧𝗿𝗼̛̣ 𝗔𝗲 𝗟𝗲̂𝗻 𝗛𝗼̂̀ 𝗦𝗼̛ 𝗕𝗮𝗻𝗸 𝗡𝗵𝗮̣̂𝗻 𝗫𝗲 𝗩𝗮̀ 𝗖𝗮𝘃𝗲𝘁 𝗚𝗼̂́𝗰
✅ 𝗡𝗼̛̣ 𝗫𝗮̂́𝘂 – 𝗛𝗼̂̃ 𝗧𝗿𝗼̛̣ 𝟬 Đ𝗼̂̀𝗻𝗴 – 𝗞𝗵𝗼̂𝗻𝗴 𝗫𝗮́𝗰 𝗠𝗶𝗻𝗵
✅ 𝗡𝗼̛̣ 𝗫𝗮̂́𝘂 – 𝗛𝗼̂̃ 𝗧𝗿𝗼̛̣ Đ𝘂̛𝗮 𝟯𝟬% – 𝗞𝗵𝗼̂𝗻𝗴 𝗟𝗮̃𝗶
✅ Đ𝗼̂̉𝗶 𝗣𝗶𝗻 𝗞𝗵𝗼̂𝗻𝗴 𝗖𝗵𝗼̛̀ 𝗦𝗮̣c 𝗡𝗵𝗶𝗲̂̀𝘂 𝗖𝗵𝗶 𝗡𝗵𝗮́𝗻𝗵
✅ 𝗛ỗ 𝗧𝗿𝗼̛̣ 𝟮 𝗡𝗮̆𝗺 𝗫𝗲 𝗛𝘂̛ – 𝗖𝗼́ 𝗫𝗲 𝗞𝗵𝗮́𝗰 𝗗𝘂̀𝗻𝗴
✅ Đ𝗮̆𝗻𝗴 𝗞𝘆́ 𝗔𝗽𝗽 𝗫𝗮𝗻𝗵 𝗣𝗹𝗮𝘁𝗳𝗼𝗿𝗺 – 𝗧𝗮̣𝗶 𝗖𝗵𝗼̂̃
--------------------
🏠𝟮𝟴𝟴 𝗧𝗿𝘂̛𝗼̛̀𝗻𝗴 𝗖𝗵𝗶𝗻𝗵 - 𝗣𝗵ư𝗼̛̀𝗻𝗴 Đ𝗼̂𝗻𝗴 𝗛𝘂̛𝗻𝗴 𝗧𝗵𝘂𝗮̣̂𝗻 - 𝗛𝗖𝗠 (𝗤𝘂𝗮̣̂𝗻𝟭𝟮 𝗰𝘂̃)",2025,10000.0,Tp Hồ Chí Minh,Quận 12,"DatbikeS1 BSTP ĐK 2026 Chính Chủ 1 Lần sạc đi 285km
- Odo 10k hơn
- Óc tán 7 màu keng 
- Còn đủ phụ kiện theo xe 
- Bảo hành Datbike toàn quốc
⛔️ Nợ xấu đưa 5tr8 có LÃI SUẤT hoặc 23tr KO LÃI SUẤT
--------------------
✅ 𝗛𝗼̂̃ 𝗧𝗿𝗼̛̣ 𝗔𝗲 𝗟𝗲̂𝗻 𝗛𝗼̂̀ 𝗦𝗼̛ 𝗕𝗮𝗻𝗸 𝗡𝗵𝗮̣̂𝗻 𝗫𝗲 𝗩𝗮̀ 𝗖𝗮𝘃𝗲𝘁 𝗚𝗼̂́𝗰
✅ 𝗡𝗼̛̣ 𝗫𝗮̂́𝘂 – 𝗛𝗼̂̃ 𝗧𝗿𝗼̛̣ 𝟬 Đ𝗼̂̀𝗻𝗴 – 𝗞𝗵𝗼̂𝗻𝗴 𝗫𝗮́𝗰 𝗠𝗶𝗻𝗵
✅ 𝗡𝗼̛̣ 𝗫𝗮̂́𝘂 – 𝗛𝗼̂̃ 𝗧𝗿𝗼̛̣ Đ𝘂̛𝗮 𝟯𝟬% – 𝗞𝗵𝗼̂𝗻𝗴 𝗟𝗮̃𝗶
✅ Đ𝗼̂̉𝗶 𝗣𝗶𝗻 𝗞𝗵𝗼̂𝗻𝗴 𝗖𝗵𝗼̛̀ 𝗦𝗮̣c 𝗡𝗵𝗶𝗲̂̀𝘂 𝗖𝗵𝗶 𝗡𝗵𝗮́𝗻𝗵
✅ 𝗛ỗ 𝗧𝗿𝗼̛̣ 𝟮 𝗡𝗮̆𝗺 𝗫𝗲 𝗛𝘂̛ – 𝗖𝗼́ 𝗫𝗲 𝗞𝗵𝗮́𝗰 𝗗𝘂̀𝗻𝗴
✅ Đ𝗮̆𝗻𝗴 𝗞𝘆́ 𝗔𝗽𝗽 𝗫𝗮𝗻𝗵 𝗣𝗹𝗮𝘁𝗳𝗼𝗿𝗺 – 𝗧𝗮̣𝗶 𝗖𝗵𝗼̂̃
--------------------
🏠𝟮𝟴𝟴 𝗧𝗿𝘂̛𝗼̛̀𝗻𝗴 𝗖𝗵𝗶𝗻𝗵 - 𝗣𝗵ư𝗼̛̀𝗻𝗴 Đ𝗼̂𝗻𝗴 𝗛𝘂̛𝗻𝗴 𝗧𝗵𝘂𝗮̣̂𝗻 - 𝗛𝗖𝗠 (𝗤𝘂𝗮̣̂𝗻𝟭𝟮 𝗰𝘂̃)",Cần xác minh,Khác,Không phân loại,,
134197994,CỬA HÀNG THU MUA XE MÁY ĐIỆN CŨ,35999000,"⭐️ CỬA HÀNG PHẠM TUẤN XE ĐIỆN CŨ 
CHUYÊN THU MUA XE ĐIỆN CŨ - GIÁ CAO - BAO MỌI GIẤY TỜ LIÊN QUAN
📌 Địa chỉ: 244 Thoại Ngọc Hầu . Phú Thạnh , Q .Tân Phú . TP HCM.
⭐️ ĐỊNH GIÁ MIỄN PHÍ XE MÁY ⭐️

❤️ Chuyên Thu Mua Xe Điện Cũ với các dòng như sau, Giá Bao Thị Trường
( VINFAST . YADEA . DATBIKE . PEGA...)

Giá thu từ: 1tr - 99tr

Dịch vụ đặc biệt:
❤️ Bấm Giá Trong Vòng 30s Để Khách Hàng Tham Khảo Giá
❤️ Hỗ Trợ Mua Tận Nơi ( Sài Gòn và những chỗ lân cận)


😍😍😍 CẦN KẾT NỐI VỚI SHOWROOM CÁC HÃNG XE ĐIỆN NEW THU CŨ ĐỔI MỚI CHO KHÁCH HÀNG

code: #thumuaxe #26003663_1",2025,1.0,Tp Hồ Chí Minh,Quận Tân Phú,"⭐️ CỬA HÀNG PHẠM TUẤN XE ĐIỆN CŨ 
CHUYÊN THU MUA XE ĐIỆN CŨ - GIÁ CAO - BAO MỌI GIẤY TỜ LIÊN QUAN
📌 Địa chỉ: 244 Thoại Ngọc Hầu . Phú Thạnh , Q .Tân Phú . TP HCM.
⭐️ ĐỊNH GIÁ MIỄN PHÍ XE MÁY ⭐️

❤️ Chuyên Thu Mua Xe Điện Cũ với các dòng như sau, Giá Bao Thị Trường
( VINFAST . YADEA . DATBIKE . PEGA...)

Giá thu từ: 1tr - 99tr

Dịch vụ đặc biệt:
❤️ Bấm Giá Trong Vòng 30s Để Khách Hàng Tham Khảo Giá
❤️ Hỗ Trợ Mua Tận Nơi ( Sài Gòn và những chỗ lân cận)


😍😍😍 CẦN KẾT NỐI VỚI SHOWROOM CÁC HÃNG XE ĐIỆN NEW THU CŨ ĐỔI MỚI CHO KHÁCH HÀNG

code: #thumuaxe #26003663_1",Cần xác minh,Khác,Không phân loại,,
134558870,Xe Điện 3sGo - Feliz II Trắng 700km,25900000,"Feliz II BSTP Chính Chủ 
- Odo 700km
- 2pin (free thuê 2pin 1 năm)
- Óc tán 7 màu keng 
- Còn đủ phụ kiện theo xe 
- Bảo hành Vinfast toàn quốc
⛔️ Nợ xấu đưa 0đ có LÃI SUẤT hoặc 15tr KO LÃI SUẤT
--------------------
✅ 𝗛𝗼̂̃ 𝗧𝗿𝗼̛̣ 𝗔𝗲 𝗟𝗲̂𝗻 𝗛𝗼̂̀ 𝗦𝗼̛ 𝗕𝗮𝗻𝗸 𝗡𝗵𝗮̣̂𝗻 𝗫𝗲 𝗩𝗮̀ 𝗖𝗮𝘃𝗲𝘁 𝗚𝗼̂́𝗰
✅ 𝗡𝗼̛̣ 𝗫𝗮̂́𝘂 – 𝗛𝗼̂̃ 𝗧𝗿𝗼̛̣ 𝟬 Đ𝗼̂̀𝗻𝗴 – 𝗞𝗵𝗼̂𝗻𝗴 𝗫𝗮́𝗰 𝗠𝗶𝗻𝗵
✅ 𝗡𝗼̛̣ 𝗫𝗮̂́𝘂 – 𝗛𝗼̂̃ 𝗧𝗿𝗼̛̣ Đ𝘂̛𝗮 𝟯𝟬% – 𝗞𝗵𝗼̂𝗻𝗴 𝗟𝗮̃𝗶
✅ Đ𝗼̂̉𝗶 𝗣𝗶𝗻 𝗞𝗵𝗼̂𝗻𝗴 𝗖𝗵𝗼̛̀ 𝗦𝗮̣c 𝗡𝗵𝗶𝗲̂̀𝘂 𝗖𝗵𝗶 𝗡𝗵𝗮́𝗻𝗵
✅ 𝗛ỗ 𝗧𝗿𝗼̛̣ 𝟮 𝗡𝗮̆𝗺 𝗫𝗲 𝗛𝘂̛ – 𝗖𝗼́ 𝗫𝗲 𝗞𝗵𝗮́𝗰 𝗗𝘂̀𝗻𝗴
✅ Đ𝗮̆𝗻𝗴 𝗞𝘆́ 𝗔𝗽𝗽 𝗫𝗮𝗻𝗵 𝗣𝗹𝗮𝘁𝗳𝗼𝗿𝗺 – 𝗧𝗮̣𝗶 𝗖𝗵𝗼̂̃
--------------------
🏠𝟮𝟴𝟴 𝗧𝗿𝘂̛𝗼̛̀𝗻𝗴 𝗖𝗵𝗶𝗻𝗵 - 𝗣𝗵ư𝗼̛̀𝗻𝗴 Đ𝗼̂𝗻𝗴 𝗛𝘂̛𝗻𝗴 𝗧𝗵𝘂𝗮̣̂𝗻 - 𝗛𝗖𝗠 (𝗤𝘂𝗮̣̂𝗻𝟭𝟮 𝗰𝘂̃)",2026,700.0,Tp Hồ Chí Minh,Quận 12,"Feliz II BSTP Chính Chủ 
- Odo 700km
- 2pin (free thuê 2pin 1 năm)
- Óc tán 7 màu keng 
- Còn đủ phụ kiện theo xe 
- Bảo hành Vinfast toàn quốc
⛔️ Nợ xấu đưa 0đ có LÃI SUẤT hoặc 15tr KO LÃI SUẤT
--------------------
✅ 𝗛𝗼̂̃ 𝗧𝗿𝗼̛̣ 𝗔𝗲 𝗟𝗲̂𝗻 𝗛𝗼̂̀ 𝗦𝗼̛ 𝗕𝗮𝗻𝗸 𝗡𝗵𝗮̣̂𝗻 𝗫𝗲 𝗩𝗮̀ 𝗖𝗮𝘃𝗲𝘁 𝗚𝗼̂́𝗰
✅ 𝗡𝗼̛̣ 𝗫𝗮̂́𝘂 – 𝗛𝗼̂̃ 𝗧𝗿𝗼̛̣ 𝟬 Đ𝗼̂̀𝗻𝗴 – 𝗞𝗵𝗼̂𝗻𝗴 𝗫𝗮́𝗰 𝗠𝗶𝗻𝗵
✅ 𝗡𝗼̛̣ 𝗫𝗮̂́𝘂 – 𝗛𝗼̂̃ 𝗧𝗿𝗼̛̣ Đ𝘂̛𝗮 𝟯𝟬% – 𝗞𝗵𝗼̂𝗻𝗴 𝗟𝗮̃𝗶
✅ Đ𝗼̂̉𝗶 𝗣𝗶𝗻 𝗞𝗵𝗼̂𝗻𝗴 𝗖𝗵𝗼̛̀ 𝗦𝗮̣c 𝗡𝗵𝗶𝗲̂̀𝘂 𝗖𝗵𝗶 𝗡𝗵𝗮́𝗻𝗵
✅ 𝗛ỗ 𝗧𝗿𝗼̛̣ 𝟮 𝗡𝗮̆𝗺 𝗫𝗲 𝗛𝘂̛ – 𝗖𝗼́ 𝗫𝗲 𝗞𝗵𝗮́𝗰 𝗗𝘂̀𝗻𝗴
✅ Đ𝗮̆𝗻𝗴 𝗞𝘆́ 𝗔𝗽𝗽 𝗫𝗮𝗻𝗵 𝗣𝗹𝗮𝘁𝗳𝗼𝗿𝗺 – 𝗧𝗮̣𝗶 𝗖𝗵𝗼̂̃
--------------------
🏠𝟮𝟴𝟴 𝗧𝗿𝘂̛𝗼̛̀𝗻𝗴 𝗖𝗵𝗶𝗻𝗵 - 𝗣𝗵ư𝗼̛̀𝗻𝗴 Đ𝗼̂𝗻𝗴 𝗛𝘂̛𝗻𝗴 𝗧𝗵𝘂𝗮̣̂𝗻 - 𝗛𝗖𝗠 (𝗤𝘂𝗮̣̂𝗻𝟭𝟮 𝗰𝘂̃)",Cần xác minh,VinFast,Feliz,27000000.0,4.1
134621837,Xe máy điện Xmen 2019 Đen Việt Nam,4900000,"BÁN XE MÁY ĐIỆN cũ :  Xmen 
Giá:4tr900  bình khỏe 30/35km/1 lần sạc 
Đk 2019 biển số 74 
xe ở Cầu Vượt Sóng Thần  Qlộ 1A 
LH: ***
Có nhan đổi xe điện cũ các loại",2019,8978.0,Tp Hồ Chí Minh,Thành phố Thủ Đức,"BÁN XE MÁY ĐIỆN cũ :  Xmen 
Giá:4tr900  bình khỏe 30/35km/1 lần sạc 
Đk 2019 biển số 74 
xe ở Cầu Vượt Sóng Thần  Qlộ 1A 
LH: ***
Có nhan đổi xe điện cũ các loại",Cần xác minh,Khác,Không phân loại,,
134621834,Xe máy điện VinFast Vento Neo Trắng 9.000KM,29500000,"Vento Neo 9.000KM Cập Bến 😍😍😍

Giá..29.5Tr

☎️*** Em bi",2025,9000.0,Tp Hồ Chí Minh,Quận Tân Phú,"Vento Neo 9.000KM Cập Bến 😍😍😍

Giá..29.5Tr

☎️*** Em bi",Cần xác minh,VinFast,Vento,50000000.0,41.0
134621825,"VinFast Feliz Neo 2025 Xám 38,900km",28000000,"Feliz Ne***


- ODO : 38,900km
- Pin : 72v 105Ah . Quãng đường đi được từ 200km 1 lần sạc
- Ngoại hình : 95%
- Thủ tục mua bán : công chứng mua bán ra tên mới. Chủ xe hỗ trợ rút hồ sơ
- Năm đăng ký : 10/2025
- Giá bán :  28,000,000
- Có hỗ trợ trả góp, nợ xấu
- Có cho thuê xe, trao đổi mua bán xe, ký gửi xe",2025,38900.0,Tp Hồ Chí Minh,Quận Tân Bình,"Feliz Ne***


- ODO : 38,900km
- Pin : 72v 105Ah . Quãng đường đi được từ 200km 1 lần sạc
- Ngoại hình : 95%
- Thủ tục mua bán : công chứng mua bán ra tên mới. Chủ xe hỗ trợ rút hồ sơ
- Năm đăng ký : 10/2025
- Giá bán :  28,000,000
- Có hỗ trợ trả góp, nợ xấu
- Có cho thuê xe, trao đổi mua bán xe, ký gửi xe",Cần xác minh,VinFast,Feliz,27000000.0,-3.7
134621821,Xe điện gogo,5200000,"bán xe điện còn rất tốt nhập khẩu nguyên chiếc giá vừa tầm ai mua cho con đi hoc câp 3 đỡ đươc bao nhiêu tiền nhà nhiêu xe lên bán nhanh cho gọn
ai thiên chí mua hoăc nhăn tin nêu ko nghe may kip",2019,5252.0,Hải Phòng,Quận Ngô Quyền,"bán xe điện còn rất tốt nhập khẩu nguyên chiếc giá vừa tầm ai mua cho con đi hoc câp 3 đỡ đươc bao nhiêu tiền nhà nhiêu xe lên bán nhanh cho gọn
ai thiên chí mua hoăc nhăn tin nêu ko nghe may kip",Cần xác minh,Dibao,Gogo,14500000.0,64.1
134621813,Quantum S3 odo 10k xe đẹp ken biển sg,32500000,"Quantum s3 xe đẹp ken 9 chủ ký 
Có gop nợ xấu tay đôi",2025,10412.0,Tp Hồ Chí Minh,Quận Tân Phú,"Quantum s3 xe đẹp ken 9 chủ ký 
Có gop nợ xấu tay đôi",Cần xác minh,Dat Bike,Quantum,34900000.0,6.9
133165398,Xe máy điện VinFast Feliz 2 Trắng,17500000,"Xe máy điện VinFast Feliz 2 màu trắng, thiết kế hiện đại, phù hợp cho cả nam và nữ. 
- Xe vận hành êm ái, tiết kiệm năng lượng. 
- Trang bị nhiều tính năng thông minh. 
- Xe mới, ít sử dụng.
- chuyển nhượng hợp đồng thuê 2 pin vinfast 1,5kw
",2026,1589.0,Đồng Nai,Huyện Trảng Bom,"Xe máy điện VinFast Feliz 2 màu trắng, thiết kế hiện đại, phù hợp cho cả nam và nữ. 
- Xe vận hành êm ái, tiết kiệm năng lượng. 
- Trang bị nhiều tính năng thông minh. 
- Xe mới, ít sử dụng.
- chuyển nhượng hợp đồng thuê 2 pin vinfast 1,5kw
",Cần xác minh,VinFast,Feliz,27000000.0,35.2
134536690,Xe Điện 3sGo -  Evo200Lite 2025 Đen,22900000,"Evo200Lite  - Bstp 9 Chủ ĐK 2025
- 2 Chìa khoá đầy đủ
- Dàn áo dán keng 98%
- Óc tán 7 màu keng 98%
- Còn đủ phụ kiện theo xe
❤️Xe keng 98% so với xe new 
⛔️ Nợ xấu đưa 3tr2 có LÃI SUẤT hoặc 12tr KO LÃI SUẤT
--------------------
✅ 𝗛𝗼̂̃ 𝗧𝗿𝗼̛̣ 𝗔𝗲 𝗟𝗲̂𝗻 𝗛𝗼̂̀ 𝗦𝗼̛ 𝗕𝗮𝗻𝗸 𝗡𝗵𝗮̣̂𝗻 𝗫𝗲 𝗩𝗮̀ 𝗖𝗮𝘃𝗲𝘁 𝗚𝗼̂́𝗰
✅ 𝗡𝗼̛̣ 𝗫𝗮̂́𝘂 – 𝗛𝗼̂̃ 𝗧𝗿𝗼̛̣ 𝟬 Đ𝗼̂̀𝗻𝗴 – 𝗞𝗵𝗼̂𝗻𝗴 𝗫𝗮́𝗰 𝗠𝗶𝗻𝗵
✅ 𝗡𝗼̛̣ 𝗫𝗮̂́𝘂 – 𝗛𝗼̂̃ 𝗧𝗿𝗼̛̣ Đ𝘂̛𝗮 𝟯𝟬% – 𝗞𝗵𝗼̂𝗻𝗴 𝗟𝗮̃𝗶
✅ Đ𝗼̂̉𝗶 𝗣𝗶𝗻 𝗞𝗵𝗼̂𝗻𝗴 𝗖𝗵𝗼̛̀ 𝗦𝗮̣c 𝗡𝗵𝗶𝗲̂̀𝘂 𝗖𝗵𝗶 𝗡𝗵𝗮́𝗻𝗵
✅ 𝗛ỗ 𝗧𝗿𝗼̛̣ 𝟮 𝗡𝗮̆𝗺 𝗫𝗲 𝗛𝘂̛ – 𝗖𝗼́ 𝗫𝗲 𝗞𝗵𝗮́𝗰 𝗗𝘂̀𝗻𝗴
✅ Đ𝗮̆𝗻𝗴 𝗞𝘆́ 𝗔𝗽𝗽 𝗫𝗮𝗻𝗵 𝗣𝗹𝗮𝘁𝗳𝗼𝗿𝗺 – 𝗧𝗮̣𝗶 𝗖𝗵𝗼̂̃
--------------------
🏠𝟮𝟴𝟴 𝗧𝗿𝘂̛𝗼̛̀𝗻𝗴 𝗖𝗵𝗶𝗻𝗵 - 𝗣𝗵ư𝗼̛̀𝗻𝗴 Đ𝗼̂𝗻𝗴 𝗛𝘂̛𝗻𝗴 𝗧𝗵𝘂𝗮̣̂𝗻 - 𝗛𝗖𝗠 (𝗤𝘂𝗮̣̂𝗻𝟭𝟮 𝗰𝘂̃)",2025,,Tp Hồ Chí Minh,Quận 12,"Evo200Lite  - Bstp 9 Chủ ĐK 2025
- 2 Chìa khoá đầy đủ
- Dàn áo dán keng 98%
- Óc tán 7 màu keng 98%
- Còn đủ phụ kiện theo xe
❤️Xe keng 98% so với xe new 
⛔️ Nợ xấu đưa 3tr2 có LÃI SUẤT hoặc 12tr KO LÃI SUẤT
--------------------
✅ 𝗛𝗼̂̃ 𝗧𝗿𝗼̛̣ 𝗔𝗲 𝗟𝗲̂𝗻 𝗛𝗼̂̀ 𝗦𝗼̛ 𝗕𝗮𝗻𝗸 𝗡𝗵𝗮̣̂𝗻 𝗫𝗲 𝗩𝗮̀ 𝗖𝗮𝘃𝗲𝘁 𝗚𝗼̂́𝗰
✅ 𝗡𝗼̛̣ 𝗫𝗮̂́𝘂 – 𝗛𝗼̂̃ 𝗧𝗿𝗼̛̣ 𝟬 Đ𝗼̂̀𝗻𝗴 – 𝗞𝗵𝗼̂𝗻𝗴 𝗫𝗮́𝗰 𝗠𝗶𝗻𝗵
✅ 𝗡𝗼̛̣ 𝗫𝗮̂́𝘂 – 𝗛𝗼̂̃ 𝗧𝗿𝗼̛̣ Đ𝘂̛𝗮 𝟯𝟬% – 𝗞𝗵𝗼̂𝗻𝗴 𝗟𝗮̃𝗶
✅ Đ𝗼̂̉𝗶 𝗣𝗶𝗻 𝗞𝗵𝗼̂𝗻𝗴 𝗖𝗵𝗼̛̀ 𝗦𝗮̣c 𝗡𝗵𝗶𝗲̂̀𝘂 𝗖𝗵𝗶 𝗡𝗵𝗮́𝗻𝗵
✅ 𝗛ỗ 𝗧𝗿𝗼̛̣ 𝟮 𝗡𝗮̆𝗺 𝗫𝗲 𝗛𝘂̛ – 𝗖𝗼́ 𝗫𝗲 𝗞𝗵𝗮́𝗰 𝗗𝘂̀𝗻𝗴
✅ Đ𝗮̆𝗻𝗴 𝗞𝘆́ 𝗔𝗽𝗽 𝗫𝗮𝗻𝗵 𝗣𝗹𝗮𝘁𝗳𝗼𝗿𝗺 – 𝗧𝗮̣𝗶 𝗖𝗵𝗼̂̃
--------------------
🏠𝟮𝟴𝟴 𝗧𝗿𝘂̛𝗼̛̀𝗻𝗴 𝗖𝗵𝗶𝗻𝗵 - 𝗣𝗵ư𝗼̛̀𝗻𝗴 Đ𝗼̂𝗻𝗴 𝗛𝘂̛𝗻𝗴 𝗧𝗵𝘂𝗮̣̂𝗻 - 𝗛𝗖𝗠 (𝗤𝘂𝗮̣̂𝗻𝟭𝟮 𝗰𝘂̃)",Cần xác minh,Khác,Không phân loại,,
134621561,Xe máy điện VinFast Feliz 2025 Trắng 2 pin 2.4kW,25000000,"FELIZ 2025 – 2 PIN ZIN – GIÁ 25 TRIỆU 🔥
Biển số: 50AD-256.57

🛵 Feliz 2025 – xe đẹp, 2 pin zin, sẵn sàng chạy ngay!

✨ Thông tin xe:

📍 ODO: 10.000 km
🔋 2 pin 2.4kW zin hãng
💎 Ngoại hình: 95%
📅 Đăng ký: 12/2025
📄 Công chứng mua bán
💰 Giá bán: 25.000.000đ

💳 HỖ TRỢ TRẢ GÓP – HỖ TRỢ HỒ SƠ NỢ XẤU
🛵 Có cho thuê xe
🔄 Nhận trao đổi – mua bán xe
📦 Nhận ký gửi xe

🔥 Điểm đáng tiền: 2 pin zin + đời 2025 + giấy tờ mua bán rõ ràng. Mua về đi hằng ngày hoặc chạy dịch vụ đều tiện.

📩 Quan tâm inbox ngay – xe đẹp, giá tốt, chốt sớm kẻo hết!",2025,10000.0,Tp Hồ Chí Minh,Quận Tân Bình,"FELIZ 2025 – 2 PIN ZIN – GIÁ 25 TRIỆU 🔥
Biển số: 50AD-256.57

🛵 Feliz 2025 – xe đẹp, 2 pin zin, sẵn sàng chạy ngay!

✨ Thông tin xe:

📍 ODO: 10.000 km
🔋 2 pin 2.4kW zin hãng
💎 Ngoại hình: 95%
📅 Đăng ký: 12/2025
📄 Công chứng mua bán
💰 Giá bán: 25.000.000đ

💳 HỖ TRỢ TRẢ GÓP – HỖ TRỢ HỒ SƠ NỢ XẤU
🛵 Có cho thuê xe
🔄 Nhận trao đổi – mua bán xe
📦 Nhận ký gửi xe

🔥 Điểm đáng tiền: 2 pin zin + đời 2025 + giấy tờ mua bán rõ ràng. Mua về đi hằng ngày hoặc chạy dịch vụ đều tiện.

📩 Quan tâm inbox ngay – xe đẹp, giá tốt, chốt sớm kẻo hết!",Kèm pin,VinFast,Feliz,27000000.0,7.4
134621518,Xe máy điện VinFast Feliz Neo 2025 Xám 39000 km,20500000,"Feliz Neo màu xám BS : 50-AC 735.12


- ODO : 39000
- Pin : 1 Pin zin 67v 30Ah + 1 pin song song sàn chân 67v 30Ah . Quãng đường đi được từ 130 - 150km 1 lần sạc
- Ngoại hình : 90%
- Thủ tục mua bán : công chứng mua bán
- Năm đăng ký : 09/2025
- Giá bán :  20,500,000
- Có hỗ trợ trả góp, nợ xấu
- Có cho thuê xe, trao đổi mua bán xe, ký gửi xe",2025,39000.0,Tp Hồ Chí Minh,Quận Tân Bình,"Feliz Neo màu xám BS : 50-AC 735.12


- ODO : 39000
- Pin : 1 Pin zin 67v 30Ah + 1 pin song song sàn chân 67v 30Ah . Quãng đường đi được từ 130 - 150km 1 lần sạc
- Ngoại hình : 90%
- Thủ tục mua bán : công chứng mua bán
- Năm đăng ký : 09/2025
- Giá bán :  20,500,000
- Có hỗ trợ trả góp, nợ xấu
- Có cho thuê xe, trao đổi mua bán xe, ký gửi xe",Kèm pin,VinFast,Feliz,27000000.0,24.1
134506458,Xe Điện 3sGo - Flazz 2026 Trắng 900 km,15900000,"Flazz BSTP ĐK 2026 Chính Chủ 
- Odo 900 cây
- Đã mua 2 pin
- Óc tán 7 màu keng 
- Còn đủ phụ kiện theo xe
- Bảo hành Vinfast toàn quốc
#Giá_15tr9 - Nậu xớ đưa 2tr1 hoặc 5tr1
⛔️ Nợ xấu đưa 2tr1 có LÃI SUẤT hoặc 8tr KO LÃI SUẤT
--------------------
✅ 𝗛𝗼̂̃ 𝗧𝗿𝗼̛̣ 𝗔𝗲 𝗟𝗲̂𝗻 𝗛𝗼̂̀ 𝗦𝗼̛ 𝗕𝗮𝗻𝗸 𝗡𝗵𝗮̣̂𝗻 𝗫𝗲 𝗩𝗮̀ 𝗖𝗮𝘃𝗲𝘁 𝗚𝗼̂́𝗰
✅ 𝗡𝗼̛̣ 𝗫𝗮̂́𝘂 – 𝗛𝗼̂̃ 𝗧𝗿𝗼̛̣ 𝟬 Đ𝗼̂̀𝗻𝗴 – 𝗞𝗵𝗼̂𝗻𝗴 𝗫𝗮́𝗰 𝗠𝗶𝗻𝗵
✅ 𝗡𝗼̛̣ 𝗫𝗮̂́𝘂 – 𝗛𝗼̂̃ 𝗧𝗿𝗼̛̣ Đ𝘂̛𝗮 𝟯𝟬% – 𝗞𝗵𝗼̂𝗻𝗴 𝗟𝗮̃𝗶
✅ Đ𝗼̂̉𝗶 𝗣𝗶𝗻 𝗞𝗵𝗼̂𝗻𝗴 𝗖𝗵𝗼̛̀ 𝗦𝗮̣c 𝗡𝗵𝗶𝗲̂̀𝘂 𝗖𝗵𝗶 𝗡𝗵𝗮́𝗻𝗵
✅ 𝗛ỗ 𝗧𝗿𝗼̛̣ 𝟮 𝗡𝗮̆𝗺 𝗫𝗲 𝗛𝘂̛ – 𝗖𝗼́ 𝗫𝗲 𝗞𝗵𝗮́𝗰 𝗗𝘂̀𝗻𝗴
✅ Đ𝗮̆𝗻𝗴 𝗞𝘆́ 𝗔𝗽𝗽 𝗫𝗮𝗻𝗵 𝗣𝗹𝗮𝘁𝗳𝗼𝗿𝗺 – 𝗧𝗮̣𝗶 𝗖𝗵𝗼̂̃
--------------------
🏠𝟮𝟴𝟴 𝗧𝗿𝘂̛𝗼̛̀𝗻𝗴 𝗖𝗵𝗶𝗻𝗵 - 𝗣𝗵ư𝗼̛̀𝗻𝗴 Đ𝗼̂𝗻𝗴 𝗛𝘂̛𝗻𝗴 𝗧𝗵𝘂𝗮̣̂𝗻 - 𝗛𝗖𝗠 (𝗤𝘂𝗮̣̂𝗻𝟭𝟮 𝗰𝘂̃)",2026,900.0,Tp Hồ Chí Minh,Quận 12,"Flazz BSTP ĐK 2026 Chính Chủ 
- Odo 900 cây
- Đã mua 2 pin
- Óc tán 7 màu keng 
- Còn đủ phụ kiện theo xe
- Bảo hành Vinfast toàn quốc
#Giá_15tr9 - Nậu xớ đưa 2tr1 hoặc 5tr1
⛔️ Nợ xấu đưa 2tr1 có LÃI SUẤT hoặc 8tr KO LÃI SUẤT
--------------------
✅ 𝗛𝗼̂̃ 𝗧𝗿𝗼̛̣ 𝗔𝗲 𝗟𝗲̂𝗻 𝗛𝗼̂̀ 𝗦𝗼̛ 𝗕𝗮𝗻𝗸 𝗡𝗵𝗮̣̂𝗻 𝗫𝗲 𝗩𝗮̀ 𝗖𝗮𝘃𝗲𝘁 𝗚𝗼̂́𝗰
✅ 𝗡𝗼̛̣ 𝗫𝗮̂́𝘂 – 𝗛𝗼̂̃ 𝗧𝗿𝗼̛̣ 𝟬 Đ𝗼̂̀𝗻𝗴 – 𝗞𝗵𝗼̂𝗻𝗴 𝗫𝗮́𝗰 𝗠𝗶𝗻𝗵
✅ 𝗡𝗼̛̣ 𝗫𝗮̂́𝘂 – 𝗛𝗼̂̃ 𝗧𝗿𝗼̛̣ Đ𝘂̛𝗮 𝟯𝟬% – 𝗞𝗵𝗼̂𝗻𝗴 𝗟𝗮̃𝗶
✅ Đ𝗼̂̉𝗶 𝗣𝗶𝗻 𝗞𝗵𝗼̂𝗻𝗴 𝗖𝗵𝗼̛̀ 𝗦𝗮̣c 𝗡𝗵𝗶𝗲̂̀𝘂 𝗖𝗵𝗶 𝗡𝗵𝗮́𝗻𝗵
✅ 𝗛ỗ 𝗧𝗿𝗼̛̣ 𝟮 𝗡𝗮̆𝗺 𝗫𝗲 𝗛𝘂̛ – 𝗖𝗼́ 𝗫𝗲 𝗞𝗵𝗮́𝗰 𝗗𝘂̀𝗻𝗴
✅ Đ𝗮̆𝗻𝗴 𝗞𝘆́ 𝗔𝗽𝗽 𝗫𝗮𝗻𝗵 𝗣𝗹𝗮𝘁𝗳𝗼𝗿𝗺 – 𝗧𝗮̣𝗶 𝗖𝗵𝗼̂̃
--------------------
🏠𝟮𝟴𝟴 𝗧𝗿𝘂̛𝗼̛̀𝗻𝗴 𝗖𝗵𝗶𝗻𝗵 - 𝗣𝗵ư𝗼̛̀𝗻𝗴 Đ𝗼̂𝗻𝗴 𝗛𝘂̛𝗻𝗴 𝗧𝗵𝘂𝗮̣̂𝗻 - 𝗛𝗖𝗠 (𝗤𝘂𝗮̣̂𝗻𝟭𝟮 𝗰𝘂̃)",Cần xác minh,Khác,Không phân loại,,
134555510,Xe Điện 3sGo - Datbike S1 Đen 10.000 km,44900000,"DatbikeS1 BSTP ĐK 2026 Chính Chủ 1 Lần sạc đi 285km
- Odo 10k hơn
- Óc tán 7 màu keng 
- Còn đủ phụ kiện theo xe 
- Bảo hành Datbike toàn quốc
⛔️ Nợ xấu đưa 5tr8 có LÃI SUẤT hoặc 24tr KO LÃI SUẤT
--------------------
✅ 𝗛𝗼̂̃ 𝗧𝗿𝗼̛̣ 𝗔𝗲 𝗟𝗲̂𝗻 𝗛𝗼̂̀ 𝗦𝗼̛ 𝗕𝗮𝗻𝗸 𝗡𝗵𝗮̣̂𝗻 𝗫𝗲 𝗩𝗮̀ 𝗖𝗮𝘃𝗲𝘁 𝗚𝗼̂́𝗰
✅ 𝗡𝗼̛̣ 𝗫𝗮̂́𝘂 – 𝗛𝗼̂̃ 𝗧𝗿𝗼̛̣ 𝟬 Đ𝗼̂̀𝗻𝗴 – 𝗞𝗵𝗼̂𝗻𝗴 𝗫𝗮́𝗰 𝗠𝗶𝗻𝗵
✅ 𝗡𝗼̛̣ 𝗫𝗮̂́𝘂 – 𝗛𝗼̂̃ 𝗧𝗿𝗼̛̣ Đ𝘂̛𝗮 𝟯𝟬% – 𝗞𝗵𝗼̂𝗻𝗴 𝗟𝗮̃𝗶
✅ Đ𝗼̂̉𝗶 𝗣𝗶𝗻 𝗞𝗵𝗼̂𝗻𝗴 𝗖𝗵𝗼̛̀ 𝗦𝗮̣c 𝗡𝗵𝗶𝗲̂̀𝘂 𝗖𝗵𝗶 𝗡𝗵𝗮́𝗻𝗵
✅ 𝗛ỗ 𝗧𝗿𝗼̛̣ 𝟮 𝗡𝗮̆𝗺 𝗫𝗲 𝗛𝘂̛ – 𝗖𝗼́ 𝗫𝗲 𝗞𝗵𝗮́𝗰 𝗗𝘂̀𝗻𝗴
✅ Đ𝗮̆𝗻𝗴 𝗞𝘆́ 𝗔𝗽𝗽 𝗫𝗮𝗻𝗵 𝗣𝗹𝗮𝘁𝗳𝗼𝗿𝗺 – 𝗧𝗮̣𝗶 𝗖𝗵𝗼̂̃
--------------------
🏠𝟮𝟴𝟴 𝗧𝗿𝘂̛𝗼̛̀𝗻𝗴 𝗖𝗵𝗶𝗻𝗵 - 𝗣𝗵ư𝗼̛̀𝗻𝗴 Đ𝗼̂𝗻𝗴 𝗛𝘂̛𝗻𝗴 𝗧𝗵𝘂𝗮̣̂𝗻 - 𝗛𝗖𝗠 (𝗤𝘂𝗮̣̂𝗻𝟭𝟮 𝗰𝘂̃)",2026,10000.0,Tp Hồ Chí Minh,Quận 12,"DatbikeS1 BSTP ĐK 2026 Chính Chủ 1 Lần sạc đi 285km
- Odo 10k hơn
- Óc tán 7 màu keng 
- Còn đủ phụ kiện theo xe 
- Bảo hành Datbike toàn quốc
⛔️ Nợ xấu đưa 5tr8 có LÃI SUẤT hoặc 24tr KO LÃI SUẤT
--------------------
✅ 𝗛𝗼̂̃ 𝗧𝗿𝗼̛̣ 𝗔𝗲 𝗟𝗲̂𝗻 𝗛𝗼̂̀ 𝗦𝗼̛ 𝗕𝗮𝗻𝗸 𝗡𝗵𝗮̣̂𝗻 𝗫𝗲 𝗩𝗮̀ 𝗖𝗮𝘃𝗲𝘁 𝗚𝗼̂́𝗰
✅ 𝗡𝗼̛̣ 𝗫𝗮̂́𝘂 – 𝗛𝗼̂̃ 𝗧𝗿𝗼̛̣ 𝟬 Đ𝗼̂̀𝗻𝗴 – 𝗞𝗵𝗼̂𝗻𝗴 𝗫𝗮́𝗰 𝗠𝗶𝗻𝗵
✅ 𝗡𝗼̛̣ 𝗫𝗮̂́𝘂 – 𝗛𝗼̂̃ 𝗧𝗿𝗼̛̣ Đ𝘂̛𝗮 𝟯𝟬% – 𝗞𝗵𝗼̂𝗻𝗴 𝗟𝗮̃𝗶
✅ Đ𝗼̂̉𝗶 𝗣𝗶𝗻 𝗞𝗵𝗼̂𝗻𝗴 𝗖𝗵𝗼̛̀ 𝗦𝗮̣c 𝗡𝗵𝗶𝗲̂̀𝘂 𝗖𝗵𝗶 𝗡𝗵𝗮́𝗻𝗵
✅ 𝗛ỗ 𝗧𝗿𝗼̛̣ 𝟮 𝗡𝗮̆𝗺 𝗫𝗲 𝗛𝘂̛ – 𝗖𝗼́ 𝗫𝗲 𝗞𝗵𝗮́𝗰 𝗗𝘂̀𝗻𝗴
✅ Đ𝗮̆𝗻𝗴 𝗞𝘆́ 𝗔𝗽𝗽 𝗫𝗮𝗻𝗵 𝗣𝗹𝗮𝘁𝗳𝗼𝗿𝗺 – 𝗧𝗮̣𝗶 𝗖𝗵𝗼̂̃
--------------------
🏠𝟮𝟴𝟴 𝗧𝗿𝘂̛𝗼̛̀𝗻𝗴 𝗖𝗵𝗶𝗻𝗵 - 𝗣𝗵ư𝗼̛̀𝗻𝗴 Đ𝗼̂𝗻𝗴 𝗛𝘂̛𝗻𝗴 𝗧𝗵𝘂𝗮̣̂𝗻 - 𝗛𝗖𝗠 (𝗤𝘂𝗮̣̂𝗻𝟭𝟮 𝗰𝘂̃)",Cần xác minh,Khác,Không phân loại,,
134620997,Xe máy điện Vespa Espero Classic 2022 Xanh ngọc,8400000,"Vespa Espero Classic 1. Đời cao 2022
Bình khoẻ. Đầy đủ giấy tờ
Ngoại hình đẹp như hình.
Giá hơn 8tr400

📍 Có thể xem xe và kiểm tra trực tiếp.
🏠 87 Máy tơ. Nam định
☎️ ***",2022,8000.0,Nam Định,Thành phố Nam Định,"Vespa Espero Classic 1. Đời cao 2022
Bình khoẻ. Đầy đủ giấy tờ
Ngoại hình đẹp như hình.
Giá hơn 8tr400

📍 Có thể xem xe và kiểm tra trực tiếp.
🏠 87 Máy tơ. Nam định
☎️ ***",Cần xác minh,Khác,Không phân loại,,
134434450,Xe đạp điện Yadea V1 Plus Đen,8500000,"Xe điện V1 Plus màu đen
- Kiểu dáng thời trang, dễ điều khiển.
- Động cơ êm ái.
- Pin bền bỉ, di chuyển quãng đường xa.",2025,1.0,Tp Hồ Chí Minh,Quận Tân Bình,"Xe điện V1 Plus màu đen
- Kiểu dáng thời trang, dễ điều khiển.
- Động cơ êm ái.
- Pin bền bỉ, di chuyển quãng đường xa.",Cần xác minh,Yadea,Yadea (Khác),9990000.0,14.9
134620393,Xe máy điện VinFast Vento Neo Trắng 9.000KM,29500000,"Vento Neo 9.000KM Cập Bến 😍😍😍

Giá..29.5Tr

☎️*** Minh Khờ",2025,9000.0,Tp Hồ Chí Minh,Quận Tân Phú,"Vento Neo 9.000KM Cập Bến 😍😍😍

Giá..29.5Tr

☎️*** Minh Khờ",Cần xác minh,VinFast,Vento,50000000.0,41.0
134620294,Vinfast Ludo Xe điện,6600000,Bán xe điện vinfast ludo acquy mới bảo hành 1 năm,2020,10.0,Hà Nội,Quận Tây Hồ,Bán xe điện vinfast ludo acquy mới bảo hành 1 năm,Cần xác minh,VinFast,Ludo,12900000.0,48.8
134620154,Xe máy điện VinFast Vento ABS Đen 7.000km,28800000,"Vento ABS lướt 7.000km
Chính chủ ký
-  Liền lạc đẹp keng
- 2 chìa 2 kính theo xe còn đủ
- Đã úp phuộc sau

Giá: 28tr8
☎️ ***",2025,7000.0,Tp Hồ Chí Minh,Quận 5,"Vento ABS lướt 7.000km
Chính chủ ký
-  Liền lạc đẹp keng
- 2 chìa 2 kính theo xe còn đủ
- Đã úp phuộc sau

Giá: 28tr8
☎️ ***",Cần xác minh,VinFast,Vento,50000000.0,42.4
134620115,Xe máy điện VinFast Vento Neo 2025 Trắng,29500000,"Khách lên đời để lại 
Vento neo siêu lướt
- Biển Tp chính chủ ký
- Pin 3.5, sạc 1000w đời mới 
- Liền lạc đẹp ken
- Góp đưa trước 30% nhận xe

Giá 29tr5
☎️***",2025,9000.0,Tp Hồ Chí Minh,Quận 5,"Khách lên đời để lại 
Vento neo siêu lướt
- Biển Tp chính chủ ký
- Pin 3.5, sạc 1000w đời mới 
- Liền lạc đẹp ken
- Góp đưa trước 30% nhận xe

Giá 29tr5
☎️***",Cần xác minh,VinFast,Vento,50000000.0,41.0
134620037,Xe máy điện Yadea Omee Trắng Ắc quy Graphene,14500000,"Xe máy điện Yadea Omee trắng, mới mua hơn 1 tuần, còn bảo hành hãng. 
 - Xe mới ra mắt 2026, thiết kế hiện đại. 
 - Pin ắc quy Graphene 48V22Ah, tốc độ tối đa 40km/h, công suất 400W. 
 - Phù hợp cho học sinh, sinh viên từ 16 tuổi trở lên hoặc người không có bằng lái. 
 - Giá 14.500.000 đồng.",2026,150.0,Tp Hồ Chí Minh,Thành phố Thủ Đức,"Xe máy điện Yadea Omee trắng, mới mua hơn 1 tuần, còn bảo hành hãng. 
 - Xe mới ra mắt 2026, thiết kế hiện đại. 
 - Pin ắc quy Graphene 48V22Ah, tốc độ tối đa 40km/h, công suất 400W. 
 - Phù hợp cho học sinh, sinh viên từ 16 tuổi trở lên hoặc người không có bằng lái. 
 - Giá 14.500.000 đồng.",Cần xác minh,Yadea,Yadea (Khác),9990000.0,-45.1
134599987,Xe điện Vespa Vision 2026 Xám Đã sử dụng,18500000,"Xe điện vision mới mua 2026 mới 98%

🔥🔥🔥 Siêu Phẩm Mới Về Ạ 🔥🔥🔥 

Vespa Siêu Siêu Lướt 2026

Xe Mới 95%, dk đầy đủ

SmartKey Zin
Xe Điện huy lâm Bán Rẻ 7tr So Với Mới 
Mà Lại Được Xe Như Mới Ạ 

📌 Ship Hàng TOÀN QUỐC - Nhanh chóng
---- 
📞 LH tư vấn miễn phí : ***( zalo / video call ) 
🕹️ Địa chỉ: 389 đội cấn-ba đình - Hà Nội. 
❇️ Cửa Hàng Xe Điện Huy Lâm",2026,5000.0,Hà Nội,Quận Ba Đình,"Xe điện vision mới mua 2026 mới 98%

🔥🔥🔥 Siêu Phẩm Mới Về Ạ 🔥🔥🔥 

Vespa Siêu Siêu Lướt 2026

Xe Mới 95%, dk đầy đủ

SmartKey Zin
Xe Điện huy lâm Bán Rẻ 7tr So Với Mới 
Mà Lại Được Xe Như Mới Ạ 

📌 Ship Hàng TOÀN QUỐC - Nhanh chóng
---- 
📞 LH tư vấn miễn phí : ***( zalo / video call ) 
🕹️ Địa chỉ: *** đội cấn-ba đình - Hà Nội. 
❇️ Cửa Hàng Xe Điện Huy Lâm",Kèm pin,Khác,Không phân loại,,
134619125,Xe máy điện VinFast Evo200 Lite Đen Việt Nam,20000000,"Trâu bò nhất dòng xe học sinh. Ko cần bằng lái. 
Evo200 lite biển SG.
Pin 3.5 kwh, trâu bò nhất nhà Vin. Tầm 100 - 140 km/sạc.
BH hãng đến 2028.
Biển SG, sang tên nhanh chóng.
20tr bao rút hồ sơ. 

Xe điện Z48
104 Đường số 1,kdc Cityland Center Hill, phường Hạnh Thông (t7 nghỉ)
***",2023,18000.0,Tp Hồ Chí Minh,Quận Gò Vấp,"Trâu bò nhất dòng xe học sinh. Ko cần bằng lái. 
Evo200 lite biển SG.
Pin 3.5 kwh, trâu bò nhất nhà Vin. Tầm 100 - 140 km/sạc.
BH hãng đến 2028.
Biển SG, sang tên nhanh chóng.
20tr bao rút hồ sơ. 

Xe điện Z48
*** Đường số 1,kdc Cityland Center Hill, phường Hạnh Thông (t7 nghỉ)
***",Cần xác minh,VinFast,Evo 200,18000000.0,-11.1
134618992,Vinfast Motio màu đỏ - Xe học sinh,8500000,"- Motio Vinfast.  Học sinh trên 16t đi ko cần bằng lái 
- 5 Bình acquy đi 50km/lần sạc 
- Chính chủ công chứng 
- Giá 8tr500k 
- Địa chỉ : 24/6. Đ.TL44. P.thạnh lộc. Q12",2025,10484.0,Tp Hồ Chí Minh,Quận 12,"- Motio Vinfast.  Học sinh trên 16t đi ko cần bằng lái 
- 5 Bình acquy đi 50km/lần sạc 
- Chính chủ công chứng 
- Giá 8tr500k 
- Địa chỉ : 24/6. Đ.TL44. P.thạnh lộc. Q12",Cần xác minh,Khác,Không phân loại,,
134618650,Xe máy điện VinFast Ludo/ Ko Bằng Lái (Cs2),8900000,"VinFast LuDo 50 / Pin / Không Bằng Lái
Trọng Lượng: 68Kg
Công Suất: 500w
Mua mới lúc trước 24.5 Triệu ( Pin Mua )
Năm SX : 2020
Xem Xe Tại CH2 Nguyễn Thông",2020,39000.0,Cần Thơ,Quận Bình Thuỷ,"VinFast LuDo 50 / Pin / Không Bằng Lái
Trọng Lượng: 68Kg
Công Suất: 500w
Mua mới lúc trước 24.5 Triệu ( Pin Mua )
Năm SX : 2020
Xem Xe Tại CH2 Nguyễn Thông",Cần xác minh,VinFast,Ludo,12900000.0,31.0
134602241,Xe Điện 3sGo - QuantumS1 BST 2025 Xanh 30k,35900000,"QuantumS1 BST9chù
- Đăng ký 2025
- Odo 30k
- Yên kimdang 
- Dàn áo keng ko trầy 98%
- Óc tán 7 màu keng 98%
- Còn đủ phụ kiện theo xe
❤️Xe keng 99% so với xe new 
⛔️ Nợ xấu đưa 8tr1 có LÃI SUẤT hoặc 19tr5 KO LÃI SUẤT
--------------------
✅ 𝗛𝗼̂̃ 𝗧𝗿𝗼̛̣ 𝗔𝗲 𝗟𝗲̂𝗻 𝗛𝗼̂̀ 𝗦𝗼̛ 𝗕𝗮𝗻𝗸 𝗡𝗵𝗮̣̂𝗻 𝗫𝗲 𝗩𝗮̀ 𝗖𝗮𝘃𝗲𝘁 𝗚𝗼̂́𝗰
✅ 𝗡𝗼̛̣ 𝗫𝗮̂́𝘂 – 𝗛𝗼̂̃ 𝗧𝗿𝗼̛̣ 𝟬 Đ𝗼̂̀𝗻𝗴 – 𝗞𝗵𝗼̂𝗻𝗴 𝗫𝗮́𝗰 𝗠𝗶𝗻𝗵
✅ 𝗡𝗼̛̣ 𝗫𝗮̂́𝘂 – 𝗛𝗼̂̃ 𝗧𝗿𝗼̛̣ Đ𝘂̛𝗮 𝟯𝟬% – 𝗞𝗵𝗼̂𝗻𝗴 𝗟𝗮̃𝗶
✅ Đ𝗼̂̉𝗶 𝗣𝗶𝗻 𝗞𝗵𝗼̂𝗻𝗴 𝗖𝗵𝗼̛̀ 𝗦𝗮̣c 𝗡𝗵𝗶𝗲̂̀𝘂 𝗖𝗵𝗶 𝗡𝗵𝗮́𝗻𝗵
✅ 𝗛ỗ 𝗧𝗿𝗼̛̣ 𝟮 𝗡𝗮̆𝗺 𝗫𝗲 𝗛𝘂̛ – 𝗖𝗼́ 𝗫𝗲 𝗞𝗵𝗮́𝗰 𝗗𝘂̀𝗻𝗴
✅ Đ𝗮̆𝗻𝗴 𝗞𝘆́ 𝗔𝗽𝗽 𝗫𝗮𝗻𝗵 𝗣𝗹𝗮𝘁𝗳𝗼𝗿𝗺 – 𝗧𝗮̣𝗶 𝗖𝗵𝗼̂̃
--------------------
🏠 𝟭𝟭𝟱 𝗣𝗵𝗮̣𝗺 𝗧𝗵𝗲̂́ 𝗛𝗶𝗲̂̉𝗻 - 𝗖𝗵𝗮́𝗻𝗵 𝗛𝘂̛𝗻𝗴 - 𝗛𝗖𝗠 ( 𝗤𝘂𝗮̣̂𝗻 𝟴 )
☎️ 𝗛𝗼𝘁𝗹𝗶𝗻𝗲 : *** - 𝗗𝗶𝗲̣̂𝘂",2025,30.0,Tp Hồ Chí Minh,Quận 8,"QuantumS1 BST9chù
- Đăng ký 2025
- Odo 30k
- Yên kimdang 
- Dàn áo keng ko trầy 98%
- Óc tán 7 màu keng 98%
- Còn đủ phụ kiện theo xe
❤️Xe keng 99% so với xe new 
⛔️ Nợ xấu đưa 8tr1 có LÃI SUẤT hoặc 19tr5 KO LÃI SUẤT
--------------------
✅ 𝗛𝗼̂̃ 𝗧𝗿𝗼̛̣ 𝗔𝗲 𝗟𝗲̂𝗻 𝗛𝗼̂̀ 𝗦𝗼̛ 𝗕𝗮𝗻𝗸 𝗡𝗵𝗮̣̂𝗻 𝗫𝗲 𝗩𝗮̀ 𝗖𝗮𝘃𝗲𝘁 𝗚𝗼̂́𝗰
✅ 𝗡𝗼̛̣ 𝗫𝗮̂́𝘂 – 𝗛𝗼̂̃ 𝗧𝗿𝗼̛̣ 𝟬 Đ𝗼̂̀𝗻𝗴 – 𝗞𝗵𝗼̂𝗻𝗴 𝗫𝗮́𝗰 𝗠𝗶𝗻𝗵
✅ 𝗡𝗼̛̣ 𝗫𝗮̂́𝘂 – 𝗛𝗼̂̃ 𝗧𝗿𝗼̛̣ Đ𝘂̛𝗮 𝟯𝟬% – 𝗞𝗵𝗼̂𝗻𝗴 𝗟𝗮̃𝗶
✅ Đ𝗼̂̉𝗶 𝗣𝗶𝗻 𝗞𝗵𝗼̂𝗻𝗴 𝗖𝗵𝗼̛̀ 𝗦𝗮̣c 𝗡𝗵𝗶𝗲̂̀𝘂 𝗖𝗵𝗶 𝗡𝗵𝗮́𝗻𝗵
✅ 𝗛ỗ 𝗧𝗿𝗼̛̣ 𝟮 𝗡𝗮̆𝗺 𝗫𝗲 𝗛𝘂̛ – 𝗖𝗼́ 𝗫𝗲 𝗞𝗵𝗮́𝗰 𝗗𝘂̀𝗻𝗴
✅ Đ𝗮̆𝗻𝗴 𝗞𝘆́ 𝗔𝗽𝗽 𝗫𝗮𝗻𝗵 𝗣𝗹𝗮𝘁𝗳𝗼𝗿𝗺 – 𝗧𝗮̣𝗶 𝗖𝗵𝗼̂̃
--------------------
🏠 𝟭𝟭𝟱 𝗣𝗵𝗮̣𝗺 𝗧𝗵𝗲̂́ 𝗛𝗶𝗲̂̉𝗻 - 𝗖𝗵𝗮́𝗻𝗵 𝗛𝘂̛𝗻𝗴 - 𝗛𝗖𝗠 ( 𝗤𝘂𝗮̣̂𝗻 𝟴 )
☎️ 𝗛𝗼𝘁𝗹𝗶𝗻𝗲 : *** - 𝗗𝗶𝗲̣̂𝘂",Cần xác minh,Khác,Không phân loại,,
134617456,Xe máy điện BEFORE ALL Latina VI 2.0 Trắng,12000000,"Xe máy điện mới mua được 3 tháng cần bán lại  hãng: BEFORE ALL
Dòng : latina vi 2.0 
Thiết kế theo kiểu dáng vespa 
Tốc độ tối đa 50km/h 
Pin chạy được 60km
Còn bảo hành 9 tháng
giá mua mới 18tr500 
bán lại 12tr000",2026,300.0,Đà Nẵng,Quận Ngũ Hành Sơn,"Xe máy điện mới mua được 3 tháng cần bán lại  hãng: BEFORE ALL
Dòng : latina vi 2.0 
Thiết kế theo kiểu dáng vespa 
Tốc độ tối đa 50km/h 
Pin chạy được 60km
Còn bảo hành 9 tháng
giá mua mới 18tr500 
bán lại 12tr000",Cần xác minh,Khác,Không phân loại,,
134617447,Xe máy điện DK Bike 2021,7900000,"Xe máy điện Soma SX không cần bằng lái btc 
1 lần sạc đi được 60km , tốc tối đa 46km giờ 
5 bình vừa thay mới còn bảo hành 1 năm 
Áo quần sạch sẽ không bể , full chức năng 
Giá : 7tr9 bình tân",2021,40000.0,Tp Hồ Chí Minh,Quận Bình Tân,"Xe máy điện Soma SX không cần bằng lái btc 
1 lần sạc đi được 60km , tốc tối đa 46km giờ 
5 bình vừa thay mới còn bảo hành 1 năm 
Áo quần sạch sẽ không bể , full chức năng 
Giá : 7tr9 bình tân",Cần xác minh,Khác,Không phân loại,,
134602534,Xe Điện 3sGo - EvoGrand Đen 14k km,22900000,"EvoGrand ĐK 4/2026 BST 9 chủ kí
- Odo 14k
- 2 pin mua theo xe
- Dàn áo keng ko trầy 98%
- Óc tán 7 màu keng 98%
- Còn đủ phụ kiện theo xe
❤️Xe keng 98% so với xe new 
⛔️ Nợ xấu đưa 0Đ có LÃI SUẤT hoặc 13tr KO LÃI SUẤT
--------------------
✅ 𝗛𝗼̂̃ 𝗧𝗿𝗼̛̣ 𝗔𝗲 𝗟𝗲̂𝗻 𝗛𝗼̂̀ 𝗦𝗼̛ 𝗕𝗮𝗻𝗸 𝗡𝗵𝗮̣̂𝗻 𝗫𝗲 𝗩𝗮̀ 𝗖𝗮𝘃𝗲𝘁 𝗚𝗼̂́𝗰
✅ 𝗡𝗼̛̣ 𝗫𝗮̂́𝘂 – 𝗛𝗼̂̃ 𝗧𝗿𝗼̛̣ 𝟬 Đ𝗼̂̀𝗻𝗴 – 𝗞𝗵𝗼̂𝗻𝗴 𝗫𝗮́𝗰 𝗠𝗶𝗻𝗵
✅ 𝗡𝗼̛̣ 𝗫𝗮̂́𝘂 – 𝗛𝗼̂̃ 𝗧𝗿𝗼̛̣ Đ𝘂̛𝗮 𝟯𝟬% – 𝗞𝗵𝗼̂𝗻𝗴 𝗟𝗮̃𝗶
✅ Đ𝗼̂̉𝗶 𝗣𝗶𝗻 𝗞𝗵𝗼̂𝗻𝗴 𝗖𝗵𝗼̛̀ 𝗦𝗮̣c 𝗡𝗵𝗶𝗲̂̀𝘂 𝗖𝗵𝗶 𝗡𝗵𝗮́𝗻𝗵
✅ 𝗛ỗ 𝗧𝗿𝗼̛̣ 𝟮 𝗡𝗮̆𝗺 𝗫𝗲 𝗛𝘂̛ – 𝗖𝗼́ 𝗫𝗲 𝗞𝗵𝗮́𝗰 𝗗𝘂̀𝗻𝗴
✅ Đ𝗮̆𝗻𝗴 𝗞𝘆́ 𝗔𝗽𝗽 𝗫𝗮𝗻𝗵 𝗣𝗹𝗮𝘁𝗳𝗼𝗿𝗺 – 𝗧𝗮̣𝗶 𝗖𝗵𝗼̂̃
--------------------
🏠 𝟭𝟭𝟱 𝗣𝗵𝗮̣𝗺 𝗧𝗵𝗲̂́ 𝗛𝗶𝗲̂̉𝗻 - 𝗖𝗵𝗮́𝗻𝗵 𝗛𝘂̛𝗻𝗴 - 𝗛𝗖𝗠 ( 𝗤𝘂𝗮̣̂𝗻 𝟴 )
☎️ 𝗛𝗼𝘁𝗹𝗶𝗻𝗲 : *** - 𝗗𝗶𝗲̣̂𝘂",2026,14000.0,Tp Hồ Chí Minh,Quận 8,"EvoGrand ĐK 4/2026 BST 9 chủ kí
- Odo 14k
- 2 pin mua theo xe
- Dàn áo keng ko trầy 98%
- Óc tán 7 màu keng 98%
- Còn đủ phụ kiện theo xe
❤️Xe keng 98% so với xe new 
⛔️ Nợ xấu đưa 0Đ có LÃI SUẤT hoặc 13tr KO LÃI SUẤT
--------------------
✅ 𝗛𝗼̂̃ 𝗧𝗿𝗼̛̣ 𝗔𝗲 𝗟𝗲̂𝗻 𝗛𝗼̂̀ 𝗦𝗼̛ 𝗕𝗮𝗻𝗸 𝗡𝗵𝗮̣̂𝗻 𝗫𝗲 𝗩𝗮̀ 𝗖𝗮𝘃𝗲𝘁 𝗚𝗼̂́𝗰
✅ 𝗡𝗼̛̣ 𝗫𝗮̂́𝘂 – 𝗛𝗼̂̃ 𝗧𝗿𝗼̛̣ 𝟬 Đ𝗼̂̀𝗻𝗴 – 𝗞𝗵𝗼̂𝗻𝗴 𝗫𝗮́𝗰 𝗠𝗶𝗻𝗵
✅ 𝗡𝗼̛̣ 𝗫𝗮̂́𝘂 – 𝗛𝗼̂̃ 𝗧𝗿𝗼̛̣ Đ𝘂̛𝗮 𝟯𝟬% – 𝗞𝗵𝗼̂𝗻𝗴 𝗟𝗮̃𝗶
✅ Đ𝗼̂̉𝗶 𝗣𝗶𝗻 𝗞𝗵𝗼̂𝗻𝗴 𝗖𝗵𝗼̛̀ 𝗦𝗮̣c 𝗡𝗵𝗶𝗲̂̀𝘂 𝗖𝗵𝗶 𝗡𝗵𝗮́𝗻𝗵
✅ 𝗛ỗ 𝗧𝗿𝗼̛̣ 𝟮 𝗡𝗮̆𝗺 𝗫𝗲 𝗛𝘂̛ – 𝗖𝗼́ 𝗫𝗲 𝗞𝗵𝗮́𝗰 𝗗𝘂̀𝗻𝗴
✅ Đ𝗮̆𝗻𝗴 𝗞𝘆́ 𝗔𝗽𝗽 𝗫𝗮𝗻𝗵 𝗣𝗹𝗮𝘁𝗳𝗼𝗿𝗺 – 𝗧𝗮̣𝗶 𝗖𝗵𝗼̂̃
--------------------
🏠 𝟭𝟭𝟱 𝗣𝗵𝗮̣𝗺 𝗧𝗵𝗲̂́ 𝗛𝗶𝗲̂̉𝗻 - 𝗖𝗵𝗮́𝗻𝗵 𝗛𝘂̛𝗻𝗴 - 𝗛𝗖𝗠 ( 𝗤𝘂𝗮̣̂𝗻 𝟴 )
☎️ 𝗛𝗼𝘁𝗹𝗶𝗻𝗲 : *** - 𝗗𝗶𝗲̣̂𝘂",Cần xác minh,Khác,Không phân loại,,
133873833,Xe máy điện SANTOSAR VS3 Xám 240W,12300000,"🏆🏆🏆 Hót Hót mẫu xe VS3 hottrend
🎈xe có thông số động cơ 240W, cho học sinh dưới 16t, cho mẹ đị chợ, cho chị em đi làm
📙Dòng xe có cốp rộng, chạy cực kỳ êm ái. Xe có giấy tờ đăng kiểm, hoá đơn đầy đủ ( đi đường không sợ công an), đặc biệt các em học sinh dứoi 16t chạy vẫn đúng quy định
💡xe được trang bị đèn led, thắng đĩa rất an toàn
🪫 chạy bình 48V30ah chính hãng an toàn không lo cháy nổ
🧾 bảo hành 12 tháng
💰giá 12",2026,,Tp Hồ Chí Minh,Thành phố Thủ Đức,"🏆🏆🏆 Hót Hót mẫu xe VS3 hottrend
🎈xe có thông số động cơ 240W, cho học sinh dưới 16t, cho mẹ đị chợ, cho chị em đi làm
📙Dòng xe có cốp rộng, chạy cực kỳ êm ái. Xe có giấy tờ đăng kiểm, hoá đơn đầy đủ ( đi đường không sợ công an), đặc biệt các em học sinh dứoi 16t chạy vẫn đúng quy định
💡xe được trang bị đèn led, thắng đĩa rất an toàn
🪫 chạy bình 48V30ah chính hãng an toàn không lo cháy nổ
🧾 bảo hành 12 tháng
💰giá 12",Cần xác minh,Khác,Không phân loại,,
134026009,Xe máy điện VinFast EVO 200 2024 Đen mờ 11000 km,20000000,"DƯ dùng bán lại chiếc xe máy điện VinFats EVO 200, màu đen mờ sản xuất 2024 , pin mua chạy 11 000km, pin sử dụng 100km mới sạc,xe luôn bảo dưỡng định kỳ tại hãng , bảo đảm xe còn sử dụng tốt,ngay chủ đứng tên bán, cam ơn anh chị đả xem tin.",2024,11000.0,Tp Hồ Chí Minh,Thành phố Thủ Đức,"DƯ dùng bán lại chiếc xe máy điện VinFats EVO 200, màu đen mờ sản xuất 2024 , pin mua chạy 11 000km, pin sử dụng 100km mới sạc,xe luôn bảo dưỡng định kỳ tại hãng , bảo đảm xe còn sử dụng tốt,ngay chủ đứng tên bán, cam ơn anh chị đả xem tin.",Cần xác minh,VinFast,Evo 200,18000000.0,-11.1
134563221,Xe điện V1  946 TỐT 90% CÒN SỔ BH,7900000,"XE MÁY ĐIỆN KONAXOAKA TỐT 90% CÒN SỔ BH

BÌNH SẠC ĐẦY ĐỦ
BẢO HÀNH DÀI HẠN
ZALO-GỌI TRỰC TIẾP ***
XE ĐẸP NHƯ HÌNH",2026,2000.0,Tp Hồ Chí Minh,Quận 1,"XE MÁY ĐIỆN KONAXOAKA TỐT 90% CÒN SỔ BH

BÌNH SẠC ĐẦY ĐỦ
BẢO HÀNH DÀI HẠN
ZALO-GỌI TRỰC TIẾP ***
XE ĐẸP NHƯ HÌNH",Cần xác minh,Khác,Không phân loại,,
134616801,Xe điện Sundiro Xám tím,6000000,"Cần bán xe điện như hình, xe chạy còn tốt, ngoại hình còn đẹp.",2026,5000.0,Tp Hồ Chí Minh,Quận 10,"Cần bán xe điện như hình, xe chạy còn tốt, ngoại hình còn đẹp.",Cần xác minh,Khác,Không phân loại,,
134602590,Xe Điên 3sGo - Evo200 2025 Trắng 10.000 km,21900000,"Evo200 ĐK 8/2025 Pin Mua BSTP
- Odo 10.000 Cây
- Dàn áo keng ko trầy 99%
- Óc tán 7 màu keng 99%
- Còn đủ phụ kiện theo xe
❤️Xe keng 99% so với xe new 
⛔️ Nợ xấu đưa 0Đ có LÃI SUẤT hoặc 12tr5 KO LÃI SUẤT
--------------------
✅ 𝗛𝗼̂̃ 𝗧𝗿𝗼̛̣ 𝗔𝗲 𝗟𝗲̂𝗻 𝗛𝗼̂̀ 𝗦𝗼̛ 𝗕𝗮𝗻𝗸 𝗡𝗵𝗮̣̂𝗻 𝗫𝗲 𝗩𝗮̀ 𝗖𝗮𝘃𝗲𝘁 𝗚𝗼̂́𝗰
✅ 𝗡𝗼̛̣ 𝗫𝗮̂́𝘂 – 𝗛𝗼̂̃ 𝗧𝗿𝗼̛̣ 𝟬 Đ𝗼̂̀𝗻𝗴 – 𝗞𝗵𝗼̂𝗻𝗴 𝗫𝗮́𝗰 𝗠𝗶𝗻𝗵
✅ 𝗡𝗼̛̣ 𝗫𝗮̂́𝘂 – 𝗛𝗼̂̃ 𝗧𝗿𝗼̛̣ Đ𝘂̛𝗮 𝟯𝟬% – 𝗞𝗵𝗼̂𝗻𝗴 𝗟𝗮̃𝗶
✅ Đ𝗼̂̉𝗶 𝗣𝗶𝗻 𝗞𝗵𝗼̂𝗻𝗴 𝗖𝗵𝗼̛̀ 𝗦𝗮̣c 𝗡𝗵𝗶𝗲̂̀𝘂 𝗖𝗵𝗶 𝗡𝗵𝗮́𝗻𝗵
✅ 𝗛ỗ 𝗧𝗿𝗼̛̣ 𝟮 𝗡𝗮̆𝗺 𝗫𝗲 𝗛𝘂̛ – 𝗖𝗼́ 𝗫𝗲 𝗞𝗵𝗮́𝗰 𝗗𝘂̀𝗻𝗴
✅ Đ𝗮̆𝗻𝗴 𝗞𝘆́ 𝗔𝗽𝗽 𝗫𝗮𝗻𝗵 𝗣𝗹𝗮𝘁𝗳𝗼𝗿𝗺 – 𝗧𝗮̣𝗶 𝗖𝗵𝗼̂̃
--------------------
🏠 𝟭𝟭𝟱 𝗣𝗵𝗮̣𝗺 𝗧𝗵𝗲̂́ 𝗛𝗶𝗲̂̉𝗻 - 𝗖𝗵𝗮́𝗻𝗵 𝗛𝘂̛𝗻𝗴 - 𝗛𝗖𝗠 ( 𝗤𝘂𝗮̣̂𝗻 𝟴 )
☎️ 𝗛𝗼𝘁𝗹𝗶𝗻𝗲 : *** - 𝗗𝗶𝗲̣̂𝘂",2025,10000.0,Tp Hồ Chí Minh,Quận 8,"Evo200 ĐK 8/2025 Pin Mua BSTP
- Odo 10.000 Cây
- Dàn áo keng ko trầy 99%
- Óc tán 7 màu keng 99%
- Còn đủ phụ kiện theo xe
❤️Xe keng 99% so với xe new 
⛔️ Nợ xấu đưa 0Đ có LÃI SUẤT hoặc 12tr5 KO LÃI SUẤT
--------------------
✅ 𝗛𝗼̂̃ 𝗧𝗿𝗼̛̣ 𝗔𝗲 𝗟𝗲̂𝗻 𝗛𝗼̂̀ 𝗦𝗼̛ 𝗕𝗮𝗻𝗸 𝗡𝗵𝗮̣̂𝗻 𝗫𝗲 𝗩𝗮̀ 𝗖𝗮𝘃𝗲𝘁 𝗚𝗼̂́𝗰
✅ 𝗡𝗼̛̣ 𝗫𝗮̂́𝘂 – 𝗛𝗼̂̃ 𝗧𝗿𝗼̛̣ 𝟬 Đ𝗼̂̀𝗻𝗴 – 𝗞𝗵𝗼̂𝗻𝗴 𝗫𝗮́𝗰 𝗠𝗶𝗻𝗵
✅ 𝗡𝗼̛̣ 𝗫𝗮̂́𝘂 – 𝗛𝗼̂̃ 𝗧𝗿𝗼̛̣ Đ𝘂̛𝗮 𝟯𝟬% – 𝗞𝗵𝗼̂𝗻𝗴 𝗟𝗮̃𝗶
✅ Đ𝗼̂̉𝗶 𝗣𝗶𝗻 𝗞𝗵𝗼̂𝗻𝗴 𝗖𝗵𝗼̛̀ 𝗦𝗮̣c 𝗡𝗵𝗶𝗲̂̀𝘂 𝗖𝗵𝗶 𝗡𝗵𝗮́𝗻𝗵
✅ 𝗛ỗ 𝗧𝗿𝗼̛̣ 𝟮 𝗡𝗮̆𝗺 𝗫𝗲 𝗛𝘂̛ – 𝗖𝗼́ 𝗫𝗲 𝗞𝗵𝗮́𝗰 𝗗𝘂̀𝗻𝗴
✅ Đ𝗮̆𝗻𝗴 𝗞𝘆́ 𝗔𝗽𝗽 𝗫𝗮𝗻𝗵 𝗣𝗹𝗮𝘁𝗳𝗼𝗿𝗺 – 𝗧𝗮̣𝗶 𝗖𝗵𝗼̂̃
--------------------
🏠 𝟭𝟭𝟱 𝗣𝗵𝗮̣𝗺 𝗧𝗵𝗲̂́ 𝗛𝗶𝗲̂̉𝗻 - 𝗖𝗵𝗮́𝗻𝗵 𝗛𝘂̛𝗻𝗴 - 𝗛𝗖𝗠 ( 𝗤𝘂𝗮̣̂𝗻 𝟴 )
☎️ 𝗛𝗼𝘁𝗹𝗶𝗻𝗲 : *** - 𝗗𝗶𝗲̣̂𝘂",Cần xác minh,VinFast,Evo 200,18000000.0,-21.7
133937642,Xe máy điện VinFast EVO GRAND Lite 2026 Trắng,19000000,a Ai cần liên hệ nhà ở Quận 12 thành phố Hồ Chí Minh cảm ơn xem như mới,2026,506.0,Tp Hồ Chí Minh,Quận 12,a Ai cần liên hệ nhà ở Quận 12 thành phố Hồ Chí Minh cảm ơn xem như mới,Cần xác minh,Khác,Không phân loại,,
134602453,Xe Điện 3sGo - DatBike Quantum S1 Đen,37900000,"QuantumS1 BSTP
- Odo không nói đâu
- Bảo Hành Pin 10 Năm 
- Sạc 1800w 
- Dàn áo keng ko trầy 98%
- Óc tán 7 màu keng 98%
- Còn đủ phụ kiện theo xe
❤️Xe keng 99% so với xe new 
⛔️ Nợ xấu đưa 3tr7 có LÃI SUẤT hoặc 16tr4 KO LÃI SUẤT
--------------------
✅ 𝗛𝗼̂̃ 𝗧𝗿𝗼̛̣ 𝗔𝗲 𝗟𝗲̂𝗻 𝗛𝗼̂̀ 𝗦𝗼̛ 𝗕𝗮𝗻𝗸 𝗡𝗵𝗮̣̂𝗻 𝗫𝗲 𝗩𝗮̀ 𝗖𝗮𝘃𝗲𝘁 𝗚𝗼̂́𝗰
✅ 𝗡𝗼̛̣ 𝗫𝗮̂́𝘂 – 𝗛𝗼̂̃ 𝗧𝗿𝗼̛̣ 𝟬 Đ𝗼̂̀𝗻𝗴 – 𝗞𝗵𝗼̂𝗻𝗴 𝗫𝗮́𝗰 𝗠𝗶𝗻𝗵
✅ 𝗡𝗼̛̣ 𝗫𝗮̂́𝘂 – 𝗛𝗼̂̃ 𝗧𝗿𝗼̛̣ Đ𝘂̛𝗮 𝟯𝟬% – 𝗞𝗵𝗼̂𝗻𝗴 𝗟𝗮̃𝗶
✅ Đ𝗼̂̉𝗶 𝗣𝗶𝗻 𝗞𝗵𝗼̂𝗻𝗴 𝗖𝗵𝗼̛̀ 𝗦𝗮̣c 𝗡𝗵𝗶𝗲̂̀𝘂 𝗖𝗵𝗶 𝗡𝗵𝗮́𝗻𝗵
✅ 𝗛ỗ 𝗧𝗿𝗼̛̣ 𝟮 𝗡𝗮̆𝗺 𝗫𝗲 𝗛𝘂̛ – 𝗖𝗼́ 𝗫𝗲 𝗞𝗵𝗮́𝗰 𝗗𝘂̀𝗻𝗴
✅ Đ𝗮̆𝗻𝗴 𝗞𝘆́ 𝗔𝗽𝗽 𝗫𝗮𝗻𝗵 𝗣𝗹𝗮𝘁𝗳𝗼𝗿𝗺 – 𝗧𝗮̣𝗶 𝗖𝗵𝗼̂̃
--------------------
🏠 𝟭𝟭𝟱 𝗣𝗵𝗮̣𝗺 𝗧𝗵𝗲̂́ 𝗛𝗶𝗲̂̉𝗻 - 𝗖𝗵𝗮́𝗻𝗵 𝗛𝘂̛𝗻𝗴 - 𝗛𝗖𝗠 ( 𝗤𝘂𝗮̣̂𝗻 𝟴 )
☎️ 𝗛𝗼𝘁𝗹𝗶𝗻𝗲 : *** - 𝗗𝗶𝗲̣̂𝘂",2026,,Tp Hồ Chí Minh,Quận 8,"QuantumS1 BSTP
- Odo không nói đâu
- Bảo Hành Pin 10 Năm 
- Sạc 1800w 
- Dàn áo keng ko trầy 98%
- Óc tán 7 màu keng 98%
- Còn đủ phụ kiện theo xe
❤️Xe keng 99% so với xe new 
⛔️ Nợ xấu đưa 3tr7 có LÃI SUẤT hoặc 16tr4 KO LÃI SUẤT
--------------------
✅ 𝗛𝗼̂̃ 𝗧𝗿𝗼̛̣ 𝗔𝗲 𝗟𝗲̂𝗻 𝗛𝗼̂̀ 𝗦𝗼̛ 𝗕𝗮𝗻𝗸 𝗡𝗵𝗮̣̂𝗻 𝗫𝗲 𝗩𝗮̀ 𝗖𝗮𝘃𝗲𝘁 𝗚𝗼̂́𝗰
✅ 𝗡𝗼̛̣ 𝗫𝗮̂́𝘂 – 𝗛𝗼̂̃ 𝗧𝗿𝗼̛̣ 𝟬 Đ𝗼̂̀𝗻𝗴 – 𝗞𝗵𝗼̂𝗻𝗴 𝗫𝗮́𝗰 𝗠𝗶𝗻𝗵
✅ 𝗡𝗼̛̣ 𝗫𝗮̂́𝘂 – 𝗛𝗼̂̃ 𝗧𝗿𝗼̛̣ Đ𝘂̛𝗮 𝟯𝟬% – 𝗞𝗵𝗼̂𝗻𝗴 𝗟𝗮̃𝗶
✅ Đ𝗼̂̉𝗶 𝗣𝗶𝗻 𝗞𝗵𝗼̂𝗻𝗴 𝗖𝗵𝗼̛̀ 𝗦𝗮̣c 𝗡𝗵𝗶𝗲̂̀𝘂 𝗖𝗵𝗶 𝗡𝗵𝗮́𝗻𝗵
✅ 𝗛ỗ 𝗧𝗿𝗼̛̣ 𝟮 𝗡𝗮̆𝗺 𝗫𝗲 𝗛𝘂̛ – 𝗖𝗼́ 𝗫𝗲 𝗞𝗵𝗮́𝗰 𝗗𝘂̀𝗻𝗴
✅ Đ𝗮̆𝗻𝗴 𝗞𝘆́ 𝗔𝗽𝗽 𝗫𝗮𝗻𝗵 𝗣𝗹𝗮𝘁𝗳𝗼𝗿𝗺 – 𝗧𝗮̣𝗶 𝗖𝗵𝗼̂̃
--------------------
🏠 𝟭𝟭𝟱 𝗣𝗵𝗮̣𝗺 𝗧𝗵𝗲̂́ 𝗛𝗶𝗲̂̉𝗻 - 𝗖𝗵𝗮́𝗻𝗵 𝗛𝘂̛𝗻𝗴 - 𝗛𝗖𝗠 ( 𝗤𝘂𝗮̣̂𝗻 𝟴 )
☎️ 𝗛𝗼𝘁𝗹𝗶𝗻𝗲 : *** - 𝗗𝗶𝗲̣̂𝘂",Cần xác minh,Dat Bike,Quantum,34900000.0,-8.6
134031255,"Vinfast Klara Pin cầm,xe đẹp biển Sài Gòn",10800000,"🍓🍓🍓 Xe bà xã đi đã đổi Evo200 nên thanh lý lại người dùng.
Xe Vinfast Klara màu hồng (Xe đẹp lắm nữ tính)
☘️ Biển Số Sài Gòn 41MĐ- chạy không cần bằng
Pin zin mua  + Sạc Zin: sạc đầy 2-3 tiếng đi được 40-50km/1 lần
- Động cơ mới thay trước tết, xe chạy mượt pin cầm tốt 40-50km, đã thay đồng hồ hiện đại + đèn led 2 tầng
🍇 Chị em mua về đưa đón con hay đi chợ vòng vòng trãi nghiệm ok nhé
🍏Ưu tiên: Học Sinh-Sinh Viên, xe chạy không cần bằng lái
🍇🍇🍇 Xem xe tại địa chỉ
Đường DN5, Đông Hưng Thuận,TPHCM( KDC AN SƯƠNG)",2020,28000.0,Tp Hồ Chí Minh,Quận 12,"🍓🍓🍓 Xe bà xã đi đã đổi Evo200 nên thanh lý lại người dùng.
Xe Vinfast Klara màu hồng (Xe đẹp lắm nữ tính)
☘️ Biển Số Sài Gòn 41MĐ- chạy không cần bằng
Pin zin mua  + Sạc Zin: sạc đầy 2-3 tiếng đi được 40-50km/1 lần
- Động cơ mới thay trước tết, xe chạy mượt pin cầm tốt 40-50km, đã thay đồng hồ hiện đại + đèn led 2 tầng
🍇 Chị em mua về đưa đón con hay đi chợ vòng vòng trãi nghiệm ok nhé
🍏Ưu tiên: Học Sinh-Sinh Viên, xe chạy không cần bằng lái
🍇🍇🍇 Xem xe tại địa chỉ
Đường DN5, Đông Hưng Thuận,TPHCM( KDC AN SƯƠNG)",Kèm pin,VinFast,Klara,35000000.0,69.1
134623797,Xe Điện Xmen,5000000,Cần bán 5 triệu xe đầy đủ giấy tờ đăng ký,2026,10000.0,Hà Nội,Huyện Phú Xuyên,Cần bán 5 triệu xe đầy đủ giấy tờ đăng ký,Cần xác minh,Khác,Không phân loại,,
134160705,VinFast Feliz 2025 Xanh oliu - Chính chủ - BSTP,21500000,"🔥 FELIZ 2025 1 PIN – XANH OLIU – CHÍNH CHỦ
📌 Date T6/2026
📌 Odo 12.000 km
📌 BSTP - Chính chủ
📌 Chính chủ, ủy quyền, sang tên công chứng nhanh gọn
💰 Giá: 2x
-----------------------
💚 Xe Điện Lướt Sài Gòn – Chuyên mua bán xe máy điện đã qua sử dụng tại TP.HCM
✅ Có trả góp – Cà thẻ – Giao tận nhà
📍 118A Chiến Lược, P. Bình Trị Đông, TP.HCM",2025,12000.0,Tp Hồ Chí Minh,Quận Bình Tân,"🔥 FELIZ 2025 1 PIN – XANH OLIU – CHÍNH CHỦ
📌 Date T6/2026
📌 Odo 12.000 km
📌 BSTP - Chính chủ
📌 Chính chủ, ủy quyền, sang tên công chứng nhanh gọn
💰 Giá: 2x
-----------------------
💚 Xe Điện Lướt Sài Gòn – Chuyên mua bán xe máy điện đã qua sử dụng tại TP.HCM
✅ Có trả góp – Cà thẻ – Giao tận nhà
📍 118A Chiến Lược, P. Bình Trị Đông, TP.HCM",Cần xác minh,VinFast,Feliz,27000000.0,20.4
134537840,Xe máy điện Yadea thể thao Cam đen,7500000,"Xe máy điện màu cam đen, kiểu dáng thể thao, phù hợp cho cả nam và nữ. 
- Xe chính chủ, có thể ký giấy sang tên. 
- Thích hợp cho học sinh, sinh viên không cần bằng lái. 
- Xe đang sử dụng tốt.",2023,123.0,Tp Hồ Chí Minh,Quận 12,"Xe máy điện màu cam đen, kiểu dáng thể thao, phù hợp cho cả nam và nữ. 
- Xe chính chủ, có thể ký giấy sang tên. 
- Thích hợp cho học sinh, sinh viên không cần bằng lái. 
- Xe đang sử dụng tốt.",Cần xác minh,Yadea,Yadea (Khác),14990000.0,50.0
134623423,Xe điện VinFast Klara màu Đen,10000000,"Tôi có 1 xe điện vinfast Klara màu đen như hình muốn bán do không có nhu cầu sử dụng. Xe còn đi tốt, vẫn chạy bình thường, vỏ còn nguyên vẹn, ko va chạm hay trầy xước. Xe tôi đi ít nên giữ gìn rất cẩn thận.",2020,19903.0,Hà Nội,Quận Ba Đình,"Tôi có 1 xe điện vinfast Klara màu đen như hình muốn bán do không có nhu cầu sử dụng. Xe còn đi tốt, vẫn chạy bình thường, vỏ còn nguyên vẹn, ko va chạm hay trầy xước. Xe tôi đi ít nên giữ gìn rất cẩn thận.",Cần xác minh,VinFast,Klara,35000000.0,71.4
133934022,Vinfast Evo200 Vàng zin 100% chính chủ,21900000,"     
 ✅ Vinfast Evo200 siêu đẹp ko một vết trầy 2025 
✅ Xe chính chủ Bstp ký mua bán ủy quyền đều được nhé 
✅ Pin 3.5 mua đứt bảo hành 8 năm ,sạc đầy đi được 200km
✅ Giá bán : 21,9tr
✅ Dt : 
✅ Xem xe Q6, Ship toàn quốc
",2025,14000.0,Tp Hồ Chí Minh,Quận 6,"     
 ✅ Vinfast Evo200 siêu đẹp ko một vết trầy 2025 
✅ Xe chính chủ Bstp ký mua bán ủy quyền đều được nhé 
✅ Pin 3.5 mua đứt bảo hành 8 năm ,sạc đầy đi được 200km
✅ Giá bán : 21,9tr
✅ Dt : 
✅ Xem xe Q6, Ship toàn quốc
",Kèm pin,VinFast,Evo 200,18000000.0,-21.7
134623388,Xe máy điện VinFast Feliz Đen 14000 km,19500000,Xe odo 14 ngàn xe hoạt động bình thường không lỗi làm gì chỉ việc mua về là chạy không cần suy nghĩ gì hết,2026,14000.0,Đồng Nai,Huyện Xuân Lộc,Xe odo 14 ngàn xe hoạt động bình thường không lỗi làm gì chỉ việc mua về là chạy không cần suy nghĩ gì hết,Cần xác minh,VinFast,Feliz,27000000.0,27.8
134623383,Xe máy điện VinFast Feliz Trắng 300 km,26000000,Xe mới mua về không đi như mới odo mới 300km xe sẵn 2 pin chỉ việc mua về là chạy không khác gì xe mới đầy đủ phụ kiện,2026,300.0,Đồng Nai,Huyện Xuân Lộc,Xe mới mua về không đi như mới odo mới 300km xe sẵn 2 pin chỉ việc mua về là chạy không khác gì xe mới đầy đủ phụ kiện,Cần xác minh,VinFast,Feliz,27000000.0,3.7
134623365,Xe máy điện  2026 Hồng Đã sử dụng,9500000,Xe mới mua được 4 ngày không có nhu cầu đi nữa bán lại mới 99% kh vết trầy xe hoạt động bình thường không lỗi chỉ việc về cắm sạc là chạy,2026,10.0,Đồng Nai,Huyện Xuân Lộc,Xe mới mua được 4 ngày không có nhu cầu đi nữa bán lại mới 99% kh vết trầy xe hoạt động bình thường không lỗi chỉ việc về cắm sạc là chạy,Cần xác minh,Khác,Không phân loại,,
134596908,Quantum S1 2025 lướt đẹp,38500000,"Xe máy điện màu trắng, pin 100% cho quãng đường di chuyển xa. 
- Thiết kế hiện đại, trẻ trung. 
- Vận hành êm ái, tiết kiệm năng lượng. 
- Phù hợp di chuyển trong thành phố.",2025,10.0,Tp Hồ Chí Minh,Quận Bình Tân,"Xe máy điện màu trắng, pin 100% cho quãng đường di chuyển xa. 
- Thiết kế hiện đại, trẻ trung. 
- Vận hành êm ái, tiết kiệm năng lượng. 
- Phù hợp di chuyển trong thành phố.",Cần xác minh,Dat Bike,Quantum,34900000.0,-10.3
134509389,Xe máy điện VinFast Evo200 2025 Đen,20900000,"Evo200  - Bstp 9 Chủ ĐK 2025
- Dàn áo dán keng 98%
- Óc tán 7 màu keng 98%
- Còn đủ phụ kiện theo xe
❤️Xe keng 98% so với xe new 
⛔️ Nợ xấu đưa 0đ có LÃI SUẤT hoặc 11tr KO LÃI SUẤT
--------------------
✅ 𝗛𝗼̂̃ 𝗧𝗿𝗼̛̣ 𝗔𝗲 𝗟𝗲̂𝗻 𝗛𝗼̂̀ 𝗦𝗼̛ 𝗕𝗮𝗻𝗸 𝗡𝗵𝗮̣̂𝗻 𝗫𝗲 𝗩𝗮̀ 𝗖𝗮𝘃𝗲𝘁 𝗚𝗼̂́𝗰
✅ 𝗡𝗼̛̣ 𝗫𝗮̂́𝘂 – 𝗛𝗼̂̃ 𝗧𝗿𝗼̛̣ 𝟬 Đ𝗼̂̀𝗻𝗴 – 𝗞𝗵𝗼̂𝗻𝗴 𝗫𝗮́𝗰 𝗠𝗶𝗻𝗵
✅ 𝗡𝗼̛̣ 𝗫𝗮̂́𝘂 – 𝗛𝗼̂̃ 𝗧𝗿𝗼̛̣ Đ𝘂̛𝗮 𝟯𝟬% – 𝗞𝗵𝗼̂𝗻𝗴 𝗟𝗮̃𝗶
✅ Đ𝗼̂̉𝗶 𝗣𝗶𝗻 𝗞𝗵𝗼̂𝗻𝗴 𝗖𝗵𝗼̛̀ 𝗦𝗮̣c 𝗡𝗵𝗶𝗲̂̀𝘂 𝗖𝗵𝗶 𝗡𝗵𝗮́𝗻𝗵
✅ 𝗛ỗ 𝗧𝗿𝗼̛̣ 𝟮 𝗡𝗮̆𝗺 𝗫𝗲 𝗛𝘂̛ – 𝗖𝗼́ 𝗫𝗲 𝗞𝗵𝗮́𝗰 𝗗𝘂̀𝗻𝗴
✅ Đ𝗮̆𝗻𝗴 𝗞𝘆́ 𝗔𝗽𝗽 𝗫𝗮𝗻𝗵 𝗣𝗹𝗮𝘁𝗳𝗼𝗿𝗺 – 𝗧𝗮̣𝗶 𝗖𝗵𝗼̂̃
--------------------
🏠𝟮𝟴𝟴 𝗧𝗿𝘂̛𝗼̛̀𝗻𝗴 𝗖𝗵𝗶𝗻𝗵 - 𝗣𝗵ư𝗼̛̀𝗻𝗴 Đ𝗼̂𝗻𝗴 𝗛𝘂̛𝗻𝗴 𝗧𝗵𝘂𝗮̣̂𝗻 - 𝗛𝗖𝗠 (𝗤𝘂𝗮̣̂𝗻𝟭𝟮 𝗰𝘂̃)",2025,,Tp Hồ Chí Minh,Quận 12,"Evo200  - Bstp 9 Chủ ĐK 2025
- Dàn áo dán keng 98%
- Óc tán 7 màu keng 98%
- Còn đủ phụ kiện theo xe
❤️Xe keng 98% so với xe new 
⛔️ Nợ xấu đưa 0đ có LÃI SUẤT hoặc 11tr KO LÃI SUẤT
--------------------
✅ 𝗛𝗼̂̃ 𝗧𝗿𝗼̛̣ 𝗔𝗲 𝗟𝗲̂𝗻 𝗛𝗼̂̀ 𝗦𝗼̛ 𝗕𝗮𝗻𝗸 𝗡𝗵𝗮̣̂𝗻 𝗫𝗲 𝗩𝗮̀ 𝗖𝗮𝘃𝗲𝘁 𝗚𝗼̂́𝗰
✅ 𝗡𝗼̛̣ 𝗫𝗮̂́𝘂 – 𝗛𝗼̂̃ 𝗧𝗿𝗼̛̣ 𝟬 Đ𝗼̂̀𝗻𝗴 – 𝗞𝗵𝗼̂𝗻𝗴 𝗫𝗮́𝗰 𝗠𝗶𝗻𝗵
✅ 𝗡𝗼̛̣ 𝗫𝗮̂́𝘂 – 𝗛𝗼̂̃ 𝗧𝗿𝗼̛̣ Đ𝘂̛𝗮 𝟯𝟬% – 𝗞𝗵𝗼̂𝗻𝗴 𝗟𝗮̃𝗶
✅ Đ𝗼̂̉𝗶 𝗣𝗶𝗻 𝗞𝗵𝗼̂𝗻𝗴 𝗖𝗵𝗼̛̀ 𝗦𝗮̣c 𝗡𝗵𝗶𝗲̂̀𝘂 𝗖𝗵𝗶 𝗡𝗵𝗮́𝗻𝗵
✅ 𝗛ỗ 𝗧𝗿𝗼̛̣ 𝟮 𝗡𝗮̆𝗺 𝗫𝗲 𝗛𝘂̛ – 𝗖𝗼́ 𝗫𝗲 𝗞𝗵𝗮́𝗰 𝗗𝘂̀𝗻𝗴
✅ Đ𝗮̆𝗻𝗴 𝗞𝘆́ 𝗔𝗽𝗽 𝗫𝗮𝗻𝗵 𝗣𝗹𝗮𝘁𝗳𝗼𝗿𝗺 – 𝗧𝗮̣𝗶 𝗖𝗵𝗼̂̃
--------------------
🏠𝟮𝟴𝟴 𝗧𝗿𝘂̛𝗼̛̀𝗻𝗴 𝗖𝗵𝗶𝗻𝗵 - 𝗣𝗵ư𝗼̛̀𝗻𝗴 Đ𝗼̂𝗻𝗴 𝗛𝘂̛𝗻𝗴 𝗧𝗵𝘂𝗮̣̂𝗻 - 𝗛𝗖𝗠 (𝗤𝘂𝗮̣̂𝗻𝟭𝟮 𝗰𝘂̃)",Cần xác minh,VinFast,Evo 200,18000000.0,-16.1
134622598,Xe máy điện Quantum s1 2025 Đen,43000000,"Xe máy điện Quantum s1  màu đen, kiểu dáng hiện đại, vận hành êm ái. 
- Xe mới, ít sử dụng. 
- Thiết kế thời trang, phù hợp di chuyển trong phố. 
- Tiết kiệm năng lượng, thân thiện môi trường.
Năm 12.2025",2025,6000.0,Tp Hồ Chí Minh,Thành phố Thủ Đức,"Xe máy điện Quantum s1  màu đen, kiểu dáng hiện đại, vận hành êm ái. 
- Xe mới, ít sử dụng. 
- Thiết kế thời trang, phù hợp di chuyển trong phố. 
- Tiết kiệm năng lượng, thân thiện môi trường.
Năm 12.2025",Cần xác minh,Dat Bike,Quantum,34900000.0,-23.2
134558900,Xe Điện 3sGo - EvoMax BST 65 Trắng 8000 km,20900000,"EvoMax BST 65 Chính Chủ
- Odo 8k
- Sẵn 2 pin thuê
- Óc tán 7 màu keng 
- Còn đủ phụ kiện theo xe
- Bảo hành Vinfats toàn quốc
⛔️ Nợ xấu đưa 0đ có LÃI SUẤT hoặc 12tr KO LÃI SUẤT
--------------------
✅ 𝗛𝗼̂̃ 𝗧𝗿𝗼̛̣ 𝗔𝗲 𝗟𝗲̂𝗻 𝗛𝗼̂̀ 𝗦𝗼̛ 𝗕𝗮𝗻𝗸 𝗡𝗵𝗮̣̂𝗻 𝗫𝗲 𝗩𝗮̀ 𝗖𝗮𝘃𝗲𝘁 𝗚𝗼̂́𝗰
✅ 𝗡𝗼̛̣ 𝗫𝗮̂́𝘂 – 𝗛𝗼̂̃ 𝗧𝗿𝗼̛̣ 𝟬 Đ𝗼̂̀𝗻𝗴 – 𝗞𝗵𝗼̂𝗻𝗴 𝗫𝗮́𝗰 𝗠𝗶𝗻𝗵
✅ 𝗡𝗼̛̣ 𝗫𝗮̂́𝘂 – 𝗛𝗼̂̃ 𝗧𝗿𝗼̛̣ Đ𝘂̛𝗮 𝟯𝟬% – 𝗞𝗵𝗼̂𝗻𝗴 𝗟𝗮̃𝗶
✅ Đ𝗼̂̉𝗶 𝗣𝗶𝗻 𝗞𝗵𝗼̂𝗻𝗴 𝗖𝗵𝗼̛̀ 𝗦𝗮̣c 𝗡𝗵𝗶𝗲̂̀𝘂 𝗖𝗵𝗶 𝗡𝗵𝗮́𝗻𝗵
✅ 𝗛ỗ 𝗧𝗿𝗼̛̣ 𝟮 𝗡𝗮̆𝗺 𝗫𝗲 𝗛𝘂̛ – 𝗖𝗼́ 𝗫𝗲 𝗞𝗵𝗮́𝗰 𝗗𝘂̀𝗻𝗴
✅ Đ𝗮̆𝗻𝗴 𝗞𝘆́ 𝗔𝗽𝗽 𝗫𝗮𝗻𝗵 𝗣𝗹𝗮𝘁𝗳𝗼𝗿𝗺 – 𝗧𝗮̣𝗶 𝗖𝗵𝗼̂̃
--------------------
🏠𝟮𝟴𝟴 𝗧𝗿𝘂̛𝗼̛̀𝗻𝗴 𝗖𝗵𝗶𝗻𝗵 - 𝗣𝗵ư𝗼̛̀𝗻𝗴 Đ𝗼̂𝗻𝗴 𝗛𝘂̛𝗻𝗴 𝗧𝗵𝘂𝗮̣̂𝗻 - 𝗛𝗖𝗠 (𝗤𝘂𝗮̣̂𝗻𝟭𝟮 𝗰𝘂̃)",2026,8000.0,Tp Hồ Chí Minh,Quận 12,"EvoMax BST 65 Chính Chủ
- Odo 8k
- Sẵn 2 pin thuê
- Óc tán 7 màu keng 
- Còn đủ phụ kiện theo xe
- Bảo hành Vinfats toàn quốc
⛔️ Nợ xấu đưa 0đ có LÃI SUẤT hoặc 12tr KO LÃI SUẤT
--------------------
✅ 𝗛𝗼̂̃ 𝗧𝗿𝗼̛̣ 𝗔𝗲 𝗟𝗲̂𝗻 𝗛𝗼̂̀ 𝗦𝗼̛ 𝗕𝗮𝗻𝗸 𝗡𝗵𝗮̣̂𝗻 𝗫𝗲 𝗩𝗮̀ 𝗖𝗮𝘃𝗲𝘁 𝗚𝗼̂́𝗰
✅ 𝗡𝗼̛̣ 𝗫𝗮̂́𝘂 – 𝗛𝗼̂̃ 𝗧𝗿𝗼̛̣ 𝟬 Đ𝗼̂̀𝗻𝗴 – 𝗞𝗵𝗼̂𝗻𝗴 𝗫𝗮́𝗰 𝗠𝗶𝗻𝗵
✅ 𝗡𝗼̛̣ 𝗫𝗮̂́𝘂 – 𝗛𝗼̂̃ 𝗧𝗿𝗼̛̣ Đ𝘂̛𝗮 𝟯𝟬% – 𝗞𝗵𝗼̂𝗻𝗴 𝗟𝗮̃𝗶
✅ Đ𝗼̂̉𝗶 𝗣𝗶𝗻 𝗞𝗵𝗼̂𝗻𝗴 𝗖𝗵𝗼̛̀ 𝗦𝗮̣c 𝗡𝗵𝗶𝗲̂̀𝘂 𝗖𝗵𝗶 𝗡𝗵𝗮́𝗻𝗵
✅ 𝗛ỗ 𝗧𝗿𝗼̛̣ 𝟮 𝗡𝗮̆𝗺 𝗫𝗲 𝗛𝘂̛ – 𝗖𝗼́ 𝗫𝗲 𝗞𝗵𝗮́𝗰 𝗗𝘂̀𝗻𝗴
✅ Đ𝗮̆𝗻𝗴 𝗞𝘆́ 𝗔𝗽𝗽 𝗫𝗮𝗻𝗵 𝗣𝗹𝗮𝘁𝗳𝗼𝗿𝗺 – 𝗧𝗮̣𝗶 𝗖𝗵𝗼̂̃
--------------------
🏠𝟮𝟴𝟴 𝗧𝗿𝘂̛𝗼̛̀𝗻𝗴 𝗖𝗵𝗶𝗻𝗵 - 𝗣𝗵ư𝗼̛̀𝗻𝗴 Đ𝗼̂𝗻𝗴 𝗛𝘂̛𝗻𝗴 𝗧𝗵𝘂𝗮̣̂𝗻 - 𝗛𝗖𝗠 (𝗤𝘂𝗮̣̂𝗻𝟭𝟮 𝗰𝘂̃)",Cần xác minh,Khác,Không phân loại,,
134366874,"Xe máy điện Typer 2 Trắng, Cam đã sử dụng",7800000,"Typer 2 đi ít còn như mới bán nửa giá mới

🛵TRẺ TRUNG - PHONG CÁCH - NĂNG ĐỘNG 
✴️ thanh lý xe typer2 
💸💸 giá bán 7tr800
☑️ màu sắc trung tính, thời trang (bảo hành 6 tháng) 
☑️ máy móc nguyên zin, an toàn tiết kiệm điện , Xanh, sạch không ồn 
☎️ Zalo *** (free ship Hà Nội, hỗ trợ ship toàn quốc  )
🏠 389 đội cấn -Hà Nội",2025,10000.0,Hà Nội,Quận Ba Đình,"Typer 2 đi ít còn như mới bán nửa giá mới

🛵TRẺ TRUNG - PHONG CÁCH - NĂNG ĐỘNG 
✴️ thanh lý xe typer2 
💸💸 giá bán 7tr800
☑️ màu sắc trung tính, thời trang (bảo hành 6 tháng) 
☑️ máy móc nguyên zin, an toàn tiết kiệm điện , Xanh, sạch không ồn 
☎️ Zalo *** (free ship Hà Nội, hỗ trợ ship toàn quốc  )
🏠 *** đội cấn -Hà Nội",Kèm pin,Khác,Không phân loại,,
134508320,Xe Điện 3sGo - Datbike S1 2026 Đen 10000 km,44900000,"DatbikeS1 BSTP ĐK 2026 Chính Chủ 1 Lần sạc đi 285km
- Odo 10k hơn
- Óc tán 7 màu keng 
- Còn đủ phụ kiện theo xe 
- Bảo hành Datbike toàn quốc
⛔️ Nợ xấu đưa 5tr8 có LÃI SUẤT hoặc 23tr KO LÃI SUẤT
--------------------
✅ 𝗛𝗼̂̃ 𝗧𝗿𝗼̛̣ 𝗔𝗲 𝗟𝗲̂𝗻 𝗛𝗼̂̀ 𝗦𝗼̛ 𝗕𝗮𝗻𝗸 𝗡𝗵𝗮̣̂𝗻 𝗫𝗲 𝗩𝗮̀ 𝗖𝗮𝘃𝗲𝘁 𝗚𝗼̂́𝗰
✅ 𝗡𝗼̛̣ 𝗫𝗮̂́𝘂 – 𝗛𝗼̂̃ 𝗧𝗿𝗼̛̣ 𝟬 Đ𝗼̂̀𝗻𝗴 – 𝗞𝗵𝗼̂𝗻𝗴 𝗫𝗮́𝗰 𝗠𝗶𝗻𝗵
✅ 𝗡𝗼̛̣ 𝗫𝗮̂́𝘂 – 𝗛𝗼̂̃ 𝗧𝗿𝗼̛̣ Đ𝘂̛𝗮 𝟯𝟬% – 𝗞𝗵𝗼̂𝗻𝗴 𝗟𝗮̃𝗶
✅ Đ𝗼̂̉𝗶 𝗣𝗶𝗻 𝗞𝗵𝗼̂𝗻𝗴 𝗖𝗵𝗼̛̀ 𝗦𝗮̣c 𝗡𝗵𝗶𝗲̂̀𝘂 𝗖𝗵𝗶 𝗡𝗵𝗮́𝗻𝗵
✅ 𝗛ỗ 𝗧𝗿𝗼̛̣ 𝟮 𝗡𝗮̆𝗺 𝗫𝗲 𝗛𝘂̛ – 𝗖𝗼́ 𝗫𝗲 𝗞𝗵𝗮́𝗰 𝗗𝘂̀𝗻𝗴
✅ Đ𝗮̆𝗻𝗴 𝗞𝘆́ 𝗔𝗽𝗽 𝗫𝗮𝗻𝗵 𝗣𝗹𝗮𝘁𝗳𝗼𝗿𝗺 – 𝗧𝗮̣𝗶 𝗖𝗵𝗼̂̃
--------------------
🏠𝟮𝟴𝟴 𝗧𝗿𝘂̛𝗼̛̀𝗻𝗴 𝗖𝗵𝗶𝗻𝗵 - 𝗣𝗵ư𝗼̛̀𝗻𝗴 Đ𝗼̂𝗻𝗴 𝗛𝘂̛𝗻𝗴 𝗧𝗵𝘂𝗮̣̂𝗻 - 𝗛𝗖𝗠 (𝗤𝘂𝗮̣̂𝗻𝟭𝟮 𝗰𝘂̃)",2025,10000.0,Tp Hồ Chí Minh,Quận 12,"DatbikeS1 BSTP ĐK 2026 Chính Chủ 1 Lần sạc đi 285km
- Odo 10k hơn
- Óc tán 7 màu keng 
- Còn đủ phụ kiện theo xe 
- Bảo hành Datbike toàn quốc
⛔️ Nợ xấu đưa 5tr8 có LÃI SUẤT hoặc 23tr KO LÃI SUẤT
--------------------
✅ 𝗛𝗼̂̃ 𝗧𝗿𝗼̛̣ 𝗔𝗲 𝗟𝗲̂𝗻 𝗛𝗼̂̀ 𝗦𝗼̛ 𝗕𝗮𝗻𝗸 𝗡𝗵𝗮̣̂𝗻 𝗫𝗲 𝗩𝗮̀ 𝗖𝗮𝘃𝗲𝘁 𝗚𝗼̂́𝗰
✅ 𝗡𝗼̛̣ 𝗫𝗮̂́𝘂 – 𝗛𝗼̂̃ 𝗧𝗿𝗼̛̣ 𝟬 Đ𝗼̂̀𝗻𝗴 – 𝗞𝗵𝗼̂𝗻𝗴 𝗫𝗮́𝗰 𝗠𝗶𝗻𝗵
✅ 𝗡𝗼̛̣ 𝗫𝗮̂́𝘂 – 𝗛𝗼̂̃ 𝗧𝗿𝗼̛̣ Đ𝘂̛𝗮 𝟯𝟬% – 𝗞𝗵𝗼̂𝗻𝗴 𝗟𝗮̃𝗶
✅ Đ𝗼̂̉𝗶 𝗣𝗶𝗻 𝗞𝗵𝗼̂𝗻𝗴 𝗖𝗵𝗼̛̀ 𝗦𝗮̣c 𝗡𝗵𝗶𝗲̂̀𝘂 𝗖𝗵𝗶 𝗡𝗵𝗮́𝗻𝗵
✅ 𝗛ỗ 𝗧𝗿𝗼̛̣ 𝟮 𝗡𝗮̆𝗺 𝗫𝗲 𝗛𝘂̛ – 𝗖𝗼́ 𝗫𝗲 𝗞𝗵𝗮́𝗰 𝗗𝘂̀𝗻𝗴
✅ Đ𝗮̆𝗻𝗴 𝗞𝘆́ 𝗔𝗽𝗽 𝗫𝗮𝗻𝗵 𝗣𝗹𝗮𝘁𝗳𝗼𝗿𝗺 – 𝗧𝗮̣𝗶 𝗖𝗵𝗼̂̃
--------------------
🏠𝟮𝟴𝟴 𝗧𝗿𝘂̛𝗼̛̀𝗻𝗴 𝗖𝗵𝗶𝗻𝗵 - 𝗣𝗵ư𝗼̛̀𝗻𝗴 Đ𝗼̂𝗻𝗴 𝗛𝘂̛𝗻𝗴 𝗧𝗵𝘂𝗮̣̂𝗻 - 𝗛𝗖𝗠 (𝗤𝘂𝗮̣̂𝗻𝟭𝟮 𝗰𝘂̃)",Cần xác minh,Khác,Không phân loại,,
134197994,CỬA HÀNG THU MUA XE MÁY ĐIỆN CŨ,35999000,"⭐️ CỬA HÀNG PHẠM TUẤN XE ĐIỆN CŨ 
CHUYÊN THU MUA XE ĐIỆN CŨ - GIÁ CAO - BAO MỌI GIẤY TỜ LIÊN QUAN
📌 Địa chỉ: 244 Thoại Ngọc Hầu . Phú Thạnh , Q .Tân Phú . TP HCM.
⭐️ ĐỊNH GIÁ MIỄN PHÍ XE MÁY ⭐️

❤️ Chuyên Thu Mua Xe Điện Cũ với các dòng như sau, Giá Bao Thị Trường
( VINFAST . YADEA . DATBIKE . PEGA...)

Giá thu từ: 1tr - 99tr

Dịch vụ đặc biệt:
❤️ Bấm Giá Trong Vòng 30s Để Khách Hàng Tham Khảo Giá
❤️ Hỗ Trợ Mua Tận Nơi ( Sài Gòn và những chỗ lân cận)


😍😍😍 CẦN KẾT NỐI VỚI SHOWROOM CÁC HÃNG XE ĐIỆN NEW THU CŨ ĐỔI MỚI CHO KHÁCH HÀNG

code: #thumuaxe #26003663_1",2025,1.0,Tp Hồ Chí Minh,Quận Tân Phú,"⭐️ CỬA HÀNG PHẠM TUẤN XE ĐIỆN CŨ 
CHUYÊN THU MUA XE ĐIỆN CŨ - GIÁ CAO - BAO MỌI GIẤY TỜ LIÊN QUAN
📌 Địa chỉ: 244 Thoại Ngọc Hầu . Phú Thạnh , Q .Tân Phú . TP HCM.
⭐️ ĐỊNH GIÁ MIỄN PHÍ XE MÁY ⭐️

❤️ Chuyên Thu Mua Xe Điện Cũ với các dòng như sau, Giá Bao Thị Trường
( VINFAST . YADEA . DATBIKE . PEGA...)

Giá thu từ: 1tr - 99tr

Dịch vụ đặc biệt:
❤️ Bấm Giá Trong Vòng 30s Để Khách Hàng Tham Khảo Giá
❤️ Hỗ Trợ Mua Tận Nơi ( Sài Gòn và những chỗ lân cận)


😍😍😍 CẦN KẾT NỐI VỚI SHOWROOM CÁC HÃNG XE ĐIỆN NEW THU CŨ ĐỔI MỚI CHO KHÁCH HÀNG

code: #thumuaxe #26003663_1",Cần xác minh,Khác,Không phân loại,,
134558870,Xe Điện 3sGo - Feliz II Trắng 700km,25900000,"Feliz II BSTP Chính Chủ 
- Odo 700km
- 2pin (free thuê 2pin 1 năm)
- Óc tán 7 màu keng 
- Còn đủ phụ kiện theo xe 
- Bảo hành Vinfast toàn quốc
⛔️ Nợ xấu đưa 0đ có LÃI SUẤT hoặc 15tr KO LÃI SUẤT
--------------------
✅ 𝗛𝗼̂̃ 𝗧𝗿𝗼̛̣ 𝗔𝗲 𝗟𝗲̂𝗻 𝗛𝗼̂̀ 𝗦𝗼̛ 𝗕𝗮𝗻𝗸 𝗡𝗵𝗮̣̂𝗻 𝗫𝗲 𝗩𝗮̀ 𝗖𝗮𝘃𝗲𝘁 𝗚𝗼̂́𝗰
✅ 𝗡𝗼̛̣ 𝗫𝗮̂́𝘂 – 𝗛𝗼̂̃ 𝗧𝗿𝗼̛̣ 𝟬 Đ𝗼̂̀𝗻𝗴 – 𝗞𝗵𝗼̂𝗻𝗴 𝗫𝗮́𝗰 𝗠𝗶𝗻𝗵
✅ 𝗡𝗼̛̣ 𝗫𝗮̂́𝘂 – 𝗛𝗼̂̃ 𝗧𝗿𝗼̛̣ Đ𝘂̛𝗮 𝟯𝟬% – 𝗞𝗵𝗼̂𝗻𝗴 𝗟𝗮̃𝗶
✅ Đ𝗼̂̉𝗶 𝗣𝗶𝗻 𝗞𝗵𝗼̂𝗻𝗴 𝗖𝗵𝗼̛̀ 𝗦𝗮̣c 𝗡𝗵𝗶𝗲̂̀𝘂 𝗖𝗵𝗶 𝗡𝗵𝗮́𝗻𝗵
✅ 𝗛ỗ 𝗧𝗿𝗼̛̣ 𝟮 𝗡𝗮̆𝗺 𝗫𝗲 𝗛𝘂̛ – 𝗖𝗼́ 𝗫𝗲 𝗞𝗵𝗮́𝗰 𝗗𝘂̀𝗻𝗴
✅ Đ𝗮̆𝗻𝗴 𝗞𝘆́ 𝗔𝗽𝗽 𝗫𝗮𝗻𝗵 𝗣𝗹𝗮𝘁𝗳𝗼𝗿𝗺 – 𝗧𝗮̣𝗶 𝗖𝗵𝗼̂̃
--------------------
🏠𝟮𝟴𝟴 𝗧𝗿𝘂̛𝗼̛̀𝗻𝗴 𝗖𝗵𝗶𝗻𝗵 - 𝗣𝗵ư𝗼̛̀𝗻𝗴 Đ𝗼̂𝗻𝗴 𝗛𝘂̛𝗻𝗴 𝗧𝗵𝘂𝗮̣̂𝗻 - 𝗛𝗖𝗠 (𝗤𝘂𝗮̣̂𝗻𝟭𝟮 𝗰𝘂̃)",2026,700.0,Tp Hồ Chí Minh,Quận 12,"Feliz II BSTP Chính Chủ 
- Odo 700km
- 2pin (free thuê 2pin 1 năm)
- Óc tán 7 màu keng 
- Còn đủ phụ kiện theo xe 
- Bảo hành Vinfast toàn quốc
⛔️ Nợ xấu đưa 0đ có LÃI SUẤT hoặc 15tr KO LÃI SUẤT
--------------------
✅ 𝗛𝗼̂̃ 𝗧𝗿𝗼̛̣ 𝗔𝗲 𝗟𝗲̂𝗻 𝗛𝗼̂̀ 𝗦𝗼̛ 𝗕𝗮𝗻𝗸 𝗡𝗵𝗮̣̂𝗻 𝗫𝗲 𝗩𝗮̀ 𝗖𝗮𝘃𝗲𝘁 𝗚𝗼̂́𝗰
✅ 𝗡𝗼̛̣ 𝗫𝗮̂́𝘂 – 𝗛𝗼̂̃ 𝗧𝗿𝗼̛̣ 𝟬 Đ𝗼̂̀𝗻𝗴 – 𝗞𝗵𝗼̂𝗻𝗴 𝗫𝗮́𝗰 𝗠𝗶𝗻𝗵
✅ 𝗡𝗼̛̣ 𝗫𝗮̂́𝘂 – 𝗛𝗼̂̃ 𝗧𝗿𝗼̛̣ Đ𝘂̛𝗮 𝟯𝟬% – 𝗞𝗵𝗼̂𝗻𝗴 𝗟𝗮̃𝗶
✅ Đ𝗼̂̉𝗶 𝗣𝗶𝗻 𝗞𝗵𝗼̂𝗻𝗴 𝗖𝗵𝗼̛̀ 𝗦𝗮̣c 𝗡𝗵𝗶𝗲̂̀𝘂 𝗖𝗵𝗶 𝗡𝗵𝗮́𝗻𝗵
✅ 𝗛ỗ 𝗧𝗿𝗼̛̣ 𝟮 𝗡𝗮̆𝗺 𝗫𝗲 𝗛𝘂̛ – 𝗖𝗼́ 𝗫𝗲 𝗞𝗵𝗮́𝗰 𝗗𝘂̀𝗻𝗴
✅ Đ𝗮̆𝗻𝗴 𝗞𝘆́ 𝗔𝗽𝗽 𝗫𝗮𝗻𝗵 𝗣𝗹𝗮𝘁𝗳𝗼𝗿𝗺 – 𝗧𝗮̣𝗶 𝗖𝗵𝗼̂̃
--------------------
🏠𝟮𝟴𝟴 𝗧𝗿𝘂̛𝗼̛̀𝗻𝗴 𝗖𝗵𝗶𝗻𝗵 - 𝗣𝗵ư𝗼̛̀𝗻𝗴 Đ𝗼̂𝗻𝗴 𝗛𝘂̛𝗻𝗴 𝗧𝗵𝘂𝗮̣̂𝗻 - 𝗛𝗖𝗠 (𝗤𝘂𝗮̣̂𝗻𝟭𝟮 𝗰𝘂̃)",Cần xác minh,VinFast,Feliz,27000000.0,4.1
134621837,Xe máy điện Xmen 2019 Đen Việt Nam,4900000,"BÁN XE MÁY ĐIỆN cũ :  Xmen 
Giá:4tr900  bình khỏe 30/35km/1 lần sạc 
Đk 2019 biển số 74 
xe ở Cầu Vượt Sóng Thần  Qlộ 1A 
LH: ***
Có nhan đổi xe điện cũ các loại",2019,8978.0,Tp Hồ Chí Minh,Thành phố Thủ Đức,"BÁN XE MÁY ĐIỆN cũ :  Xmen 
Giá:4tr900  bình khỏe 30/35km/1 lần sạc 
Đk 2019 biển số 74 
xe ở Cầu Vượt Sóng Thần  Qlộ 1A 
LH: ***
Có nhan đổi xe điện cũ các loại",Cần xác minh,Khác,Không phân loại,,
134621834,Xe máy điện VinFast Vento Neo Trắng 9.000KM,29500000,"Vento Neo 9.000KM Cập Bến 😍😍😍

Giá..29.5Tr

☎️*** Em bi",2025,9000.0,Tp Hồ Chí Minh,Quận Tân Phú,"Vento Neo 9.000KM Cập Bến 😍😍😍

Giá..29.5Tr

☎️*** Em bi",Cần xác minh,VinFast,Vento,50000000.0,41.0
134621825,"VinFast Feliz Neo 2025 Xám 38,900km",28000000,"Feliz Ne***


- ODO : 38,900km
- Pin : 72v 105Ah . Quãng đường đi được từ 200km 1 lần sạc
- Ngoại hình : 95%
- Thủ tục mua bán : công chứng mua bán ra tên mới. Chủ xe hỗ trợ rút hồ sơ
- Năm đăng ký : 10/2025
- Giá bán :  28,000,000
- Có hỗ trợ trả góp, nợ xấu
- Có cho thuê xe, trao đổi mua bán xe, ký gửi xe",2025,38900.0,Tp Hồ Chí Minh,Quận Tân Bình,"Feliz Ne***


- ODO : 38,900km
- Pin : 72v 105Ah . Quãng đường đi được từ 200km 1 lần sạc
- Ngoại hình : 95%
- Thủ tục mua bán : công chứng mua bán ra tên mới. Chủ xe hỗ trợ rút hồ sơ
- Năm đăng ký : 10/2025
- Giá bán :  28,000,000
- Có hỗ trợ trả góp, nợ xấu
- Có cho thuê xe, trao đổi mua bán xe, ký gửi xe",Cần xác minh,VinFast,Feliz,27000000.0,-3.7
134621821,Xe điện gogo,5200000,"bán xe điện còn rất tốt nhập khẩu nguyên chiếc giá vừa tầm ai mua cho con đi hoc câp 3 đỡ đươc bao nhiêu tiền nhà nhiêu xe lên bán nhanh cho gọn
ai thiên chí mua hoăc nhăn tin nêu ko nghe may kip",2019,5252.0,Hải Phòng,Quận Ngô Quyền,"bán xe điện còn rất tốt nhập khẩu nguyên chiếc giá vừa tầm ai mua cho con đi hoc câp 3 đỡ đươc bao nhiêu tiền nhà nhiêu xe lên bán nhanh cho gọn
ai thiên chí mua hoăc nhăn tin nêu ko nghe may kip",Cần xác minh,Dibao,Gogo,14500000.0,64.1
134621813,Quantum S3 odo 10k xe đẹp ken biển sg,32500000,"Quantum s3 xe đẹp ken 9 chủ ký 
Có gop nợ xấu tay đôi",2025,10412.0,Tp Hồ Chí Minh,Quận Tân Phú,"Quantum s3 xe đẹp ken 9 chủ ký 
Có gop nợ xấu tay đôi",Cần xác minh,Dat Bike,Quantum,34900000.0,6.9
133165398,Xe máy điện VinFast Feliz 2 Trắng,17500000,"Xe máy điện VinFast Feliz 2 màu trắng, thiết kế hiện đại, phù hợp cho cả nam và nữ. 
- Xe vận hành êm ái, tiết kiệm năng lượng. 
- Trang bị nhiều tính năng thông minh. 
- Xe mới, ít sử dụng.
- chuyển nhượng hợp đồng thuê 2 pin vinfast 1,5kw
",2026,1589.0,Đồng Nai,Huyện Trảng Bom,"Xe máy điện VinFast Feliz 2 màu trắng, thiết kế hiện đại, phù hợp cho cả nam và nữ. 
- Xe vận hành êm ái, tiết kiệm năng lượng. 
- Trang bị nhiều tính năng thông minh. 
- Xe mới, ít sử dụng.
- chuyển nhượng hợp đồng thuê 2 pin vinfast 1,5kw
",Cần xác minh,VinFast,Feliz,27000000.0,35.2
134536690,Xe Điện 3sGo -  Evo200Lite 2025 Đen,22900000,"Evo200Lite  - Bstp 9 Chủ ĐK 2025
- 2 Chìa khoá đầy đủ
- Dàn áo dán keng 98%
- Óc tán 7 màu keng 98%
- Còn đủ phụ kiện theo xe
❤️Xe keng 98% so với xe new 
⛔️ Nợ xấu đưa 3tr2 có LÃI SUẤT hoặc 12tr KO LÃI SUẤT
--------------------
✅ 𝗛𝗼̂̃ 𝗧𝗿𝗼̛̣ 𝗔𝗲 𝗟𝗲̂𝗻 𝗛𝗼̂̀ 𝗦𝗼̛ 𝗕𝗮𝗻𝗸 𝗡𝗵𝗮̣̂𝗻 𝗫𝗲 𝗩𝗮̀ 𝗖𝗮𝘃𝗲𝘁 𝗚𝗼̂́𝗰
✅ 𝗡𝗼̛̣ 𝗫𝗮̂́𝘂 – 𝗛𝗼̂̃ 𝗧𝗿𝗼̛̣ 𝟬 Đ𝗼̂̀𝗻𝗴 – 𝗞𝗵𝗼̂𝗻𝗴 𝗫𝗮́𝗰 𝗠𝗶𝗻𝗵
✅ 𝗡𝗼̛̣ 𝗫𝗮̂́𝘂 – 𝗛𝗼̂̃ 𝗧𝗿𝗼̛̣ Đ𝘂̛𝗮 𝟯𝟬% – 𝗞𝗵𝗼̂𝗻𝗴 𝗟𝗮̃𝗶
✅ Đ𝗼̂̉𝗶 𝗣𝗶𝗻 𝗞𝗵𝗼̂𝗻𝗴 𝗖𝗵𝗼̛̀ 𝗦𝗮̣c 𝗡𝗵𝗶𝗲̂̀𝘂 𝗖𝗵𝗶 𝗡𝗵𝗮́𝗻𝗵
✅ 𝗛ỗ 𝗧𝗿𝗼̛̣ 𝟮 𝗡𝗮̆𝗺 𝗫𝗲 𝗛𝘂̛ – 𝗖𝗼́ 𝗫𝗲 𝗞𝗵𝗮́𝗰 𝗗𝘂̀𝗻𝗴
✅ Đ𝗮̆𝗻𝗴 𝗞𝘆́ 𝗔𝗽𝗽 𝗫𝗮𝗻𝗵 𝗣𝗹𝗮𝘁𝗳𝗼𝗿𝗺 – 𝗧𝗮̣𝗶 𝗖𝗵𝗼̂̃
--------------------
🏠𝟮𝟴𝟴 𝗧𝗿𝘂̛𝗼̛̀𝗻𝗴 𝗖𝗵𝗶𝗻𝗵 - 𝗣𝗵ư𝗼̛̀𝗻𝗴 Đ𝗼̂𝗻𝗴 𝗛𝘂̛𝗻𝗴 𝗧𝗵𝘂𝗮̣̂𝗻 - 𝗛𝗖𝗠 (𝗤𝘂𝗮̣̂𝗻𝟭𝟮 𝗰𝘂̃)",2025,,Tp Hồ Chí Minh,Quận 12,"Evo200Lite  - Bstp 9 Chủ ĐK 2025
- 2 Chìa khoá đầy đủ
- Dàn áo dán keng 98%
- Óc tán 7 màu keng 98%
- Còn đủ phụ kiện theo xe
❤️Xe keng 98% so với xe new 
⛔️ Nợ xấu đưa 3tr2 có LÃI SUẤT hoặc 12tr KO LÃI SUẤT
--------------------
✅ 𝗛𝗼̂̃ 𝗧𝗿𝗼̛̣ 𝗔𝗲 𝗟𝗲̂𝗻 𝗛𝗼̂̀ 𝗦𝗼̛ 𝗕𝗮𝗻𝗸 𝗡𝗵𝗮̣̂𝗻 𝗫𝗲 𝗩𝗮̀ 𝗖𝗮𝘃𝗲𝘁 𝗚𝗼̂́𝗰
✅ 𝗡𝗼̛̣ 𝗫𝗮̂́𝘂 – 𝗛𝗼̂̃ 𝗧𝗿𝗼̛̣ 𝟬 Đ𝗼̂̀𝗻𝗴 – 𝗞𝗵𝗼̂𝗻𝗴 𝗫𝗮́𝗰 𝗠𝗶𝗻𝗵
✅ 𝗡𝗼̛̣ 𝗫𝗮̂́𝘂 – 𝗛𝗼̂̃ 𝗧𝗿𝗼̛̣ Đ𝘂̛𝗮 𝟯𝟬% – 𝗞𝗵𝗼̂𝗻𝗴 𝗟𝗮̃𝗶
✅ Đ𝗼̂̉𝗶 𝗣𝗶𝗻 𝗞𝗵𝗼̂𝗻𝗴 𝗖𝗵𝗼̛̀ 𝗦𝗮̣c 𝗡𝗵𝗶𝗲̂̀𝘂 𝗖𝗵𝗶 𝗡𝗵𝗮́𝗻𝗵
✅ 𝗛ỗ 𝗧𝗿𝗼̛̣ 𝟮 𝗡𝗮̆𝗺 𝗫𝗲 𝗛𝘂̛ – 𝗖𝗼́ 𝗫𝗲 𝗞𝗵𝗮́𝗰 𝗗𝘂̀𝗻𝗴
✅ Đ𝗮̆𝗻𝗴 𝗞𝘆́ 𝗔𝗽𝗽 𝗫𝗮𝗻𝗵 𝗣𝗹𝗮𝘁𝗳𝗼𝗿𝗺 – 𝗧𝗮̣𝗶 𝗖𝗵𝗼̂̃
--------------------
🏠𝟮𝟴𝟴 𝗧𝗿𝘂̛𝗼̛̀𝗻𝗴 𝗖𝗵𝗶𝗻𝗵 - 𝗣𝗵ư𝗼̛̀𝗻𝗴 Đ𝗼̂𝗻𝗴 𝗛𝘂̛𝗻𝗴 𝗧𝗵𝘂𝗮̣̂𝗻 - 𝗛𝗖𝗠 (𝗤𝘂𝗮̣̂𝗻𝟭𝟮 𝗰𝘂̃)",Cần xác minh,Khác,Không phân loại,,
134621561,Xe máy điện VinFast Feliz 2025 Trắng 2 pin 2.4kW,25000000,"FELIZ 2025 – 2 PIN ZIN – GIÁ 25 TRIỆU 🔥
Biển số: 50AD-256.57

🛵 Feliz 2025 – xe đẹp, 2 pin zin, sẵn sàng chạy ngay!

✨ Thông tin xe:

📍 ODO: 10.000 km
🔋 2 pin 2.4kW zin hãng
💎 Ngoại hình: 95%
📅 Đăng ký: 12/2025
📄 Công chứng mua bán
💰 Giá bán: 25.000.000đ

💳 HỖ TRỢ TRẢ GÓP – HỖ TRỢ HỒ SƠ NỢ XẤU
🛵 Có cho thuê xe
🔄 Nhận trao đổi – mua bán xe
📦 Nhận ký gửi xe

🔥 Điểm đáng tiền: 2 pin zin + đời 2025 + giấy tờ mua bán rõ ràng. Mua về đi hằng ngày hoặc chạy dịch vụ đều tiện.

📩 Quan tâm inbox ngay – xe đẹp, giá tốt, chốt sớm kẻo hết!",2025,10000.0,Tp Hồ Chí Minh,Quận Tân Bình,"FELIZ 2025 – 2 PIN ZIN – GIÁ 25 TRIỆU 🔥
Biển số: 50AD-256.57

🛵 Feliz 2025 – xe đẹp, 2 pin zin, sẵn sàng chạy ngay!

✨ Thông tin xe:

📍 ODO: 10.000 km
🔋 2 pin 2.4kW zin hãng
💎 Ngoại hình: 95%
📅 Đăng ký: 12/2025
📄 Công chứng mua bán
💰 Giá bán: 25.000.000đ

💳 HỖ TRỢ TRẢ GÓP – HỖ TRỢ HỒ SƠ NỢ XẤU
🛵 Có cho thuê xe
🔄 Nhận trao đổi – mua bán xe
📦 Nhận ký gửi xe

🔥 Điểm đáng tiền: 2 pin zin + đời 2025 + giấy tờ mua bán rõ ràng. Mua về đi hằng ngày hoặc chạy dịch vụ đều tiện.

📩 Quan tâm inbox ngay – xe đẹp, giá tốt, chốt sớm kẻo hết!",Kèm pin,VinFast,Feliz,27000000.0,7.4
134621518,Xe máy điện VinFast Feliz Neo 2025 Xám 39000 km,20500000,"Feliz Neo màu xám BS : 50-AC 735.12


- ODO : 39000
- Pin : 1 Pin zin 67v 30Ah + 1 pin song song sàn chân 67v 30Ah . Quãng đường đi được từ 130 - 150km 1 lần sạc
- Ngoại hình : 90%
- Thủ tục mua bán : công chứng mua bán
- Năm đăng ký : 09/2025
- Giá bán :  20,500,000
- Có hỗ trợ trả góp, nợ xấu
- Có cho thuê xe, trao đổi mua bán xe, ký gửi xe",2025,39000.0,Tp Hồ Chí Minh,Quận Tân Bình,"Feliz Neo màu xám BS : 50-AC 735.12


- ODO : 39000
- Pin : 1 Pin zin 67v 30Ah + 1 pin song song sàn chân 67v 30Ah . Quãng đường đi được từ 130 - 150km 1 lần sạc
- Ngoại hình : 90%
- Thủ tục mua bán : công chứng mua bán
- Năm đăng ký : 09/2025
- Giá bán :  20,500,000
- Có hỗ trợ trả góp, nợ xấu
- Có cho thuê xe, trao đổi mua bán xe, ký gửi xe",Kèm pin,VinFast,Feliz,27000000.0,24.1
134506458,Xe Điện 3sGo - Flazz 2026 Trắng 900 km,15900000,"Flazz BSTP ĐK 2026 Chính Chủ 
- Odo 900 cây
- Đã mua 2 pin
- Óc tán 7 màu keng 
- Còn đủ phụ kiện theo xe
- Bảo hành Vinfast toàn quốc
#Giá_15tr9 - Nậu xớ đưa 2tr1 hoặc 5tr1
⛔️ Nợ xấu đưa 2tr1 có LÃI SUẤT hoặc 8tr KO LÃI SUẤT
--------------------
✅ 𝗛𝗼̂̃ 𝗧𝗿𝗼̛̣ 𝗔𝗲 𝗟𝗲̂𝗻 𝗛𝗼̂̀ 𝗦𝗼̛ 𝗕𝗮𝗻𝗸 𝗡𝗵𝗮̣̂𝗻 𝗫𝗲 𝗩𝗮̀ 𝗖𝗮𝘃𝗲𝘁 𝗚𝗼̂́𝗰
✅ 𝗡𝗼̛̣ 𝗫𝗮̂́𝘂 – 𝗛𝗼̂̃ 𝗧𝗿𝗼̛̣ 𝟬 Đ𝗼̂̀𝗻𝗴 – 𝗞𝗵𝗼̂𝗻𝗴 𝗫𝗮́𝗰 𝗠𝗶𝗻𝗵
✅ 𝗡𝗼̛̣ 𝗫𝗮̂́𝘂 – 𝗛𝗼̂̃ 𝗧𝗿𝗼̛̣ Đ𝘂̛𝗮 𝟯𝟬% – 𝗞𝗵𝗼̂𝗻𝗴 𝗟𝗮̃𝗶
✅ Đ𝗼̂̉𝗶 𝗣𝗶𝗻 𝗞𝗵𝗼̂𝗻𝗴 𝗖𝗵𝗼̛̀ 𝗦𝗮̣c 𝗡𝗵𝗶𝗲̂̀𝘂 𝗖𝗵𝗶 𝗡𝗵𝗮́𝗻𝗵
✅ 𝗛ỗ 𝗧𝗿𝗼̛̣ 𝟮 𝗡𝗮̆𝗺 𝗫𝗲 𝗛𝘂̛ – 𝗖𝗼́ 𝗫𝗲 𝗞𝗵𝗮́𝗰 𝗗𝘂̀𝗻𝗴
✅ Đ𝗮̆𝗻𝗴 𝗞𝘆́ 𝗔𝗽𝗽 𝗫𝗮𝗻𝗵 𝗣𝗹𝗮𝘁𝗳𝗼𝗿𝗺 – 𝗧𝗮̣𝗶 𝗖𝗵𝗼̂̃
--------------------
🏠𝟮𝟴𝟴 𝗧𝗿𝘂̛𝗼̛̀𝗻𝗴 𝗖𝗵𝗶𝗻𝗵 - 𝗣𝗵ư𝗼̛̀𝗻𝗴 Đ𝗼̂𝗻𝗴 𝗛𝘂̛𝗻𝗴 𝗧𝗵𝘂𝗮̣̂𝗻 - 𝗛𝗖𝗠 (𝗤𝘂𝗮̣̂𝗻𝟭𝟮 𝗰𝘂̃)",2026,900.0,Tp Hồ Chí Minh,Quận 12,"Flazz BSTP ĐK 2026 Chính Chủ 
- Odo 900 cây
- Đã mua 2 pin
- Óc tán 7 màu keng 
- Còn đủ phụ kiện theo xe
- Bảo hành Vinfast toàn quốc
#Giá_15tr9 - Nậu xớ đưa 2tr1 hoặc 5tr1
⛔️ Nợ xấu đưa 2tr1 có LÃI SUẤT hoặc 8tr KO LÃI SUẤT
--------------------
✅ 𝗛𝗼̂̃ 𝗧𝗿𝗼̛̣ 𝗔𝗲 𝗟𝗲̂𝗻 𝗛𝗼̂̀ 𝗦𝗼̛ 𝗕𝗮𝗻𝗸 𝗡𝗵𝗮̣̂𝗻 𝗫𝗲 𝗩𝗮̀ 𝗖𝗮𝘃𝗲𝘁 𝗚𝗼̂́𝗰
✅ 𝗡𝗼̛̣ 𝗫𝗮̂́𝘂 – 𝗛𝗼̂̃ 𝗧𝗿𝗼̛̣ 𝟬 Đ𝗼̂̀𝗻𝗴 – 𝗞𝗵𝗼̂𝗻𝗴 𝗫𝗮́𝗰 𝗠𝗶𝗻𝗵
✅ 𝗡𝗼̛̣ 𝗫𝗮̂́𝘂 – 𝗛𝗼̂̃ 𝗧𝗿𝗼̛̣ Đ𝘂̛𝗮 𝟯𝟬% – 𝗞𝗵𝗼̂𝗻𝗴 𝗟𝗮̃𝗶
✅ Đ𝗼̂̉𝗶 𝗣𝗶𝗻 𝗞𝗵𝗼̂𝗻𝗴 𝗖𝗵𝗼̛̀ 𝗦𝗮̣c 𝗡𝗵𝗶𝗲̂̀𝘂 𝗖𝗵𝗶 𝗡𝗵𝗮́𝗻𝗵
✅ 𝗛ỗ 𝗧𝗿𝗼̛̣ 𝟮 𝗡𝗮̆𝗺 𝗫𝗲 𝗛𝘂̛ – 𝗖𝗼́ 𝗫𝗲 𝗞𝗵𝗮́𝗰 𝗗𝘂̀𝗻𝗴
✅ Đ𝗮̆𝗻𝗴 𝗞𝘆́ 𝗔𝗽𝗽 𝗫𝗮𝗻𝗵 𝗣𝗹𝗮𝘁𝗳𝗼𝗿𝗺 – 𝗧𝗮̣𝗶 𝗖𝗵𝗼̂̃
--------------------
🏠𝟮𝟴𝟴 𝗧𝗿𝘂̛𝗼̛̀𝗻𝗴 𝗖𝗵𝗶𝗻𝗵 - 𝗣𝗵ư𝗼̛̀𝗻𝗴 Đ𝗼̂𝗻𝗴 𝗛𝘂̛𝗻𝗴 𝗧𝗵𝘂𝗮̣̂𝗻 - 𝗛𝗖𝗠 (𝗤𝘂𝗮̣̂𝗻𝟭𝟮 𝗰𝘂̃)",Cần xác minh,Khác,Không phân loại,,
134555510,Xe Điện 3sGo - Datbike S1 Đen 10.000 km,44900000,"DatbikeS1 BSTP ĐK 2026 Chính Chủ 1 Lần sạc đi 285km
- Odo 10k hơn
- Óc tán 7 màu keng 
- Còn đủ phụ kiện theo xe 
- Bảo hành Datbike toàn quốc
⛔️ Nợ xấu đưa 5tr8 có LÃI SUẤT hoặc 24tr KO LÃI SUẤT
--------------------
✅ 𝗛𝗼̂̃ 𝗧𝗿𝗼̛̣ 𝗔𝗲 𝗟𝗲̂𝗻 𝗛𝗼̂̀ 𝗦𝗼̛ 𝗕𝗮𝗻𝗸 𝗡𝗵𝗮̣̂𝗻 𝗫𝗲 𝗩𝗮̀ 𝗖𝗮𝘃𝗲𝘁 𝗚𝗼̂́𝗰
✅ 𝗡𝗼̛̣ 𝗫𝗮̂́𝘂 – 𝗛𝗼̂̃ 𝗧𝗿𝗼̛̣ 𝟬 Đ𝗼̂̀𝗻𝗴 – 𝗞𝗵𝗼̂𝗻𝗴 𝗫𝗮́𝗰 𝗠𝗶𝗻𝗵
✅ 𝗡𝗼̛̣ 𝗫𝗮̂́𝘂 – 𝗛𝗼̂̃ 𝗧𝗿𝗼̛̣ Đ𝘂̛𝗮 𝟯𝟬% – 𝗞𝗵𝗼̂𝗻𝗴 𝗟𝗮̃𝗶
✅ Đ𝗼̂̉𝗶 𝗣𝗶𝗻 𝗞𝗵𝗼̂𝗻𝗴 𝗖𝗵𝗼̛̀ 𝗦𝗮̣c 𝗡𝗵𝗶𝗲̂̀𝘂 𝗖𝗵𝗶 𝗡𝗵𝗮́𝗻𝗵
✅ 𝗛ỗ 𝗧𝗿𝗼̛̣ 𝟮 𝗡𝗮̆𝗺 𝗫𝗲 𝗛𝘂̛ – 𝗖𝗼́ 𝗫𝗲 𝗞𝗵𝗮́𝗰 𝗗𝘂̀𝗻𝗴
✅ Đ𝗮̆𝗻𝗴 𝗞𝘆́ 𝗔𝗽𝗽 𝗫𝗮𝗻𝗵 𝗣𝗹𝗮𝘁𝗳𝗼𝗿𝗺 – 𝗧𝗮̣𝗶 𝗖𝗵𝗼̂̃
--------------------
🏠𝟮𝟴𝟴 𝗧𝗿𝘂̛𝗼̛̀𝗻𝗴 𝗖𝗵𝗶𝗻𝗵 - 𝗣𝗵ư𝗼̛̀𝗻𝗴 Đ𝗼̂𝗻𝗴 𝗛𝘂̛𝗻𝗴 𝗧𝗵𝘂𝗮̣̂𝗻 - 𝗛𝗖𝗠 (𝗤𝘂𝗮̣̂𝗻𝟭𝟮 𝗰𝘂̃)",2026,10000.0,Tp Hồ Chí Minh,Quận 12,"DatbikeS1 BSTP ĐK 2026 Chính Chủ 1 Lần sạc đi 285km
- Odo 10k hơn
- Óc tán 7 màu keng 
- Còn đủ phụ kiện theo xe 
- Bảo hành Datbike toàn quốc
⛔️ Nợ xấu đưa 5tr8 có LÃI SUẤT hoặc 24tr KO LÃI SUẤT
--------------------
✅ 𝗛𝗼̂̃ 𝗧𝗿𝗼̛̣ 𝗔𝗲 𝗟𝗲̂𝗻 𝗛𝗼̂̀ 𝗦𝗼̛ 𝗕𝗮𝗻𝗸 𝗡𝗵𝗮̣̂𝗻 𝗫𝗲 𝗩𝗮̀ 𝗖𝗮𝘃𝗲𝘁 𝗚𝗼̂́𝗰
✅ 𝗡𝗼̛̣ 𝗫𝗮̂́𝘂 – 𝗛𝗼̂̃ 𝗧𝗿𝗼̛̣ 𝟬 Đ𝗼̂̀𝗻𝗴 – 𝗞𝗵𝗼̂𝗻𝗴 𝗫𝗮́𝗰 𝗠𝗶𝗻𝗵
✅ 𝗡𝗼̛̣ 𝗫𝗮̂́𝘂 – 𝗛𝗼̂̃ 𝗧𝗿𝗼̛̣ Đ𝘂̛𝗮 𝟯𝟬% – 𝗞𝗵𝗼̂𝗻𝗴 𝗟𝗮̃𝗶
✅ Đ𝗼̂̉𝗶 𝗣𝗶𝗻 𝗞𝗵𝗼̂𝗻𝗴 𝗖𝗵𝗼̛̀ 𝗦𝗮̣c 𝗡𝗵𝗶𝗲̂̀𝘂 𝗖𝗵𝗶 𝗡𝗵𝗮́𝗻𝗵
✅ 𝗛ỗ 𝗧𝗿𝗼̛̣ 𝟮 𝗡𝗮̆𝗺 𝗫𝗲 𝗛𝘂̛ – 𝗖𝗼́ 𝗫𝗲 𝗞𝗵𝗮́𝗰 𝗗𝘂̀𝗻𝗴
✅ Đ𝗮̆𝗻𝗴 𝗞𝘆́ 𝗔𝗽𝗽 𝗫𝗮𝗻𝗵 𝗣𝗹𝗮𝘁𝗳𝗼𝗿𝗺 – 𝗧𝗮̣𝗶 𝗖𝗵𝗼̂̃
--------------------
🏠𝟮𝟴𝟴 𝗧𝗿𝘂̛𝗼̛̀𝗻𝗴 𝗖𝗵𝗶𝗻𝗵 - 𝗣𝗵ư𝗼̛̀𝗻𝗴 Đ𝗼̂𝗻𝗴 𝗛𝘂̛𝗻𝗴 𝗧𝗵𝘂𝗮̣̂𝗻 - 𝗛𝗖𝗠 (𝗤𝘂𝗮̣̂𝗻𝟭𝟮 𝗰𝘂̃)",Cần xác minh,Khác,Không phân loại,,
134620997,Xe máy điện Vespa Espero Classic 2022 Xanh ngọc,8400000,"Vespa Espero Classic 1. Đời cao 2022
Bình khoẻ. Đầy đủ giấy tờ
Ngoại hình đẹp như hình.
Giá hơn 8tr400

📍 Có thể xem xe và kiểm tra trực tiếp.
🏠 87 Máy tơ. Nam định
☎️ ***",2022,8000.0,Nam Định,Thành phố Nam Định,"Vespa Espero Classic 1. Đời cao 2022
Bình khoẻ. Đầy đủ giấy tờ
Ngoại hình đẹp như hình.
Giá hơn 8tr400

📍 Có thể xem xe và kiểm tra trực tiếp.
🏠 87 Máy tơ. Nam định
☎️ ***",Cần xác minh,Khác,Không phân loại,,
134434450,Xe đạp điện Yadea V1 Plus Đen,8500000,"Xe điện V1 Plus màu đen
- Kiểu dáng thời trang, dễ điều khiển.
- Động cơ êm ái.
- Pin bền bỉ, di chuyển quãng đường xa.",2025,1.0,Tp Hồ Chí Minh,Quận Tân Bình,"Xe điện V1 Plus màu đen
- Kiểu dáng thời trang, dễ điều khiển.
- Động cơ êm ái.
- Pin bền bỉ, di chuyển quãng đường xa.",Cần xác minh,Yadea,Yadea (Khác),9990000.0,14.9
134620393,Xe máy điện VinFast Vento Neo Trắng 9.000KM,29500000,"Vento Neo 9.000KM Cập Bến 😍😍😍

Giá..29.5Tr

☎️*** Minh Khờ",2025,9000.0,Tp Hồ Chí Minh,Quận Tân Phú,"Vento Neo 9.000KM Cập Bến 😍😍😍

Giá..29.5Tr

☎️*** Minh Khờ",Cần xác minh,VinFast,Vento,50000000.0,41.0
134620294,Vinfast Ludo Xe điện,6600000,Bán xe điện vinfast ludo acquy mới bảo hành 1 năm,2020,10.0,Hà Nội,Quận Tây Hồ,Bán xe điện vinfast ludo acquy mới bảo hành 1 năm,Cần xác minh,VinFast,Ludo,12900000.0,48.8
134620154,Xe máy điện VinFast Vento ABS Đen 7.000km,28800000,"Vento ABS lướt 7.000km
Chính chủ ký
-  Liền lạc đẹp keng
- 2 chìa 2 kính theo xe còn đủ
- Đã úp phuộc sau

Giá: 28tr8
☎️ ***",2025,7000.0,Tp Hồ Chí Minh,Quận 5,"Vento ABS lướt 7.000km
Chính chủ ký
-  Liền lạc đẹp keng
- 2 chìa 2 kính theo xe còn đủ
- Đã úp phuộc sau

Giá: 28tr8
☎️ ***",Cần xác minh,VinFast,Vento,50000000.0,42.4
134620115,Xe máy điện VinFast Vento Neo 2025 Trắng,29500000,"Khách lên đời để lại 
Vento neo siêu lướt
- Biển Tp chính chủ ký
- Pin 3.5, sạc 1000w đời mới 
- Liền lạc đẹp ken
- Góp đưa trước 30% nhận xe

Giá 29tr5
☎️***",2025,9000.0,Tp Hồ Chí Minh,Quận 5,"Khách lên đời để lại 
Vento neo siêu lướt
- Biển Tp chính chủ ký
- Pin 3.5, sạc 1000w đời mới 
- Liền lạc đẹp ken
- Góp đưa trước 30% nhận xe

Giá 29tr5
☎️***",Cần xác minh,VinFast,Vento,50000000.0,41.0
134620037,Xe máy điện Yadea Omee Trắng Ắc quy Graphene,14500000,"Xe máy điện Yadea Omee trắng, mới mua hơn 1 tuần, còn bảo hành hãng. 
 - Xe mới ra mắt 2026, thiết kế hiện đại. 
 - Pin ắc quy Graphene 48V22Ah, tốc độ tối đa 40km/h, công suất 400W. 
 - Phù hợp cho học sinh, sinh viên từ 16 tuổi trở lên hoặc người không có bằng lái. 
 - Giá 14.500.000 đồng.",2026,150.0,Tp Hồ Chí Minh,Thành phố Thủ Đức,"Xe máy điện Yadea Omee trắng, mới mua hơn 1 tuần, còn bảo hành hãng. 
 - Xe mới ra mắt 2026, thiết kế hiện đại. 
 - Pin ắc quy Graphene 48V22Ah, tốc độ tối đa 40km/h, công suất 400W. 
 - Phù hợp cho học sinh, sinh viên từ 16 tuổi trở lên hoặc người không có bằng lái. 
 - Giá 14.500.000 đồng.",Cần xác minh,Yadea,Yadea (Khác),9990000.0,-45.1
134599987,Xe điện Vespa Vision 2026 Xám Đã sử dụng,18500000,"Xe điện vision mới mua 2026 mới 98%

🔥🔥🔥 Siêu Phẩm Mới Về Ạ 🔥🔥🔥 

Vespa Siêu Siêu Lướt 2026

Xe Mới 95%, dk đầy đủ

SmartKey Zin
Xe Điện huy lâm Bán Rẻ 7tr So Với Mới 
Mà Lại Được Xe Như Mới Ạ 

📌 Ship Hàng TOÀN QUỐC - Nhanh chóng
---- 
📞 LH tư vấn miễn phí : ***( zalo / video call ) 
🕹️ Địa chỉ: 389 đội cấn-ba đình - Hà Nội. 
❇️ Cửa Hàng Xe Điện Huy Lâm",2026,5000.0,Hà Nội,Quận Ba Đình,"Xe điện vision mới mua 2026 mới 98%

🔥🔥🔥 Siêu Phẩm Mới Về Ạ 🔥🔥🔥 

Vespa Siêu Siêu Lướt 2026

Xe Mới 95%, dk đầy đủ

SmartKey Zin
Xe Điện huy lâm Bán Rẻ 7tr So Với Mới 
Mà Lại Được Xe Như Mới Ạ 

📌 Ship Hàng TOÀN QUỐC - Nhanh chóng
---- 
📞 LH tư vấn miễn phí : ***( zalo / video call ) 
🕹️ Địa chỉ: *** đội cấn-ba đình - Hà Nội. 
❇️ Cửa Hàng Xe Điện Huy Lâm",Kèm pin,Khác,Không phân loại,,
134619125,Xe máy điện VinFast Evo200 Lite Đen Việt Nam,20000000,"Trâu bò nhất dòng xe học sinh. Ko cần bằng lái. 
Evo200 lite biển SG.
Pin 3.5 kwh, trâu bò nhất nhà Vin. Tầm 100 - 140 km/sạc.
BH hãng đến 2028.
Biển SG, sang tên nhanh chóng.
20tr bao rút hồ sơ. 

Xe điện Z48
104 Đường số 1,kdc Cityland Center Hill, phường Hạnh Thông (t7 nghỉ)
***",2023,18000.0,Tp Hồ Chí Minh,Quận Gò Vấp,"Trâu bò nhất dòng xe học sinh. Ko cần bằng lái. 
Evo200 lite biển SG.
Pin 3.5 kwh, trâu bò nhất nhà Vin. Tầm 100 - 140 km/sạc.
BH hãng đến 2028.
Biển SG, sang tên nhanh chóng.
20tr bao rút hồ sơ. 

Xe điện Z48
*** Đường số 1,kdc Cityland Center Hill, phường Hạnh Thông (t7 nghỉ)
***",Cần xác minh,VinFast,Evo 200,18000000.0,-11.1
134618992,Vinfast Motio màu đỏ - Xe học sinh,8500000,"- Motio Vinfast.  Học sinh trên 16t đi ko cần bằng lái 
- 5 Bình acquy đi 50km/lần sạc 
- Chính chủ công chứng 
- Giá 8tr500k 
- Địa chỉ : 24/6. Đ.TL44. P.thạnh lộc. Q12",2025,10484.0,Tp Hồ Chí Minh,Quận 12,"- Motio Vinfast.  Học sinh trên 16t đi ko cần bằng lái 
- 5 Bình acquy đi 50km/lần sạc 
- Chính chủ công chứng 
- Giá 8tr500k 
- Địa chỉ : 24/6. Đ.TL44. P.thạnh lộc. Q12",Cần xác minh,Khác,Không phân loại,,
134618650,Xe máy điện VinFast Ludo/ Ko Bằng Lái (Cs2),8900000,"VinFast LuDo 50 / Pin / Không Bằng Lái
Trọng Lượng: 68Kg
Công Suất: 500w
Mua mới lúc trước 24.5 Triệu ( Pin Mua )
Năm SX : 2020
Xem Xe Tại CH2 Nguyễn Thông",2020,39000.0,Cần Thơ,Quận Bình Thuỷ,"VinFast LuDo 50 / Pin / Không Bằng Lái
Trọng Lượng: 68Kg
Công Suất: 500w
Mua mới lúc trước 24.5 Triệu ( Pin Mua )
Năm SX : 2020
Xem Xe Tại CH2 Nguyễn Thông",Cần xác minh,VinFast,Ludo,12900000.0,31.0
134602241,Xe Điện 3sGo - QuantumS1 BST 2025 Xanh 30k,35900000,"QuantumS1 BST9chù
- Đăng ký 2025
- Odo 30k
- Yên kimdang 
- Dàn áo keng ko trầy 98%
- Óc tán 7 màu keng 98%
- Còn đủ phụ kiện theo xe
❤️Xe keng 99% so với xe new 
⛔️ Nợ xấu đưa 8tr1 có LÃI SUẤT hoặc 19tr5 KO LÃI SUẤT
--------------------
✅ 𝗛𝗼̂̃ 𝗧𝗿𝗼̛̣ 𝗔𝗲 𝗟𝗲̂𝗻 𝗛𝗼̂̀ 𝗦𝗼̛ 𝗕𝗮𝗻𝗸 𝗡𝗵𝗮̣̂𝗻 𝗫𝗲 𝗩𝗮̀ 𝗖𝗮𝘃𝗲𝘁 𝗚𝗼̂́𝗰
✅ 𝗡𝗼̛̣ 𝗫𝗮̂́𝘂 – 𝗛𝗼̂̃ 𝗧𝗿𝗼̛̣ 𝟬 Đ𝗼̂̀𝗻𝗴 – 𝗞𝗵𝗼̂𝗻𝗴 𝗫𝗮́𝗰 𝗠𝗶𝗻𝗵
✅ 𝗡𝗼̛̣ 𝗫𝗮̂́𝘂 – 𝗛𝗼̂̃ 𝗧𝗿𝗼̛̣ Đ𝘂̛𝗮 𝟯𝟬% – 𝗞𝗵𝗼̂𝗻𝗴 𝗟𝗮̃𝗶
✅ Đ𝗼̂̉𝗶 𝗣𝗶𝗻 𝗞𝗵𝗼̂𝗻𝗴 𝗖𝗵𝗼̛̀ 𝗦𝗮̣c 𝗡𝗵𝗶𝗲̂̀𝘂 𝗖𝗵𝗶 𝗡𝗵𝗮́𝗻𝗵
✅ 𝗛ỗ 𝗧𝗿𝗼̛̣ 𝟮 𝗡𝗮̆𝗺 𝗫𝗲 𝗛𝘂̛ – 𝗖𝗼́ 𝗫𝗲 𝗞𝗵𝗮́𝗰 𝗗𝘂̀𝗻𝗴
✅ Đ𝗮̆𝗻𝗴 𝗞𝘆́ 𝗔𝗽𝗽 𝗫𝗮𝗻𝗵 𝗣𝗹𝗮𝘁𝗳𝗼𝗿𝗺 – 𝗧𝗮̣𝗶 𝗖𝗵𝗼̂̃
--------------------
🏠 𝟭𝟭𝟱 𝗣𝗵𝗮̣𝗺 𝗧𝗵𝗲̂́ 𝗛𝗶𝗲̂̉𝗻 - 𝗖𝗵𝗮́𝗻𝗵 𝗛𝘂̛𝗻𝗴 - 𝗛𝗖𝗠 ( 𝗤𝘂𝗮̣̂𝗻 𝟴 )
☎️ 𝗛𝗼𝘁𝗹𝗶𝗻𝗲 : *** - 𝗗𝗶𝗲̣̂𝘂",2025,30.0,Tp Hồ Chí Minh,Quận 8,"QuantumS1 BST9chù
- Đăng ký 2025
- Odo 30k
- Yên kimdang 
- Dàn áo keng ko trầy 98%
- Óc tán 7 màu keng 98%
- Còn đủ phụ kiện theo xe
❤️Xe keng 99% so với xe new 
⛔️ Nợ xấu đưa 8tr1 có LÃI SUẤT hoặc 19tr5 KO LÃI SUẤT
--------------------
✅ 𝗛𝗼̂̃ 𝗧𝗿𝗼̛̣ 𝗔𝗲 𝗟𝗲̂𝗻 𝗛𝗼̂̀ 𝗦𝗼̛ 𝗕𝗮𝗻𝗸 𝗡𝗵𝗮̣̂𝗻 𝗫𝗲 𝗩𝗮̀ 𝗖𝗮𝘃𝗲𝘁 𝗚𝗼̂́𝗰
✅ 𝗡𝗼̛̣ 𝗫𝗮̂́𝘂 – 𝗛𝗼̂̃ 𝗧𝗿𝗼̛̣ 𝟬 Đ𝗼̂̀𝗻𝗴 – 𝗞𝗵𝗼̂𝗻𝗴 𝗫𝗮́𝗰 𝗠𝗶𝗻𝗵
✅ 𝗡𝗼̛̣ 𝗫𝗮̂́𝘂 – 𝗛𝗼̂̃ 𝗧𝗿𝗼̛̣ Đ𝘂̛𝗮 𝟯𝟬% – 𝗞𝗵𝗼̂𝗻𝗴 𝗟𝗮̃𝗶
✅ Đ𝗼̂̉𝗶 𝗣𝗶𝗻 𝗞𝗵𝗼̂𝗻𝗴 𝗖𝗵𝗼̛̀ 𝗦𝗮̣c 𝗡𝗵𝗶𝗲̂̀𝘂 𝗖𝗵𝗶 𝗡𝗵𝗮́𝗻𝗵
✅ 𝗛ỗ 𝗧𝗿𝗼̛̣ 𝟮 𝗡𝗮̆𝗺 𝗫𝗲 𝗛𝘂̛ – 𝗖𝗼́ 𝗫𝗲 𝗞𝗵𝗮́𝗰 𝗗𝘂̀𝗻𝗴
✅ Đ𝗮̆𝗻𝗴 𝗞𝘆́ 𝗔𝗽𝗽 𝗫𝗮𝗻𝗵 𝗣𝗹𝗮𝘁𝗳𝗼𝗿𝗺 – 𝗧𝗮̣𝗶 𝗖𝗵𝗼̂̃
--------------------
🏠 𝟭𝟭𝟱 𝗣𝗵𝗮̣𝗺 𝗧𝗵𝗲̂́ 𝗛𝗶𝗲̂̉𝗻 - 𝗖𝗵𝗮́𝗻𝗵 𝗛𝘂̛𝗻𝗴 - 𝗛𝗖𝗠 ( 𝗤𝘂𝗮̣̂𝗻 𝟴 )
☎️ 𝗛𝗼𝘁𝗹𝗶𝗻𝗲 : *** - 𝗗𝗶𝗲̣̂𝘂",Cần xác minh,Khác,Không phân loại,,
134617456,Xe máy điện BEFORE ALL Latina VI 2.0 Trắng,12000000,"Xe máy điện mới mua được 3 tháng cần bán lại  hãng: BEFORE ALL
Dòng : latina vi 2.0 
Thiết kế theo kiểu dáng vespa 
Tốc độ tối đa 50km/h 
Pin chạy được 60km
Còn bảo hành 9 tháng
giá mua mới 18tr500 
bán lại 12tr000",2026,300.0,Đà Nẵng,Quận Ngũ Hành Sơn,"Xe máy điện mới mua được 3 tháng cần bán lại  hãng: BEFORE ALL
Dòng : latina vi 2.0 
Thiết kế theo kiểu dáng vespa 
Tốc độ tối đa 50km/h 
Pin chạy được 60km
Còn bảo hành 9 tháng
giá mua mới 18tr500 
bán lại 12tr000",Cần xác minh,Khác,Không phân loại,,
134617447,Xe máy điện DK Bike 2021,7900000,"Xe máy điện Soma SX không cần bằng lái btc 
1 lần sạc đi được 60km , tốc tối đa 46km giờ 
5 bình vừa thay mới còn bảo hành 1 năm 
Áo quần sạch sẽ không bể , full chức năng 
Giá : 7tr9 bình tân",2021,40000.0,Tp Hồ Chí Minh,Quận Bình Tân,"Xe máy điện Soma SX không cần bằng lái btc 
1 lần sạc đi được 60km , tốc tối đa 46km giờ 
5 bình vừa thay mới còn bảo hành 1 năm 
Áo quần sạch sẽ không bể , full chức năng 
Giá : 7tr9 bình tân",Cần xác minh,Khác,Không phân loại,,
134602534,Xe Điện 3sGo - EvoGrand Đen 14k km,22900000,"EvoGrand ĐK 4/2026 BST 9 chủ kí
- Odo 14k
- 2 pin mua theo xe
- Dàn áo keng ko trầy 98%
- Óc tán 7 màu keng 98%
- Còn đủ phụ kiện theo xe
❤️Xe keng 98% so với xe new 
⛔️ Nợ xấu đưa 0Đ có LÃI SUẤT hoặc 13tr KO LÃI SUẤT
--------------------
✅ 𝗛𝗼̂̃ 𝗧𝗿𝗼̛̣ 𝗔𝗲 𝗟𝗲̂𝗻 𝗛𝗼̂̀ 𝗦𝗼̛ 𝗕𝗮𝗻𝗸 𝗡𝗵𝗮̣̂𝗻 𝗫𝗲 𝗩𝗮̀ 𝗖𝗮𝘃𝗲𝘁 𝗚𝗼̂́𝗰
✅ 𝗡𝗼̛̣ 𝗫𝗮̂́𝘂 – 𝗛𝗼̂̃ 𝗧𝗿𝗼̛̣ 𝟬 Đ𝗼̂̀𝗻𝗴 – 𝗞𝗵𝗼̂𝗻𝗴 𝗫𝗮́𝗰 𝗠𝗶𝗻𝗵
✅ 𝗡𝗼̛̣ 𝗫𝗮̂́𝘂 – 𝗛𝗼̂̃ 𝗧𝗿𝗼̛̣ Đ𝘂̛𝗮 𝟯𝟬% – 𝗞𝗵𝗼̂𝗻𝗴 𝗟𝗮̃𝗶
✅ Đ𝗼̂̉𝗶 𝗣𝗶𝗻 𝗞𝗵𝗼̂𝗻𝗴 𝗖𝗵𝗼̛̀ 𝗦𝗮̣c 𝗡𝗵𝗶𝗲̂̀𝘂 𝗖𝗵𝗶 𝗡𝗵𝗮́𝗻𝗵
✅ 𝗛ỗ 𝗧𝗿𝗼̛̣ 𝟮 𝗡𝗮̆𝗺 𝗫𝗲 𝗛𝘂̛ – 𝗖𝗼́ 𝗫𝗲 𝗞𝗵𝗮́𝗰 𝗗𝘂̀𝗻𝗴
✅ Đ𝗮̆𝗻𝗴 𝗞𝘆́ 𝗔𝗽𝗽 𝗫𝗮𝗻𝗵 𝗣𝗹𝗮𝘁𝗳𝗼𝗿𝗺 – 𝗧𝗮̣𝗶 𝗖𝗵𝗼̂̃
--------------------
🏠 𝟭𝟭𝟱 𝗣𝗵𝗮̣𝗺 𝗧𝗵𝗲̂́ 𝗛𝗶𝗲̂̉𝗻 - 𝗖𝗵𝗮́𝗻𝗵 𝗛𝘂̛𝗻𝗴 - 𝗛𝗖𝗠 ( 𝗤𝘂𝗮̣̂𝗻 𝟴 )
☎️ 𝗛𝗼𝘁𝗹𝗶𝗻𝗲 : *** - 𝗗𝗶𝗲̣̂𝘂",2026,14000.0,Tp Hồ Chí Minh,Quận 8,"EvoGrand ĐK 4/2026 BST 9 chủ kí
- Odo 14k
- 2 pin mua theo xe
- Dàn áo keng ko trầy 98%
- Óc tán 7 màu keng 98%
- Còn đủ phụ kiện theo xe
❤️Xe keng 98% so với xe new 
⛔️ Nợ xấu đưa 0Đ có LÃI SUẤT hoặc 13tr KO LÃI SUẤT
--------------------
✅ 𝗛𝗼̂̃ 𝗧𝗿𝗼̛̣ 𝗔𝗲 𝗟𝗲̂𝗻 𝗛𝗼̂̀ 𝗦𝗼̛ 𝗕𝗮𝗻𝗸 𝗡𝗵𝗮̣̂𝗻 𝗫𝗲 𝗩𝗮̀ 𝗖𝗮𝘃𝗲𝘁 𝗚𝗼̂́𝗰
✅ 𝗡𝗼̛̣ 𝗫𝗮̂́𝘂 – 𝗛𝗼̂̃ 𝗧𝗿𝗼̛̣ 𝟬 Đ𝗼̂̀𝗻𝗴 – 𝗞𝗵𝗼̂𝗻𝗴 𝗫𝗮́𝗰 𝗠𝗶𝗻𝗵
✅ 𝗡𝗼̛̣ 𝗫𝗮̂́𝘂 – 𝗛𝗼̂̃ 𝗧𝗿𝗼̛̣ Đ𝘂̛𝗮 𝟯𝟬% – 𝗞𝗵𝗼̂𝗻𝗴 𝗟𝗮̃𝗶
✅ Đ𝗼̂̉𝗶 𝗣𝗶𝗻 𝗞𝗵𝗼̂𝗻𝗴 𝗖𝗵𝗼̛̀ 𝗦𝗮̣c 𝗡𝗵𝗶𝗲̂̀𝘂 𝗖𝗵𝗶 𝗡𝗵𝗮́𝗻𝗵
✅ 𝗛ỗ 𝗧𝗿𝗼̛̣ 𝟮 𝗡𝗮̆𝗺 𝗫𝗲 𝗛𝘂̛ – 𝗖𝗼́ 𝗫𝗲 𝗞𝗵𝗮́𝗰 𝗗𝘂̀𝗻𝗴
✅ Đ𝗮̆𝗻𝗴 𝗞𝘆́ 𝗔𝗽𝗽 𝗫𝗮𝗻𝗵 𝗣𝗹𝗮𝘁𝗳𝗼𝗿𝗺 – 𝗧𝗮̣𝗶 𝗖𝗵𝗼̂̃
--------------------
🏠 𝟭𝟭𝟱 𝗣𝗵𝗮̣𝗺 𝗧𝗵𝗲̂́ 𝗛𝗶𝗲̂̉𝗻 - 𝗖𝗵𝗮́𝗻𝗵 𝗛𝘂̛𝗻𝗴 - 𝗛𝗖𝗠 ( 𝗤𝘂𝗮̣̂𝗻 𝟴 )
☎️ 𝗛𝗼𝘁𝗹𝗶𝗻𝗲 : *** - 𝗗𝗶𝗲̣̂𝘂",Cần xác minh,Khác,Không phân loại,,
133873833,Xe máy điện SANTOSAR VS3 Xám 240W,12300000,"🏆🏆🏆 Hót Hót mẫu xe VS3 hottrend
🎈xe có thông số động cơ 240W, cho học sinh dưới 16t, cho mẹ đị chợ, cho chị em đi làm
📙Dòng xe có cốp rộng, chạy cực kỳ êm ái. Xe có giấy tờ đăng kiểm, hoá đơn đầy đủ ( đi đường không sợ công an), đặc biệt các em học sinh dứoi 16t chạy vẫn đúng quy định
💡xe được trang bị đèn led, thắng đĩa rất an toàn
🪫 chạy bình 48V30ah chính hãng an toàn không lo cháy nổ
🧾 bảo hành 12 tháng
💰giá 12",2026,,Tp Hồ Chí Minh,Thành phố Thủ Đức,"🏆🏆🏆 Hót Hót mẫu xe VS3 hottrend
🎈xe có thông số động cơ 240W, cho học sinh dưới 16t, cho mẹ đị chợ, cho chị em đi làm
📙Dòng xe có cốp rộng, chạy cực kỳ êm ái. Xe có giấy tờ đăng kiểm, hoá đơn đầy đủ ( đi đường không sợ công an), đặc biệt các em học sinh dứoi 16t chạy vẫn đúng quy định
💡xe được trang bị đèn led, thắng đĩa rất an toàn
🪫 chạy bình 48V30ah chính hãng an toàn không lo cháy nổ
🧾 bảo hành 12 tháng
💰giá 12",Cần xác minh,Khác,Không phân loại,,
134026009,Xe máy điện VinFast EVO 200 2024 Đen mờ 11000 km,20000000,"DƯ dùng bán lại chiếc xe máy điện VinFats EVO 200, màu đen mờ sản xuất 2024 , pin mua chạy 11 000km, pin sử dụng 100km mới sạc,xe luôn bảo dưỡng định kỳ tại hãng , bảo đảm xe còn sử dụng tốt,ngay chủ đứng tên bán, cam ơn anh chị đả xem tin.",2024,11000.0,Tp Hồ Chí Minh,Thành phố Thủ Đức,"DƯ dùng bán lại chiếc xe máy điện VinFats EVO 200, màu đen mờ sản xuất 2024 , pin mua chạy 11 000km, pin sử dụng 100km mới sạc,xe luôn bảo dưỡng định kỳ tại hãng , bảo đảm xe còn sử dụng tốt,ngay chủ đứng tên bán, cam ơn anh chị đả xem tin.",Cần xác minh,VinFast,Evo 200,18000000.0,-11.1
134563221,Xe điện V1  946 TỐT 90% CÒN SỔ BH,7900000,"XE MÁY ĐIỆN KONAXOAKA TỐT 90% CÒN SỔ BH

BÌNH SẠC ĐẦY ĐỦ
BẢO HÀNH DÀI HẠN
ZALO-GỌI TRỰC TIẾP ***
XE ĐẸP NHƯ HÌNH",2026,2000.0,Tp Hồ Chí Minh,Quận 1,"XE MÁY ĐIỆN KONAXOAKA TỐT 90% CÒN SỔ BH

BÌNH SẠC ĐẦY ĐỦ
BẢO HÀNH DÀI HẠN
ZALO-GỌI TRỰC TIẾP ***
XE ĐẸP NHƯ HÌNH",Cần xác minh,Khác,Không phân loại,,
134616801,Xe điện Sundiro Xám tím,6000000,"Cần bán xe điện như hình, xe chạy còn tốt, ngoại hình còn đẹp.",2026,5000.0,Tp Hồ Chí Minh,Quận 10,"Cần bán xe điện như hình, xe chạy còn tốt, ngoại hình còn đẹp.",Cần xác minh,Khác,Không phân loại,,
134602590,Xe Điên 3sGo - Evo200 2025 Trắng 10.000 km,21900000,"Evo200 ĐK 8/2025 Pin Mua BSTP
- Odo 10.000 Cây
- Dàn áo keng ko trầy 99%
- Óc tán 7 màu keng 99%
- Còn đủ phụ kiện theo xe
❤️Xe keng 99% so với xe new 
⛔️ Nợ xấu đưa 0Đ có LÃI SUẤT hoặc 12tr5 KO LÃI SUẤT
--------------------
✅ 𝗛𝗼̂̃ 𝗧𝗿𝗼̛̣ 𝗔𝗲 𝗟𝗲̂𝗻 𝗛𝗼̂̀ 𝗦𝗼̛ 𝗕𝗮𝗻𝗸 𝗡𝗵𝗮̣̂𝗻 𝗫𝗲 𝗩𝗮̀ 𝗖𝗮𝘃𝗲𝘁 𝗚𝗼̂́𝗰
✅ 𝗡𝗼̛̣ 𝗫𝗮̂́𝘂 – 𝗛𝗼̂̃ 𝗧𝗿𝗼̛̣ 𝟬 Đ𝗼̂̀𝗻𝗴 – 𝗞𝗵𝗼̂𝗻𝗴 𝗫𝗮́𝗰 𝗠𝗶𝗻𝗵
✅ 𝗡𝗼̛̣ 𝗫𝗮̂́𝘂 – 𝗛𝗼̂̃ 𝗧𝗿𝗼̛̣ Đ𝘂̛𝗮 𝟯𝟬% – 𝗞𝗵𝗼̂𝗻𝗴 𝗟𝗮̃𝗶
✅ Đ𝗼̂̉𝗶 𝗣𝗶𝗻 𝗞𝗵𝗼̂𝗻𝗴 𝗖𝗵𝗼̛̀ 𝗦𝗮̣c 𝗡𝗵𝗶𝗲̂̀𝘂 𝗖𝗵𝗶 𝗡𝗵𝗮́𝗻𝗵
✅ 𝗛ỗ 𝗧𝗿𝗼̛̣ 𝟮 𝗡𝗮̆𝗺 𝗫𝗲 𝗛𝘂̛ – 𝗖𝗼́ 𝗫𝗲 𝗞𝗵𝗮́𝗰 𝗗𝘂̀𝗻𝗴
✅ Đ𝗮̆𝗻𝗴 𝗞𝘆́ 𝗔𝗽𝗽 𝗫𝗮𝗻𝗵 𝗣𝗹𝗮𝘁𝗳𝗼𝗿𝗺 – 𝗧𝗮̣𝗶 𝗖𝗵𝗼̂̃
--------------------
🏠 𝟭𝟭𝟱 𝗣𝗵𝗮̣𝗺 𝗧𝗵𝗲̂́ 𝗛𝗶𝗲̂̉𝗻 - 𝗖𝗵𝗮́𝗻𝗵 𝗛𝘂̛𝗻𝗴 - 𝗛𝗖𝗠 ( 𝗤𝘂𝗮̣̂𝗻 𝟴 )
☎️ 𝗛𝗼𝘁𝗹𝗶𝗻𝗲 : *** - 𝗗𝗶𝗲̣̂𝘂",2025,10000.0,Tp Hồ Chí Minh,Quận 8,"Evo200 ĐK 8/2025 Pin Mua BSTP
- Odo 10.000 Cây
- Dàn áo keng ko trầy 99%
- Óc tán 7 màu keng 99%
- Còn đủ phụ kiện theo xe
❤️Xe keng 99% so với xe new 
⛔️ Nợ xấu đưa 0Đ có LÃI SUẤT hoặc 12tr5 KO LÃI SUẤT
--------------------
✅ 𝗛𝗼̂̃ 𝗧𝗿𝗼̛̣ 𝗔𝗲 𝗟𝗲̂𝗻 𝗛𝗼̂̀ 𝗦𝗼̛ 𝗕𝗮𝗻𝗸 𝗡𝗵𝗮̣̂𝗻 𝗫𝗲 𝗩𝗮̀ 𝗖𝗮𝘃𝗲𝘁 𝗚𝗼̂́𝗰
✅ 𝗡𝗼̛̣ 𝗫𝗮̂́𝘂 – 𝗛𝗼̂̃ 𝗧𝗿𝗼̛̣ 𝟬 Đ𝗼̂̀𝗻𝗴 – 𝗞𝗵𝗼̂𝗻𝗴 𝗫𝗮́𝗰 𝗠𝗶𝗻𝗵
✅ 𝗡𝗼̛̣ 𝗫𝗮̂́𝘂 – 𝗛𝗼̂̃ 𝗧𝗿𝗼̛̣ Đ𝘂̛𝗮 𝟯𝟬% – 𝗞𝗵𝗼̂𝗻𝗴 𝗟𝗮̃𝗶
✅ Đ𝗼̂̉𝗶 𝗣𝗶𝗻 𝗞𝗵𝗼̂𝗻𝗴 𝗖𝗵𝗼̛̀ 𝗦𝗮̣c 𝗡𝗵𝗶𝗲̂̀𝘂 𝗖𝗵𝗶 𝗡𝗵𝗮́𝗻𝗵
✅ 𝗛ỗ 𝗧𝗿𝗼̛̣ 𝟮 𝗡𝗮̆𝗺 𝗫𝗲 𝗛𝘂̛ – 𝗖𝗼́ 𝗫𝗲 𝗞𝗵𝗮́𝗰 𝗗𝘂̀𝗻𝗴
✅ Đ𝗮̆𝗻𝗴 𝗞𝘆́ 𝗔𝗽𝗽 𝗫𝗮𝗻𝗵 𝗣𝗹𝗮𝘁𝗳𝗼𝗿𝗺 – 𝗧𝗮̣𝗶 𝗖𝗵𝗼̂̃
--------------------
🏠 𝟭𝟭𝟱 𝗣𝗵𝗮̣𝗺 𝗧𝗵𝗲̂́ 𝗛𝗶𝗲̂̉𝗻 - 𝗖𝗵𝗮́𝗻𝗵 𝗛𝘂̛𝗻𝗴 - 𝗛𝗖𝗠 ( 𝗤𝘂𝗮̣̂𝗻 𝟴 )
☎️ 𝗛𝗼𝘁𝗹𝗶𝗻𝗲 : *** - 𝗗𝗶𝗲̣̂𝘂",Cần xác minh,VinFast,Evo 200,18000000.0,-21.7
133937642,Xe máy điện VinFast EVO GRAND Lite 2026 Trắng,19000000,a Ai cần liên hệ nhà ở Quận 12 thành phố Hồ Chí Minh cảm ơn xem như mới,2026,506.0,Tp Hồ Chí Minh,Quận 12,a Ai cần liên hệ nhà ở Quận 12 thành phố Hồ Chí Minh cảm ơn xem như mới,Cần xác minh,Khác,Không phân loại,,
134602453,Xe Điện 3sGo - DatBike Quantum S1 Đen,37900000,"QuantumS1 BSTP
- Odo không nói đâu
- Bảo Hành Pin 10 Năm 
- Sạc 1800w 
- Dàn áo keng ko trầy 98%
- Óc tán 7 màu keng 98%
- Còn đủ phụ kiện theo xe
❤️Xe keng 99% so với xe new 
⛔️ Nợ xấu đưa 3tr7 có LÃI SUẤT hoặc 16tr4 KO LÃI SUẤT
--------------------
✅ 𝗛𝗼̂̃ 𝗧𝗿𝗼̛̣ 𝗔𝗲 𝗟𝗲̂𝗻 𝗛𝗼̂̀ 𝗦𝗼̛ 𝗕𝗮𝗻𝗸 𝗡𝗵𝗮̣̂𝗻 𝗫𝗲 𝗩𝗮̀ 𝗖𝗮𝘃𝗲𝘁 𝗚𝗼̂́𝗰
✅ 𝗡𝗼̛̣ 𝗫𝗮̂́𝘂 – 𝗛𝗼̂̃ 𝗧𝗿𝗼̛̣ 𝟬 Đ𝗼̂̀𝗻𝗴 – 𝗞𝗵𝗼̂𝗻𝗴 𝗫𝗮́𝗰 𝗠𝗶𝗻𝗵
✅ 𝗡𝗼̛̣ 𝗫𝗮̂́𝘂 – 𝗛𝗼̂̃ 𝗧𝗿𝗼̛̣ Đ𝘂̛𝗮 𝟯𝟬% – 𝗞𝗵𝗼̂𝗻𝗴 𝗟𝗮̃𝗶
✅ Đ𝗼̂̉𝗶 𝗣𝗶𝗻 𝗞𝗵𝗼̂𝗻𝗴 𝗖𝗵𝗼̛̀ 𝗦𝗮̣c 𝗡𝗵𝗶𝗲̂̀𝘂 𝗖𝗵𝗶 𝗡𝗵𝗮́𝗻𝗵
✅ 𝗛ỗ 𝗧𝗿𝗼̛̣ 𝟮 𝗡𝗮̆𝗺 𝗫𝗲 𝗛𝘂̛ – 𝗖𝗼́ 𝗫𝗲 𝗞𝗵𝗮́𝗰 𝗗𝘂̀𝗻𝗴
✅ Đ𝗮̆𝗻𝗴 𝗞𝘆́ 𝗔𝗽𝗽 𝗫𝗮𝗻𝗵 𝗣𝗹𝗮𝘁𝗳𝗼𝗿𝗺 – 𝗧𝗮̣𝗶 𝗖𝗵𝗼̂̃
--------------------
🏠 𝟭𝟭𝟱 𝗣𝗵𝗮̣𝗺 𝗧𝗵𝗲̂́ 𝗛𝗶𝗲̂̉𝗻 - 𝗖𝗵𝗮́𝗻𝗵 𝗛𝘂̛𝗻𝗴 - 𝗛𝗖𝗠 ( 𝗤𝘂𝗮̣̂𝗻 𝟴 )
☎️ 𝗛𝗼𝘁𝗹𝗶𝗻𝗲 : *** - 𝗗𝗶𝗲̣̂𝘂",2026,,Tp Hồ Chí Minh,Quận 8,"QuantumS1 BSTP
- Odo không nói đâu
- Bảo Hành Pin 10 Năm 
- Sạc 1800w 
- Dàn áo keng ko trầy 98%
- Óc tán 7 màu keng 98%
- Còn đủ phụ kiện theo xe
❤️Xe keng 99% so với xe new 
⛔️ Nợ xấu đưa 3tr7 có LÃI SUẤT hoặc 16tr4 KO LÃI SUẤT
--------------------
✅ 𝗛𝗼̂̃ 𝗧𝗿𝗼̛̣ 𝗔𝗲 𝗟𝗲̂𝗻 𝗛𝗼̂̀ 𝗦𝗼̛ 𝗕𝗮𝗻𝗸 𝗡𝗵𝗮̣̂𝗻 𝗫𝗲 𝗩𝗮̀ 𝗖𝗮𝘃𝗲𝘁 𝗚𝗼̂́𝗰
✅ 𝗡𝗼̛̣ 𝗫𝗮̂́𝘂 – 𝗛𝗼̂̃ 𝗧𝗿𝗼̛̣ 𝟬 Đ𝗼̂̀𝗻𝗴 – 𝗞𝗵𝗼̂𝗻𝗴 𝗫𝗮́𝗰 𝗠𝗶𝗻𝗵
✅ 𝗡𝗼̛̣ 𝗫𝗮̂́𝘂 – 𝗛𝗼̂̃ 𝗧𝗿𝗼̛̣ Đ𝘂̛𝗮 𝟯𝟬% – 𝗞𝗵𝗼̂𝗻𝗴 𝗟𝗮̃𝗶
✅ Đ𝗼̂̉𝗶 𝗣𝗶𝗻 𝗞𝗵𝗼̂𝗻𝗴 𝗖𝗵𝗼̛̀ 𝗦𝗮̣c 𝗡𝗵𝗶𝗲̂̀𝘂 𝗖𝗵𝗶 𝗡𝗵𝗮́𝗻𝗵
✅ 𝗛ỗ 𝗧𝗿𝗼̛̣ 𝟮 𝗡𝗮̆𝗺 𝗫𝗲 𝗛𝘂̛ – 𝗖𝗼́ 𝗫𝗲 𝗞𝗵𝗮́𝗰 𝗗𝘂̀𝗻𝗴
✅ Đ𝗮̆𝗻𝗴 𝗞𝘆́ 𝗔𝗽𝗽 𝗫𝗮𝗻𝗵 𝗣𝗹𝗮𝘁𝗳𝗼𝗿𝗺 – 𝗧𝗮̣𝗶 𝗖𝗵𝗼̂̃
--------------------
🏠 𝟭𝟭𝟱 𝗣𝗵𝗮̣𝗺 𝗧𝗵𝗲̂́ 𝗛𝗶𝗲̂̉𝗻 - 𝗖𝗵𝗮́𝗻𝗵 𝗛𝘂̛𝗻𝗴 - 𝗛𝗖𝗠 ( 𝗤𝘂𝗮̣̂𝗻 𝟴 )
☎️ 𝗛𝗼𝘁𝗹𝗶𝗻𝗲 : *** - 𝗗𝗶𝗲̣̂𝘂",Cần xác minh,Dat Bike,Quantum,34900000.0,-8.6
134031255,"Vinfast Klara Pin cầm,xe đẹp biển Sài Gòn",10800000,"🍓🍓🍓 Xe bà xã đi đã đổi Evo200 nên thanh lý lại người dùng.
Xe Vinfast Klara màu hồng (Xe đẹp lắm nữ tính)
☘️ Biển Số Sài Gòn 41MĐ- chạy không cần bằng
Pin zin mua  + Sạc Zin: sạc đầy 2-3 tiếng đi được 40-50km/1 lần
- Động cơ mới thay trước tết, xe chạy mượt pin cầm tốt 40-50km, đã thay đồng hồ hiện đại + đèn led 2 tầng
🍇 Chị em mua về đưa đón con hay đi chợ vòng vòng trãi nghiệm ok nhé
🍏Ưu tiên: Học Sinh-Sinh Viên, xe chạy không cần bằng lái
🍇🍇🍇 Xem xe tại địa chỉ
Đường DN5, Đông Hưng Thuận,TPHCM( KDC AN SƯƠNG)",2020,28000.0,Tp Hồ Chí Minh,Quận 12,"🍓🍓🍓 Xe bà xã đi đã đổi Evo200 nên thanh lý lại người dùng.
Xe Vinfast Klara màu hồng (Xe đẹp lắm nữ tính)
☘️ Biển Số Sài Gòn 41MĐ- chạy không cần bằng
Pin zin mua  + Sạc Zin: sạc đầy 2-3 tiếng đi được 40-50km/1 lần
- Động cơ mới thay trước tết, xe chạy mượt pin cầm tốt 40-50km, đã thay đồng hồ hiện đại + đèn led 2 tầng
🍇 Chị em mua về đưa đón con hay đi chợ vòng vòng trãi nghiệm ok nhé
🍏Ưu tiên: Học Sinh-Sinh Viên, xe chạy không cần bằng lái
🍇🍇🍇 Xem xe tại địa chỉ
Đường DN5, Đông Hưng Thuận,TPHCM( KDC AN SƯƠNG)",Kèm pin,VinFast,Klara,35000000.0,69.1
134623797,Xe Điện Xmen,5000000,Cần bán 5 triệu xe đầy đủ giấy tờ đăng ký,2026,10000.0,Hà Nội,Huyện Phú Xuyên,Cần bán 5 triệu xe đầy đủ giấy tờ đăng ký,Cần xác minh,Khác,Không phân loại,,
134160705,VinFast Feliz 2025 Xanh oliu - Chính chủ - BSTP,21500000,"🔥 FELIZ 2025 1 PIN – XANH OLIU – CHÍNH CHỦ
📌 Date T6/2026
📌 Odo 12.000 km
📌 BSTP - Chính chủ
📌 Chính chủ, ủy quyền, sang tên công chứng nhanh gọn
💰 Giá: 2x
-----------------------
💚 Xe Điện Lướt Sài Gòn – Chuyên mua bán xe máy điện đã qua sử dụng tại TP.HCM
✅ Có trả góp – Cà thẻ – Giao tận nhà
📍 118A Chiến Lược, P. Bình Trị Đông, TP.HCM",2025,12000.0,Tp Hồ Chí Minh,Quận Bình Tân,"🔥 FELIZ 2025 1 PIN – XANH OLIU – CHÍNH CHỦ
📌 Date T6/2026
📌 Odo 12.000 km
📌 BSTP - Chính chủ
📌 Chính chủ, ủy quyền, sang tên công chứng nhanh gọn
💰 Giá: 2x
-----------------------
💚 Xe Điện Lướt Sài Gòn – Chuyên mua bán xe máy điện đã qua sử dụng tại TP.HCM
✅ Có trả góp – Cà thẻ – Giao tận nhà
📍 118A Chiến Lược, P. Bình Trị Đông, TP.HCM",Cần xác minh,VinFast,Feliz,27000000.0,20.4
134537840,Xe máy điện Yadea thể thao Cam đen,7500000,"Xe máy điện màu cam đen, kiểu dáng thể thao, phù hợp cho cả nam và nữ. 
- Xe chính chủ, có thể ký giấy sang tên. 
- Thích hợp cho học sinh, sinh viên không cần bằng lái. 
- Xe đang sử dụng tốt.",2023,123.0,Tp Hồ Chí Minh,Quận 12,"Xe máy điện màu cam đen, kiểu dáng thể thao, phù hợp cho cả nam và nữ. 
- Xe chính chủ, có thể ký giấy sang tên. 
- Thích hợp cho học sinh, sinh viên không cần bằng lái. 
- Xe đang sử dụng tốt.",Cần xác minh,Yadea,Yadea (Khác),14990000.0,50.0
134623423,Xe điện VinFast Klara màu Đen,10000000,"Tôi có 1 xe điện vinfast Klara màu đen như hình muốn bán do không có nhu cầu sử dụng. Xe còn đi tốt, vẫn chạy bình thường, vỏ còn nguyên vẹn, ko va chạm hay trầy xước. Xe tôi đi ít nên giữ gìn rất cẩn thận.",2020,19903.0,Hà Nội,Quận Ba Đình,"Tôi có 1 xe điện vinfast Klara màu đen như hình muốn bán do không có nhu cầu sử dụng. Xe còn đi tốt, vẫn chạy bình thường, vỏ còn nguyên vẹn, ko va chạm hay trầy xước. Xe tôi đi ít nên giữ gìn rất cẩn thận.",Cần xác minh,VinFast,Klara,35000000.0,71.4
133934022,Vinfast Evo200 Vàng zin 100% chính chủ,21900000,"     
 ✅ Vinfast Evo200 siêu đẹp ko một vết trầy 2025 
✅ Xe chính chủ Bstp ký mua bán ủy quyền đều được nhé 
✅ Pin 3.5 mua đứt bảo hành 8 năm ,sạc đầy đi được 200km
✅ Giá bán : 21,9tr
✅ Dt : 
✅ Xem xe Q6, Ship toàn quốc
",2025,14000.0,Tp Hồ Chí Minh,Quận 6,"     
 ✅ Vinfast Evo200 siêu đẹp ko một vết trầy 2025 
✅ Xe chính chủ Bstp ký mua bán ủy quyền đều được nhé 
✅ Pin 3.5 mua đứt bảo hành 8 năm ,sạc đầy đi được 200km
✅ Giá bán : 21,9tr
✅ Dt : 
✅ Xem xe Q6, Ship toàn quốc
",Kèm pin,VinFast,Evo 200,18000000.0,-21.7
134623388,Xe máy điện VinFast Feliz Đen 14000 km,19500000,Xe odo 14 ngàn xe hoạt động bình thường không lỗi làm gì chỉ việc mua về là chạy không cần suy nghĩ gì hết,2026,14000.0,Đồng Nai,Huyện Xuân Lộc,Xe odo 14 ngàn xe hoạt động bình thường không lỗi làm gì chỉ việc mua về là chạy không cần suy nghĩ gì hết,Cần xác minh,VinFast,Feliz,27000000.0,27.8
134623383,Xe máy điện VinFast Feliz Trắng 300 km,26000000,Xe mới mua về không đi như mới odo mới 300km xe sẵn 2 pin chỉ việc mua về là chạy không khác gì xe mới đầy đủ phụ kiện,2026,300.0,Đồng Nai,Huyện Xuân Lộc,Xe mới mua về không đi như mới odo mới 300km xe sẵn 2 pin chỉ việc mua về là chạy không khác gì xe mới đầy đủ phụ kiện,Cần xác minh,VinFast,Feliz,27000000.0,3.7
134623365,Xe máy điện  2026 Hồng Đã sử dụng,9500000,Xe mới mua được 4 ngày không có nhu cầu đi nữa bán lại mới 99% kh vết trầy xe hoạt động bình thường không lỗi chỉ việc về cắm sạc là chạy,2026,10.0,Đồng Nai,Huyện Xuân Lộc,Xe mới mua được 4 ngày không có nhu cầu đi nữa bán lại mới 99% kh vết trầy xe hoạt động bình thường không lỗi chỉ việc về cắm sạc là chạy,Cần xác minh,Khác,Không phân loại,,
134596908,Quantum S1 2025 lướt đẹp,38500000,"Xe máy điện màu trắng, pin 100% cho quãng đường di chuyển xa. 
- Thiết kế hiện đại, trẻ trung. 
- Vận hành êm ái, tiết kiệm năng lượng. 
- Phù hợp di chuyển trong thành phố.",2025,10.0,Tp Hồ Chí Minh,Quận Bình Tân,"Xe máy điện màu trắng, pin 100% cho quãng đường di chuyển xa. 
- Thiết kế hiện đại, trẻ trung. 
- Vận hành êm ái, tiết kiệm năng lượng. 
- Phù hợp di chuyển trong thành phố.",Cần xác minh,Dat Bike,Quantum,34900000.0,-10.3
134509389,Xe máy điện VinFast Evo200 2025 Đen,20900000,"Evo200  - Bstp 9 Chủ ĐK 2025
- Dàn áo dán keng 98%
- Óc tán 7 màu keng 98%
- Còn đủ phụ kiện theo xe
❤️Xe keng 98% so với xe new 
⛔️ Nợ xấu đưa 0đ có LÃI SUẤT hoặc 11tr KO LÃI SUẤT
--------------------
✅ 𝗛𝗼̂̃ 𝗧𝗿𝗼̛̣ 𝗔𝗲 𝗟𝗲̂𝗻 𝗛𝗼̂̀ 𝗦𝗼̛ 𝗕𝗮𝗻𝗸 𝗡𝗵𝗮̣̂𝗻 𝗫𝗲 𝗩𝗮̀ 𝗖𝗮𝘃𝗲𝘁 𝗚𝗼̂́𝗰
✅ 𝗡𝗼̛̣ 𝗫𝗮̂́𝘂 – 𝗛𝗼̂̃ 𝗧𝗿𝗼̛̣ 𝟬 Đ𝗼̂̀𝗻𝗴 – 𝗞𝗵𝗼̂𝗻𝗴 𝗫𝗮́𝗰 𝗠𝗶𝗻𝗵
✅ 𝗡𝗼̛̣ 𝗫𝗮̂́𝘂 – 𝗛𝗼̂̃ 𝗧𝗿𝗼̛̣ Đ𝘂̛𝗮 𝟯𝟬% – 𝗞𝗵𝗼̂𝗻𝗴 𝗟𝗮̃𝗶
✅ Đ𝗼̂̉𝗶 𝗣𝗶𝗻 𝗞𝗵𝗼̂𝗻𝗴 𝗖𝗵𝗼̛̀ 𝗦𝗮̣c 𝗡𝗵𝗶𝗲̂̀𝘂 𝗖𝗵𝗶 𝗡𝗵𝗮́𝗻𝗵
✅ 𝗛ỗ 𝗧𝗿𝗼̛̣ 𝟮 𝗡𝗮̆𝗺 𝗫𝗲 𝗛𝘂̛ – 𝗖𝗼́ 𝗫𝗲 𝗞𝗵𝗮́𝗰 𝗗𝘂̀𝗻𝗴
✅ Đ𝗮̆𝗻𝗴 𝗞𝘆́ 𝗔𝗽𝗽 𝗫𝗮𝗻𝗵 𝗣𝗹𝗮𝘁𝗳𝗼𝗿𝗺 – 𝗧𝗮̣𝗶 𝗖𝗵𝗼̂̃
--------------------
🏠𝟮𝟴𝟴 𝗧𝗿𝘂̛𝗼̛̀𝗻𝗴 𝗖𝗵𝗶𝗻𝗵 - 𝗣𝗵ư𝗼̛̀𝗻𝗴 Đ𝗼̂𝗻𝗴 𝗛𝘂̛𝗻𝗴 𝗧𝗵𝘂𝗮̣̂𝗻 - 𝗛𝗖𝗠 (𝗤𝘂𝗮̣̂𝗻𝟭𝟮 𝗰𝘂̃)",2025,,Tp Hồ Chí Minh,Quận 12,"Evo200  - Bstp 9 Chủ ĐK 2025
- Dàn áo dán keng 98%
- Óc tán 7 màu keng 98%
- Còn đủ phụ kiện theo xe
❤️Xe keng 98% so với xe new 
⛔️ Nợ xấu đưa 0đ có LÃI SUẤT hoặc 11tr KO LÃI SUẤT
--------------------
✅ 𝗛𝗼̂̃ 𝗧𝗿𝗼̛̣ 𝗔𝗲 𝗟𝗲̂𝗻 𝗛𝗼̂̀ 𝗦𝗼̛ 𝗕𝗮𝗻𝗸 𝗡𝗵𝗮̣̂𝗻 𝗫𝗲 𝗩𝗮̀ 𝗖𝗮𝘃𝗲𝘁 𝗚𝗼̂́𝗰
✅ 𝗡𝗼̛̣ 𝗫𝗮̂́𝘂 – 𝗛𝗼̂̃ 𝗧𝗿𝗼̛̣ 𝟬 Đ𝗼̂̀𝗻𝗴 – 𝗞𝗵𝗼̂𝗻𝗴 𝗫𝗮́𝗰 𝗠𝗶𝗻𝗵
✅ 𝗡𝗼̛̣ 𝗫𝗮̂́𝘂 – 𝗛𝗼̂̃ 𝗧𝗿𝗼̛̣ Đ𝘂̛𝗮 𝟯𝟬% – 𝗞𝗵𝗼̂𝗻𝗴 𝗟𝗮̃𝗶
✅ Đ𝗼̂̉𝗶 𝗣𝗶𝗻 𝗞𝗵𝗼̂𝗻𝗴 𝗖𝗵𝗼̛̀ 𝗦𝗮̣c 𝗡𝗵𝗶𝗲̂̀𝘂 𝗖𝗵𝗶 𝗡𝗵𝗮́𝗻𝗵
✅ 𝗛ỗ 𝗧𝗿𝗼̛̣ 𝟮 𝗡𝗮̆𝗺 𝗫𝗲 𝗛𝘂̛ – 𝗖𝗼́ 𝗫𝗲 𝗞𝗵𝗮́𝗰 𝗗𝘂̀𝗻𝗴
✅ Đ𝗮̆𝗻𝗴 𝗞𝘆́ 𝗔𝗽𝗽 𝗫𝗮𝗻𝗵 𝗣𝗹𝗮𝘁𝗳𝗼𝗿𝗺 – 𝗧𝗮̣𝗶 𝗖𝗵𝗼̂̃
--------------------
🏠𝟮𝟴𝟴 𝗧𝗿𝘂̛𝗼̛̀𝗻𝗴 𝗖𝗵𝗶𝗻𝗵 - 𝗣𝗵ư𝗼̛̀𝗻𝗴 Đ𝗼̂𝗻𝗴 𝗛𝘂̛𝗻𝗴 𝗧𝗵𝘂𝗮̣̂𝗻 - 𝗛𝗖𝗠 (𝗤𝘂𝗮̣̂𝗻𝟭𝟮 𝗰𝘂̃)",Cần xác minh,VinFast,Evo 200,18000000.0,-16.1
134622598,Xe máy điện Quantum s1 2025 Đen,43000000,"Xe máy điện Quantum s1  màu đen, kiểu dáng hiện đại, vận hành êm ái. 
- Xe mới, ít sử dụng. 
- Thiết kế thời trang, phù hợp di chuyển trong phố. 
- Tiết kiệm năng lượng, thân thiện môi trường.
Năm 12.2025",2025,6000.0,Tp Hồ Chí Minh,Thành phố Thủ Đức,"Xe máy điện Quantum s1  màu đen, kiểu dáng hiện đại, vận hành êm ái. 
- Xe mới, ít sử dụng. 
- Thiết kế thời trang, phù hợp di chuyển trong phố. 
- Tiết kiệm năng lượng, thân thiện môi trường.
Năm 12.2025",Cần xác minh,Dat Bike,Quantum,34900000.0,-23.2
134558900,Xe Điện 3sGo - EvoMax BST 65 Trắng 8000 km,20900000,"EvoMax BST 65 Chính Chủ
- Odo 8k
- Sẵn 2 pin thuê
- Óc tán 7 màu keng 
- Còn đủ phụ kiện theo xe
- Bảo hành Vinfats toàn quốc
⛔️ Nợ xấu đưa 0đ có LÃI SUẤT hoặc 12tr KO LÃI SUẤT
--------------------
✅ 𝗛𝗼̂̃ 𝗧𝗿𝗼̛̣ 𝗔𝗲 𝗟𝗲̂𝗻 𝗛𝗼̂̀ 𝗦𝗼̛ 𝗕𝗮𝗻𝗸 𝗡𝗵𝗮̣̂𝗻 𝗫𝗲 𝗩𝗮̀ 𝗖𝗮𝘃𝗲𝘁 𝗚𝗼̂́𝗰
✅ 𝗡𝗼̛̣ 𝗫𝗮̂́𝘂 – 𝗛𝗼̂̃ 𝗧𝗿𝗼̛̣ 𝟬 Đ𝗼̂̀𝗻𝗴 – 𝗞𝗵𝗼̂𝗻𝗴 𝗫𝗮́𝗰 𝗠𝗶𝗻𝗵
✅ 𝗡𝗼̛̣ 𝗫𝗮̂́𝘂 – 𝗛𝗼̂̃ 𝗧𝗿𝗼̛̣ Đ𝘂̛𝗮 𝟯𝟬% – 𝗞𝗵𝗼̂𝗻𝗴 𝗟𝗮̃𝗶
✅ Đ𝗼̂̉𝗶 𝗣𝗶𝗻 𝗞𝗵𝗼̂𝗻𝗴 𝗖𝗵𝗼̛̀ 𝗦𝗮̣c 𝗡𝗵𝗶𝗲̂̀𝘂 𝗖𝗵𝗶 𝗡𝗵𝗮́𝗻𝗵
✅ 𝗛ỗ 𝗧𝗿𝗼̛̣ 𝟮 𝗡𝗮̆𝗺 𝗫𝗲 𝗛𝘂̛ – 𝗖𝗼́ 𝗫𝗲 𝗞𝗵𝗮́𝗰 𝗗𝘂̀𝗻𝗴
✅ Đ𝗮̆𝗻𝗴 𝗞𝘆́ 𝗔𝗽𝗽 𝗫𝗮𝗻𝗵 𝗣𝗹𝗮𝘁𝗳𝗼𝗿𝗺 – 𝗧𝗮̣𝗶 𝗖𝗵𝗼̂̃
--------------------
🏠𝟮𝟴𝟴 𝗧𝗿𝘂̛𝗼̛̀𝗻𝗴 𝗖𝗵𝗶𝗻𝗵 - 𝗣𝗵ư𝗼̛̀𝗻𝗴 Đ𝗼̂𝗻𝗴 𝗛𝘂̛𝗻𝗴 𝗧𝗵𝘂𝗮̣̂𝗻 - 𝗛𝗖𝗠 (𝗤𝘂𝗮̣̂𝗻𝟭𝟮 𝗰𝘂̃)",2026,8000.0,Tp Hồ Chí Minh,Quận 12,"EvoMax BST 65 Chính Chủ
- Odo 8k
- Sẵn 2 pin thuê
- Óc tán 7 màu keng 
- Còn đủ phụ kiện theo xe
- Bảo hành Vinfats toàn quốc
⛔️ Nợ xấu đưa 0đ có LÃI SUẤT hoặc 12tr KO LÃI SUẤT
--------------------
✅ 𝗛𝗼̂̃ 𝗧𝗿𝗼̛̣ 𝗔𝗲 𝗟𝗲̂𝗻 𝗛𝗼̂̀ 𝗦𝗼̛ 𝗕𝗮𝗻𝗸 𝗡𝗵𝗮̣̂𝗻 𝗫𝗲 𝗩𝗮̀ 𝗖𝗮𝘃𝗲𝘁 𝗚𝗼̂́𝗰
✅ 𝗡𝗼̛̣ 𝗫𝗮̂́𝘂 – 𝗛𝗼̂̃ 𝗧𝗿𝗼̛̣ 𝟬 Đ𝗼̂̀𝗻𝗴 – 𝗞𝗵𝗼̂𝗻𝗴 𝗫𝗮́𝗰 𝗠𝗶𝗻𝗵
✅ 𝗡𝗼̛̣ 𝗫𝗮̂́𝘂 – 𝗛𝗼̂̃ 𝗧𝗿𝗼̛̣ Đ𝘂̛𝗮 𝟯𝟬% – 𝗞𝗵𝗼̂𝗻𝗴 𝗟𝗮̃𝗶
✅ Đ𝗼̂̉𝗶 𝗣𝗶𝗻 𝗞𝗵𝗼̂𝗻𝗴 𝗖𝗵𝗼̛̀ 𝗦𝗮̣c 𝗡𝗵𝗶𝗲̂̀𝘂 𝗖𝗵𝗶 𝗡𝗵𝗮́𝗻𝗵
✅ 𝗛ỗ 𝗧𝗿𝗼̛̣ 𝟮 𝗡𝗮̆𝗺 𝗫𝗲 𝗛𝘂̛ – 𝗖𝗼́ 𝗫𝗲 𝗞𝗵𝗮́𝗰 𝗗𝘂̀𝗻𝗴
✅ Đ𝗮̆𝗻𝗴 𝗞𝘆́ 𝗔𝗽𝗽 𝗫𝗮𝗻𝗵 𝗣𝗹𝗮𝘁𝗳𝗼𝗿𝗺 – 𝗧𝗮̣𝗶 𝗖𝗵𝗼̂̃
--------------------
🏠𝟮𝟴𝟴 𝗧𝗿𝘂̛𝗼̛̀𝗻𝗴 𝗖𝗵𝗶𝗻𝗵 - 𝗣𝗵ư𝗼̛̀𝗻𝗴 Đ𝗼̂𝗻𝗴 𝗛𝘂̛𝗻𝗴 𝗧𝗵𝘂𝗮̣̂𝗻 - 𝗛𝗖𝗠 (𝗤𝘂𝗮̣̂𝗻𝟭𝟮 𝗰𝘂̃)",Cần xác minh,Khác,Không phân loại,,
134366874,"Xe máy điện Typer 2 Trắng, Cam đã sử dụng",7800000,"Typer 2 đi ít còn như mới bán nửa giá mới

🛵TRẺ TRUNG - PHONG CÁCH - NĂNG ĐỘNG 
✴️ thanh lý xe typer2 
💸💸 giá bán 7tr800
☑️ màu sắc trung tính, thời trang (bảo hành 6 tháng) 
☑️ máy móc nguyên zin, an toàn tiết kiệm điện , Xanh, sạch không ồn 
☎️ Zalo *** (free ship Hà Nội, hỗ trợ ship toàn quốc  )
🏠 389 đội cấn -Hà Nội",2025,10000.0,Hà Nội,Quận Ba Đình,"Typer 2 đi ít còn như mới bán nửa giá mới

🛵TRẺ TRUNG - PHONG CÁCH - NĂNG ĐỘNG 
✴️ thanh lý xe typer2 
💸💸 giá bán 7tr800
☑️ màu sắc trung tính, thời trang (bảo hành 6 tháng) 
☑️ máy móc nguyên zin, an toàn tiết kiệm điện , Xanh, sạch không ồn 
☎️ Zalo *** (free ship Hà Nội, hỗ trợ ship toàn quốc  )
🏠 *** đội cấn -Hà Nội",Kèm pin,Khác,Không phân loại,,
134508320,Xe Điện 3sGo - Datbike S1 2026 Đen 10000 km,44900000,"DatbikeS1 BSTP ĐK 2026 Chính Chủ 1 Lần sạc đi 285km
- Odo 10k hơn
- Óc tán 7 màu keng 
- Còn đủ phụ kiện theo xe 
- Bảo hành Datbike toàn quốc
⛔️ Nợ xấu đưa 5tr8 có LÃI SUẤT hoặc 23tr KO LÃI SUẤT
--------------------
✅ 𝗛𝗼̂̃ 𝗧𝗿𝗼̛̣ 𝗔𝗲 𝗟𝗲̂𝗻 𝗛𝗼̂̀ 𝗦𝗼̛ 𝗕𝗮𝗻𝗸 𝗡𝗵𝗮̣̂𝗻 𝗫𝗲 𝗩𝗮̀ 𝗖𝗮𝘃𝗲𝘁 𝗚𝗼̂́𝗰
✅ 𝗡𝗼̛̣ 𝗫𝗮̂́𝘂 – 𝗛𝗼̂̃ 𝗧𝗿𝗼̛̣ 𝟬 Đ𝗼̂̀𝗻𝗴 – 𝗞𝗵𝗼̂𝗻𝗴 𝗫𝗮́𝗰 𝗠𝗶𝗻𝗵
✅ 𝗡𝗼̛̣ 𝗫𝗮̂́𝘂 – 𝗛𝗼̂̃ 𝗧𝗿𝗼̛̣ Đ𝘂̛𝗮 𝟯𝟬% – 𝗞𝗵𝗼̂𝗻𝗴 𝗟𝗮̃𝗶
✅ Đ𝗼̂̉𝗶 𝗣𝗶𝗻 𝗞𝗵𝗼̂𝗻𝗴 𝗖𝗵𝗼̛̀ 𝗦𝗮̣c 𝗡𝗵𝗶𝗲̂̀𝘂 𝗖𝗵𝗶 𝗡𝗵𝗮́𝗻𝗵
✅ 𝗛ỗ 𝗧𝗿𝗼̛̣ 𝟮 𝗡𝗮̆𝗺 𝗫𝗲 𝗛𝘂̛ – 𝗖𝗼́ 𝗫𝗲 𝗞𝗵𝗮́𝗰 𝗗𝘂̀𝗻𝗴
✅ Đ𝗮̆𝗻𝗴 𝗞𝘆́ 𝗔𝗽𝗽 𝗫𝗮𝗻𝗵 𝗣𝗹𝗮𝘁𝗳𝗼𝗿𝗺 – 𝗧𝗮̣𝗶 𝗖𝗵𝗼̂̃
--------------------
🏠𝟮𝟴𝟴 𝗧𝗿𝘂̛𝗼̛̀𝗻𝗴 𝗖𝗵𝗶𝗻𝗵 - 𝗣𝗵ư𝗼̛̀𝗻𝗴 Đ𝗼̂𝗻𝗴 𝗛𝘂̛𝗻𝗴 𝗧𝗵𝘂𝗮̣̂𝗻 - 𝗛𝗖𝗠 (𝗤𝘂𝗮̣̂𝗻𝟭𝟮 𝗰𝘂̃)",2025,10000.0,Tp Hồ Chí Minh,Quận 12,"DatbikeS1 BSTP ĐK 2026 Chính Chủ 1 Lần sạc đi 285km
- Odo 10k hơn
- Óc tán 7 màu keng 
- Còn đủ phụ kiện theo xe 
- Bảo hành Datbike toàn quốc
⛔️ Nợ xấu đưa 5tr8 có LÃI SUẤT hoặc 23tr KO LÃI SUẤT
--------------------
✅ 𝗛𝗼̂̃ 𝗧𝗿𝗼̛̣ 𝗔𝗲 𝗟𝗲̂𝗻 𝗛𝗼̂̀ 𝗦𝗼̛ 𝗕𝗮𝗻𝗸 𝗡𝗵𝗮̣̂𝗻 𝗫𝗲 𝗩𝗮̀ 𝗖𝗮𝘃𝗲𝘁 𝗚𝗼̂́𝗰
✅ 𝗡𝗼̛̣ 𝗫𝗮̂́𝘂 – 𝗛𝗼̂̃ 𝗧𝗿𝗼̛̣ 𝟬 Đ𝗼̂̀𝗻𝗴 – 𝗞𝗵𝗼̂𝗻𝗴 𝗫𝗮́𝗰 𝗠𝗶𝗻𝗵
✅ 𝗡𝗼̛̣ 𝗫𝗮̂́𝘂 – 𝗛𝗼̂̃ 𝗧𝗿𝗼̛̣ Đ𝘂̛𝗮 𝟯𝟬% – 𝗞𝗵𝗼̂𝗻𝗴 𝗟𝗮̃𝗶
✅ Đ𝗼̂̉𝗶 𝗣𝗶𝗻 𝗞𝗵𝗼̂𝗻𝗴 𝗖𝗵𝗼̛̀ 𝗦𝗮̣c 𝗡𝗵𝗶𝗲̂̀𝘂 𝗖𝗵𝗶 𝗡𝗵𝗮́𝗻𝗵
✅ 𝗛ỗ 𝗧𝗿𝗼̛̣ 𝟮 𝗡𝗮̆𝗺 𝗫𝗲 𝗛𝘂̛ – 𝗖𝗼́ 𝗫𝗲 𝗞𝗵𝗮́𝗰 𝗗𝘂̀𝗻𝗴
✅ Đ𝗮̆𝗻𝗴 𝗞𝘆́ 𝗔𝗽𝗽 𝗫𝗮𝗻𝗵 𝗣𝗹𝗮𝘁𝗳𝗼𝗿𝗺 – 𝗧𝗮̣𝗶 𝗖𝗵𝗼̂̃
--------------------
🏠𝟮𝟴𝟴 𝗧𝗿𝘂̛𝗼̛̀𝗻𝗴 𝗖𝗵𝗶𝗻𝗵 - 𝗣𝗵ư𝗼̛̀𝗻𝗴 Đ𝗼̂𝗻𝗴 𝗛𝘂̛𝗻𝗴 𝗧𝗵𝘂𝗮̣̂𝗻 - 𝗛𝗖𝗠 (𝗤𝘂𝗮̣̂𝗻𝟭𝟮 𝗰𝘂̃)",Cần xác minh,Khác,Không phân loại,,
134197994,CỬA HÀNG THU MUA XE MÁY ĐIỆN CŨ,35999000,"⭐️ CỬA HÀNG PHẠM TUẤN XE ĐIỆN CŨ 
CHUYÊN THU MUA XE ĐIỆN CŨ - GIÁ CAO - BAO MỌI GIẤY TỜ LIÊN QUAN
📌 Địa chỉ: 244 Thoại Ngọc Hầu . Phú Thạnh , Q .Tân Phú . TP HCM.
⭐️ ĐỊNH GIÁ MIỄN PHÍ XE MÁY ⭐️

❤️ Chuyên Thu Mua Xe Điện Cũ với các dòng như sau, Giá Bao Thị Trường
( VINFAST . YADEA . DATBIKE . PEGA...)

Giá thu từ: 1tr - 99tr

Dịch vụ đặc biệt:
❤️ Bấm Giá Trong Vòng 30s Để Khách Hàng Tham Khảo Giá
❤️ Hỗ Trợ Mua Tận Nơi ( Sài Gòn và những chỗ lân cận)


😍😍😍 CẦN KẾT NỐI VỚI SHOWROOM CÁC HÃNG XE ĐIỆN NEW THU CŨ ĐỔI MỚI CHO KHÁCH HÀNG

code: #thumuaxe #26003663_1",2025,1.0,Tp Hồ Chí Minh,Quận Tân Phú,"⭐️ CỬA HÀNG PHẠM TUẤN XE ĐIỆN CŨ 
CHUYÊN THU MUA XE ĐIỆN CŨ - GIÁ CAO - BAO MỌI GIẤY TỜ LIÊN QUAN
📌 Địa chỉ: 244 Thoại Ngọc Hầu . Phú Thạnh , Q .Tân Phú . TP HCM.
⭐️ ĐỊNH GIÁ MIỄN PHÍ XE MÁY ⭐️

❤️ Chuyên Thu Mua Xe Điện Cũ với các dòng như sau, Giá Bao Thị Trường
( VINFAST . YADEA . DATBIKE . PEGA...)

Giá thu từ: 1tr - 99tr

Dịch vụ đặc biệt:
❤️ Bấm Giá Trong Vòng 30s Để Khách Hàng Tham Khảo Giá
❤️ Hỗ Trợ Mua Tận Nơi ( Sài Gòn và những chỗ lân cận)


😍😍😍 CẦN KẾT NỐI VỚI SHOWROOM CÁC HÃNG XE ĐIỆN NEW THU CŨ ĐỔI MỚI CHO KHÁCH HÀNG

code: #thumuaxe #26003663_1",Cần xác minh,Khác,Không phân loại,,
134558870,Xe Điện 3sGo - Feliz II Trắng 700km,25900000,"Feliz II BSTP Chính Chủ 
- Odo 700km
- 2pin (free thuê 2pin 1 năm)
- Óc tán 7 màu keng 
- Còn đủ phụ kiện theo xe 
- Bảo hành Vinfast toàn quốc
⛔️ Nợ xấu đưa 0đ có LÃI SUẤT hoặc 15tr KO LÃI SUẤT
--------------------
✅ 𝗛𝗼̂̃ 𝗧𝗿𝗼̛̣ 𝗔𝗲 𝗟𝗲̂𝗻 𝗛𝗼̂̀ 𝗦𝗼̛ 𝗕𝗮𝗻𝗸 𝗡𝗵𝗮̣̂𝗻 𝗫𝗲 𝗩𝗮̀ 𝗖𝗮𝘃𝗲𝘁 𝗚𝗼̂́𝗰
✅ 𝗡𝗼̛̣ 𝗫𝗮̂́𝘂 – 𝗛𝗼̂̃ 𝗧𝗿𝗼̛̣ 𝟬 Đ𝗼̂̀𝗻𝗴 – 𝗞𝗵𝗼̂𝗻𝗴 𝗫𝗮́𝗰 𝗠𝗶𝗻𝗵
✅ 𝗡𝗼̛̣ 𝗫𝗮̂́𝘂 – 𝗛𝗼̂̃ 𝗧𝗿𝗼̛̣ Đ𝘂̛𝗮 𝟯𝟬% – 𝗞𝗵𝗼̂𝗻𝗴 𝗟𝗮̃𝗶
✅ Đ𝗼̂̉𝗶 𝗣𝗶𝗻 𝗞𝗵𝗼̂𝗻𝗴 𝗖𝗵𝗼̛̀ 𝗦𝗮̣c 𝗡𝗵𝗶𝗲̂̀𝘂 𝗖𝗵𝗶 𝗡𝗵𝗮́𝗻𝗵
✅ 𝗛ỗ 𝗧𝗿𝗼̛̣ 𝟮 𝗡𝗮̆𝗺 𝗫𝗲 𝗛𝘂̛ – 𝗖𝗼́ 𝗫𝗲 𝗞𝗵𝗮́𝗰 𝗗𝘂̀𝗻𝗴
✅ Đ𝗮̆𝗻𝗴 𝗞𝘆́ 𝗔𝗽𝗽 𝗫𝗮𝗻𝗵 𝗣𝗹𝗮𝘁𝗳𝗼𝗿𝗺 – 𝗧𝗮̣𝗶 𝗖𝗵𝗼̂̃
--------------------
🏠𝟮𝟴𝟴 𝗧𝗿𝘂̛𝗼̛̀𝗻𝗴 𝗖𝗵𝗶𝗻𝗵 - 𝗣𝗵ư𝗼̛̀𝗻𝗴 Đ𝗼̂𝗻𝗴 𝗛𝘂̛𝗻𝗴 𝗧𝗵𝘂𝗮̣̂𝗻 - 𝗛𝗖𝗠 (𝗤𝘂𝗮̣̂𝗻𝟭𝟮 𝗰𝘂̃)",2026,700.0,Tp Hồ Chí Minh,Quận 12,"Feliz II BSTP Chính Chủ 
- Odo 700km
- 2pin (free thuê 2pin 1 năm)
- Óc tán 7 màu keng 
- Còn đủ phụ kiện theo xe 
- Bảo hành Vinfast toàn quốc
⛔️ Nợ xấu đưa 0đ có LÃI SUẤT hoặc 15tr KO LÃI SUẤT
--------------------
✅ 𝗛𝗼̂̃ 𝗧𝗿𝗼̛̣ 𝗔𝗲 𝗟𝗲̂𝗻 𝗛𝗼̂̀ 𝗦𝗼̛ 𝗕𝗮𝗻𝗸 𝗡𝗵𝗮̣̂𝗻 𝗫𝗲 𝗩𝗮̀ 𝗖𝗮𝘃𝗲𝘁 𝗚𝗼̂́𝗰
✅ 𝗡𝗼̛̣ 𝗫𝗮̂́𝘂 – 𝗛𝗼̂̃ 𝗧𝗿𝗼̛̣ 𝟬 Đ𝗼̂̀𝗻𝗴 – 𝗞𝗵𝗼̂𝗻𝗴 𝗫𝗮́𝗰 𝗠𝗶𝗻𝗵
✅ 𝗡𝗼̛̣ 𝗫𝗮̂́𝘂 – 𝗛𝗼̂̃ 𝗧𝗿𝗼̛̣ Đ𝘂̛𝗮 𝟯𝟬% – 𝗞𝗵𝗼̂𝗻𝗴 𝗟𝗮̃𝗶
✅ Đ𝗼̂̉𝗶 𝗣𝗶𝗻 𝗞𝗵𝗼̂𝗻𝗴 𝗖𝗵𝗼̛̀ 𝗦𝗮̣c 𝗡𝗵𝗶𝗲̂̀𝘂 𝗖𝗵𝗶 𝗡𝗵𝗮́𝗻𝗵
✅ 𝗛ỗ 𝗧𝗿𝗼̛̣ 𝟮 𝗡𝗮̆𝗺 𝗫𝗲 𝗛𝘂̛ – 𝗖𝗼́ 𝗫𝗲 𝗞𝗵𝗮́𝗰 𝗗𝘂̀𝗻𝗴
✅ Đ𝗮̆𝗻𝗴 𝗞𝘆́ 𝗔𝗽𝗽 𝗫𝗮𝗻𝗵 𝗣𝗹𝗮𝘁𝗳𝗼𝗿𝗺 – 𝗧𝗮̣𝗶 𝗖𝗵𝗼̂̃
--------------------
🏠𝟮𝟴𝟴 𝗧𝗿𝘂̛𝗼̛̀𝗻𝗴 𝗖𝗵𝗶𝗻𝗵 - 𝗣𝗵ư𝗼̛̀𝗻𝗴 Đ𝗼̂𝗻𝗴 𝗛𝘂̛𝗻𝗴 𝗧𝗵𝘂𝗮̣̂𝗻 - 𝗛𝗖𝗠 (𝗤𝘂𝗮̣̂𝗻𝟭𝟮 𝗰𝘂̃)",Cần xác minh,VinFast,Feliz,27000000.0,4.1
134621837,Xe máy điện Xmen 2019 Đen Việt Nam,4900000,"BÁN XE MÁY ĐIỆN cũ :  Xmen 
Giá:4tr900  bình khỏe 30/35km/1 lần sạc 
Đk 2019 biển số 74 
xe ở Cầu Vượt Sóng Thần  Qlộ 1A 
LH: ***
Có nhan đổi xe điện cũ các loại",2019,8978.0,Tp Hồ Chí Minh,Thành phố Thủ Đức,"BÁN XE MÁY ĐIỆN cũ :  Xmen 
Giá:4tr900  bình khỏe 30/35km/1 lần sạc 
Đk 2019 biển số 74 
xe ở Cầu Vượt Sóng Thần  Qlộ 1A 
LH: ***
Có nhan đổi xe điện cũ các loại",Cần xác minh,Khác,Không phân loại,,
134621834,Xe máy điện VinFast Vento Neo Trắng 9.000KM,29500000,"Vento Neo 9.000KM Cập Bến 😍😍😍

Giá..29.5Tr

☎️*** Em bi",2025,9000.0,Tp Hồ Chí Minh,Quận Tân Phú,"Vento Neo 9.000KM Cập Bến 😍😍😍

Giá..29.5Tr

☎️*** Em bi",Cần xác minh,VinFast,Vento,50000000.0,41.0
134621825,"VinFast Feliz Neo 2025 Xám 38,900km",28000000,"Feliz Ne***


- ODO : 38,900km
- Pin : 72v 105Ah . Quãng đường đi được từ 200km 1 lần sạc
- Ngoại hình : 95%
- Thủ tục mua bán : công chứng mua bán ra tên mới. Chủ xe hỗ trợ rút hồ sơ
- Năm đăng ký : 10/2025
- Giá bán :  28,000,000
- Có hỗ trợ trả góp, nợ xấu
- Có cho thuê xe, trao đổi mua bán xe, ký gửi xe",2025,38900.0,Tp Hồ Chí Minh,Quận Tân Bình,"Feliz Ne***


- ODO : 38,900km
- Pin : 72v 105Ah . Quãng đường đi được từ 200km 1 lần sạc
- Ngoại hình : 95%
- Thủ tục mua bán : công chứng mua bán ra tên mới. Chủ xe hỗ trợ rút hồ sơ
- Năm đăng ký : 10/2025
- Giá bán :  28,000,000
- Có hỗ trợ trả góp, nợ xấu
- Có cho thuê xe, trao đổi mua bán xe, ký gửi xe",Cần xác minh,VinFast,Feliz,27000000.0,-3.7
134621821,Xe điện gogo,5200000,"bán xe điện còn rất tốt nhập khẩu nguyên chiếc giá vừa tầm ai mua cho con đi hoc câp 3 đỡ đươc bao nhiêu tiền nhà nhiêu xe lên bán nhanh cho gọn
ai thiên chí mua hoăc nhăn tin nêu ko nghe may kip",2019,5252.0,Hải Phòng,Quận Ngô Quyền,"bán xe điện còn rất tốt nhập khẩu nguyên chiếc giá vừa tầm ai mua cho con đi hoc câp 3 đỡ đươc bao nhiêu tiền nhà nhiêu xe lên bán nhanh cho gọn
ai thiên chí mua hoăc nhăn tin nêu ko nghe may kip",Cần xác minh,Dibao,Gogo,14500000.0,64.1
134621813,Quantum S3 odo 10k xe đẹp ken biển sg,32500000,"Quantum s3 xe đẹp ken 9 chủ ký 
Có gop nợ xấu tay đôi",2025,10412.0,Tp Hồ Chí Minh,Quận Tân Phú,"Quantum s3 xe đẹp ken 9 chủ ký 
Có gop nợ xấu tay đôi",Cần xác minh,Dat Bike,Quantum,34900000.0,6.9
133165398,Xe máy điện VinFast Feliz 2 Trắng,17500000,"Xe máy điện VinFast Feliz 2 màu trắng, thiết kế hiện đại, phù hợp cho cả nam và nữ. 
- Xe vận hành êm ái, tiết kiệm năng lượng. 
- Trang bị nhiều tính năng thông minh. 
- Xe mới, ít sử dụng.
- chuyển nhượng hợp đồng thuê 2 pin vinfast 1,5kw
",2026,1589.0,Đồng Nai,Huyện Trảng Bom,"Xe máy điện VinFast Feliz 2 màu trắng, thiết kế hiện đại, phù hợp cho cả nam và nữ. 
- Xe vận hành êm ái, tiết kiệm năng lượng. 
- Trang bị nhiều tính năng thông minh. 
- Xe mới, ít sử dụng.
- chuyển nhượng hợp đồng thuê 2 pin vinfast 1,5kw
",Cần xác minh,VinFast,Feliz,27000000.0,35.2
134536690,Xe Điện 3sGo -  Evo200Lite 2025 Đen,22900000,"Evo200Lite  - Bstp 9 Chủ ĐK 2025
- 2 Chìa khoá đầy đủ
- Dàn áo dán keng 98%
- Óc tán 7 màu keng 98%
- Còn đủ phụ kiện theo xe
❤️Xe keng 98% so với xe new 
⛔️ Nợ xấu đưa 3tr2 có LÃI SUẤT hoặc 12tr KO LÃI SUẤT
--------------------
✅ 𝗛𝗼̂̃ 𝗧𝗿𝗼̛̣ 𝗔𝗲 𝗟𝗲̂𝗻 𝗛𝗼̂̀ 𝗦𝗼̛ 𝗕𝗮𝗻𝗸 𝗡𝗵𝗮̣̂𝗻 𝗫𝗲 𝗩𝗮̀ 𝗖𝗮𝘃𝗲𝘁 𝗚𝗼̂́𝗰
✅ 𝗡𝗼̛̣ 𝗫𝗮̂́𝘂 – 𝗛𝗼̂̃ 𝗧𝗿𝗼̛̣ 𝟬 Đ𝗼̂̀𝗻𝗴 – 𝗞𝗵𝗼̂𝗻𝗴 𝗫𝗮́𝗰 𝗠𝗶𝗻𝗵
✅ 𝗡𝗼̛̣ 𝗫𝗮̂́𝘂 – 𝗛𝗼̂̃ 𝗧𝗿𝗼̛̣ Đ𝘂̛𝗮 𝟯𝟬% – 𝗞𝗵𝗼̂𝗻𝗴 𝗟𝗮̃𝗶
✅ Đ𝗼̂̉𝗶 𝗣𝗶𝗻 𝗞𝗵𝗼̂𝗻𝗴 𝗖𝗵𝗼̛̀ 𝗦𝗮̣c 𝗡𝗵𝗶𝗲̂̀𝘂 𝗖𝗵𝗶 𝗡𝗵𝗮́𝗻𝗵
✅ 𝗛ỗ 𝗧𝗿𝗼̛̣ 𝟮 𝗡𝗮̆𝗺 𝗫𝗲 𝗛𝘂̛ – 𝗖𝗼́ 𝗫𝗲 𝗞𝗵𝗮́𝗰 𝗗𝘂̀𝗻𝗴
✅ Đ𝗮̆𝗻𝗴 𝗞𝘆́ 𝗔𝗽𝗽 𝗫𝗮𝗻𝗵 𝗣𝗹𝗮𝘁𝗳𝗼𝗿𝗺 – 𝗧𝗮̣𝗶 𝗖𝗵𝗼̂̃
--------------------
🏠𝟮𝟴𝟴 𝗧𝗿𝘂̛𝗼̛̀𝗻𝗴 𝗖𝗵𝗶𝗻𝗵 - 𝗣𝗵ư𝗼̛̀𝗻𝗴 Đ𝗼̂𝗻𝗴 𝗛𝘂̛𝗻𝗴 𝗧𝗵𝘂𝗮̣̂𝗻 - 𝗛𝗖𝗠 (𝗤𝘂𝗮̣̂𝗻𝟭𝟮 𝗰𝘂̃)",2025,,Tp Hồ Chí Minh,Quận 12,"Evo200Lite  - Bstp 9 Chủ ĐK 2025
- 2 Chìa khoá đầy đủ
- Dàn áo dán keng 98%
- Óc tán 7 màu keng 98%
- Còn đủ phụ kiện theo xe
❤️Xe keng 98% so với xe new 
⛔️ Nợ xấu đưa 3tr2 có LÃI SUẤT hoặc 12tr KO LÃI SUẤT
--------------------
✅ 𝗛𝗼̂̃ 𝗧𝗿𝗼̛̣ 𝗔𝗲 𝗟𝗲̂𝗻 𝗛𝗼̂̀ 𝗦𝗼̛ 𝗕𝗮𝗻𝗸 𝗡𝗵𝗮̣̂𝗻 𝗫𝗲 𝗩𝗮̀ 𝗖𝗮𝘃𝗲𝘁 𝗚𝗼̂́𝗰
✅ 𝗡𝗼̛̣ 𝗫𝗮̂́𝘂 – 𝗛𝗼̂̃ 𝗧𝗿𝗼̛̣ 𝟬 Đ𝗼̂̀𝗻𝗴 – 𝗞𝗵𝗼̂𝗻𝗴 𝗫𝗮́𝗰 𝗠𝗶𝗻𝗵
✅ 𝗡𝗼̛̣ 𝗫𝗮̂́𝘂 – 𝗛𝗼̂̃ 𝗧𝗿𝗼̛̣ Đ𝘂̛𝗮 𝟯𝟬% – 𝗞𝗵𝗼̂𝗻𝗴 𝗟𝗮̃𝗶
✅ Đ𝗼̂̉𝗶 𝗣𝗶𝗻 𝗞𝗵𝗼̂𝗻𝗴 𝗖𝗵𝗼̛̀ 𝗦𝗮̣c 𝗡𝗵𝗶𝗲̂̀𝘂 𝗖𝗵𝗶 𝗡𝗵𝗮́𝗻𝗵
✅ 𝗛ỗ 𝗧𝗿𝗼̛̣ 𝟮 𝗡𝗮̆𝗺 𝗫𝗲 𝗛𝘂̛ – 𝗖𝗼́ 𝗫𝗲 𝗞𝗵𝗮́𝗰 𝗗𝘂̀𝗻𝗴
✅ Đ𝗮̆𝗻𝗴 𝗞𝘆́ 𝗔𝗽𝗽 𝗫𝗮𝗻𝗵 𝗣𝗹𝗮𝘁𝗳𝗼𝗿𝗺 – 𝗧𝗮̣𝗶 𝗖𝗵𝗼̂̃
--------------------
🏠𝟮𝟴𝟴 𝗧𝗿𝘂̛𝗼̛̀𝗻𝗴 𝗖𝗵𝗶𝗻𝗵 - 𝗣𝗵ư𝗼̛̀𝗻𝗴 Đ𝗼̂𝗻𝗴 𝗛𝘂̛𝗻𝗴 𝗧𝗵𝘂𝗮̣̂𝗻 - 𝗛𝗖𝗠 (𝗤𝘂𝗮̣̂𝗻𝟭𝟮 𝗰𝘂̃)",Cần xác minh,Khác,Không phân loại,,
134621561,Xe máy điện VinFast Feliz 2025 Trắng 2 pin 2.4kW,25000000,"FELIZ 2025 – 2 PIN ZIN – GIÁ 25 TRIỆU 🔥
Biển số: 50AD-256.57

🛵 Feliz 2025 – xe đẹp, 2 pin zin, sẵn sàng chạy ngay!

✨ Thông tin xe:

📍 ODO: 10.000 km
🔋 2 pin 2.4kW zin hãng
💎 Ngoại hình: 95%
📅 Đăng ký: 12/2025
📄 Công chứng mua bán
💰 Giá bán: 25.000.000đ

💳 HỖ TRỢ TRẢ GÓP – HỖ TRỢ HỒ SƠ NỢ XẤU
🛵 Có cho thuê xe
🔄 Nhận trao đổi – mua bán xe
📦 Nhận ký gửi xe

🔥 Điểm đáng tiền: 2 pin zin + đời 2025 + giấy tờ mua bán rõ ràng. Mua về đi hằng ngày hoặc chạy dịch vụ đều tiện.

📩 Quan tâm inbox ngay – xe đẹp, giá tốt, chốt sớm kẻo hết!",2025,10000.0,Tp Hồ Chí Minh,Quận Tân Bình,"FELIZ 2025 – 2 PIN ZIN – GIÁ 25 TRIỆU 🔥
Biển số: 50AD-256.57

🛵 Feliz 2025 – xe đẹp, 2 pin zin, sẵn sàng chạy ngay!

✨ Thông tin xe:

📍 ODO: 10.000 km
🔋 2 pin 2.4kW zin hãng
💎 Ngoại hình: 95%
📅 Đăng ký: 12/2025
📄 Công chứng mua bán
💰 Giá bán: 25.000.000đ

💳 HỖ TRỢ TRẢ GÓP – HỖ TRỢ HỒ SƠ NỢ XẤU
🛵 Có cho thuê xe
🔄 Nhận trao đổi – mua bán xe
📦 Nhận ký gửi xe

🔥 Điểm đáng tiền: 2 pin zin + đời 2025 + giấy tờ mua bán rõ ràng. Mua về đi hằng ngày hoặc chạy dịch vụ đều tiện.

📩 Quan tâm inbox ngay – xe đẹp, giá tốt, chốt sớm kẻo hết!",Kèm pin,VinFast,Feliz,27000000.0,7.4
134621518,Xe máy điện VinFast Feliz Neo 2025 Xám 39000 km,20500000,"Feliz Neo màu xám BS : 50-AC 735.12


- ODO : 39000
- Pin : 1 Pin zin 67v 30Ah + 1 pin song song sàn chân 67v 30Ah . Quãng đường đi được từ 130 - 150km 1 lần sạc
- Ngoại hình : 90%
- Thủ tục mua bán : công chứng mua bán
- Năm đăng ký : 09/2025
- Giá bán :  20,500,000
- Có hỗ trợ trả góp, nợ xấu
- Có cho thuê xe, trao đổi mua bán xe, ký gửi xe",2025,39000.0,Tp Hồ Chí Minh,Quận Tân Bình,"Feliz Neo màu xám BS : 50-AC 735.12


- ODO : 39000
- Pin : 1 Pin zin 67v 30Ah + 1 pin song song sàn chân 67v 30Ah . Quãng đường đi được từ 130 - 150km 1 lần sạc
- Ngoại hình : 90%
- Thủ tục mua bán : công chứng mua bán
- Năm đăng ký : 09/2025
- Giá bán :  20,500,000
- Có hỗ trợ trả góp, nợ xấu
- Có cho thuê xe, trao đổi mua bán xe, ký gửi xe",Kèm pin,VinFast,Feliz,27000000.0,24.1
134506458,Xe Điện 3sGo - Flazz 2026 Trắng 900 km,15900000,"Flazz BSTP ĐK 2026 Chính Chủ 
- Odo 900 cây
- Đã mua 2 pin
- Óc tán 7 màu keng 
- Còn đủ phụ kiện theo xe
- Bảo hành Vinfast toàn quốc
#Giá_15tr9 - Nậu xớ đưa 2tr1 hoặc 5tr1
⛔️ Nợ xấu đưa 2tr1 có LÃI SUẤT hoặc 8tr KO LÃI SUẤT
--------------------
✅ 𝗛𝗼̂̃ 𝗧𝗿𝗼̛̣ 𝗔𝗲 𝗟𝗲̂𝗻 𝗛𝗼̂̀ 𝗦𝗼̛ 𝗕𝗮𝗻𝗸 𝗡𝗵𝗮̣̂𝗻 𝗫𝗲 𝗩𝗮̀ 𝗖𝗮𝘃𝗲𝘁 𝗚𝗼̂́𝗰
✅ 𝗡𝗼̛̣ 𝗫𝗮̂́𝘂 – 𝗛𝗼̂̃ 𝗧𝗿𝗼̛̣ 𝟬 Đ𝗼̂̀𝗻𝗴 – 𝗞𝗵𝗼̂𝗻𝗴 𝗫𝗮́𝗰 𝗠𝗶𝗻𝗵
✅ 𝗡𝗼̛̣ 𝗫𝗮̂́𝘂 – 𝗛𝗼̂̃ 𝗧𝗿𝗼̛̣ Đ𝘂̛𝗮 𝟯𝟬% – 𝗞𝗵𝗼̂𝗻𝗴 𝗟𝗮̃𝗶
✅ Đ𝗼̂̉𝗶 𝗣𝗶𝗻 𝗞𝗵𝗼̂𝗻𝗴 𝗖𝗵𝗼̛̀ 𝗦𝗮̣c 𝗡𝗵𝗶𝗲̂̀𝘂 𝗖𝗵𝗶 𝗡𝗵𝗮́𝗻𝗵
✅ 𝗛ỗ 𝗧𝗿𝗼̛̣ 𝟮 𝗡𝗮̆𝗺 𝗫𝗲 𝗛𝘂̛ – 𝗖𝗼́ 𝗫𝗲 𝗞𝗵𝗮́𝗰 𝗗𝘂̀𝗻𝗴
✅ Đ𝗮̆𝗻𝗴 𝗞𝘆́ 𝗔𝗽𝗽 𝗫𝗮𝗻𝗵 𝗣𝗹𝗮𝘁𝗳𝗼𝗿𝗺 – 𝗧𝗮̣𝗶 𝗖𝗵𝗼̂̃
--------------------
🏠𝟮𝟴𝟴 𝗧𝗿𝘂̛𝗼̛̀𝗻𝗴 𝗖𝗵𝗶𝗻𝗵 - 𝗣𝗵ư𝗼̛̀𝗻𝗴 Đ𝗼̂𝗻𝗴 𝗛𝘂̛𝗻𝗴 𝗧𝗵𝘂𝗮̣̂𝗻 - 𝗛𝗖𝗠 (𝗤𝘂𝗮̣̂𝗻𝟭𝟮 𝗰𝘂̃)",2026,900.0,Tp Hồ Chí Minh,Quận 12,"Flazz BSTP ĐK 2026 Chính Chủ 
- Odo 900 cây
- Đã mua 2 pin
- Óc tán 7 màu keng 
- Còn đủ phụ kiện theo xe
- Bảo hành Vinfast toàn quốc
#Giá_15tr9 - Nậu xớ đưa 2tr1 hoặc 5tr1
⛔️ Nợ xấu đưa 2tr1 có LÃI SUẤT hoặc 8tr KO LÃI SUẤT
--------------------
✅ 𝗛𝗼̂̃ 𝗧𝗿𝗼̛̣ 𝗔𝗲 𝗟𝗲̂𝗻 𝗛𝗼̂̀ 𝗦𝗼̛ 𝗕𝗮𝗻𝗸 𝗡𝗵𝗮̣̂𝗻 𝗫𝗲 𝗩𝗮̀ 𝗖𝗮𝘃𝗲𝘁 𝗚𝗼̂́𝗰
✅ 𝗡𝗼̛̣ 𝗫𝗮̂́𝘂 – 𝗛𝗼̂̃ 𝗧𝗿𝗼̛̣ 𝟬 Đ𝗼̂̀𝗻𝗴 – 𝗞𝗵𝗼̂𝗻𝗴 𝗫𝗮́𝗰 𝗠𝗶𝗻𝗵
✅ 𝗡𝗼̛̣ 𝗫𝗮̂́𝘂 – 𝗛𝗼̂̃ 𝗧𝗿𝗼̛̣ Đ𝘂̛𝗮 𝟯𝟬% – 𝗞𝗵𝗼̂𝗻𝗴 𝗟𝗮̃𝗶
✅ Đ𝗼̂̉𝗶 𝗣𝗶𝗻 𝗞𝗵𝗼̂𝗻𝗴 𝗖𝗵𝗼̛̀ 𝗦𝗮̣c 𝗡𝗵𝗶𝗲̂̀𝘂 𝗖𝗵𝗶 𝗡𝗵𝗮́𝗻𝗵
✅ 𝗛ỗ 𝗧𝗿𝗼̛̣ 𝟮 𝗡𝗮̆𝗺 𝗫𝗲 𝗛𝘂̛ – 𝗖𝗼́ 𝗫𝗲 𝗞𝗵𝗮́𝗰 𝗗𝘂̀𝗻𝗴
✅ Đ𝗮̆𝗻𝗴 𝗞𝘆́ 𝗔𝗽𝗽 𝗫𝗮𝗻𝗵 𝗣𝗹𝗮𝘁𝗳𝗼𝗿𝗺 – 𝗧𝗮̣𝗶 𝗖𝗵𝗼̂̃
--------------------
🏠𝟮𝟴𝟴 𝗧𝗿𝘂̛𝗼̛̀𝗻𝗴 𝗖𝗵𝗶𝗻𝗵 - 𝗣𝗵ư𝗼̛̀𝗻𝗴 Đ𝗼̂𝗻𝗴 𝗛𝘂̛𝗻𝗴 𝗧𝗵𝘂𝗮̣̂𝗻 - 𝗛𝗖𝗠 (𝗤𝘂𝗮̣̂𝗻𝟭𝟮 𝗰𝘂̃)",Cần xác minh,Khác,Không phân loại,,
134555510,Xe Điện 3sGo - Datbike S1 Đen 10.000 km,44900000,"DatbikeS1 BSTP ĐK 2026 Chính Chủ 1 Lần sạc đi 285km
- Odo 10k hơn
- Óc tán 7 màu keng 
- Còn đủ phụ kiện theo xe 
- Bảo hành Datbike toàn quốc
⛔️ Nợ xấu đưa 5tr8 có LÃI SUẤT hoặc 24tr KO LÃI SUẤT
--------------------
✅ 𝗛𝗼̂̃ 𝗧𝗿𝗼̛̣ 𝗔𝗲 𝗟𝗲̂𝗻 𝗛𝗼̂̀ 𝗦𝗼̛ 𝗕𝗮𝗻𝗸 𝗡𝗵𝗮̣̂𝗻 𝗫𝗲 𝗩𝗮̀ 𝗖𝗮𝘃𝗲𝘁 𝗚𝗼̂́𝗰
✅ 𝗡𝗼̛̣ 𝗫𝗮̂́𝘂 – 𝗛𝗼̂̃ 𝗧𝗿𝗼̛̣ 𝟬 Đ𝗼̂̀𝗻𝗴 – 𝗞𝗵𝗼̂𝗻𝗴 𝗫𝗮́𝗰 𝗠𝗶𝗻𝗵
✅ 𝗡𝗼̛̣ 𝗫𝗮̂́𝘂 – 𝗛𝗼̂̃ 𝗧𝗿𝗼̛̣ Đ𝘂̛𝗮 𝟯𝟬% – 𝗞𝗵𝗼̂𝗻𝗴 𝗟𝗮̃𝗶
✅ Đ𝗼̂̉𝗶 𝗣𝗶𝗻 𝗞𝗵𝗼̂𝗻𝗴 𝗖𝗵𝗼̛̀ 𝗦𝗮̣c 𝗡𝗵𝗶𝗲̂̀𝘂 𝗖𝗵𝗶 𝗡𝗵𝗮́𝗻𝗵
✅ 𝗛ỗ 𝗧𝗿𝗼̛̣ 𝟮 𝗡𝗮̆𝗺 𝗫𝗲 𝗛𝘂̛ – 𝗖𝗼́ 𝗫𝗲 𝗞𝗵𝗮́𝗰 𝗗𝘂̀𝗻𝗴
✅ Đ𝗮̆𝗻𝗴 𝗞𝘆́ 𝗔𝗽𝗽 𝗫𝗮𝗻𝗵 𝗣𝗹𝗮𝘁𝗳𝗼𝗿𝗺 – 𝗧𝗮̣𝗶 𝗖𝗵𝗼̂̃
--------------------
🏠𝟮𝟴𝟴 𝗧𝗿𝘂̛𝗼̛̀𝗻𝗴 𝗖𝗵𝗶𝗻𝗵 - 𝗣𝗵ư𝗼̛̀𝗻𝗴 Đ𝗼̂𝗻𝗴 𝗛𝘂̛𝗻𝗴 𝗧𝗵𝘂𝗮̣̂𝗻 - 𝗛𝗖𝗠 (𝗤𝘂𝗮̣̂𝗻𝟭𝟮 𝗰𝘂̃)",2026,10000.0,Tp Hồ Chí Minh,Quận 12,"DatbikeS1 BSTP ĐK 2026 Chính Chủ 1 Lần sạc đi 285km
- Odo 10k hơn
- Óc tán 7 màu keng 
- Còn đủ phụ kiện theo xe 
- Bảo hành Datbike toàn quốc
⛔️ Nợ xấu đưa 5tr8 có LÃI SUẤT hoặc 24tr KO LÃI SUẤT
--------------------
✅ 𝗛𝗼̂̃ 𝗧𝗿𝗼̛̣ 𝗔𝗲 𝗟𝗲̂𝗻 𝗛𝗼̂̀ 𝗦𝗼̛ 𝗕𝗮𝗻𝗸 𝗡𝗵𝗮̣̂𝗻 𝗫𝗲 𝗩𝗮̀ 𝗖𝗮𝘃𝗲𝘁 𝗚𝗼̂́𝗰
✅ 𝗡𝗼̛̣ 𝗫𝗮̂́𝘂 – 𝗛𝗼̂̃ 𝗧𝗿𝗼̛̣ 𝟬 Đ𝗼̂̀𝗻𝗴 – 𝗞𝗵𝗼̂𝗻𝗴 𝗫𝗮́𝗰 𝗠𝗶𝗻𝗵
✅ 𝗡𝗼̛̣ 𝗫𝗮̂́𝘂 – 𝗛𝗼̂̃ 𝗧𝗿𝗼̛̣ Đ𝘂̛𝗮 𝟯𝟬% – 𝗞𝗵𝗼̂𝗻𝗴 𝗟𝗮̃𝗶
✅ Đ𝗼̂̉𝗶 𝗣𝗶𝗻 𝗞𝗵𝗼̂𝗻𝗴 𝗖𝗵𝗼̛̀ 𝗦𝗮̣c 𝗡𝗵𝗶𝗲̂̀𝘂 𝗖𝗵𝗶 𝗡𝗵𝗮́𝗻𝗵
✅ 𝗛ỗ 𝗧𝗿𝗼̛̣ 𝟮 𝗡𝗮̆𝗺 𝗫𝗲 𝗛𝘂̛ – 𝗖𝗼́ 𝗫𝗲 𝗞𝗵𝗮́𝗰 𝗗𝘂̀𝗻𝗴
✅ Đ𝗮̆𝗻𝗴 𝗞𝘆́ 𝗔𝗽𝗽 𝗫𝗮𝗻𝗵 𝗣𝗹𝗮𝘁𝗳𝗼𝗿𝗺 – 𝗧𝗮̣𝗶 𝗖𝗵𝗼̂̃
--------------------
🏠𝟮𝟴𝟴 𝗧𝗿𝘂̛𝗼̛̀𝗻𝗴 𝗖𝗵𝗶𝗻𝗵 - 𝗣𝗵ư𝗼̛̀𝗻𝗴 Đ𝗼̂𝗻𝗴 𝗛𝘂̛𝗻𝗴 𝗧𝗵𝘂𝗮̣̂𝗻 - 𝗛𝗖𝗠 (𝗤𝘂𝗮̣̂𝗻𝟭𝟮 𝗰𝘂̃)",Cần xác minh,Khác,Không phân loại,,
134620997,Xe máy điện Vespa Espero Classic 2022 Xanh ngọc,8400000,"Vespa Espero Classic 1. Đời cao 2022
Bình khoẻ. Đầy đủ giấy tờ
Ngoại hình đẹp như hình.
Giá hơn 8tr400

📍 Có thể xem xe và kiểm tra trực tiếp.
🏠 87 Máy tơ. Nam định
☎️ ***",2022,8000.0,Nam Định,Thành phố Nam Định,"Vespa Espero Classic 1. Đời cao 2022
Bình khoẻ. Đầy đủ giấy tờ
Ngoại hình đẹp như hình.
Giá hơn 8tr400

📍 Có thể xem xe và kiểm tra trực tiếp.
🏠 87 Máy tơ. Nam định
☎️ ***",Cần xác minh,Khác,Không phân loại,,
134434450,Xe đạp điện Yadea V1 Plus Đen,8500000,"Xe điện V1 Plus màu đen
- Kiểu dáng thời trang, dễ điều khiển.
- Động cơ êm ái.
- Pin bền bỉ, di chuyển quãng đường xa.",2025,1.0,Tp Hồ Chí Minh,Quận Tân Bình,"Xe điện V1 Plus màu đen
- Kiểu dáng thời trang, dễ điều khiển.
- Động cơ êm ái.
- Pin bền bỉ, di chuyển quãng đường xa.",Cần xác minh,Yadea,Yadea (Khác),9990000.0,14.9
134620393,Xe máy điện VinFast Vento Neo Trắng 9.000KM,29500000,"Vento Neo 9.000KM Cập Bến 😍😍😍

Giá..29.5Tr

☎️*** Minh Khờ",2025,9000.0,Tp Hồ Chí Minh,Quận Tân Phú,"Vento Neo 9.000KM Cập Bến 😍😍😍

Giá..29.5Tr

☎️*** Minh Khờ",Cần xác minh,VinFast,Vento,50000000.0,41.0
134620294,Vinfast Ludo Xe điện,6600000,Bán xe điện vinfast ludo acquy mới bảo hành 1 năm,2020,10.0,Hà Nội,Quận Tây Hồ,Bán xe điện vinfast ludo acquy mới bảo hành 1 năm,Cần xác minh,VinFast,Ludo,12900000.0,48.8
134620154,Xe máy điện VinFast Vento ABS Đen 7.000km,28800000,"Vento ABS lướt 7.000km
Chính chủ ký
-  Liền lạc đẹp keng
- 2 chìa 2 kính theo xe còn đủ
- Đã úp phuộc sau

Giá: 28tr8
☎️ ***",2025,7000.0,Tp Hồ Chí Minh,Quận 5,"Vento ABS lướt 7.000km
Chính chủ ký
-  Liền lạc đẹp keng
- 2 chìa 2 kính theo xe còn đủ
- Đã úp phuộc sau

Giá: 28tr8
☎️ ***",Cần xác minh,VinFast,Vento,50000000.0,42.4
134620115,Xe máy điện VinFast Vento Neo 2025 Trắng,29500000,"Khách lên đời để lại 
Vento neo siêu lướt
- Biển Tp chính chủ ký
- Pin 3.5, sạc 1000w đời mới 
- Liền lạc đẹp ken
- Góp đưa trước 30% nhận xe

Giá 29tr5
☎️***",2025,9000.0,Tp Hồ Chí Minh,Quận 5,"Khách lên đời để lại 
Vento neo siêu lướt
- Biển Tp chính chủ ký
- Pin 3.5, sạc 1000w đời mới 
- Liền lạc đẹp ken
- Góp đưa trước 30% nhận xe

Giá 29tr5
☎️***",Cần xác minh,VinFast,Vento,50000000.0,41.0
134620037,Xe máy điện Yadea Omee Trắng Ắc quy Graphene,14500000,"Xe máy điện Yadea Omee trắng, mới mua hơn 1 tuần, còn bảo hành hãng. 
 - Xe mới ra mắt 2026, thiết kế hiện đại. 
 - Pin ắc quy Graphene 48V22Ah, tốc độ tối đa 40km/h, công suất 400W. 
 - Phù hợp cho học sinh, sinh viên từ 16 tuổi trở lên hoặc người không có bằng lái. 
 - Giá 14.500.000 đồng.",2026,150.0,Tp Hồ Chí Minh,Thành phố Thủ Đức,"Xe máy điện Yadea Omee trắng, mới mua hơn 1 tuần, còn bảo hành hãng. 
 - Xe mới ra mắt 2026, thiết kế hiện đại. 
 - Pin ắc quy Graphene 48V22Ah, tốc độ tối đa 40km/h, công suất 400W. 
 - Phù hợp cho học sinh, sinh viên từ 16 tuổi trở lên hoặc người không có bằng lái. 
 - Giá 14.500.000 đồng.",Cần xác minh,Yadea,Yadea (Khác),9990000.0,-45.1
134599987,Xe điện Vespa Vision 2026 Xám Đã sử dụng,18500000,"Xe điện vision mới mua 2026 mới 98%

🔥🔥🔥 Siêu Phẩm Mới Về Ạ 🔥🔥🔥 

Vespa Siêu Siêu Lướt 2026

Xe Mới 95%, dk đầy đủ

SmartKey Zin
Xe Điện huy lâm Bán Rẻ 7tr So Với Mới 
Mà Lại Được Xe Như Mới Ạ 

📌 Ship Hàng TOÀN QUỐC - Nhanh chóng
---- 
📞 LH tư vấn miễn phí : ***( zalo / video call ) 
🕹️ Địa chỉ: 389 đội cấn-ba đình - Hà Nội. 
❇️ Cửa Hàng Xe Điện Huy Lâm",2026,5000.0,Hà Nội,Quận Ba Đình,"Xe điện vision mới mua 2026 mới 98%

🔥🔥🔥 Siêu Phẩm Mới Về Ạ 🔥🔥🔥 

Vespa Siêu Siêu Lướt 2026

Xe Mới 95%, dk đầy đủ

SmartKey Zin
Xe Điện huy lâm Bán Rẻ 7tr So Với Mới 
Mà Lại Được Xe Như Mới Ạ 

📌 Ship Hàng TOÀN QUỐC - Nhanh chóng
---- 
📞 LH tư vấn miễn phí : ***( zalo / video call ) 
🕹️ Địa chỉ: *** đội cấn-ba đình - Hà Nội. 
❇️ Cửa Hàng Xe Điện Huy Lâm",Kèm pin,Khác,Không phân loại,,
134619125,Xe máy điện VinFast Evo200 Lite Đen Việt Nam,20000000,"Trâu bò nhất dòng xe học sinh. Ko cần bằng lái. 
Evo200 lite biển SG.
Pin 3.5 kwh, trâu bò nhất nhà Vin. Tầm 100 - 140 km/sạc.
BH hãng đến 2028.
Biển SG, sang tên nhanh chóng.
20tr bao rút hồ sơ. 

Xe điện Z48
104 Đường số 1,kdc Cityland Center Hill, phường Hạnh Thông (t7 nghỉ)
***",2023,18000.0,Tp Hồ Chí Minh,Quận Gò Vấp,"Trâu bò nhất dòng xe học sinh. Ko cần bằng lái. 
Evo200 lite biển SG.
Pin 3.5 kwh, trâu bò nhất nhà Vin. Tầm 100 - 140 km/sạc.
BH hãng đến 2028.
Biển SG, sang tên nhanh chóng.
20tr bao rút hồ sơ. 

Xe điện Z48
*** Đường số 1,kdc Cityland Center Hill, phường Hạnh Thông (t7 nghỉ)
***",Cần xác minh,VinFast,Evo 200,18000000.0,-11.1
134618992,Vinfast Motio màu đỏ - Xe học sinh,8500000,"- Motio Vinfast.  Học sinh trên 16t đi ko cần bằng lái 
- 5 Bình acquy đi 50km/lần sạc 
- Chính chủ công chứng 
- Giá 8tr500k 
- Địa chỉ : 24/6. Đ.TL44. P.thạnh lộc. Q12",2025,10484.0,Tp Hồ Chí Minh,Quận 12,"- Motio Vinfast.  Học sinh trên 16t đi ko cần bằng lái 
- 5 Bình acquy đi 50km/lần sạc 
- Chính chủ công chứng 
- Giá 8tr500k 
- Địa chỉ : 24/6. Đ.TL44. P.thạnh lộc. Q12",Cần xác minh,Khác,Không phân loại,,
134618650,Xe máy điện VinFast Ludo/ Ko Bằng Lái (Cs2),8900000,"VinFast LuDo 50 / Pin / Không Bằng Lái
Trọng Lượng: 68Kg
Công Suất: 500w
Mua mới lúc trước 24.5 Triệu ( Pin Mua )
Năm SX : 2020
Xem Xe Tại CH2 Nguyễn Thông",2020,39000.0,Cần Thơ,Quận Bình Thuỷ,"VinFast LuDo 50 / Pin / Không Bằng Lái
Trọng Lượng: 68Kg
Công Suất: 500w
Mua mới lúc trước 24.5 Triệu ( Pin Mua )
Năm SX : 2020
Xem Xe Tại CH2 Nguyễn Thông",Cần xác minh,VinFast,Ludo,12900000.0,31.0
134602241,Xe Điện 3sGo - QuantumS1 BST 2025 Xanh 30k,35900000,"QuantumS1 BST9chù
- Đăng ký 2025
- Odo 30k
- Yên kimdang 
- Dàn áo keng ko trầy 98%
- Óc tán 7 màu keng 98%
- Còn đủ phụ kiện theo xe
❤️Xe keng 99% so với xe new 
⛔️ Nợ xấu đưa 8tr1 có LÃI SUẤT hoặc 19tr5 KO LÃI SUẤT
--------------------
✅ 𝗛𝗼̂̃ 𝗧𝗿𝗼̛̣ 𝗔𝗲 𝗟𝗲̂𝗻 𝗛𝗼̂̀ 𝗦𝗼̛ 𝗕𝗮𝗻𝗸 𝗡𝗵𝗮̣̂𝗻 𝗫𝗲 𝗩𝗮̀ 𝗖𝗮𝘃𝗲𝘁 𝗚𝗼̂́𝗰
✅ 𝗡𝗼̛̣ 𝗫𝗮̂́𝘂 – 𝗛𝗼̂̃ 𝗧𝗿𝗼̛̣ 𝟬 Đ𝗼̂̀𝗻𝗴 – 𝗞𝗵𝗼̂𝗻𝗴 𝗫𝗮́𝗰 𝗠𝗶𝗻𝗵
✅ 𝗡𝗼̛̣ 𝗫𝗮̂́𝘂 – 𝗛𝗼̂̃ 𝗧𝗿𝗼̛̣ Đ𝘂̛𝗮 𝟯𝟬% – 𝗞𝗵𝗼̂𝗻𝗴 𝗟𝗮̃𝗶
✅ Đ𝗼̂̉𝗶 𝗣𝗶𝗻 𝗞𝗵𝗼̂𝗻𝗴 𝗖𝗵𝗼̛̀ 𝗦𝗮̣c 𝗡𝗵𝗶𝗲̂̀𝘂 𝗖𝗵𝗶 𝗡𝗵𝗮́𝗻𝗵
✅ 𝗛ỗ 𝗧𝗿𝗼̛̣ 𝟮 𝗡𝗮̆𝗺 𝗫𝗲 𝗛𝘂̛ – 𝗖𝗼́ 𝗫𝗲 𝗞𝗵𝗮́𝗰 𝗗𝘂̀𝗻𝗴
✅ Đ𝗮̆𝗻𝗴 𝗞𝘆́ 𝗔𝗽𝗽 𝗫𝗮𝗻𝗵 𝗣𝗹𝗮𝘁𝗳𝗼𝗿𝗺 – 𝗧𝗮̣𝗶 𝗖𝗵𝗼̂̃
--------------------
🏠 𝟭𝟭𝟱 𝗣𝗵𝗮̣𝗺 𝗧𝗵𝗲̂́ 𝗛𝗶𝗲̂̉𝗻 - 𝗖𝗵𝗮́𝗻𝗵 𝗛𝘂̛𝗻𝗴 - 𝗛𝗖𝗠 ( 𝗤𝘂𝗮̣̂𝗻 𝟴 )
☎️ 𝗛𝗼𝘁𝗹𝗶𝗻𝗲 : *** - 𝗗𝗶𝗲̣̂𝘂",2025,30.0,Tp Hồ Chí Minh,Quận 8,"QuantumS1 BST9chù
- Đăng ký 2025
- Odo 30k
- Yên kimdang 
- Dàn áo keng ko trầy 98%
- Óc tán 7 màu keng 98%
- Còn đủ phụ kiện theo xe
❤️Xe keng 99% so với xe new 
⛔️ Nợ xấu đưa 8tr1 có LÃI SUẤT hoặc 19tr5 KO LÃI SUẤT
--------------------
✅ 𝗛𝗼̂̃ 𝗧𝗿𝗼̛̣ 𝗔𝗲 𝗟𝗲̂𝗻 𝗛𝗼̂̀ 𝗦𝗼̛ 𝗕𝗮𝗻𝗸 𝗡𝗵𝗮̣̂𝗻 𝗫𝗲 𝗩𝗮̀ 𝗖𝗮𝘃𝗲𝘁 𝗚𝗼̂́𝗰
✅ 𝗡𝗼̛̣ 𝗫𝗮̂́𝘂 – 𝗛𝗼̂̃ 𝗧𝗿𝗼̛̣ 𝟬 Đ𝗼̂̀𝗻𝗴 – 𝗞𝗵𝗼̂𝗻𝗴 𝗫𝗮́𝗰 𝗠𝗶𝗻𝗵
✅ 𝗡𝗼̛̣ 𝗫𝗮̂́𝘂 – 𝗛𝗼̂̃ 𝗧𝗿𝗼̛̣ Đ𝘂̛𝗮 𝟯𝟬% – 𝗞𝗵𝗼̂𝗻𝗴 𝗟𝗮̃𝗶
✅ Đ𝗼̂̉𝗶 𝗣𝗶𝗻 𝗞𝗵𝗼̂𝗻𝗴 𝗖𝗵𝗼̛̀ 𝗦𝗮̣c 𝗡𝗵𝗶𝗲̂̀𝘂 𝗖𝗵𝗶 𝗡𝗵𝗮́𝗻𝗵
✅ 𝗛ỗ 𝗧𝗿𝗼̛̣ 𝟮 𝗡𝗮̆𝗺 𝗫𝗲 𝗛𝘂̛ – 𝗖𝗼́ 𝗫𝗲 𝗞𝗵𝗮́𝗰 𝗗𝘂̀𝗻𝗴
✅ Đ𝗮̆𝗻𝗴 𝗞𝘆́ 𝗔𝗽𝗽 𝗫𝗮𝗻𝗵 𝗣𝗹𝗮𝘁𝗳𝗼𝗿𝗺 – 𝗧𝗮̣𝗶 𝗖𝗵𝗼̂̃
--------------------
🏠 𝟭𝟭𝟱 𝗣𝗵𝗮̣𝗺 𝗧𝗵𝗲̂́ 𝗛𝗶𝗲̂̉𝗻 - 𝗖𝗵𝗮́𝗻𝗵 𝗛𝘂̛𝗻𝗴 - 𝗛𝗖𝗠 ( 𝗤𝘂𝗮̣̂𝗻 𝟴 )
☎️ 𝗛𝗼𝘁𝗹𝗶𝗻𝗲 : *** - 𝗗𝗶𝗲̣̂𝘂",Cần xác minh,Khác,Không phân loại,,
134617456,Xe máy điện BEFORE ALL Latina VI 2.0 Trắng,12000000,"Xe máy điện mới mua được 3 tháng cần bán lại  hãng: BEFORE ALL
Dòng : latina vi 2.0 
Thiết kế theo kiểu dáng vespa 
Tốc độ tối đa 50km/h 
Pin chạy được 60km
Còn bảo hành 9 tháng
giá mua mới 18tr500 
bán lại 12tr000",2026,300.0,Đà Nẵng,Quận Ngũ Hành Sơn,"Xe máy điện mới mua được 3 tháng cần bán lại  hãng: BEFORE ALL
Dòng : latina vi 2.0 
Thiết kế theo kiểu dáng vespa 
Tốc độ tối đa 50km/h 
Pin chạy được 60km
Còn bảo hành 9 tháng
giá mua mới 18tr500 
bán lại 12tr000",Cần xác minh,Khác,Không phân loại,,
134617447,Xe máy điện DK Bike 2021,7900000,"Xe máy điện Soma SX không cần bằng lái btc 
1 lần sạc đi được 60km , tốc tối đa 46km giờ 
5 bình vừa thay mới còn bảo hành 1 năm 
Áo quần sạch sẽ không bể , full chức năng 
Giá : 7tr9 bình tân",2021,40000.0,Tp Hồ Chí Minh,Quận Bình Tân,"Xe máy điện Soma SX không cần bằng lái btc 
1 lần sạc đi được 60km , tốc tối đa 46km giờ 
5 bình vừa thay mới còn bảo hành 1 năm 
Áo quần sạch sẽ không bể , full chức năng 
Giá : 7tr9 bình tân",Cần xác minh,Khác,Không phân loại,,
134602534,Xe Điện 3sGo - EvoGrand Đen 14k km,22900000,"EvoGrand ĐK 4/2026 BST 9 chủ kí
- Odo 14k
- 2 pin mua theo xe
- Dàn áo keng ko trầy 98%
- Óc tán 7 màu keng 98%
- Còn đủ phụ kiện theo xe
❤️Xe keng 98% so với xe new 
⛔️ Nợ xấu đưa 0Đ có LÃI SUẤT hoặc 13tr KO LÃI SUẤT
--------------------
✅ 𝗛𝗼̂̃ 𝗧𝗿𝗼̛̣ 𝗔𝗲 𝗟𝗲̂𝗻 𝗛𝗼̂̀ 𝗦𝗼̛ 𝗕𝗮𝗻𝗸 𝗡𝗵𝗮̣̂𝗻 𝗫𝗲 𝗩𝗮̀ 𝗖𝗮𝘃𝗲𝘁 𝗚𝗼̂́𝗰
✅ 𝗡𝗼̛̣ 𝗫𝗮̂́𝘂 – 𝗛𝗼̂̃ 𝗧𝗿𝗼̛̣ 𝟬 Đ𝗼̂̀𝗻𝗴 – 𝗞𝗵𝗼̂𝗻𝗴 𝗫𝗮́𝗰 𝗠𝗶𝗻𝗵
✅ 𝗡𝗼̛̣ 𝗫𝗮̂́𝘂 – 𝗛𝗼̂̃ 𝗧𝗿𝗼̛̣ Đ𝘂̛𝗮 𝟯𝟬% – 𝗞𝗵𝗼̂𝗻𝗴 𝗟𝗮̃𝗶
✅ Đ𝗼̂̉𝗶 𝗣𝗶𝗻 𝗞𝗵𝗼̂𝗻𝗴 𝗖𝗵𝗼̛̀ 𝗦𝗮̣c 𝗡𝗵𝗶𝗲̂̀𝘂 𝗖𝗵𝗶 𝗡𝗵𝗮́𝗻𝗵
✅ 𝗛ỗ 𝗧𝗿𝗼̛̣ 𝟮 𝗡𝗮̆𝗺 𝗫𝗲 𝗛𝘂̛ – 𝗖𝗼́ 𝗫𝗲 𝗞𝗵𝗮́𝗰 𝗗𝘂̀𝗻𝗴
✅ Đ𝗮̆𝗻𝗴 𝗞𝘆́ 𝗔𝗽𝗽 𝗫𝗮𝗻𝗵 𝗣𝗹𝗮𝘁𝗳𝗼𝗿𝗺 – 𝗧𝗮̣𝗶 𝗖𝗵𝗼̂̃
--------------------
🏠 𝟭𝟭𝟱 𝗣𝗵𝗮̣𝗺 𝗧𝗵𝗲̂́ 𝗛𝗶𝗲̂̉𝗻 - 𝗖𝗵𝗮́𝗻𝗵 𝗛𝘂̛𝗻𝗴 - 𝗛𝗖𝗠 ( 𝗤𝘂𝗮̣̂𝗻 𝟴 )
☎️ 𝗛𝗼𝘁𝗹𝗶𝗻𝗲 : *** - 𝗗𝗶𝗲̣̂𝘂",2026,14000.0,Tp Hồ Chí Minh,Quận 8,"EvoGrand ĐK 4/2026 BST 9 chủ kí
- Odo 14k
- 2 pin mua theo xe
- Dàn áo keng ko trầy 98%
- Óc tán 7 màu keng 98%
- Còn đủ phụ kiện theo xe
❤️Xe keng 98% so với xe new 
⛔️ Nợ xấu đưa 0Đ có LÃI SUẤT hoặc 13tr KO LÃI SUẤT
--------------------
✅ 𝗛𝗼̂̃ 𝗧𝗿𝗼̛̣ 𝗔𝗲 𝗟𝗲̂𝗻 𝗛𝗼̂̀ 𝗦𝗼̛ 𝗕𝗮𝗻𝗸 𝗡𝗵𝗮̣̂𝗻 𝗫𝗲 𝗩𝗮̀ 𝗖𝗮𝘃𝗲𝘁 𝗚𝗼̂́𝗰
✅ 𝗡𝗼̛̣ 𝗫𝗮̂́𝘂 – 𝗛𝗼̂̃ 𝗧𝗿𝗼̛̣ 𝟬 Đ𝗼̂̀𝗻𝗴 – 𝗞𝗵𝗼̂𝗻𝗴 𝗫𝗮́𝗰 𝗠𝗶𝗻𝗵
✅ 𝗡𝗼̛̣ 𝗫𝗮̂́𝘂 – 𝗛𝗼̂̃ 𝗧𝗿𝗼̛̣ Đ𝘂̛𝗮 𝟯𝟬% – 𝗞𝗵𝗼̂𝗻𝗴 𝗟𝗮̃𝗶
✅ Đ𝗼̂̉𝗶 𝗣𝗶𝗻 𝗞𝗵𝗼̂𝗻𝗴 𝗖𝗵𝗼̛̀ 𝗦𝗮̣c 𝗡𝗵𝗶𝗲̂̀𝘂 𝗖𝗵𝗶 𝗡𝗵𝗮́𝗻𝗵
✅ 𝗛ỗ 𝗧𝗿𝗼̛̣ 𝟮 𝗡𝗮̆𝗺 𝗫𝗲 𝗛𝘂̛ – 𝗖𝗼́ 𝗫𝗲 𝗞𝗵𝗮́𝗰 𝗗𝘂̀𝗻𝗴
✅ Đ𝗮̆𝗻𝗴 𝗞𝘆́ 𝗔𝗽𝗽 𝗫𝗮𝗻𝗵 𝗣𝗹𝗮𝘁𝗳𝗼𝗿𝗺 – 𝗧𝗮̣𝗶 𝗖𝗵𝗼̂̃
--------------------
🏠 𝟭𝟭𝟱 𝗣𝗵𝗮̣𝗺 𝗧𝗵𝗲̂́ 𝗛𝗶𝗲̂̉𝗻 - 𝗖𝗵𝗮́𝗻𝗵 𝗛𝘂̛𝗻𝗴 - 𝗛𝗖𝗠 ( 𝗤𝘂𝗮̣̂𝗻 𝟴 )
☎️ 𝗛𝗼𝘁𝗹𝗶𝗻𝗲 : *** - 𝗗𝗶𝗲̣̂𝘂",Cần xác minh,Khác,Không phân loại,,
133873833,Xe máy điện SANTOSAR VS3 Xám 240W,12300000,"🏆🏆🏆 Hót Hót mẫu xe VS3 hottrend
🎈xe có thông số động cơ 240W, cho học sinh dưới 16t, cho mẹ đị chợ, cho chị em đi làm
📙Dòng xe có cốp rộng, chạy cực kỳ êm ái. Xe có giấy tờ đăng kiểm, hoá đơn đầy đủ ( đi đường không sợ công an), đặc biệt các em học sinh dứoi 16t chạy vẫn đúng quy định
💡xe được trang bị đèn led, thắng đĩa rất an toàn
🪫 chạy bình 48V30ah chính hãng an toàn không lo cháy nổ
🧾 bảo hành 12 tháng
💰giá 12",2026,,Tp Hồ Chí Minh,Thành phố Thủ Đức,"🏆🏆🏆 Hót Hót mẫu xe VS3 hottrend
🎈xe có thông số động cơ 240W, cho học sinh dưới 16t, cho mẹ đị chợ, cho chị em đi làm
📙Dòng xe có cốp rộng, chạy cực kỳ êm ái. Xe có giấy tờ đăng kiểm, hoá đơn đầy đủ ( đi đường không sợ công an), đặc biệt các em học sinh dứoi 16t chạy vẫn đúng quy định
💡xe được trang bị đèn led, thắng đĩa rất an toàn
🪫 chạy bình 48V30ah chính hãng an toàn không lo cháy nổ
🧾 bảo hành 12 tháng
💰giá 12",Cần xác minh,Khác,Không phân loại,,
134026009,Xe máy điện VinFast EVO 200 2024 Đen mờ 11000 km,20000000,"DƯ dùng bán lại chiếc xe máy điện VinFats EVO 200, màu đen mờ sản xuất 2024 , pin mua chạy 11 000km, pin sử dụng 100km mới sạc,xe luôn bảo dưỡng định kỳ tại hãng , bảo đảm xe còn sử dụng tốt,ngay chủ đứng tên bán, cam ơn anh chị đả xem tin.",2024,11000.0,Tp Hồ Chí Minh,Thành phố Thủ Đức,"DƯ dùng bán lại chiếc xe máy điện VinFats EVO 200, màu đen mờ sản xuất 2024 , pin mua chạy 11 000km, pin sử dụng 100km mới sạc,xe luôn bảo dưỡng định kỳ tại hãng , bảo đảm xe còn sử dụng tốt,ngay chủ đứng tên bán, cam ơn anh chị đả xem tin.",Cần xác minh,VinFast,Evo 200,18000000.0,-11.1
134563221,Xe điện V1  946 TỐT 90% CÒN SỔ BH,7900000,"XE MÁY ĐIỆN KONAXOAKA TỐT 90% CÒN SỔ BH

BÌNH SẠC ĐẦY ĐỦ
BẢO HÀNH DÀI HẠN
ZALO-GỌI TRỰC TIẾP ***
XE ĐẸP NHƯ HÌNH",2026,2000.0,Tp Hồ Chí Minh,Quận 1,"XE MÁY ĐIỆN KONAXOAKA TỐT 90% CÒN SỔ BH

BÌNH SẠC ĐẦY ĐỦ
BẢO HÀNH DÀI HẠN
ZALO-GỌI TRỰC TIẾP ***
XE ĐẸP NHƯ HÌNH",Cần xác minh,Khác,Không phân loại,,
134616801,Xe điện Sundiro Xám tím,6000000,"Cần bán xe điện như hình, xe chạy còn tốt, ngoại hình còn đẹp.",2026,5000.0,Tp Hồ Chí Minh,Quận 10,"Cần bán xe điện như hình, xe chạy còn tốt, ngoại hình còn đẹp.",Cần xác minh,Khác,Không phân loại,,
134602590,Xe Điên 3sGo - Evo200 2025 Trắng 10.000 km,21900000,"Evo200 ĐK 8/2025 Pin Mua BSTP
- Odo 10.000 Cây
- Dàn áo keng ko trầy 99%
- Óc tán 7 màu keng 99%
- Còn đủ phụ kiện theo xe
❤️Xe keng 99% so với xe new 
⛔️ Nợ xấu đưa 0Đ có LÃI SUẤT hoặc 12tr5 KO LÃI SUẤT
--------------------
✅ 𝗛𝗼̂̃ 𝗧𝗿𝗼̛̣ 𝗔𝗲 𝗟𝗲̂𝗻 𝗛𝗼̂̀ 𝗦𝗼̛ 𝗕𝗮𝗻𝗸 𝗡𝗵𝗮̣̂𝗻 𝗫𝗲 𝗩𝗮̀ 𝗖𝗮𝘃𝗲𝘁 𝗚𝗼̂́𝗰
✅ 𝗡𝗼̛̣ 𝗫𝗮̂́𝘂 – 𝗛𝗼̂̃ 𝗧𝗿𝗼̛̣ 𝟬 Đ𝗼̂̀𝗻𝗴 – 𝗞𝗵𝗼̂𝗻𝗴 𝗫𝗮́𝗰 𝗠𝗶𝗻𝗵
✅ 𝗡𝗼̛̣ 𝗫𝗮̂́𝘂 – 𝗛𝗼̂̃ 𝗧𝗿𝗼̛̣ Đ𝘂̛𝗮 𝟯𝟬% – 𝗞𝗵𝗼̂𝗻𝗴 𝗟𝗮̃𝗶
✅ Đ𝗼̂̉𝗶 𝗣𝗶𝗻 𝗞𝗵𝗼̂𝗻𝗴 𝗖𝗵𝗼̛̀ 𝗦𝗮̣c 𝗡𝗵𝗶𝗲̂̀𝘂 𝗖𝗵𝗶 𝗡𝗵𝗮́𝗻𝗵
✅ 𝗛ỗ 𝗧𝗿𝗼̛̣ 𝟮 𝗡𝗮̆𝗺 𝗫𝗲 𝗛𝘂̛ – 𝗖𝗼́ 𝗫𝗲 𝗞𝗵𝗮́𝗰 𝗗𝘂̀𝗻𝗴
✅ Đ𝗮̆𝗻𝗴 𝗞𝘆́ 𝗔𝗽𝗽 𝗫𝗮𝗻𝗵 𝗣𝗹𝗮𝘁𝗳𝗼𝗿𝗺 – 𝗧𝗮̣𝗶 𝗖𝗵𝗼̂̃
--------------------
🏠 𝟭𝟭𝟱 𝗣𝗵𝗮̣𝗺 𝗧𝗵𝗲̂́ 𝗛𝗶𝗲̂̉𝗻 - 𝗖𝗵𝗮́𝗻𝗵 𝗛𝘂̛𝗻𝗴 - 𝗛𝗖𝗠 ( 𝗤𝘂𝗮̣̂𝗻 𝟴 )
☎️ 𝗛𝗼𝘁𝗹𝗶𝗻𝗲 : *** - 𝗗𝗶𝗲̣̂𝘂",2025,10000.0,Tp Hồ Chí Minh,Quận 8,"Evo200 ĐK 8/2025 Pin Mua BSTP
- Odo 10.000 Cây
- Dàn áo keng ko trầy 99%
- Óc tán 7 màu keng 99%
- Còn đủ phụ kiện theo xe
❤️Xe keng 99% so với xe new 
⛔️ Nợ xấu đưa 0Đ có LÃI SUẤT hoặc 12tr5 KO LÃI SUẤT
--------------------
✅ 𝗛𝗼̂̃ 𝗧𝗿𝗼̛̣ 𝗔𝗲 𝗟𝗲̂𝗻 𝗛𝗼̂̀ 𝗦𝗼̛ 𝗕𝗮𝗻𝗸 𝗡𝗵𝗮̣̂𝗻 𝗫𝗲 𝗩𝗮̀ 𝗖𝗮𝘃𝗲𝘁 𝗚𝗼̂́𝗰
✅ 𝗡𝗼̛̣ 𝗫𝗮̂́𝘂 – 𝗛𝗼̂̃ 𝗧𝗿𝗼̛̣ 𝟬 Đ𝗼̂̀𝗻𝗴 – 𝗞𝗵𝗼̂𝗻𝗴 𝗫𝗮́𝗰 𝗠𝗶𝗻𝗵
✅ 𝗡𝗼̛̣ 𝗫𝗮̂́𝘂 – 𝗛𝗼̂̃ 𝗧𝗿𝗼̛̣ Đ𝘂̛𝗮 𝟯𝟬% – 𝗞𝗵𝗼̂𝗻𝗴 𝗟𝗮̃𝗶
✅ Đ𝗼̂̉𝗶 𝗣𝗶𝗻 𝗞𝗵𝗼̂𝗻𝗴 𝗖𝗵𝗼̛̀ 𝗦𝗮̣c 𝗡𝗵𝗶𝗲̂̀𝘂 𝗖𝗵𝗶 𝗡𝗵𝗮́𝗻𝗵
✅ 𝗛ỗ 𝗧𝗿𝗼̛̣ 𝟮 𝗡𝗮̆𝗺 𝗫𝗲 𝗛𝘂̛ – 𝗖𝗼́ 𝗫𝗲 𝗞𝗵𝗮́𝗰 𝗗𝘂̀𝗻𝗴
✅ Đ𝗮̆𝗻𝗴 𝗞𝘆́ 𝗔𝗽𝗽 𝗫𝗮𝗻𝗵 𝗣𝗹𝗮𝘁𝗳𝗼𝗿𝗺 – 𝗧𝗮̣𝗶 𝗖𝗵𝗼̂̃
--------------------
🏠 𝟭𝟭𝟱 𝗣𝗵𝗮̣𝗺 𝗧𝗵𝗲̂́ 𝗛𝗶𝗲̂̉𝗻 - 𝗖𝗵𝗮́𝗻𝗵 𝗛𝘂̛𝗻𝗴 - 𝗛𝗖𝗠 ( 𝗤𝘂𝗮̣̂𝗻 𝟴 )
☎️ 𝗛𝗼𝘁𝗹𝗶𝗻𝗲 : *** - 𝗗𝗶𝗲̣̂𝘂",Cần xác minh,VinFast,Evo 200,18000000.0,-21.7
133937642,Xe máy điện VinFast EVO GRAND Lite 2026 Trắng,19000000,a Ai cần liên hệ nhà ở Quận 12 thành phố Hồ Chí Minh cảm ơn xem như mới,2026,506.0,Tp Hồ Chí Minh,Quận 12,a Ai cần liên hệ nhà ở Quận 12 thành phố Hồ Chí Minh cảm ơn xem như mới,Cần xác minh,Khác,Không phân loại,,
134602453,Xe Điện 3sGo - DatBike Quantum S1 Đen,37900000,"QuantumS1 BSTP
- Odo không nói đâu
- Bảo Hành Pin 10 Năm 
- Sạc 1800w 
- Dàn áo keng ko trầy 98%
- Óc tán 7 màu keng 98%
- Còn đủ phụ kiện theo xe
❤️Xe keng 99% so với xe new 
⛔️ Nợ xấu đưa 3tr7 có LÃI SUẤT hoặc 16tr4 KO LÃI SUẤT
--------------------
✅ 𝗛𝗼̂̃ 𝗧𝗿𝗼̛̣ 𝗔𝗲 𝗟𝗲̂𝗻 𝗛𝗼̂̀ 𝗦𝗼̛ 𝗕𝗮𝗻𝗸 𝗡𝗵𝗮̣̂𝗻 𝗫𝗲 𝗩𝗮̀ 𝗖𝗮𝘃𝗲𝘁 𝗚𝗼̂́𝗰
✅ 𝗡𝗼̛̣ 𝗫𝗮̂́𝘂 – 𝗛𝗼̂̃ 𝗧𝗿𝗼̛̣ 𝟬 Đ𝗼̂̀𝗻𝗴 – 𝗞𝗵𝗼̂𝗻𝗴 𝗫𝗮́𝗰 𝗠𝗶𝗻𝗵
✅ 𝗡𝗼̛̣ 𝗫𝗮̂́𝘂 – 𝗛𝗼̂̃ 𝗧𝗿𝗼̛̣ Đ𝘂̛𝗮 𝟯𝟬% – 𝗞𝗵𝗼̂𝗻𝗴 𝗟𝗮̃𝗶
✅ Đ𝗼̂̉𝗶 𝗣𝗶𝗻 𝗞𝗵𝗼̂𝗻𝗴 𝗖𝗵𝗼̛̀ 𝗦𝗮̣c 𝗡𝗵𝗶𝗲̂̀𝘂 𝗖𝗵𝗶 𝗡𝗵𝗮́𝗻𝗵
✅ 𝗛ỗ 𝗧𝗿𝗼̛̣ 𝟮 𝗡𝗮̆𝗺 𝗫𝗲 𝗛𝘂̛ – 𝗖𝗼́ 𝗫𝗲 𝗞𝗵𝗮́𝗰 𝗗𝘂̀𝗻𝗴
✅ Đ𝗮̆𝗻𝗴 𝗞𝘆́ 𝗔𝗽𝗽 𝗫𝗮𝗻𝗵 𝗣𝗹𝗮𝘁𝗳𝗼𝗿𝗺 – 𝗧𝗮̣𝗶 𝗖𝗵𝗼̂̃
--------------------
🏠 𝟭𝟭𝟱 𝗣𝗵𝗮̣𝗺 𝗧𝗵𝗲̂́ 𝗛𝗶𝗲̂̉𝗻 - 𝗖𝗵𝗮́𝗻𝗵 𝗛𝘂̛𝗻𝗴 - 𝗛𝗖𝗠 ( 𝗤𝘂𝗮̣̂𝗻 𝟴 )
☎️ 𝗛𝗼𝘁𝗹𝗶𝗻𝗲 : *** - 𝗗𝗶𝗲̣̂𝘂",2026,,Tp Hồ Chí Minh,Quận 8,"QuantumS1 BSTP
- Odo không nói đâu
- Bảo Hành Pin 10 Năm 
- Sạc 1800w 
- Dàn áo keng ko trầy 98%
- Óc tán 7 màu keng 98%
- Còn đủ phụ kiện theo xe
❤️Xe keng 99% so với xe new 
⛔️ Nợ xấu đưa 3tr7 có LÃI SUẤT hoặc 16tr4 KO LÃI SUẤT
--------------------
✅ 𝗛𝗼̂̃ 𝗧𝗿𝗼̛̣ 𝗔𝗲 𝗟𝗲̂𝗻 𝗛𝗼̂̀ 𝗦𝗼̛ 𝗕𝗮𝗻𝗸 𝗡𝗵𝗮̣̂𝗻 𝗫𝗲 𝗩𝗮̀ 𝗖𝗮𝘃𝗲𝘁 𝗚𝗼̂́𝗰
✅ 𝗡𝗼̛̣ 𝗫𝗮̂́𝘂 – 𝗛𝗼̂̃ 𝗧𝗿𝗼̛̣ 𝟬 Đ𝗼̂̀𝗻𝗴 – 𝗞𝗵𝗼̂𝗻𝗴 𝗫𝗮́𝗰 𝗠𝗶𝗻𝗵
✅ 𝗡𝗼̛̣ 𝗫𝗮̂́𝘂 – 𝗛𝗼̂̃ 𝗧𝗿𝗼̛̣ Đ𝘂̛𝗮 𝟯𝟬% – 𝗞𝗵𝗼̂𝗻𝗴 𝗟𝗮̃𝗶
✅ Đ𝗼̂̉𝗶 𝗣𝗶𝗻 𝗞𝗵𝗼̂𝗻𝗴 𝗖𝗵𝗼̛̀ 𝗦𝗮̣c 𝗡𝗵𝗶𝗲̂̀𝘂 𝗖𝗵𝗶 𝗡𝗵𝗮́𝗻𝗵
✅ 𝗛ỗ 𝗧𝗿𝗼̛̣ 𝟮 𝗡𝗮̆𝗺 𝗫𝗲 𝗛𝘂̛ – 𝗖𝗼́ 𝗫𝗲 𝗞𝗵𝗮́𝗰 𝗗𝘂̀𝗻𝗴
✅ Đ𝗮̆𝗻𝗴 𝗞𝘆́ 𝗔𝗽𝗽 𝗫𝗮𝗻𝗵 𝗣𝗹𝗮𝘁𝗳𝗼𝗿𝗺 – 𝗧𝗮̣𝗶 𝗖𝗵𝗼̂̃
--------------------
🏠 𝟭𝟭𝟱 𝗣𝗵𝗮̣𝗺 𝗧𝗵𝗲̂́ 𝗛𝗶𝗲̂̉𝗻 - 𝗖𝗵𝗮́𝗻𝗵 𝗛𝘂̛𝗻𝗴 - 𝗛𝗖𝗠 ( 𝗤𝘂𝗮̣̂𝗻 𝟴 )
☎️ 𝗛𝗼𝘁𝗹𝗶𝗻𝗲 : *** - 𝗗𝗶𝗲̣̂𝘂",Cần xác minh,Dat Bike,Quantum,34900000.0,-8.6
134031255,"Vinfast Klara Pin cầm,xe đẹp biển Sài Gòn",10800000,"🍓🍓🍓 Xe bà xã đi đã đổi Evo200 nên thanh lý lại người dùng.
Xe Vinfast Klara màu hồng (Xe đẹp lắm nữ tính)
☘️ Biển Số Sài Gòn 41MĐ- chạy không cần bằng
Pin zin mua  + Sạc Zin: sạc đầy 2-3 tiếng đi được 40-50km/1 lần
- Động cơ mới thay trước tết, xe chạy mượt pin cầm tốt 40-50km, đã thay đồng hồ hiện đại + đèn led 2 tầng
🍇 Chị em mua về đưa đón con hay đi chợ vòng vòng trãi nghiệm ok nhé
🍏Ưu tiên: Học Sinh-Sinh Viên, xe chạy không cần bằng lái
🍇🍇🍇 Xem xe tại địa chỉ
Đường DN5, Đông Hưng Thuận,TPHCM( KDC AN SƯƠNG)",2020,28000.0,Tp Hồ Chí Minh,Quận 12,"🍓🍓🍓 Xe bà xã đi đã đổi Evo200 nên thanh lý lại người dùng.
Xe Vinfast Klara màu hồng (Xe đẹp lắm nữ tính)
☘️ Biển Số Sài Gòn 41MĐ- chạy không cần bằng
Pin zin mua  + Sạc Zin: sạc đầy 2-3 tiếng đi được 40-50km/1 lần
- Động cơ mới thay trước tết, xe chạy mượt pin cầm tốt 40-50km, đã thay đồng hồ hiện đại + đèn led 2 tầng
🍇 Chị em mua về đưa đón con hay đi chợ vòng vòng trãi nghiệm ok nhé
🍏Ưu tiên: Học Sinh-Sinh Viên, xe chạy không cần bằng lái
🍇🍇🍇 Xem xe tại địa chỉ
Đường DN5, Đông Hưng Thuận,TPHCM( KDC AN SƯƠNG)",Kèm pin,VinFast,Klara,35000000.0,69.1
