list_id,family,condition,year,region,price_vnd,odo_km,battery_topic,peer_listings,peer_sellers,peer_median_vnd,peer_p25_vnd,peer_p75_vnd,price_position,verification_status,subject
134518548,VF3,New,2026,Ho Chi Minh City,278000000,,Not mentioned,68,40,278000000.0,276750000.0,278000000.0,Within peer IQR,"Unverified historical ad; confirm availability, trim, battery and full price","VinFast VF3 Eco, Plus Điện đủ mẫu mã giá sập sàn🚨"
134609331,VF3,Used,2024,Ho Chi Minh City,195000000,28000.0,Rental mentioned,14,14,202000000.0,198000000.0,218000000.0,Below peer P25: verify,"Unverified historical ad; confirm availability, trim, battery and full price",VinFast VF3 2024 Vàng Điện
134331029,VF3,New,2026,Ho Chi Minh City,266000000,,Not mentioned,68,40,278000000.0,276750000.0,278000000.0,Below peer P25: verify,"Unverified historical ad; confirm availability, trim, battery and full price",VinFast VF 3 PLUS Đỏ SẴN XE GIAO NGAY TRẢ TRƯỚC 0Đ
134608049,Limo Green,New,2026,Ho Chi Minh City,649000000,,Not mentioned,64,43,652000000.0,629750000.0,664000000.0,Within peer IQR,"Unverified historical ad; confirm availability, trim, battery and full price","VinFast LimoGreen, trả trước 84tr, nhận xe ngay"
133679636,MPV7,New,2026,Ho Chi Minh City,705000000,,Not mentioned,23,22,699000000.0,650000000.0,710000000.0,Within peer IQR,"Unverified historical ad; confirm availability, trim, battery and full price",VinFast VF MPV 7 Trả Trước 100tr
133840245,VF5,New,2026,Ho Chi Minh City,425000000,,Not mentioned,66,40,446000000.0,431000000.0,471000000.0,Below peer P25: verify,"Unverified historical ad; confirm availability, trim, battery and full price",VinFast VF5 Plus mới đủ màu đủ mẫu-Giá sập sàn
134284878,VF5,New,2026,Ho Chi Minh City,430000000,,Not mentioned,66,40,446000000.0,431000000.0,471000000.0,Below peer P25: verify,"Unverified historical ad; confirm availability, trim, battery and full price","VF5 vay 85-100%, giảm giá 66t, còn 430t"
134564899,VF5,New,2026,Ho Chi Minh City,444000000,,Not mentioned,66,40,446000000.0,431000000.0,471000000.0,Within peer IQR,"Unverified historical ad; confirm availability, trim, battery and full price",VINFAST VF5 PLUS - 444 TRIỆU - CHƯƠNG TRÌNH THƯỜNG
134611629,VF5,New,2026,Ho Chi Minh City,471000000,,Not mentioned,66,40,446000000.0,431000000.0,471000000.0,Within peer IQR,"Unverified historical ad; confirm availability, trim, battery and full price",VF5 HỖ TRỢ VAY ĐẾN 90%-BAO HỒ SƠ XẤU
133839004,VF3,New,2026,Ho Chi Minh City,280000000,,Not mentioned,68,40,278000000.0,276750000.0,278000000.0,Above peer P75: check extras,"Unverified historical ad; confirm availability, trim, battery and full price",VinFast VF3 Trắng
133426049,Limo Green,New,2026,Ho Chi Minh City,630000000,,Not mentioned,64,43,652000000.0,629750000.0,664000000.0,Within peer IQR,"Unverified historical ad; confirm availability, trim, battery and full price",DEAL SỐC THÁNG 9 LIMO GREEN - TẶNG FILM CAM SÀN
134611965,Limo Green,New,2026,Ho Chi Minh City,664000000,,Not mentioned,64,43,652000000.0,629750000.0,664000000.0,Within peer IQR,"Unverified historical ad; confirm availability, trim, battery and full price",LIMO GREEN 70TR NHẬN XE - GRAP/ XANH EM HỖ TRỢ HẾT
133011626,MPV7,New,2026,Ho Chi Minh City,650000000,,Not mentioned,23,22,699000000.0,650000000.0,710000000.0,Within peer IQR,"Unverified historical ad; confirm availability, trim, battery and full price",VinFast MVP7
134611135,MPV7,New,2026,Ho Chi Minh City,750000000,,Not mentioned,23,22,699000000.0,650000000.0,710000000.0,Above peer P75: check extras,"Unverified historical ad; confirm availability, trim, battery and full price",VINFAST - MVP 7 chỗ - Màu Xanh Dương - Giao Ngay
134585902,MPV7,New,2026,Ho Chi Minh City,622000000,,Not mentioned,23,22,699000000.0,650000000.0,710000000.0,Below peer P25: verify,"Unverified historical ad; confirm availability, trim, battery and full price","🔥𝗩𝗶𝗻𝗙𝗮𝘀𝘁 MPV 7, 𝗧𝗿𝗮̉ 𝘁𝗿ư𝗼̛́𝗰 𝗻𝗵𝗮̣̂𝗻 xe"
134619156,Limo Green,New,2026,Ho Chi Minh City,652000000,,Not mentioned,64,43,652000000.0,629750000.0,664000000.0,Within peer IQR,"Unverified historical ad; confirm availability, trim, battery and full price","Limo Green Đen 2026 – Giá Hấp Dẫn, Giao Xe Nhanh"
133814604,VF5,New,2026,Ho Chi Minh City,420000000,,Not mentioned,66,40,446000000.0,431000000.0,471000000.0,Below peer P25: verify,"Unverified historical ad; confirm availability, trim, battery and full price",VinFast VF5 Plus 2026  - Đầy đủ màu [Giá sock] CAQ
134084500,VF2,New,2026,Ho Chi Minh City,180000000,,Not mentioned,19,19,180000000.0,179000000.0,180000000.0,Within peer IQR,"Unverified historical ad; confirm availability, trim, battery and full price",VinFast VF2 - Cọc tiên phong / Giảm ngay 8 triệu
134143991,VF3,New,2026,Ho Chi Minh City,278000000,,Not mentioned,68,40,278000000.0,276750000.0,278000000.0,Within peer IQR,"Unverified historical ad; confirm availability, trim, battery and full price",VinFast VF3 Plus & Eco / 2026 - Đủ màu - New
134632179,VF5,Used,2024,Ho Chi Minh City,398000000,51000.0,Purchase mentioned,11,10,368000000.0,350000000.0,379500000.0,Above peer P75: check extras,"Unverified historical ad; confirm availability, trim, battery and full price",VinFast VF5 Plus 2024 Đỏ 51.000 KM
133632978,VF5,New,2026,Ho Chi Minh City,420000000,,Not mentioned,66,40,446000000.0,431000000.0,471000000.0,Below peer P25: verify,"Unverified historical ad; confirm availability, trim, battery and full price","VinFast VF5 Plus, GIẢM SÂU 16% THÁNG 9 🔥"
134542055,VF3,Used,2025,Ho Chi Minh City,225000000,32000.0,Purchase mentioned,28,19,258000000.0,249750000.0,268500000.0,Below peer P25: verify,"Unverified historical ad; confirm availability, trim, battery and full price",VinFast VF3 Điện Đỏ 32.000 km
131656302,VF6,New,2026,Ho Chi Minh City,600000000,,Not mentioned,42,34,626495000.0,599250000.0,646000000.0,Within peer IQR,"Unverified historical ad; confirm availability, trim, battery and full price",VINFAST VF6 ECO 600 TRIỆU ‼️CHƯƠNG TRÌNH THƯỜNG
134623132,VF6,New,2026,Ho Chi Minh City,632000000,,Not mentioned,42,34,626495000.0,599250000.0,646000000.0,Within peer IQR,"Unverified historical ad; confirm availability, trim, battery and full price",VinFast VF6 Plus Trắng - Giá áp hết KM / CAQĐ 🆘HOT
133632994,Limo Green,New,2026,Ho Chi Minh City,629000000,,Not mentioned,64,43,652000000.0,629750000.0,664000000.0,Below peer P25: verify,"Unverified historical ad; confirm availability, trim, battery and full price","LIMO GREEN, GIẢM 35TR THÁNG 9🚨"
134610554,VF6,New,2026,Ho Chi Minh City,660000000,,Not mentioned,42,34,626495000.0,599250000.0,646000000.0,Above peer P75: check extras,"Unverified historical ad; confirm availability, trim, battery and full price",VinFast VF6 Plus SUV điện Trắng
131018987,VF3,New,2026,Ho Chi Minh City,294000000,,Not mentioned,68,40,278000000.0,276750000.0,278000000.0,Above peer P75: check extras,"Unverified historical ad; confirm availability, trim, battery and full price",VINFAST VF3 PLUS 294 TRIỆU ‼️‼️‼️
134631673,VF3,Used,2024,Ho Chi Minh City,195000000,30000.0,Rental mentioned,14,14,202000000.0,198000000.0,218000000.0,Below peer P25: verify,"Unverified historical ad; confirm availability, trim, battery and full price",VinFast VF3 2024 Vàng 30.000km
133030573,VF6,New,2026,Ho Chi Minh City,604000000,,Not mentioned,42,34,626495000.0,599250000.0,646000000.0,Within peer IQR,"Unverified historical ad; confirm availability, trim, battery and full price",VINFAST VF 6 TỔNG ƯU ĐÃI LÊN ĐẾN 45 TRIỆU ĐỒNG
133693358,VF6,New,2026,Ho Chi Minh City,568000000,,Not mentioned,42,34,626495000.0,599250000.0,646000000.0,Below peer P25: verify,"Unverified historical ad; confirm availability, trim, battery and full price",VinFast VF6 Eco - Ưu đãi giảm 40tr tháng 9 🚨
133618627,VF8,New,2026,Ho Chi Minh City,1028000000,,Not mentioned,45,21,848000000.0,840000000.0,896000000.0,Above peer P75: check extras,"Unverified historical ad; confirm availability, trim, battery and full price",VinFast VF 8 Plus Trắng Trả trước 140tr
131655928,MPV7,New,2026,Ho Chi Minh City,700000000,,Not mentioned,23,22,699000000.0,650000000.0,710000000.0,Within peer IQR,"Unverified historical ad; confirm availability, trim, battery and full price",MPV 7 - TẶNG CAM 360 - 700 TRIỆU
134611952,VF6,New,2026,Ho Chi Minh City,570000000,,Not mentioned,42,34,626495000.0,599250000.0,646000000.0,Below peer P25: verify,"Unverified historical ad; confirm availability, trim, battery and full price",VinFast VF6 Trắng Xe ô tô điện
133038289,VF5,New,2026,Ho Chi Minh City,439000000,,Not mentioned,66,40,446000000.0,431000000.0,471000000.0,Within peer IQR,"Unverified historical ad; confirm availability, trim, battery and full price",VINFAST VF 5 PLUS ƯU ĐÃI KHỦNG 60 TRIỆU THÁNG 9
134069230,Limo Green,New,2026,Ho Chi Minh City,644000000,,Not mentioned,64,43,652000000.0,629750000.0,664000000.0,Within peer IQR,"Unverified historical ad; confirm availability, trim, battery and full price",VINFAST LIMO GREEN CỰC RẺ – NHẬN XE NGAY! 🔥
126755071,VF3,New,2026,Ho Chi Minh City,221000000,,Not mentioned,68,40,278000000.0,276750000.0,278000000.0,Below peer P25: verify,"Unverified historical ad; confirm availability, trim, battery and full price",THỜI ĐỂ VÀNG MUA XE VF3 GIẢM 80 TRIỆU
134053421,VF5,New,2026,Ho Chi Minh City,419000000,,Not mentioned,66,40,446000000.0,431000000.0,471000000.0,Below peer P25: verify,"Unverified historical ad; confirm availability, trim, battery and full price",VINFAST VF5 - GIÁ ƯU ĐÃI - GIAO NGAY - NH VAY 95%
134571523,VF6,New,2026,Ho Chi Minh City,646000000,,Not mentioned,42,34,626495000.0,599250000.0,646000000.0,Within peer IQR,"Unverified historical ad; confirm availability, trim, battery and full price",VinFast VF6 Eco trả trước 82 triệu nhận xe
131622024,Limo Green,New,2026,Ho Chi Minh City,549000000,,Not mentioned,64,43,652000000.0,629750000.0,664000000.0,Below peer P25: verify,"Unverified historical ad; confirm availability, trim, battery and full price","LIMO GREEN GIẢM KHỦNG DỊCH VỤ 16% ,BAO NỢ XẤU"
134608095,EC VAN,New,2026,Ho Chi Minh City,286000000,,Not mentioned,20,18,256000000.0,248000000.0,268000000.0,Above peer P75: check extras,"Unverified historical ad; confirm availability, trim, battery and full price",EC Van – Trả trước 37 triệu – Có xe ngay
134604299,VF2,New,2026,Ho Chi Minh City,178000000,,Not mentioned,19,19,180000000.0,179000000.0,180000000.0,Below peer P25: verify,"Unverified historical ad; confirm availability, trim, battery and full price",CÒN SUẤT TIÊN PHONG 178TR CHO VF2 – XE ĐÃ VỀ
129103848,Limo Green,New,2026,Ho Chi Minh City,652000000,,Not mentioned,64,43,652000000.0,629750000.0,664000000.0,Within peer IQR,"Unverified historical ad; confirm availability, trim, battery and full price",Sẵn VinFast Limo Green trả trước 80tr
133022837,VF9,New,2026,Ho Chi Minh City,1452000000,,Not mentioned,29,10,1348000000.0,1245000000.0,1348000000.0,Above peer P75: check extras,"Unverified historical ad; confirm availability, trim, battery and full price",VinFast VF9 Plus 2026 - GIÁ SIÊU NÉT ✅
134554857,Limo Green,New,2026,Ho Chi Minh City,554800000,,Not mentioned,64,43,652000000.0,629750000.0,664000000.0,Below peer P25: verify,"Unverified historical ad; confirm availability, trim, battery and full price",VinFast Limo Green 7 chỗ Trắng Xe điện
134628847,VF7,New,2026,Ho Chi Minh City,712500000,,Not mentioned,37,20,740000000.0,703000000.0,740000000.0,Within peer IQR,"Unverified historical ad; confirm availability, trim, battery and full price",VinFast VF7 Plus 2026 -trả góp 85% |free sạc 2029
133716897,VF5,New,2026,Ho Chi Minh City,431000000,,Not mentioned,66,40,446000000.0,431000000.0,471000000.0,Within peer IQR,"Unverified historical ad; confirm availability, trim, battery and full price",✅ VINFAST VF5 SẴN XE - GIÁ SẬP SÀN
134544764,MPV7,New,2026,Ho Chi Minh City,596800000,,Not mentioned,23,22,699000000.0,650000000.0,710000000.0,Below peer P25: verify,"Unverified historical ad; confirm availability, trim, battery and full price","MPV7 – ƯU ĐÃI RIÊNG 37,5 TRIỆU | TẶNG CAMERA 360°"
134330811,VF6,New,2026,Ho Chi Minh City,604000000,,Not mentioned,42,34,626495000.0,599250000.0,646000000.0,Within peer IQR,"Unverified historical ad; confirm availability, trim, battery and full price",VF VF6 PLUS- Trả Trước Chỉ 85TR- Gía xe 624
133311850,VF7,New,2026,Ho Chi Minh City,703000000,,Not mentioned,37,20,740000000.0,703000000.0,740000000.0,Within peer IQR,"Unverified historical ad; confirm availability, trim, battery and full price",VINFAST VF7 CỰC BỐC - TIÊU CHUẨN 3✅
134592397,VF3,New,2026,Ho Chi Minh City,205000000,,Not mentioned,68,40,278000000.0,276750000.0,278000000.0,Below peer P25: verify,"Unverified historical ad; confirm availability, trim, battery and full price",VF3 Plus 2026 - Miễn Phí sạc 2029| BH đến 8 năm
133751378,VF5,New,2026,Ho Chi Minh City,446000000,,Not mentioned,66,40,446000000.0,431000000.0,471000000.0,Within peer IQR,"Unverified historical ad; confirm availability, trim, battery and full price",VinFast VF5 Plus Giảm 50tr
133576953,Limo Green,New,2026,Ho Chi Minh City,624000000,,Not mentioned,64,43,652000000.0,629750000.0,664000000.0,Below peer P25: verify,"Unverified historical ad; confirm availability, trim, battery and full price",VF Limo Green Giá 624- Trả trước 86Tr Nhận Xe
134548450,VF3,Used,2024,Ho Chi Minh City,248000000,9000.0,Purchase mentioned,14,14,202000000.0,198000000.0,218000000.0,Above peer P75: check extras,"Unverified historical ad; confirm availability, trim, battery and full price",VinFast VF3 Sản xuất 2024 Pin Mua Màu Hồng xe đẹp
133402197,VF8,New,2026,Ho Chi Minh City,699000000,,Not mentioned,45,21,848000000.0,840000000.0,896000000.0,Below peer P25: verify,"Unverified historical ad; confirm availability, trim, battery and full price",VF8 ALL NEW CỌC TIÊN PHONG VẪN CÒN ✅
134050375,VF5,New,2026,Ho Chi Minh City,366000000,,Not mentioned,66,40,446000000.0,431000000.0,471000000.0,Below peer P25: verify,"Unverified historical ad; confirm availability, trim, battery and full price",VinFast VF5 giảm 20% Chỉ còn 3xx
134627822,VF3,Used,2025,Ho Chi Minh City,232222222,300000.0,Purchase mentioned,28,19,258000000.0,249750000.0,268500000.0,Below peer P25: verify,"Unverified historical ad; confirm availability, trim, battery and full price",VinFast VF3 Đỏ bản mua pin 2025 cần bán
132802065,Limo Green,New,2026,Da Nang City,643680000,,Not mentioned,10,7,644000000.0,640920000.0,644000000.0,Within peer IQR,"Unverified historical ad; confirm availability, trim, battery and full price",[Vinfast Đà Nẵng] Limo Green Ưu Đãi Tốt - Sẵn Xe
134515305,VF6,New,2026,Ho Chi Minh City,591620000,,Not mentioned,42,34,626495000.0,599250000.0,646000000.0,Below peer P25: verify,"Unverified historical ad; confirm availability, trim, battery and full price",VINFAST VF6 - TRẢ TRƯỚC 75 TRIỆU - TIẾT KIỆM 30Tr
134570832,VF6,New,2026,Ho Chi Minh City,596000000,,Not mentioned,42,34,626495000.0,599250000.0,646000000.0,Below peer P25: verify,"Unverified historical ad; confirm availability, trim, battery and full price",VinFast VF6 giảm 10% ko cần chính sách
132125848,Limo Green,New,2026,Ho Chi Minh City,660000000,,Not mentioned,64,43,652000000.0,629750000.0,664000000.0,Within peer IQR,"Unverified historical ad; confirm availability, trim, battery and full price",VINFAST LIMO GREEN - 660 TRIỆU - MIỄN LÃI NĂM ĐẦU
133433172,VF8,New,2026,Ho Chi Minh City,774000000,,Not mentioned,45,21,848000000.0,840000000.0,896000000.0,Below peer P25: verify,"Unverified historical ad; confirm availability, trim, battery and full price",VinFast VF 8 New| Giảm hơn 125 Triệu|Còn 774 Triệu
134627374,VF6,New,2026,Ho Chi Minh City,610000000,,Not mentioned,42,34,626495000.0,599250000.0,646000000.0,Within peer IQR,"Unverified historical ad; confirm availability, trim, battery and full price",VinFast VF6 Eco Trắng Việt Nam
133659734,VF6,New,2026,Ho Chi Minh City,633700000,,Not mentioned,42,34,626495000.0,599250000.0,646000000.0,Within peer IQR,"Unverified historical ad; confirm availability, trim, battery and full price",VinFast VF6 - Giao xe liền tay - TẶNG FLIM CAM SÀN
130514473,VF8,New,2026,Ho Chi Minh City,830000000,,Not mentioned,45,21,848000000.0,840000000.0,896000000.0,Below peer P25: verify,"Unverified historical ad; confirm availability, trim, battery and full price",VINFAST VF8 - 830 TRIỆU‼️CHƯƠNG TRÌNH THƯỜNG
134577748,MPV7,New,2026,Ho Chi Minh City,703000000,,Not mentioned,23,22,699000000.0,650000000.0,710000000.0,Within peer IQR,"Unverified historical ad; confirm availability, trim, battery and full price",Vinfast MPV7  - ƯU ĐÃI SỐC THÁNG 9 - TRẢ 90 TRIỆU
131615240,Limo Green,New,2026,Ho Chi Minh City,648000000,,Not mentioned,64,43,652000000.0,629750000.0,664000000.0,Within peer IQR,"Unverified historical ad; confirm availability, trim, battery and full price",VinFast Limo Green Trả trước 90tr
132919881,VF5,New,2026,Ho Chi Minh City,436000000,,Not mentioned,66,40,446000000.0,431000000.0,471000000.0,Within peer IQR,"Unverified historical ad; confirm availability, trim, battery and full price",💰TRẢ TRƯỚC 3O TR- NUÔI XE Ô TÔ BẰNG TIỀN ĂN SÁNG?
133869062,VF3,New,2026,Ho Chi Minh City,278000000,,Not mentioned,68,40,278000000.0,276750000.0,278000000.0,Within peer IQR,"Unverified historical ad; confirm availability, trim, battery and full price",VinFast VF 3 Trả Trước 40 Triệu- Giao Ngay- Đủ Màu
132209343,VF2,New,2026,Ho Chi Minh City,100000000,,Not mentioned,19,19,180000000.0,179000000.0,180000000.0,Below peer P25: verify,"Unverified historical ad; confirm availability, trim, battery and full price",VF2; ưu đãi gần 88t; còn khoảng 100t
133869759,EC VAN,New,2026,Ho Chi Minh City,248000000,,Not mentioned,20,18,256000000.0,248000000.0,268000000.0,Within peer IQR,"Unverified historical ad; confirm availability, trim, battery and full price",VinFast EC Van Xe điện đa năng màu Trắng
134210091,MPV7,New,2026,Ho Chi Minh City,715000000,,Not mentioned,23,22,699000000.0,650000000.0,710000000.0,Above peer P75: check extras,"Unverified historical ad; confirm availability, trim, battery and full price",VinFast MPV 7 trả trước 70Tr nhận xe - Giao ngay
134481129,VF3,New,2026,Hanoi,191000000,,Not mentioned,11,10,269000000.0,224000000.0,277000000.0,Below peer P25: verify,"Unverified historical ad; confirm availability, trim, battery and full price",🇻🇳VinFast VF3 SẴN XE - Trả Trước 0 đồng✅
134204558,EC VAN,New,2026,Ho Chi Minh City,268000000,,Not mentioned,20,18,256000000.0,248000000.0,268000000.0,Within peer IQR,"Unverified historical ad; confirm availability, trim, battery and full price",VinFast EC Van 🆘 GIÁ NÀY ÁP HẾT CÁC KM 🎉 Wow
133920561,Limo Green,New,2026,Ho Chi Minh City,629000000,,Not mentioned,64,43,652000000.0,629750000.0,664000000.0,Below peer P25: verify,"Unverified historical ad; confirm availability, trim, battery and full price",VinFast Limo Green - Đủ màu 2026 - New Seal
134622723,VF3,Used,2025,Ho Chi Minh City,248000000,19000.0,Purchase mentioned,28,19,258000000.0,249750000.0,268500000.0,Below peer P25: verify,"Unverified historical ad; confirm availability, trim, battery and full price",VinFast VF3 2025 Trắng 19000 km mua pin
121155876,VF7,New,2026,Ho Chi Minh City,740000000,,Not mentioned,37,20,740000000.0,703000000.0,740000000.0,Within peer IQR,"Unverified historical ad; confirm availability, trim, battery and full price",VF7 MIỄN PHÍ SẠC PIN ĐẾN 10/2/2029–CHẠY 0 ĐỒNG/KM!
133993589,VF5,New,2026,Ho Chi Minh City,471000000,,Not mentioned,66,40,446000000.0,431000000.0,471000000.0,Within peer IQR,"Unverified historical ad; confirm availability, trim, battery and full price",VF5 HỖ TRỢ ĐK DỊCH VỤ XANH-GRAP-BE - 50TR NHẬN XE
133711790,VF5,New,2026,Ho Chi Minh City,446000000,,Not mentioned,66,40,446000000.0,431000000.0,471000000.0,Within peer IQR,"Unverified historical ad; confirm availability, trim, battery and full price",VinFast VF5 Plus - Ưu Đãi Giảm Ngay 50tr
133659895,VF3,New,2026,Ho Chi Minh City,278000000,,Not mentioned,68,40,278000000.0,276750000.0,278000000.0,Within peer IQR,"Unverified historical ad; confirm availability, trim, battery and full price",VF3 VAY ĐẾN 90% - XE SẴN GIAO NGAY
132524239,VF8,New,2026,Ho Chi Minh City,700000000,,Not mentioned,45,21,848000000.0,840000000.0,896000000.0,Below peer P25: verify,"Unverified historical ad; confirm availability, trim, battery and full price",ĐẶT XE VF8 ALL NEW - NHẬN NGAY VOUCHER 200TR ĐỒNG
132626922,VF8,New,2026,Ho Chi Minh City,848000000,,Not mentioned,45,21,848000000.0,840000000.0,896000000.0,Within peer IQR,"Unverified historical ad; confirm availability, trim, battery and full price",🌱 BƯỚC VÀO KỶ NGUYÊN XE ĐIỆN CÙNG VF8 THẾ HỆ MỚI
131319347,EC VAN,New,2026,Ho Chi Minh City,268000000,,Not mentioned,20,18,256000000.0,248000000.0,268000000.0,Within peer IQR,"Unverified historical ad; confirm availability, trim, battery and full price","VINFAST EC VAN, XE SẴN GIAO, HỔ TRỢ VAY VỐN 90%"
122562449,VF6,New,2026,Ho Chi Minh City,646000000,,Not mentioned,42,34,626495000.0,599250000.0,646000000.0,Within peer IQR,"Unverified historical ad; confirm availability, trim, battery and full price",VF6 BANK 90%+BAO NỢ XẤU+LÃI 7% 3NĂM+TẶNG 70TR
133872018,Limo Green,New,2026,Ho Chi Minh City,620000000,,Not mentioned,64,43,652000000.0,629750000.0,664000000.0,Below peer P25: verify,"Unverified historical ad; confirm availability, trim, battery and full price",Xe điện Limo Green đủ mẫu màu có sẵn- Giá sập sàn
128213165,VF5,New,2026,Ho Chi Minh City,471000000,,Not mentioned,66,40,446000000.0,431000000.0,471000000.0,Within peer IQR,"Unverified historical ad; confirm availability, trim, battery and full price",VF5 ĐƯA 55 ĐỒNG+BAO NỢ XẤU NHÓM 5+ĐỦ MÀU GIAO NGAY
132486130,VF7,New,2026,Ho Chi Minh City,740000000,,Not mentioned,37,20,740000000.0,703000000.0,740000000.0,Within peer IQR,"Unverified historical ad; confirm availability, trim, battery and full price",VINFAST VF7 ƯU ĐÃI THÁNG 5 - BAO HỒ SƠ
134301632,EC VAN,New,2026,Ho Chi Minh City,248000000,,Not mentioned,20,18,256000000.0,248000000.0,268000000.0,Within peer IQR,"Unverified historical ad; confirm availability, trim, battery and full price","EC Van, vay 100%, áp Voucher Lux SA 80t, còn 168t"
132645577,VF6,New,2026,Ho Chi Minh City,622000000,,Not mentioned,42,34,626495000.0,599250000.0,646000000.0,Within peer IQR,"Unverified historical ad; confirm availability, trim, battery and full price",VinFast VF6 Eco Trả Trước 85tr
134602297,VF5,New,2026,Ho Chi Minh City,436000000,,Not mentioned,66,40,446000000.0,431000000.0,471000000.0,Within peer IQR,"Unverified historical ad; confirm availability, trim, battery and full price",VinFast VF5 Xám Xe điện Mới
129997850,Limo Green,New,2026,Ho Chi Minh City,609600000,,Not mentioned,64,43,652000000.0,629750000.0,664000000.0,Below peer P25: verify,"Unverified historical ad; confirm availability, trim, battery and full price",VinFast Limo Green  - CÓ XE NGAY
131401055,Limo Green,New,2026,Ho Chi Minh City,664000000,,Not mentioned,64,43,652000000.0,629750000.0,664000000.0,Within peer IQR,"Unverified historical ad; confirm availability, trim, battery and full price",Xe điện VinFast Limo Green Đen
132151406,VF6,New,2026,Ho Chi Minh City,599000000,,Not mentioned,42,34,626495000.0,599250000.0,646000000.0,Below peer P25: verify,"Unverified historical ad; confirm availability, trim, battery and full price",VinFast VF6 2026 - HỖ TRỢ NỢ XẤU
130996527,VF7,New,2026,Ho Chi Minh City,740000000,,Not mentioned,37,20,740000000.0,703000000.0,740000000.0,Within peer IQR,"Unverified historical ad; confirm availability, trim, battery and full price","⚡ SỐC LS CHỈ 5,8% – CẦM 15% VỐN RƯỚC NGAY VF7"
134269553,VF5,New,2026,Ho Chi Minh City,436000000,,Not mentioned,66,40,446000000.0,431000000.0,471000000.0,Within peer IQR,"Unverified historical ad; confirm availability, trim, battery and full price",Vinfast VF5 Đỏ Trả Trước Chỉ 25 Triệu
134547151,VF3,Used,2024,Ho Chi Minh City,198000000,2400.0,Rental mentioned,14,14,202000000.0,198000000.0,218000000.0,Within peer IQR,"Unverified historical ad; confirm availability, trim, battery and full price",VinFast VF3 2024 Điện Xám
134310297,VF8,New,2026,Ho Chi Minh City,848000000,,Not mentioned,45,21,848000000.0,840000000.0,896000000.0,Within peer IQR,"Unverified historical ad; confirm availability, trim, battery and full price",VF8 HỖ TRỢ DOANH NGHIỆP MUA XE 0Đ - VAY 100%
130789670,VF3,New,2026,Ho Chi Minh City,278000000,,Not mentioned,68,40,278000000.0,276750000.0,278000000.0,Within peer IQR,"Unverified historical ad; confirm availability, trim, battery and full price",VF3 BAO NỢ XẤU 37 TRIỆU NHẬN XE-ĐỦ MÀU GIAO LIỀN
134185945,VF5,New,2026,Ho Chi Minh City,471000000,,Not mentioned,66,40,446000000.0,431000000.0,471000000.0,Within peer IQR,"Unverified historical ad; confirm availability, trim, battery and full price",VinFast VF5 50TR NHẬN XE SẴN GIAO NGAY- NH VAY 95%
134619098,VF8,Used,2023,Ho Chi Minh City,600000000,58000.0,Not mentioned,19,8,645000000.0,585000000.0,679000000.0,Within peer IQR,"Unverified historical ad; confirm availability, trim, battery and full price",VinFast VF8 PLUS 2023 Trắng 58.000 km
134249252,VF3,New,2026,Ho Chi Minh City,275000000,,Not mentioned,68,40,278000000.0,276750000.0,278000000.0,Below peer P25: verify,"Unverified historical ad; confirm availability, trim, battery and full price",🔥 𝐂𝐇𝐈̉ 𝐓𝐔̛̀ 𝟐𝟎 𝐓𝐑𝐈𝐄̣̂𝐔 • 𝐕𝐅𝟑 𝟐𝟎𝟐𝟔 • ĐỦ MÀU GIAO XE NGAY
134605832,VF9,New,2026,Ho Chi Minh City,1504000000,,Not mentioned,29,10,1348000000.0,1245000000.0,1348000000.0,Above peer P75: check extras,"Unverified historical ad; confirm availability, trim, battery and full price",VF9 Plus – Trả trước 226 triệu – Nhận xe ngay
134257301,Limo Green,New,2026,Ho Chi Minh City,664000000,,Not mentioned,64,43,652000000.0,629750000.0,664000000.0,Within peer IQR,"Unverified historical ad; confirm availability, trim, battery and full price",VinFast Limo Green Trả Trước 60tr Nhận Xe
133234039,VF5,New,2026,Ho Chi Minh City,466000000,,Not mentioned,66,40,446000000.0,431000000.0,471000000.0,Within peer IQR,"Unverified historical ad; confirm availability, trim, battery and full price",CHỈ 50 TRIỆU ĐẦU - LĂN BÁNH VF5 NGAY HÔM NAY!
133390465,VF5,New,2026,Ho Chi Minh City,446000000,,Not mentioned,66,40,446000000.0,431000000.0,471000000.0,Within peer IQR,"Unverified historical ad; confirm availability, trim, battery and full price",VINFAST VF5 - SẴN XE - TẶNG FLIM CAM SÀN
121156136,VF7,New,2026,Ho Chi Minh City,740000000,,Not mentioned,37,20,740000000.0,703000000.0,740000000.0,Within peer IQR,"Unverified historical ad; confirm availability, trim, battery and full price",VF7 LÁI ĐẲNG CẤP+BANK 90%+LÃI 3 NĂM 4.8%+BAO HS
134556083,VF6,Used,2025,Ho Chi Minh City,550000000,31000.0,Not mentioned,11,6,555000000.0,529000000.0,592000000.0,Within peer IQR,"Unverified historical ad; confirm availability, trim, battery and full price",VinFast VF6 Eco 2025 sạc KGH Xám 31.000 km
133421861,VF8,Used,2023,Ho Chi Minh City,570000000,74000.0,Not mentioned,19,8,645000000.0,585000000.0,679000000.0,Below peer P25: verify,"Unverified historical ad; confirm availability, trim, battery and full price",VF8 Eco 2023 Xanh dương chất đẹp giá còn giảm
133037991,VF5,New,2026,Ho Chi Minh City,439000000,,Not mentioned,66,40,446000000.0,431000000.0,471000000.0,Within peer IQR,"Unverified historical ad; confirm availability, trim, battery and full price",VINFAST VF 5 PLUS ƯU ĐÃI - ĐƯA TRƯỚC CHỈ 57 TRIỆU
134617882,VF6,New,2026,Ho Chi Minh City,646000000,,Not mentioned,42,34,626495000.0,599250000.0,646000000.0,Within peer IQR,"Unverified historical ad; confirm availability, trim, battery and full price",VinFast VF6 PLUS TRẢ TRƯỚC 60TR-FULL PHỤ KIỆN
133620389,VF3,New,2026,Ho Chi Minh City,279000000,,Not mentioned,68,40,278000000.0,276750000.0,278000000.0,Above peer P75: check extras,"Unverified historical ad; confirm availability, trim, battery and full price",VINFAST VF3 XE SẴN GIAO NGAY ĐƯA TRƯỚC CHỈ 49TRIỆU
133038587,VF8,New,2026,Ho Chi Minh City,848000000,,Not mentioned,45,21,848000000.0,840000000.0,896000000.0,Within peer IQR,"Unverified historical ad; confirm availability, trim, battery and full price",VINFAST VF 8 ALL NEW 2026 ƯU ĐÃI CỌC TIÊN PHONG
134156796,VF6,Used,2025,Ho Chi Minh City,565000000,24000.0,Not mentioned,11,6,555000000.0,529000000.0,592000000.0,Within peer IQR,"Unverified historical ad; confirm availability, trim, battery and full price",VinFast VF6 Eco 2026 Trắng 24.000 km
133600938,VF5,New,2026,Ho Chi Minh City,461000000,,Not mentioned,66,40,446000000.0,431000000.0,471000000.0,Within peer IQR,"Unverified historical ad; confirm availability, trim, battery and full price",Giá VF 5 Tháng 7: 461 triệu Trả trước 53 triệu
134616045,MPV7,New,2026,Ho Chi Minh City,705000000,,Not mentioned,23,22,699000000.0,650000000.0,710000000.0,Within peer IQR,"Unverified historical ad; confirm availability, trim, battery and full price",VinFast MPV7 2026 - Trả Trước Từ 100tr
134560237,VF6,New,2026,Ho Chi Minh City,599000000,,Not mentioned,42,34,626495000.0,599250000.0,646000000.0,Below peer P25: verify,"Unverified historical ad; confirm availability, trim, battery and full price",VinFast VF6 TRẢ 79 TRIỆU NHẬN XE - BAO HỒ SƠ
134615184,VF3,Used,2025,Ho Chi Minh City,270000000,4000.0,Purchase mentioned,28,19,258000000.0,249750000.0,268500000.0,Above peer P75: check extras,"Unverified historical ad; confirm availability, trim, battery and full price",Vinfast VF3 2025 Trắng- 4000KM-MUA PIN
134601814,Limo Green,New,2026,Ho Chi Minh City,699000000,,Not mentioned,64,43,652000000.0,629750000.0,664000000.0,Above peer P75: check extras,"Unverified historical ad; confirm availability, trim, battery and full price",VinFast Limo Green
134604886,VF7,New,2026,Ho Chi Minh City,725000000,,Not mentioned,37,20,740000000.0,703000000.0,740000000.0,Within peer IQR,"Unverified historical ad; confirm availability, trim, battery and full price",VF7 Eco – Trả trước 110 triệu – Nhận xe ngay
134605021,VF8,New,2026,Ho Chi Minh City,828000000,,Not mentioned,45,21,848000000.0,840000000.0,896000000.0,Below peer P25: verify,"Unverified historical ad; confirm availability, trim, battery and full price",VinFast VF8 All New Còn tiên phong. 134tr nhận xe
134601695,VF2,New,2026,Ho Chi Minh City,188000000,,Not mentioned,19,19,180000000.0,179000000.0,180000000.0,Above peer P75: check extras,"Unverified historical ad; confirm availability, trim, battery and full price","VinFast VF2 Ô tô điện Đỏ, Trắng, Xanh"
134604718,VF6,New,2026,Ho Chi Minh City,626000000,,Not mentioned,42,34,626495000.0,599250000.0,646000000.0,Within peer IQR,"Unverified historical ad; confirm availability, trim, battery and full price",VF6 – Chỉ từ 97 triệu nhận xe ngay. Siêu ưu đãi T9
134613522,VF2,New,2026,Ho Chi Minh City,180000000,,Not mentioned,19,19,180000000.0,179000000.0,180000000.0,Within peer IQR,"Unverified historical ad; confirm availability, trim, battery and full price",VinFast VF 2
134444028,VF2,New,2026,Ho Chi Minh City,180000000,,Not mentioned,19,19,180000000.0,179000000.0,180000000.0,Within peer IQR,"Unverified historical ad; confirm availability, trim, battery and full price",CHỈ 30TR NHẬN NGAY VF2 - NHẬN XE SỚM - ĐỦ MÀU
133121395,VF3,Used,2024,Ho Chi Minh City,219000000,6000.0,Rental mentioned,14,14,202000000.0,198000000.0,218000000.0,Above peer P75: check extras,"Unverified historical ad; confirm availability, trim, battery and full price",VF3 vàng nóc đen TC2 thuê pin  ! Độ full gần 50tr
126290255,VF5,New,2026,Ho Chi Minh City,449000000,,Not mentioned,66,40,446000000.0,431000000.0,471000000.0,Within peer IQR,"Unverified historical ad; confirm availability, trim, battery and full price","VF5 2026, trả trước chỉ từ 50Tr"
133662373,VF3,New,2026,Ho Chi Minh City,279000000,,Not mentioned,68,40,278000000.0,276750000.0,278000000.0,Above peer P75: check extras,"Unverified historical ad; confirm availability, trim, battery and full price","VinFast VF3 PLUS, CHỈ CẦN ĐƯA TRƯỚC 50 CỦ 🔥"
133019374,VF5,Used,2024,Ho Chi Minh City,390000000,30000.0,Not mentioned,11,10,368000000.0,350000000.0,379500000.0,Above peer P75: check extras,"Unverified historical ad; confirm availability, trim, battery and full price",VF5 Plus 2024 - Chính chủ bán - FREE Sạc - BSSG
134610923,VF3,Used,2025,Ho Chi Minh City,255000000,13000.0,Not mentioned,28,19,258000000.0,249750000.0,268500000.0,Within peer IQR,"Unverified historical ad; confirm availability, trim, battery and full price",VinFast VF3 2025 Xanh lá Ghế da
134610767,EC VAN,New,2026,Ho Chi Minh City,248000000,,Not mentioned,20,18,256000000.0,248000000.0,268000000.0,Within peer IQR,"Unverified historical ad; confirm availability, trim, battery and full price",VINFAST EC VAN GIẢM 20TR - TRẢ TRƯỚC CHỈ 30TR
129091320,Limo Green,New,2026,Ho Chi Minh City,664000000,,Not mentioned,64,43,652000000.0,629750000.0,664000000.0,Within peer IQR,"Unverified historical ad; confirm availability, trim, battery and full price",🚀 LIMO GREEN - Trả 7O Triệu- Bao Hồ Sơ - Giao Ngay
132811729,EC VAN,New,2026,Ho Chi Minh City,238000000,,Not mentioned,20,18,256000000.0,248000000.0,268000000.0,Below peer P25: verify,"Unverified historical ad; confirm availability, trim, battery and full price","Xe tải điện VinFast EC Van mới 100%, đủ màu,sẵn HS"
133202110,VF5,New,2026,Ho Chi Minh City,420000000,,Not mentioned,66,40,446000000.0,431000000.0,471000000.0,Below peer P25: verify,"Unverified historical ad; confirm availability, trim, battery and full price",VINFAST VF 5 SẴN XE GIAO NGAY 40 TR TRẢ TRƯỚC
133896375,VF3,Used,2024,Ho Chi Minh City,198000000,26000.0,Rental mentioned,14,14,202000000.0,198000000.0,218000000.0,Within peer IQR,"Unverified historical ad; confirm availability, trim, battery and full price",VinFast VF3 sạc miển phí kg giới hạn pin thuê
134527840,VF2,New,2026,Ho Chi Minh City,150000000,,Not mentioned,19,19,180000000.0,179000000.0,180000000.0,Below peer P25: verify,"Unverified historical ad; confirm availability, trim, battery and full price",VinFast VF 2 TRẢ TRƯỚC 0Đ NHẬN XE VOUCHER XE XĂNG
133487693,VF3,New,2026,Hanoi,187000000,,Not mentioned,11,10,269000000.0,224000000.0,277000000.0,Below peer P25: verify,"Unverified historical ad; confirm availability, trim, battery and full price",VinFast VF3 Trắng Hỗ trợ vay trả góp 80%
134607753,VF6,Used,2025,Ho Chi Minh City,625000000,20000.0,Purchase mentioned,11,6,555000000.0,529000000.0,592000000.0,Above peer P75: check extras,"Unverified historical ad; confirm availability, trim, battery and full price",[CHÍNH CHỦ BÁN] VF6 PLUS cuối 2025 - BIỂN TPHCM.
134083863,MPV7,New,2026,Ho Chi Minh City,620750000,,Not mentioned,23,22,699000000.0,650000000.0,710000000.0,Below peer P25: verify,"Unverified historical ad; confirm availability, trim, battery and full price",VF MPV7 2026 XÁM GIÁ CHỈ 621TR NẾU ĐỦ ĐIỀU KIỆN
133686488,MPV7,New,2026,Ho Chi Minh City,693000000,,Not mentioned,23,22,699000000.0,650000000.0,710000000.0,Within peer IQR,"Unverified historical ad; confirm availability, trim, battery and full price",VINFAST MPV7 ƯU ĐÃI - TẶNG CAMERA 360 CHÍNH HÃNG.
133461419,VF3,New,2026,Ho Chi Minh City,296000000,,Not mentioned,68,40,278000000.0,276750000.0,278000000.0,Above peer P75: check extras,"Unverified historical ad; confirm availability, trim, battery and full price",🚗 VINFAST VF 3 PLUS – SẴN XE GIAO LIỀN
134244312,VF8,New,2026,Ho Chi Minh City,850000000,,Not mentioned,45,21,848000000.0,840000000.0,896000000.0,Within peer IQR,"Unverified historical ad; confirm availability, trim, battery and full price",VinFast VF8 THẾ HỆ MỚI / All New - Cọc tiên phong
134370192,VF7,New,2026,Ho Chi Minh City,718000000,,Not mentioned,37,20,740000000.0,703000000.0,740000000.0,Within peer IQR,"Unverified historical ad; confirm availability, trim, battery and full price",VinFast VF7 Plus  / Đủ màu 🆘Áp hết các voucher🆘
134238525,EC VAN,New,2026,Ho Chi Minh City,238000000,,Not mentioned,20,18,256000000.0,248000000.0,268000000.0,Below peer P25: verify,"Unverified historical ad; confirm availability, trim, battery and full price",Vinfast Ecvan 2026 Giá Tốt - Bao hồ sơ khó
134506789,VF2,New,2026,Ho Chi Minh City,180000000,,Not mentioned,19,19,180000000.0,179000000.0,180000000.0,Within peer IQR,"Unverified historical ad; confirm availability, trim, battery and full price",Vinfast VF2 2026 Giao Sớm
134248481,MPV7,New,2026,Ho Chi Minh City,699000000,,Not mentioned,23,22,699000000.0,650000000.0,710000000.0,Within peer IQR,"Unverified historical ad; confirm availability, trim, battery and full price",Vinfast Mpv7 2026 Giá Tốt | Hỗ trợ góp 95%
134602198,VF3,Used,2025,Ho Chi Minh City,249000000,19000.0,Purchase mentioned,28,19,258000000.0,249750000.0,268500000.0,Below peer P25: verify,"Unverified historical ad; confirm availability, trim, battery and full price",VinFast VF3 T6/2025 màu Trắng Pin mua xe đẹp
134602012,VF5,New,2026,Ho Chi Minh City,436000000,,Not mentioned,66,40,446000000.0,431000000.0,471000000.0,Within peer IQR,"Unverified historical ad; confirm availability, trim, battery and full price",VinFast VF5
134504212,VF6,New,2026,Ho Chi Minh City,654000000,,Not mentioned,42,34,626495000.0,599250000.0,646000000.0,Above peer P75: check extras,"Unverified historical ad; confirm availability, trim, battery and full price",Vinfast VF6 Plus 2026 Trắng | Hỗ trợ góp 95%
134601377,EC VAN,New,2026,Ho Chi Minh City,264000000,,Not mentioned,20,18,256000000.0,248000000.0,268000000.0,Within peer IQR,"Unverified historical ad; confirm availability, trim, battery and full price",VinFast EC Van
130793708,VF5,New,2026,Ho Chi Minh City,466000000,,Not mentioned,66,40,446000000.0,431000000.0,471000000.0,Within peer IQR,"Unverified historical ad; confirm availability, trim, battery and full price",KINH DOANH VF5 THAY ĐỔI CUỘC SỐNG
134254756,VF3,Used,2025,Ho Chi Minh City,270000000,6000.0,Purchase mentioned,28,19,258000000.0,249750000.0,268500000.0,Above peer P75: check extras,"Unverified historical ad; confirm availability, trim, battery and full price",VinFast VF 3 2026 Vàng nóc Trắng
134573612,VF3,New,2026,Hanoi,285000000,,Not mentioned,11,10,269000000.0,224000000.0,277000000.0,Above peer P75: check extras,"Unverified historical ad; confirm availability, trim, battery and full price",VinFast VF3 Xanh Ngọc 4chỗ
133587129,EC VAN,New,2026,Ho Chi Minh City,268000000,,Not mentioned,20,18,256000000.0,248000000.0,268000000.0,Within peer IQR,"Unverified historical ad; confirm availability, trim, battery and full price",EC VAN NỢ XẤU VẪN MUA HỖ TRỢ ĐẬU 100%
134570737,EC VAN,New,2026,Ho Chi Minh City,248000000,,Not mentioned,20,18,256000000.0,248000000.0,268000000.0,Within peer IQR,"Unverified historical ad; confirm availability, trim, battery and full price",VinFast EC VAN Xe tải điện 2026 chỉ từ 4Tr/Th
134314697,VF5,New,2026,Ho Chi Minh City,471000000,,Not mentioned,66,40,446000000.0,431000000.0,471000000.0,Within peer IQR,"Unverified historical ad; confirm availability, trim, battery and full price",VF5 MUA NGAY HÔM NAY VAY 90% KHÔNG LO VỐN
133785776,VF7,New,2026,Ho Chi Minh City,830000000,,Not mentioned,37,20,740000000.0,703000000.0,740000000.0,Above peer P75: check extras,"Unverified historical ad; confirm availability, trim, battery and full price",VinFast VF 7 Plus - Tặng Flim cam sàn
134570756,VF7,New,2026,Ho Chi Minh City,689000000,,Not mentioned,37,20,740000000.0,703000000.0,740000000.0,Below peer P25: verify,"Unverified historical ad; confirm availability, trim, battery and full price",VinFast VF 7 Xám 2026  chỉ từ 70 Triệu đồng
132891471,VF5,New,2026,Ho Chi Minh City,471000000,,Not mentioned,66,40,446000000.0,431000000.0,471000000.0,Within peer IQR,"Unverified historical ad; confirm availability, trim, battery and full price",VF5 ĐƯA 55TR NHẬN XE - HỒ SƠ KHÓ EM LO
133332149,Limo Green,New,2026,Ho Chi Minh City,570000000,,Not mentioned,64,43,652000000.0,629750000.0,664000000.0,Below peer P25: verify,"Unverified historical ad; confirm availability, trim, battery and full price",𝗩𝗶𝗻𝗙𝗮𝘀𝘁 𝗟𝗶𝗺𝗼 𝗚𝗿𝗲𝗲𝗻 𝟮𝟬𝟮𝟲 𝗧𝗿𝗮̉ 𝘁𝗿ư𝗼̛́𝗰 chỉ 𝟱𝟳 𝘁𝗿𝗶ệ𝘂
122764182,VF5,New,2026,Ho Chi Minh City,471000000,,Not mentioned,66,40,446000000.0,431000000.0,471000000.0,Within peer IQR,"Unverified historical ad; confirm availability, trim, battery and full price","QUÁ DỄ DÀNG ""THU NHẬP"" 50TR/THÁNG CÙNG VINFAST VF5"
132957033,Limo Green,New,2026,Da Nang City,620000000,,Not mentioned,10,7,644000000.0,640920000.0,644000000.0,Below peer P25: verify,"Unverified historical ad; confirm availability, trim, battery and full price","VinFast LIMO GREEM, ƯU ĐÃI KHỦNG, GIAO NGAY"
121661821,VF8,New,2026,Ho Chi Minh City,898000000,,Not mentioned,45,21,848000000.0,840000000.0,896000000.0,Above peer P75: check extras,"Unverified historical ad; confirm availability, trim, battery and full price","SỞ HỮU VF8 HỎA LONG–VAY 85%, DUYỆT HS SIÊU TỐC!"
122962417,VF9,New,2026,Ho Chi Minh City,1348000000,,Not mentioned,29,10,1348000000.0,1245000000.0,1348000000.0,Within peer IQR,"Unverified historical ad; confirm availability, trim, battery and full price","VinFast VF9 - ĐỦ MÀU GIAO NGAY BAO ""BANK 90%"""
134570775,VF5,New,2026,Ho Chi Minh City,426000000,,Not mentioned,66,40,446000000.0,431000000.0,471000000.0,Below peer P25: verify,"Unverified historical ad; confirm availability, trim, battery and full price",VinFast VF 5 Plus giảm 70 triệu | ko chính sách
134571131,VF3,New,2026,Da Nang City,259000000,,Not mentioned,11,8,275000000.0,260500000.0,282500000.0,Below peer P25: verify,"Unverified historical ad; confirm availability, trim, battery and full price",VINFAST VF3 – CHỈ 50 TRIỆU NHẬN XE NGAY
134414266,VF3,New,2026,Hanoi,269000000,,Purchase mentioned,11,10,269000000.0,224000000.0,277000000.0,Within peer IQR,"Unverified historical ad; confirm availability, trim, battery and full price",VinFast VF3 Plus 2026 Trắng Điện
131267835,MPV7,New,2026,Ho Chi Minh City,660000000,,Not mentioned,23,22,699000000.0,650000000.0,710000000.0,Within peer IQR,"Unverified historical ad; confirm availability, trim, battery and full price",VINFAST MVP7 GIÁ CỰC NÉT 660TR CHƯA BAO GỒM CTKM
133705509,VF2,New,2026,Ho Chi Minh City,180000000,,Not mentioned,19,19,180000000.0,179000000.0,180000000.0,Within peer IQR,"Unverified historical ad; confirm availability, trim, battery and full price","VinFast VF2, ĐẶT CỌC NGAY CẢ NHÀ ƠI 🔥"
134258818,VF6,Used,2025,Ho Chi Minh City,518000000,65000.0,Purchase mentioned,11,6,555000000.0,529000000.0,592000000.0,Below peer P25: verify,"Unverified historical ad; confirm availability, trim, battery and full price",VINFAST VF6 ECO 2025 PIN MUA SẠC KGH LÊN 30TR PK
134201569,MPV7,New,2026,Ho Chi Minh City,730000000,,Not mentioned,23,22,699000000.0,650000000.0,710000000.0,Above peer P75: check extras,"Unverified historical ad; confirm availability, trim, battery and full price",Vinfast MVP7 New giá tốt tháng 8
134482955,VF8,New,2026,Ho Chi Minh City,840000000,,Not mentioned,45,21,848000000.0,840000000.0,896000000.0,Within peer IQR,"Unverified historical ad; confirm availability, trim, battery and full price",VinFast VF8 All New Đen Giao Ngay
134058683,MPV7,New,2026,Ho Chi Minh City,612000000,,Not mentioned,23,22,699000000.0,650000000.0,710000000.0,Below peer P25: verify,"Unverified historical ad; confirm availability, trim, battery and full price",VinFast MPV7 NEW  tặng thêm camera 360
134594251,VF3,Used,2025,Ho Chi Minh City,210000000,21000.0,Rental mentioned,28,19,258000000.0,249750000.0,268500000.0,Below peer P25: verify,"Unverified historical ad; confirm availability, trim, battery and full price",VF3 2025 PIN THUÊ. Trang bị nhiều Phụ Kiện.
134218370,VF6,Used,2025,Ho Chi Minh City,575000000,44000.0,Purchase mentioned,11,6,555000000.0,529000000.0,592000000.0,Within peer IQR,"Unverified historical ad; confirm availability, trim, battery and full price",VINFAST VF6 PLUS 2025 PIN MUA SẠC KO GIỚI HẠN
133074909,VF6,New,2026,Ho Chi Minh City,634000000,,Not mentioned,42,34,626495000.0,599250000.0,646000000.0,Within peer IQR,"Unverified historical ad; confirm availability, trim, battery and full price","Vinfast VF6 ECO mới, chỉ 95 triệu lấy xe về luôn"
134238826,VF5,Used,2024,Ho Chi Minh City,368000000,72000.0,Purchase mentioned,11,10,368000000.0,350000000.0,379500000.0,Within peer IQR,"Unverified historical ad; confirm availability, trim, battery and full price",VINFAST VF5 PLUS 2024 PIN MUA SẠC KO GIỚI HẠN
134176617,VF5,Used,2024,Ho Chi Minh City,358000000,58000.0,Purchase mentioned,11,10,368000000.0,350000000.0,379500000.0,Within peer IQR,"Unverified historical ad; confirm availability, trim, battery and full price",VinFast VF5 Plus mua pin sạc miên phí
131003898,VF3,New,2026,Hanoi,198000000,,Not mentioned,11,10,269000000.0,224000000.0,277000000.0,Below peer P25: verify,"Unverified historical ad; confirm availability, trim, battery and full price",Xe điện VinFast VF 3 Nhiều màu giao ngay giá tốt
134025567,VF6,New,2026,Ho Chi Minh City,600000000,,Not mentioned,42,34,626495000.0,599250000.0,646000000.0,Within peer IQR,"Unverified historical ad; confirm availability, trim, battery and full price","VinFast VF6 - GIÁ TỐT -SẴN XE, ĐỦ MÀU - GIAO NGAY!"
133877154,VF8,New,2026,Ho Chi Minh City,848000000,,Not mentioned,45,21,848000000.0,840000000.0,896000000.0,Within peer IQR,"Unverified historical ad; confirm availability, trim, battery and full price",VinFast VF 8 All New Giảm 51 Triệu Cọc Tiên Phong
130280840,Limo Green,New,2026,Ho Chi Minh City,664000000,,Not mentioned,64,43,652000000.0,629750000.0,664000000.0,Within peer IQR,"Unverified historical ad; confirm availability, trim, battery and full price",VinFast Limo Green đủ màu- Trả trước chỉ 80 Triệu
133586559,EC VAN,New,2026,Ho Chi Minh City,268000000,,Not mentioned,20,18,256000000.0,248000000.0,268000000.0,Within peer IQR,"Unverified historical ad; confirm availability, trim, battery and full price","VinFast EC Van Điện Đỏ, Vàng, Xanh lá, Trắng"
133831320,VF5,New,2026,Ho Chi Minh City,471000000,,Not mentioned,66,40,446000000.0,431000000.0,471000000.0,Within peer IQR,"Unverified historical ad; confirm availability, trim, battery and full price",VinFast VF5 BAO HỒ SƠ NẬU XẤU
130989017,VF7,New,2026,Ho Chi Minh City,740000000,,Not mentioned,37,20,740000000.0,703000000.0,740000000.0,Within peer IQR,"Unverified historical ad; confirm availability, trim, battery and full price","VF7 – TRẢ GÓP 85%, KHÔNG CẦN CHỨNG MINH THU NHẬP!"
133733673,Limo Green,New,2026,Ho Chi Minh City,568000000,,Not mentioned,64,43,652000000.0,629750000.0,664000000.0,Below peer P25: verify,"Unverified historical ad; confirm availability, trim, battery and full price","Limo Green hỗ trợ nợ xấu, ƯU ĐÃI KHỦNG T7/2026"
132404981,VF8,New,2026,Ho Chi Minh City,848000000,,Not mentioned,45,21,848000000.0,840000000.0,896000000.0,Within peer IQR,"Unverified historical ad; confirm availability, trim, battery and full price",VINFAST VF8 ECO GIÁ ƯU ĐÃI - VAY 90%
130866745,VF5,New,2026,Ho Chi Minh City,471000000,,Not mentioned,66,40,446000000.0,431000000.0,471000000.0,Within peer IQR,"Unverified historical ad; confirm availability, trim, battery and full price","VF5 55TR NHẬN XE, BAO NỢ XẤU,GÓP 1THÁNG 7Tr3"
133152894,MPV7,New,2026,Ho Chi Minh City,730000000,,Not mentioned,23,22,699000000.0,650000000.0,710000000.0,Above peer P75: check extras,"Unverified historical ad; confirm availability, trim, battery and full price",MPV 7 CHỖ 80TR NHẬN XE-BAO NỢ XẤU NHẤT
120558827,VF8,New,2026,Ho Chi Minh City,896000000,,Not mentioned,45,21,848000000.0,840000000.0,896000000.0,Within peer IQR,"Unverified historical ad; confirm availability, trim, battery and full price",VINFATS VF8 PLUS VAY NET 90% BAO HỒ SƠ KHÓ!
134584555,Limo Green,New,2026,Ho Chi Minh City,660000000,,Not mentioned,64,43,652000000.0,629750000.0,664000000.0,Within peer IQR,"Unverified historical ad; confirm availability, trim, battery and full price",VinFast Limo Green Ô tô điện
120266453,Limo Green,New,2026,Ho Chi Minh City,664000000,,Not mentioned,64,43,652000000.0,629750000.0,664000000.0,Within peer IQR,"Unverified historical ad; confirm availability, trim, battery and full price","LIMO GREEN VAY DỄ, BAO HS KHÓ, BANK 90%"
134584496,VF8,Used,2023,Ho Chi Minh City,680000000,52083.0,Not mentioned,19,8,645000000.0,585000000.0,679000000.0,Above peer P75: check extras,"Unverified historical ad; confirm availability, trim, battery and full price",VINFAST VF8 PLUS đẹp free sạc Giá chỉ 680 Tr KM
132490100,VF7,New,2026,Ho Chi Minh City,740000000,,Not mentioned,37,20,740000000.0,703000000.0,740000000.0,Within peer IQR,"Unverified historical ad; confirm availability, trim, battery and full price",🚘 Chốt VinFast VF7 Hôm Nay – Ưu Đãi Chồng Ưu Đãi!
134314204,VF5,New,2026,Ho Chi Minh City,471000000,,Not mentioned,66,40,446000000.0,431000000.0,471000000.0,Within peer IQR,"Unverified historical ad; confirm availability, trim, battery and full price","VF5 HỖ TRỢ KHÁCH HÀNG NHÓM 4,5"
120555581,VF8,New,2026,Ho Chi Minh City,898000000,,Not mentioned,45,21,848000000.0,840000000.0,896000000.0,Above peer P75: check extras,"Unverified historical ad; confirm availability, trim, battery and full price",VINFATS VF8 LUX PLUS BAO BANK 90%-TẶNG 2 NĂM SẠC
134314584,VF5,New,2026,Ho Chi Minh City,471000000,,Not mentioned,66,40,446000000.0,431000000.0,471000000.0,Within peer IQR,"Unverified historical ad; confirm availability, trim, battery and full price","VinFast VF5 51TR NHẬN XE, VAY 90%"
122766184,VF5,New,2026,Ho Chi Minh City,471000000,,Not mentioned,66,40,446000000.0,431000000.0,471000000.0,Within peer IQR,"Unverified historical ad; confirm availability, trim, battery and full price",VF5 TẶNG 50 TRIỆU ĐỒNG-CƠ HỘI LÀM GIÀU CỰC NHANH!
134314798,Limo Green,New,2026,Ho Chi Minh City,848000000,,Not mentioned,64,43,652000000.0,629750000.0,664000000.0,Above peer P75: check extras,"Unverified historical ad; confirm availability, trim, battery and full price",VinFast Limo Green 7 chỗ 91TR NHẬN XE
134582795,VF3,New,2026,Hanoi,283000000,,Not mentioned,11,10,269000000.0,224000000.0,277000000.0,Above peer P75: check extras,"Unverified historical ad; confirm availability, trim, battery and full price",VinFast VF3 Plus Trắng Mới 100%
132233948,VF7,New,2026,Ho Chi Minh City,700000000,,Not mentioned,37,20,740000000.0,703000000.0,740000000.0,Below peer P25: verify,"Unverified historical ad; confirm availability, trim, battery and full price",VINFAST VF7 - 105 TRIỆU NHẬN XE- BAO HỒ SƠ KHÓ
133623172,VF3,New,2026,Ho Chi Minh City,279000000,,Not mentioned,68,40,278000000.0,276750000.0,278000000.0,Above peer P75: check extras,"Unverified historical ad; confirm availability, trim, battery and full price",VF 3 XE SẴN ĐỦ MÀU GIAO NGAY TRẢ TRƯỚC 49 TRIỆU
130953961,VF3,New,2026,Da Nang City,279000000,,Not mentioned,11,8,275000000.0,260500000.0,282500000.0,Within peer IQR,"Unverified historical ad; confirm availability, trim, battery and full price",VinFast VF3 2026 ECO
132213234,VF6,New,2026,Ho Chi Minh City,550000000,,Not mentioned,42,34,626495000.0,599250000.0,646000000.0,Below peer P25: verify,"Unverified historical ad; confirm availability, trim, battery and full price",VINFAST VF6 - 85 TRIỆU NHẬN XE- BAO HỒ SƠ KHÓ
134561931,Limo Green,New,2026,Ho Chi Minh City,639000000,,Not mentioned,64,43,652000000.0,629750000.0,664000000.0,Within peer IQR,"Unverified historical ad; confirm availability, trim, battery and full price",Vinfast Limo Green 2026 Giá Tốt | Hỗ trợ góp 95%
134554451,VF3,New,2026,Ho Chi Minh City,276000000,,Not mentioned,68,40,278000000.0,276750000.0,278000000.0,Below peer P25: verify,"Unverified historical ad; confirm availability, trim, battery and full price",VinFast VF3- 42 TRIỆU NHẬN XE- ĐỦ MÀU GIAO LIỀN
132116556,VF9,New,2026,Ho Chi Minh City,1179000000,,Not mentioned,29,10,1348000000.0,1245000000.0,1348000000.0,Below peer P25: verify,"Unverified historical ad; confirm availability, trim, battery and full price",VinFast VF9   - ĐỦ MÀU CÓ XE LIỀN
134566315,VF8,Used,2023,Ho Chi Minh City,600000000,90301.0,Rental mentioned,19,8,645000000.0,585000000.0,679000000.0,Within peer IQR,"Unverified historical ad; confirm availability, trim, battery and full price",VinFast VF8 Eco 2023 Trắng 90301 km
132196484,VF8,New,2026,Ho Chi Minh City,1025000000,,Not mentioned,45,21,848000000.0,840000000.0,896000000.0,Above peer P75: check extras,"Unverified historical ad; confirm availability, trim, battery and full price",VINFAST VF8 US LIMITED - MUI ĐÓNG MỞ ĐẲNG CẤP ✅
126361465,Limo Green,New,2026,Ho Chi Minh City,664000000,,Not mentioned,64,43,652000000.0,629750000.0,664000000.0,Within peer IQR,"Unverified historical ad; confirm availability, trim, battery and full price","LIMO 7 CHỖ CỰC ""TO""+""RỘNG""+90TR NHẬN XE+BAO NỢ XÂU"
130995630,VF3,New,2026,Ho Chi Minh City,278000000,,Not mentioned,68,40,278000000.0,276750000.0,278000000.0,Within peer IQR,"Unverified historical ad; confirm availability, trim, battery and full price","VF3 VAY 90%, BAO HS KHÓ, LÃI CỐ ĐỊNH 3 NĂM 4.8%"
134580123,Limo Green,New,2026,Da Nang City,639000000,,Not mentioned,10,7,644000000.0,640920000.0,644000000.0,Below peer P25: verify,"Unverified historical ad; confirm availability, trim, battery and full price",VinFast LIMO GREEN Trắng ( Sẵn xe giao ngay )
132486158,VF7,New,2026,Ho Chi Minh City,678000000,,Not mentioned,37,20,740000000.0,703000000.0,740000000.0,Below peer P25: verify,"Unverified historical ad; confirm availability, trim, battery and full price",VINFAST VF7 XE SẴN GIAO NGAY - BAO NỢ XẤU
134579826,VF5,New,2026,Ho Chi Minh City,440000000,,Not mentioned,66,40,446000000.0,431000000.0,471000000.0,Within peer IQR,"Unverified historical ad; confirm availability, trim, battery and full price",VinFast VF5 2026 - Trả Trước 30tr Nhận Xe
133666762,VF3,New,2026,Ho Chi Minh City,278000000,,Not mentioned,68,40,278000000.0,276750000.0,278000000.0,Within peer IQR,"Unverified historical ad; confirm availability, trim, battery and full price",VF3 TRẢ TRƯỚC TỪ 10% NHẬN XE NGAY KHÔNG CHỜ ĐỢI
130957711,VF6,New,2026,Ho Chi Minh City,646000000,,Not mentioned,42,34,626495000.0,599250000.0,646000000.0,Within peer IQR,"Unverified historical ad; confirm availability, trim, battery and full price",VF6 SUV ĐIỆN CHO CUỘC SỐNG HIỆN ĐẠI -72TR NHẬN XE
134269174,Limo Green,New,2026,Ho Chi Minh City,664000000,,Not mentioned,64,43,652000000.0,629750000.0,664000000.0,Within peer IQR,"Unverified historical ad; confirm availability, trim, battery and full price","🚗VINFAST LIMO GREEN, BAO HỒ SƠ XẤU NHÓM 5"
133466720,VF5,New,2026,Ho Chi Minh City,432000000,,Not mentioned,66,40,446000000.0,431000000.0,471000000.0,Within peer IQR,"Unverified historical ad; confirm availability, trim, battery and full price",VF5 PLUS - GIÁ SỐC - ÁP DỤNG HẾT THÁNG 7
134578363,VF2,New,2026,Ho Chi Minh City,168000000,0.0,Not mentioned,19,19,180000000.0,179000000.0,180000000.0,Below peer P25: verify,"Unverified historical ad; confirm availability, trim, battery and full price",VF2 XE MỚI GIÁ RẺ CHỈ 168TR
131594198,VF6,New,2026,Ho Chi Minh City,640000000,,Not mentioned,42,34,626495000.0,599250000.0,646000000.0,Within peer IQR,"Unverified historical ad; confirm availability, trim, battery and full price",VF6 XE SẴN- HỖ TRỢ TÀI 9 CẢ NỢ XẤU
134576978,VF3,Used,2024,Ho Chi Minh City,235000000,3668.0,Rental mentioned,14,14,202000000.0,198000000.0,218000000.0,Above peer P75: check extras,"Unverified historical ad; confirm availability, trim, battery and full price",Vinfast VF3 2024 Hồng 3.668km Điện
133690262,VF7,New,2026,Ho Chi Minh City,700000000,,Not mentioned,37,20,740000000.0,703000000.0,740000000.0,Below peer P25: verify,"Unverified historical ad; confirm availability, trim, battery and full price","VinFast VF7 Eco, SẴN XE GIAO NGAY 🚨"
134195249,MPV7,New,2026,Ho Chi Minh City,705000000,,Not mentioned,23,22,699000000.0,650000000.0,710000000.0,Within peer IQR,"Unverified historical ad; confirm availability, trim, battery and full price",VF MPV7 GIA LĂN BÁNH CHỈ 705tr - HT NỢ XẤU
132125833,VF7,New,2026,Ho Chi Minh City,784000000,,Not mentioned,37,20,740000000.0,703000000.0,740000000.0,Above peer P75: check extras,"Unverified historical ad; confirm availability, trim, battery and full price",VINFAST VF7 PLUS - 784TR - QUÁ ĐẸP - GIẢM 5%
132127732,VF5,New,2026,Ho Chi Minh City,434000000,,Not mentioned,66,40,446000000.0,431000000.0,471000000.0,Within peer IQR,"Unverified historical ad; confirm availability, trim, battery and full price",VF5 PLUS‼️GIÁ THƯỜNG KHÔNG CẦN CHƯƠNG TRÌNH
132594793,MPV7,New,2026,Ho Chi Minh City,715000000,,Not mentioned,23,22,699000000.0,650000000.0,710000000.0,Above peer P75: check extras,"Unverified historical ad; confirm availability, trim, battery and full price",VinFast MPV7 tặng 2 năm bảo hiểm 15Tr
134414112,Limo Green,New,2026,Da Nang City,640000000,,Not mentioned,10,7,644000000.0,640920000.0,644000000.0,Below peer P25: verify,"Unverified historical ad; confirm availability, trim, battery and full price",VinFast LIMO GREEN 7 chỗ giá tốt
134215528,EC VAN,New,2026,Ho Chi Minh City,238000000,,Not mentioned,20,18,256000000.0,248000000.0,268000000.0,Below peer P25: verify,"Unverified historical ad; confirm availability, trim, battery and full price","VinFast EC Van 2026 Điện Đỏ, Xanh lá"
134572411,Limo Green,New,2026,Ho Chi Minh City,652000000,,Not mentioned,64,43,652000000.0,629750000.0,664000000.0,Within peer IQR,"Unverified historical ad; confirm availability, trim, battery and full price",LIMOGREEN KH LƯƠNG CK TỐT NHẬN XE CHỈ 70 TRIỆU
130135092,VF5,New,2026,Ho Chi Minh City,420000000,,Not mentioned,66,40,446000000.0,431000000.0,471000000.0,Below peer P25: verify,"Unverified historical ad; confirm availability, trim, battery and full price",VF5 Giá Tốt - Trả Trước 58 Triệu Lăn Bánh Nhận Xe
133978499,VF3,Used,2024,Ho Chi Minh City,198000000,26000.0,Rental mentioned,14,14,202000000.0,198000000.0,218000000.0,Within peer IQR,"Unverified historical ad; confirm availability, trim, battery and full price",VinFast VF3 pin thuê. xe mới lắm rin100%
132115335,Limo Green,New,2026,Ho Chi Minh City,600000000,,Not mentioned,64,43,652000000.0,629750000.0,664000000.0,Below peer P25: verify,"Unverified historical ad; confirm availability, trim, battery and full price",VinFast Limo -  CÓ XE NGAY
134568620,VF3,Used,2025,Ho Chi Minh City,270000000,4000.0,Purchase mentioned,28,19,258000000.0,249750000.0,268500000.0,Above peer P75: check extras,"Unverified historical ad; confirm availability, trim, battery and full price",VF3 25 - LÊN FULL PK - FREE SẠC KGH
134326422,VF3,Used,2025,Ho Chi Minh City,258000000,2000.0,Purchase mentioned,28,19,258000000.0,249750000.0,268500000.0,Within peer IQR,"Unverified historical ad; confirm availability, trim, battery and full price",Vinfast VF3 Mua Pin T7/2025 Màu Xanh Mint 2000km
131080872,Limo Green,New,2026,Ho Chi Minh City,664000000,,Not mentioned,64,43,652000000.0,629750000.0,664000000.0,Within peer IQR,"Unverified historical ad; confirm availability, trim, battery and full price",VINFAST LIMO GREEN ƯU ĐÃI GẦN 100Tr
134563379,VF2,New,2026,Ho Chi Minh City,179560000,,Not mentioned,19,19,180000000.0,179000000.0,180000000.0,Within peer IQR,"Unverified historical ad; confirm availability, trim, battery and full price",VinFast VF2 Xe điện 4 chỗ cọc sớm nhận xe sớm
134233954,VF5,New,2026,Ho Chi Minh City,416000000,,Not mentioned,66,40,446000000.0,431000000.0,471000000.0,Below peer P25: verify,"Unverified historical ad; confirm availability, trim, battery and full price",Vinfast VF5 2026 Vay 95% -Bao nợ xấu
134239074,VF7,New,2026,Ho Chi Minh City,710000000,,Not mentioned,37,20,740000000.0,703000000.0,740000000.0,Within peer IQR,"Unverified historical ad; confirm availability, trim, battery and full price",VINFAST VF7 ECO 2026 - Vay 95% | Bao hồ sơ khó
131957875,VF9,New,2026,Ho Chi Minh City,1348000000,,Not mentioned,29,10,1348000000.0,1245000000.0,1348000000.0,Within peer IQR,"Unverified historical ad; confirm availability, trim, battery and full price",VF9 E ĐỦ MÀU GIAO LIỀN-HỖ TRỢ NỢ XẤU NHÓM 5!
131897792,VF3,New,2026,Da Nang City,290000000,,Not mentioned,11,8,275000000.0,260500000.0,282500000.0,Above peer P75: check extras,"Unverified historical ad; confirm availability, trim, battery and full price",Xe điện VinFast VF3 Plus
121193808,VF3,New,2026,Ho Chi Minh City,278000000,,Not mentioned,68,40,278000000.0,276750000.0,278000000.0,Within peer IQR,"Unverified historical ad; confirm availability, trim, battery and full price",VF3: CHIẾC XE ĐÁNG ĐỒNG TIỀN BÁT GẠO NHẤT NĂM 2026
133160121,VF9,New,2026,Ho Chi Minh City,1348000000,,Not mentioned,29,10,1348000000.0,1245000000.0,1348000000.0,Within peer IQR,"Unverified historical ad; confirm availability, trim, battery and full price",VF9 LÃI CỐ ĐỊNH 3NĂM 5%.BAO NỢ XẤU NHÓM 5
128333067,VF7,New,2026,Ho Chi Minh City,740000000,,Not mentioned,37,20,740000000.0,703000000.0,740000000.0,Within peer IQR,"Unverified historical ad; confirm availability, trim, battery and full price",[BAO NỢ XÂU] DOANH NGHIỆP NHÓM 5-VAY FUlL
121193000,Limo Green,New,2026,Ho Chi Minh City,664000000,,Not mentioned,64,43,652000000.0,629750000.0,664000000.0,Within peer IQR,"Unverified historical ad; confirm availability, trim, battery and full price",LIMO GREEN 68TR  NHẬN XE-BAO NỢ XẤU
120560232,VF8,New,2026,Ho Chi Minh City,898000000,,Not mentioned,45,21,848000000.0,840000000.0,896000000.0,Above peer P75: check extras,"Unverified historical ad; confirm availability, trim, battery and full price","HỖ TRỢ HỒ SƠ KHÓ, NỢ XẤU–VF8 DỄ DÀNG ĐẾN TAY BẠN!"
134309937,VF8,New,2026,Ho Chi Minh City,848000000,,Not mentioned,45,21,848000000.0,840000000.0,896000000.0,Within peer IQR,"Unverified historical ad; confirm availability, trim, battery and full price",VinFast VF8 All New Xe Giao Ngay Bao Nợ Xấu
133444082,Limo Green,New,2026,Ho Chi Minh City,639000000,,Not mentioned,64,43,652000000.0,629750000.0,664000000.0,Within peer IQR,"Unverified historical ad; confirm availability, trim, battery and full price",LIMO GREEN - TRẢ TRƯỚC CHỈ 90TR - HỖ TRỢ NỢ XẤU
131423950,VF6,New,2026,Ho Chi Minh City,646000000,,Not mentioned,42,34,626495000.0,599250000.0,646000000.0,Within peer IQR,"Unverified historical ad; confirm availability, trim, battery and full price",🚗 SỞ HỮU VinFast VF6 CHỈ TỪ 72 TRIỆU!
132486168,VF7,New,2026,Ho Chi Minh City,678000000,,Not mentioned,37,20,740000000.0,703000000.0,740000000.0,Below peer P25: verify,"Unverified historical ad; confirm availability, trim, battery and full price",VINFAST VF7 - XE SẴN GIAO NGAY GIÁ CỰC TỐT
134556805,VF5,New,2026,Ho Chi Minh City,425000000,,Not mentioned,66,40,446000000.0,431000000.0,471000000.0,Below peer P25: verify,"Unverified historical ad; confirm availability, trim, battery and full price",VINFAST VF 5 XANH LÁ SẴN XE - HỖ TRỢ MUA XE 0Đ
133965818,Limo Green,New,2026,Ho Chi Minh City,664000000,,Not mentioned,64,43,652000000.0,629750000.0,664000000.0,Within peer IQR,"Unverified historical ad; confirm availability, trim, battery and full price",LIMO GREEN BAO HỒ SƠ XẤU - DUYỆT NHANH
130988640,VF3,New,2026,Ho Chi Minh City,277000000,,Not mentioned,68,40,278000000.0,276750000.0,278000000.0,Within peer IQR,"Unverified historical ad; confirm availability, trim, battery and full price",VF3 CƠ HỘI CHẠY XE MIỄN PHÍ 2 NĂM-KO TỐN TIỀN SẠC
127343351,VF5,New,2026,Ho Chi Minh City,469000000,,Not mentioned,66,40,446000000.0,431000000.0,471000000.0,Within peer IQR,"Unverified historical ad; confirm availability, trim, battery and full price",VinFast VF5 - Trả trước thấp. Đki 3 app.
130988953,VF8,New,2026,Ho Chi Minh City,898000000,,Not mentioned,45,21,848000000.0,840000000.0,896000000.0,Above peer P75: check extras,"Unverified historical ad; confirm availability, trim, battery and full price","HỖ TRỢ 90% - VF8 ƯU ĐÃI KHỦNG, KHÔNG THỂ BỎ LỠ!"
132489232,VF9,New,2026,Ho Chi Minh City,1348000000,,Not mentioned,29,10,1348000000.0,1245000000.0,1348000000.0,Within peer IQR,"Unverified historical ad; confirm availability, trim, battery and full price",VF9 Vay Xe Dễ Dàng – Hỗ Trợ Đến 90% Giá Trị Xe
134555046,VF3,Used,2025,Ho Chi Minh City,265000000,4000.0,Not mentioned,28,19,258000000.0,249750000.0,268500000.0,Within peer IQR,"Unverified historical ad; confirm availability, trim, battery and full price",𝐕𝐢𝐧𝐅𝐚𝐬𝐭 𝐕𝐅𝟑 𝟐𝟎𝟐𝟓 𝐗𝐚́𝐦 𝟒.𝟎𝟎𝟎 𝐤𝐦-𝐍𝐇𝐈𝐄̂̀𝐔 𝐏𝐊 𝐗𝐈̣𝐍
133550374,VF2,New,2026,Ho Chi Minh City,182000000,,Not mentioned,19,19,180000000.0,179000000.0,180000000.0,Above peer P75: check extras,"Unverified historical ad; confirm availability, trim, battery and full price","Vinfast VF2 -đủ màu, xe nhỏ gọn đi phố <182T"
134554726,VF3,Used,2025,Ho Chi Minh City,270000000,4000.0,Not mentioned,28,19,258000000.0,249750000.0,268500000.0,Above peer P75: check extras,"Unverified historical ad; confirm availability, trim, battery and full price",𝐕𝐢𝐧𝐅𝐚𝐬𝐭 𝐕𝐅𝟑 𝟐𝟎𝟐𝟓 𝐋𝐄̂𝐍 𝐍𝐇𝐈𝐄̂̀𝐔 𝐏𝐊- 𝐒𝐀̣𝐂 𝐊𝐆𝐇- 𝐒𝐈𝐄̂𝐔 𝐋𝐔𝐎̛́𝐓
134554009,VF3,Used,2025,Ho Chi Minh City,296000000,0.0,Not mentioned,28,19,258000000.0,249750000.0,268500000.0,Above peer P75: check extras,"Unverified historical ad; confirm availability, trim, battery and full price",VinFast VF3 Xám
130046495,EC VAN,New,2026,Ho Chi Minh City,248000000,,Not mentioned,20,18,256000000.0,248000000.0,268000000.0,Within peer IQR,"Unverified historical ad; confirm availability, trim, battery and full price","EC Van trả trước từ 55tr, xe sẵn giao ngay"
123549058,VF6,New,2026,Ho Chi Minh City,626990000,,Not mentioned,42,34,626495000.0,599250000.0,646000000.0,Within peer IQR,"Unverified historical ad; confirm availability, trim, battery and full price",VinFast VF6 trả trước chỉ từ 78tr nhận xe
132241333,MPV7,New,2026,Ho Chi Minh City,693000000,,Not mentioned,23,22,699000000.0,650000000.0,710000000.0,Within peer IQR,"Unverified historical ad; confirm availability, trim, battery and full price",VINFAST MVP7- 105 TRIỆU NHẬN XE- ĐỦ MÀU GIAO LIỀN
132212855,Limo Green,New,2026,Ho Chi Minh City,550000000,,Not mentioned,64,43,652000000.0,629750000.0,664000000.0,Below peer P25: verify,"Unverified historical ad; confirm availability, trim, battery and full price",VINFAST LIMO GREEN- 82 TRIỆU NHẬN XE- BAO NỢ XẤU
132215699,VF5,New,2026,Ho Chi Minh City,439000000,,Not mentioned,66,40,446000000.0,431000000.0,471000000.0,Within peer IQR,"Unverified historical ad; confirm availability, trim, battery and full price",VINFAST VF5 PLUS- 65 TRIỆU NHẬN XE- BAO NỢ XẤU
133920851,VF3,New,2026,Ho Chi Minh City,280000000,,Not mentioned,68,40,278000000.0,276750000.0,278000000.0,Above peer P75: check extras,"Unverified historical ad; confirm availability, trim, battery and full price",VinFast VF3 GIÁ TỐT - GIAO XE NGAY
132999966,VF3,New,2026,Ho Chi Minh City,272000000,,Not mentioned,68,40,278000000.0,276750000.0,278000000.0,Below peer P25: verify,"Unverified historical ad; confirm availability, trim, battery and full price","VinFast VF3 Mới 100%,XE CÓ ĐỦ MÀU SẴN XE GIAO NGAY"
134550528,VF5,New,2026,Ho Chi Minh City,431000000,,Not mentioned,66,40,446000000.0,431000000.0,471000000.0,Within peer IQR,"Unverified historical ad; confirm availability, trim, battery and full price",VINFAST VF5 - 431 TRIỆU -SẴN XE GIAO NGAY -XE MỚI
134548724,VF3,Used,2025,Ho Chi Minh City,258000000,8000.0,Purchase mentioned,28,19,258000000.0,249750000.0,268500000.0,Within peer IQR,"Unverified historical ad; confirm availability, trim, battery and full price",VinFast VF3 T8/2025 Pin Mua Màu Đỏ xe siêu mới
133796198,VF3,New,2026,Ho Chi Minh City,279000000,,Not mentioned,68,40,278000000.0,276750000.0,278000000.0,Above peer P75: check extras,"Unverified historical ad; confirm availability, trim, battery and full price",279 TRIỆU/XE VF3 -VINFAST - 50TR NHẬN XE -GÓP 4.5T
133772394,VF2,New,2026,Ho Chi Minh City,180000000,,Not mentioned,19,19,180000000.0,179000000.0,180000000.0,Within peer IQR,"Unverified historical ad; confirm availability, trim, battery and full price",180tr/Xe - VF2 - VinFast - TT 35 triệu nhận xe
134547885,VF2,New,2026,Ho Chi Minh City,180000000,,Not mentioned,19,19,180000000.0,179000000.0,180000000.0,Within peer IQR,"Unverified historical ad; confirm availability, trim, battery and full price",Xe điện VinFast VF2 Trắng 4 chỗ
134547310,VF5,Used,2024,Ho Chi Minh City,350000000,80000.0,Not mentioned,11,10,368000000.0,350000000.0,379500000.0,Within peer IQR,"Unverified historical ad; confirm availability, trim, battery and full price",VinFast VF 5 Tự động Điện Trắng 80k km T8/2024
132489968,VF7,New,2026,Ho Chi Minh City,740000000,,Not mentioned,37,20,740000000.0,703000000.0,740000000.0,Within peer IQR,"Unverified historical ad; confirm availability, trim, battery and full price",🚗 VINFAST VF7 – ƯU ĐÃI KHỦNG CUỐI KỲ 🚗 VAY100%
133586910,EC VAN,New,2026,Ho Chi Minh City,268000000,,Not mentioned,20,18,256000000.0,248000000.0,268000000.0,Within peer IQR,"Unverified historical ad; confirm availability, trim, battery and full price",EC VAN 37TR NHẬN XE-BAO NỢ XẤU NHẬN XE
131279196,Limo Green,New,2026,Ho Chi Minh City,664000000,,Not mentioned,64,43,652000000.0,629750000.0,664000000.0,Within peer IQR,"Unverified historical ad; confirm availability, trim, battery and full price",🚖 VINFAST LIMO GREEN 7 CHỖ – KHỞI NGHIỆP DỄ DÀNG
134457583,VF3,New,2026,Ho Chi Minh City,279000000,,Not mentioned,68,40,278000000.0,276750000.0,278000000.0,Above peer P75: check extras,"Unverified historical ad; confirm availability, trim, battery and full price",Giá lăn bánh Vinfast VF3. Xe sẵn giao ngay
134545313,VF3,Used,2025,Ho Chi Minh City,258000000,13000.0,Purchase mentioned,28,19,258000000.0,249750000.0,268500000.0,Within peer IQR,"Unverified historical ad; confirm availability, trim, battery and full price",VinFast VF3 Mua Pin T8/2025 Xanh Bộ Đội xe cực đẹp
133670356,EC VAN,New,2026,Ho Chi Minh City,268000000,,Not mentioned,20,18,256000000.0,248000000.0,268000000.0,Within peer IQR,"Unverified historical ad; confirm availability, trim, battery and full price",EC VAN SẠC MIỄN PHÍ 3 NĂM+37TR NHẬN XE-BAO HS KHÓ
132489339,VF9,New,2026,Ho Chi Minh City,1348000000,,Not mentioned,29,10,1348000000.0,1245000000.0,1348000000.0,Within peer IQR,"Unverified historical ad; confirm availability, trim, battery and full price",🚀VF9 DOANH NGHIỆP MỚI THÀNH LẬP – VẪN ĐƯỢC VAY 🚀
134269504,VF5,New,2026,Ho Chi Minh City,471000000,,Not mentioned,66,40,446000000.0,431000000.0,471000000.0,Within peer IQR,"Unverified historical ad; confirm availability, trim, battery and full price","🚗VF5 XE ĐẺ RA TIỀN 💰,SM XANH, GRAP, 1NĂM THU VỐN"
133003187,VF6,New,2026,Ho Chi Minh City,646000000,,Not mentioned,42,34,626495000.0,599250000.0,646000000.0,Within peer IQR,"Unverified historical ad; confirm availability, trim, battery and full price","VF6 BAO HỒ SƠ GIÁ TỐT, VAY TỚI 90%"
133831251,VF5,New,2026,Ho Chi Minh City,471000000,,Not mentioned,66,40,446000000.0,431000000.0,471000000.0,Within peer IQR,"Unverified historical ad; confirm availability, trim, battery and full price",[Bao Nợ Xấu] VF5 50TR NHẬN XE
134516387,VF5,New,2026,Ho Chi Minh City,429130000,,Not mentioned,66,40,446000000.0,431000000.0,471000000.0,Below peer P25: verify,"Unverified historical ad; confirm availability, trim, battery and full price",VINFAST VF5 - TRẢ TRƯỚC 65 TRIỆU -SẴN XE GIAO NGAY
134543756,VF3,New,2026,Ho Chi Minh City,278000000,,Not mentioned,68,40,278000000.0,276750000.0,278000000.0,Within peer IQR,"Unverified historical ad; confirm availability, trim, battery and full price",Vinfast VF3 2026 Trả trước 30Tr - Bao hs Khó
132626581,VF8,New,2026,Ho Chi Minh City,848000000,,Not mentioned,45,21,848000000.0,840000000.0,896000000.0,Within peer IQR,"Unverified historical ad; confirm availability, trim, battery and full price",VF8 ALL NEW THẾ HỆ MỚI - SẠT NHANH TRONG 3 TIẾNG
130995753,VF7,New,2026,Ho Chi Minh City,740000000,,Not mentioned,37,20,740000000.0,703000000.0,740000000.0,Within peer IQR,"Unverified historical ad; confirm availability, trim, battery and full price",VF7 GIÁ TỐT-HỖ TRỢ VAY 90%-BAO HỒ SƠ XẤU 5
132264902,EC VAN,New,2026,Ho Chi Minh City,240000000,,Not mentioned,20,18,256000000.0,248000000.0,268000000.0,Below peer P25: verify,"Unverified historical ad; confirm availability, trim, battery and full price",Xe tải van điện VinFast EC HỖ TRỢ VAY TRẢ GÓP 100%
134516332,Limo Green,New,2026,Ho Chi Minh City,631050000,,Not mentioned,64,43,652000000.0,629750000.0,664000000.0,Within peer IQR,"Unverified historical ad; confirm availability, trim, battery and full price",LIMO GREEN - TRẢ TRƯỚC 80 TRIỆU - GHẾ DA CAO CẤP
133659965,VF3,New,2026,Ho Chi Minh City,278000000,,Not mentioned,68,40,278000000.0,276750000.0,278000000.0,Within peer IQR,"Unverified historical ad; confirm availability, trim, battery and full price",MUA  VF3 NGAY HÔM NAY BAO HS NỢ XẤU
133670916,VF3,New,2026,Ho Chi Minh City,278000000,,Not mentioned,68,40,278000000.0,276750000.0,278000000.0,Within peer IQR,"Unverified historical ad; confirm availability, trim, battery and full price",VF3 KHÔNG CẦN CHỜ ĐỢI -VAY TỚI 90-100%
130992162,VF7,New,2026,Ho Chi Minh City,740000000,,Not mentioned,37,20,740000000.0,703000000.0,740000000.0,Within peer IQR,"Unverified historical ad; confirm availability, trim, battery and full price",MUA VF7 DỄ DÀNG CHỈ 150TR NHẬN XE-LÃI 3 NĂM 7
132627798,VF8,New,2026,Ho Chi Minh City,848000000,,Not mentioned,45,21,848000000.0,840000000.0,896000000.0,Within peer IQR,"Unverified historical ad; confirm availability, trim, battery and full price",VF8 THẾ HỆ MỚI - ĐỈNH CAO CÔNG NGHỆ XE ĐIỆN
134516480,VF7,New,2026,Ho Chi Minh City,698000000,,Not mentioned,37,20,740000000.0,703000000.0,740000000.0,Below peer P25: verify,"Unverified historical ad; confirm availability, trim, battery and full price",VINFAST VF7 - TRẢ TRƯỚC 90 TRIỆU - GIẢM 9% VINCLUB
134493759,VF3,New,2026,Ho Chi Minh City,285000000,,Not mentioned,68,40,278000000.0,276750000.0,278000000.0,Above peer P75: check extras,"Unverified historical ad; confirm availability, trim, battery and full price",VinFast VF3 Trắng giao ngay
133227058,Limo Green,New,2026,Ho Chi Minh City,664000000,,Not mentioned,64,43,652000000.0,629750000.0,664000000.0,Within peer IQR,"Unverified historical ad; confirm availability, trim, battery and full price",VỠ NỢ RỒI SAO? HÀNG TRĂM NGƯỜI ĐÃ ĐI LIMO GREE
122562385,VF9,New,2026,Ho Chi Minh City,1245000000,,Not mentioned,29,10,1348000000.0,1245000000.0,1348000000.0,Within peer IQR,"Unverified historical ad; confirm availability, trim, battery and full price",VF9 NỢ XẤU-DOANH NGHIỆP VỪA THÀNH LẬP-BAO ĐẬU 100%
134310058,VF8,New,2026,Ho Chi Minh City,848000000,,Not mentioned,45,21,848000000.0,840000000.0,896000000.0,Within peer IQR,"Unverified historical ad; confirm availability, trim, battery and full price",VinFast VF 8 All New Vay 90-100% Chạy Xanh Grap
132626514,VF8,New,2026,Ho Chi Minh City,848000000,,Not mentioned,45,21,848000000.0,840000000.0,896000000.0,Within peer IQR,"Unverified historical ad; confirm availability, trim, battery and full price",🚨 VF 8 ALL NEW THẾ HỆ MỚI CHÍNH THỨC MỞ CỌC
134519702,VF6,New,2026,Ho Chi Minh City,664000000,,Not mentioned,42,34,626495000.0,599250000.0,646000000.0,Above peer P75: check extras,"Unverified historical ad; confirm availability, trim, battery and full price",VinFast VF6 Plus Trắng
133385943,Limo Green,New,2026,Ho Chi Minh City,620000000,,Not mentioned,64,43,652000000.0,629750000.0,664000000.0,Below peer P25: verify,"Unverified historical ad; confirm availability, trim, battery and full price",VINFAST LIMO GREEN - ÔNG HOÀNG XE DỊCH VỤ✅
130997406,VF6,Used,2025,Ho Chi Minh City,519000000,44000.0,Purchase mentioned,11,6,555000000.0,529000000.0,592000000.0,Below peer P25: verify,"Unverified historical ad; confirm availability, trim, battery and full price",VF6 ECO 2025 MUA PIN XẠC MIỄN PHÍ KHÔNG GIỚI HẠN
134326729,VF3,Used,2025,Ho Chi Minh City,258000000,13000.0,Purchase mentioned,28,19,258000000.0,249750000.0,268500000.0,Within peer IQR,"Unverified historical ad; confirm availability, trim, battery and full price",VF3 2025 mua đứt pin sạc k giới hạn ! Đã độ 30tr
133175018,VF8,Used,2023,Ho Chi Minh City,605000000,53615.0,Not mentioned,19,8,645000000.0,585000000.0,679000000.0,Within peer IQR,"Unverified historical ad; confirm availability, trim, battery and full price",VF8 Eco pin SDI 2023 màu đỏ thể thao-Odo 5v3
134270330,VF8,New,2026,Ho Chi Minh City,820000000,,Not mentioned,45,21,848000000.0,840000000.0,896000000.0,Below peer P25: verify,"Unverified historical ad; confirm availability, trim, battery and full price",🔥 𝐕𝐅𝟖 𝟐𝟎𝟐𝟔 • 𝐇𝐎̂̃ 𝐓𝐑𝐎̛̣ 𝐕𝐀𝐘 𝐂𝐀𝐎 • 𝐗𝐄 𝐒𝐀̆̃𝐍 • 𝐆𝐈𝐀𝐎 𝐍𝐆𝐀𝐘
133692956,VF8,New,2026,Ho Chi Minh City,1000000000,,Not mentioned,45,21,848000000.0,840000000.0,896000000.0,Above peer P75: check extras,"Unverified historical ad; confirm availability, trim, battery and full price",VinFast VF8 Plus Trắng - Ưu đãi khủng tháng 9🚨
133659925,VF3,New,2026,Ho Chi Minh City,278000000,,Not mentioned,68,40,278000000.0,276750000.0,278000000.0,Within peer IQR,"Unverified historical ad; confirm availability, trim, battery and full price",VF3 XE SẴN-VAY LÊN ĐẾN 100%
131121604,VF3,New,2026,Ho Chi Minh City,278000000,,Both mentioned,68,40,278000000.0,276750000.0,278000000.0,Within peer IQR,"Unverified historical ad; confirm availability, trim, battery and full price",VF3 XẢ KHO - SẴN XE -ĐỪNG CHẦN CHỪ MUA NGAY
134528861,VF6,New,2026,Ho Chi Minh City,599000000,,Not mentioned,42,34,626495000.0,599250000.0,646000000.0,Below peer P25: verify,"Unverified historical ad; confirm availability, trim, battery and full price",VF6 LƯƠNG CK TỐT HOẶC TÀI XẾ XANH SM 40 TR NHẬN XE
122962260,VF9,New,2026,Ho Chi Minh City,1348000000,,Not mentioned,29,10,1348000000.0,1245000000.0,1348000000.0,Within peer IQR,"Unverified historical ad; confirm availability, trim, battery and full price",VF9 MỚI 100% CẢM GIÁC KHÁC BIỆT PHIÊN BẢN CŨ!
134226756,Limo Green,New,2026,Ho Chi Minh City,664000000,,Not mentioned,64,43,652000000.0,629750000.0,664000000.0,Within peer IQR,"Unverified historical ad; confirm availability, trim, battery and full price",VinFast Limo Green - Hỗ Trợ ĐK Grap Xanh Vay 90%
134501982,Limo Green,New,2026,Da Nang City,648000000,,Not mentioned,10,7,644000000.0,640920000.0,644000000.0,Above peer P75: check extras,"Unverified historical ad; confirm availability, trim, battery and full price",LIMO GREEN sẵn xe giá tốt - Ra biển: 64x triệu
131417592,Limo Green,New,2026,Ho Chi Minh City,664000000,,Not mentioned,64,43,652000000.0,629750000.0,664000000.0,Within peer IQR,"Unverified historical ad; confirm availability, trim, battery and full price",Limo Green Xe Sẵn Giao Ngay - ƯU ĐÃI TỐT THÁNG 3
133311722,VF3,New,2026,Ho Chi Minh City,268050000,,Not mentioned,68,40,278000000.0,276750000.0,278000000.0,Below peer P25: verify,"Unverified historical ad; confirm availability, trim, battery and full price",VINFAST VF3 - TRẢ TRƯỚC 22 TRIỆU - NHẬN NGAY 80Tr
134508773,VF3,New,2026,Hanoi,275000000,,Not mentioned,11,10,269000000.0,224000000.0,277000000.0,Within peer IQR,"Unverified historical ad; confirm availability, trim, battery and full price","VinFast VF3 – lựa chọn lý tưởng để đi phố, đi làm"
132627481,VF8,New,2026,Ho Chi Minh City,848000000,,Not mentioned,45,21,848000000.0,840000000.0,896000000.0,Within peer IQR,"Unverified historical ad; confirm availability, trim, battery and full price",VF8 THẾ HỆ MỚI - XE ĐIỆN ĐÁNG ĐẦU TƯ CHO GIA ĐÌNH
132627371,VF8,New,2026,Ho Chi Minh City,848000000,,Not mentioned,45,21,848000000.0,840000000.0,896000000.0,Within peer IQR,"Unverified historical ad; confirm availability, trim, battery and full price",VÌ SAO NÊN MUA VF8 THẾ HỆ MỚI GIAI ĐOẠN NÀY?
133670595,VF3,New,2026,Ho Chi Minh City,278000000,,Both mentioned,68,40,278000000.0,276750000.0,278000000.0,Within peer IQR,"Unverified historical ad; confirm availability, trim, battery and full price",VF3 GIAO NGAY-HỖ TRỢ VAY 90%-BAO HS XẤU
134523541,VF3,Used,2025,Ho Chi Minh City,262000000,10000.0,Purchase mentioned,28,19,258000000.0,249750000.0,268500000.0,Within peer IQR,"Unverified historical ad; confirm availability, trim, battery and full price",VF3 25 - XE CÒN BHTV - FREE SẠC KGH
134514766,VF8,New,2026,Ho Chi Minh City,828000000,,Not mentioned,45,21,848000000.0,840000000.0,896000000.0,Below peer P25: verify,"Unverified historical ad; confirm availability, trim, battery and full price",VINFAST VF8 ALL NEW - GIẢM 51 TRIỆU - THÊM 2% MHRR
134510294,VF6,New,2026,Ho Chi Minh City,600000000,,Not mentioned,42,34,626495000.0,599250000.0,646000000.0,Within peer IQR,"Unverified historical ad; confirm availability, trim, battery and full price",Vinfast VF6 Eco 2026 Giá Tốt | Hỗ Trợ 95%
133227453,VF3,New,2026,Ho Chi Minh City,277000000,,Not mentioned,68,40,278000000.0,276750000.0,278000000.0,Within peer IQR,"Unverified historical ad; confirm availability, trim, battery and full price",VF3 BAO HỒ SƠ KHÓ – NHÓM 5 CŨNG DUYỆT VAY
134310676,VF8,New,2026,Ho Chi Minh City,848000000,,Not mentioned,45,21,848000000.0,840000000.0,896000000.0,Within peer IQR,"Unverified historical ad; confirm availability, trim, battery and full price",VinFast VF 8 CHẠY XANH GRAP PLUS VAY 90-100%
130996090,VF8,New,2026,Ho Chi Minh City,898000000,,Not mentioned,45,21,848000000.0,840000000.0,896000000.0,Above peer P75: check extras,"Unverified historical ad; confirm availability, trim, battery and full price",TIẾT KIỆM TỐI ĐA – CHỐT NGAY VF8 PLUS
134330796,VF8,Used,2023,Ho Chi Minh City,515000000,76000.0,Not mentioned,19,8,645000000.0,585000000.0,679000000.0,Below peer P25: verify,"Unverified historical ad; confirm availability, trim, battery and full price",Vinfast VF8 Eco 2023 Pin SDI full Adas hồ sơ sẫn
131091717,VF9,New,2026,Ho Chi Minh City,1245000000,,Not mentioned,29,10,1348000000.0,1245000000.0,1348000000.0,Within peer IQR,"Unverified historical ad; confirm availability, trim, battery and full price",VinFast VF9 - XE SẴN GIAO NGAY-TƯ VẤN TRỌN GÓI
134520763,VF8,Used,2023,Ho Chi Minh City,695000000,42000.0,Purchase mentioned,19,8,645000000.0,585000000.0,679000000.0,Above peer P75: check extras,"Unverified historical ad; confirm availability, trim, battery and full price",Vinfast VF8 2023 bản Plus mua Pin CATL hồ sơ sẵn
133659865,VF3,New,2026,Ho Chi Minh City,278000000,,Not mentioned,68,40,278000000.0,276750000.0,278000000.0,Within peer IQR,"Unverified historical ad; confirm availability, trim, battery and full price",KHÔNG CẦN ĐỢI CHỜ - VF 3 GIAO NGAY-BAO HỒ SƠ XẤU
134468795,VF3,Used,2024,Ho Chi Minh City,195000000,25000.0,Rental mentioned,14,14,202000000.0,198000000.0,218000000.0,Below peer P25: verify,"Unverified historical ad; confirm availability, trim, battery and full price","VinFast VF3 Trắng, Xanh lá 25.000 km"
134310077,VF8,New,2026,Ho Chi Minh City,848000000,,Not mentioned,45,21,848000000.0,840000000.0,896000000.0,Within peer IQR,"Unverified historical ad; confirm availability, trim, battery and full price",VF 8 ALL NEW MÀU ĐEN SẴN XE GIAO NGAY
133025727,VF8,Used,2023,Ho Chi Minh City,665000000,49000.0,Purchase mentioned,19,8,645000000.0,585000000.0,679000000.0,Within peer IQR,"Unverified historical ad; confirm availability, trim, battery and full price",Vinfast VF8 2023 Plus pin SDI sẵn Hồ Sơ Đen nt Kem
133247953,Limo Green,New,2026,Ho Chi Minh City,664000000,,Not mentioned,64,43,652000000.0,629750000.0,664000000.0,Within peer IQR,"Unverified historical ad; confirm availability, trim, battery and full price","SỞ HỮU XE ĐIỆN LIMO NHẬN GÓI SẠC 3 NĂM MIỄN PHÍ, C"
120308437,VF7,New,2026,Ho Chi Minh City,740000000,,Not mentioned,37,20,740000000.0,703000000.0,740000000.0,Within peer IQR,"Unverified historical ad; confirm availability, trim, battery and full price","VINFAST VF7 – TRẢ TRƯỚC CHỈ 150 TRIỆU, XE NGAY TAY"
129568302,Limo Green,New,2026,Ho Chi Minh City,648000000,,Not mentioned,64,43,652000000.0,629750000.0,664000000.0,Within peer IQR,"Unverified historical ad; confirm availability, trim, battery and full price",VinFast Limo xe sẵn giao ngay - 80Tr nhận xe
132489278,VF9,New,2026,Ho Chi Minh City,1348000000,,Not mentioned,29,10,1348000000.0,1245000000.0,1348000000.0,Within peer IQR,"Unverified historical ad; confirm availability, trim, battery and full price",💥VINFAST VF9 NỢ XẤU NHÓM 5 VẪN HỖ TRỢ MUA XE 💥
133967537,Limo Green,New,2026,Ho Chi Minh City,654000000,,Not mentioned,64,43,652000000.0,629750000.0,664000000.0,Within peer IQR,"Unverified historical ad; confirm availability, trim, battery and full price",LIMO GREEN TRẢ TRƯỚC 80TR - GÓP 8TR/THÁNG
134269561,VF5,New,2026,Ho Chi Minh City,471000000,,Not mentioned,66,40,446000000.0,431000000.0,471000000.0,Within peer IQR,"Unverified historical ad; confirm availability, trim, battery and full price",VinFast VF5 50TR NHẬN XE - GIAO NGAY - VAY ĐẾN 90%
133606721,EC VAN,New,2026,Ho Chi Minh City,268000000,,Not mentioned,20,18,256000000.0,248000000.0,268000000.0,Within peer IQR,"Unverified historical ad; confirm availability, trim, battery and full price",EC VAN 37TR BAO NỢ XẤU VẪN MUA XE
133227076,Limo Green,New,2026,Ho Chi Minh City,664000000,,Not mentioned,64,43,652000000.0,629750000.0,664000000.0,Within peer IQR,"Unverified historical ad; confirm availability, trim, battery and full price",ĐƯA TRƯỚC CHỈ 68 TRIỆU — NHẬN NGAY VINFAST LIMO
131111831,VF8,New,2026,Ho Chi Minh City,896000000,,Not mentioned,45,21,848000000.0,840000000.0,896000000.0,Within peer IQR,"Unverified historical ad; confirm availability, trim, battery and full price",VF8 MÀU XÁM ĐẶC BIỆT HÀNG SẴN KHÔNG NHIỀU-VAY 90%
131111799,VF3,New,2026,Ho Chi Minh City,278000000,,Not mentioned,68,40,278000000.0,276750000.0,278000000.0,Within peer IQR,"Unverified historical ad; confirm availability, trim, battery and full price","VF3 BAO NỢ XẤU, VAY 90%,, SẴN XE GIAO NGAY"
132377636,VF9,New,2026,Ho Chi Minh City,1348000000,,Not mentioned,29,10,1348000000.0,1245000000.0,1348000000.0,Within peer IQR,"Unverified historical ad; confirm availability, trim, battery and full price",VF9 ƯU ĐÃI CÁ NHÂN DOANH NGHIỆP VAY 90%- HS NHANH
133727961,VF7,New,2026,Ho Chi Minh City,712000000,,Not mentioned,37,20,740000000.0,703000000.0,740000000.0,Within peer IQR,"Unverified historical ad; confirm availability, trim, battery and full price",VINFAST VF7 - NHẬN XE CHỈ TỪ 115 TRIỆU 🔥
133983491,MPV7,New,2026,Ho Chi Minh City,650000000,,Not mentioned,23,22,699000000.0,650000000.0,710000000.0,Within peer IQR,"Unverified historical ad; confirm availability, trim, battery and full price",Hot VinFast MPV7 new đủ mẫu đủ màu- Giá sập sàn T9
134232544,VF5,New,2026,Ho Chi Minh City,420000000,,Not mentioned,66,40,446000000.0,431000000.0,471000000.0,Below peer P25: verify,"Unverified historical ad; confirm availability, trim, battery and full price",🔥𝐕𝐅𝟓 𝐏𝐋𝐔𝐒 𝟐𝟎𝟐𝟔 • 𝟓𝟎𝐓𝐑 𝐍𝐇𝐀̣̂𝐍 𝐗𝐄 𝐕𝐀𝐘 𝟗𝟓% 𝐗𝐄 𝐆𝐈𝐀𝐎 𝐍𝐆𝐀𝐘
134509497,VF3,Used,2024,Ho Chi Minh City,199000000,18000.0,Both mentioned,14,14,202000000.0,198000000.0,218000000.0,Within peer IQR,"Unverified historical ad; confirm availability, trim, battery and full price","VinFast VF3 2024 thuê pin, xe gia đình chính chủ"
128333022,VF7,New,2026,Ho Chi Minh City,740000000,,Not mentioned,37,20,740000000.0,703000000.0,740000000.0,Within peer IQR,"Unverified historical ad; confirm availability, trim, battery and full price",[BAO NỢ XẤU] 130TR NHẬN XE-THU CŨ TẶNG 140TR
120311517,VF9,New,2026,Ho Chi Minh City,1348000000,,Not mentioned,29,10,1348000000.0,1245000000.0,1348000000.0,Within peer IQR,"Unverified historical ad; confirm availability, trim, battery and full price",VF9 BAO ĐẬU NỢ XẤU NHÓM 5 CẢ DOANH NGHIỆP-VAY 100%
120310646,VF8,New,2026,Ho Chi Minh City,896000000,,Not mentioned,45,21,848000000.0,840000000.0,896000000.0,Within peer IQR,"Unverified historical ad; confirm availability, trim, battery and full price","VF8 2026 ĐẲNG CẤP VƯỢT TRỘI, PIN XA HƠN, VAY 90%"
133257486,VF9,New,2026,Ho Chi Minh City,1245000000,,Not mentioned,29,10,1348000000.0,1245000000.0,1348000000.0,Within peer IQR,"Unverified historical ad; confirm availability, trim, battery and full price",VF9  VAY ĐẾN 100% – LÃI CỐ ĐỊNH 5% TRONG 3 NĂM
131417730,VF6,New,2026,Ho Chi Minh City,646000000,,Not mentioned,42,34,626495000.0,599250000.0,646000000.0,Within peer IQR,"Unverified historical ad; confirm availability, trim, battery and full price","SỞ HỮU VF6 Chỉ từ 72tr nhận xe, BAO HỒ SƠ THẬT KHÓ"
131109356,VF3,New,2026,Ho Chi Minh City,278000000,,Not mentioned,68,40,278000000.0,276750000.0,278000000.0,Within peer IQR,"Unverified historical ad; confirm availability, trim, battery and full price",VF3 MẪU XE YÊU THÍCH 2026- MÀU NÀO CŨNG CÓ
131279104,VF7,New,2026,Ho Chi Minh City,740000000,,Not mentioned,37,20,740000000.0,703000000.0,740000000.0,Within peer IQR,"Unverified historical ad; confirm availability, trim, battery and full price",🌟 SỞ HỮU VINFAST VF7 Bên LÃI SUẤT CHỈ 7% 3 NĂM
132986086,VF8,Used,2023,Ho Chi Minh City,565000000,67000.0,Purchase mentioned,19,8,645000000.0,585000000.0,679000000.0,Below peer P25: verify,"Unverified historical ad; confirm availability, trim, battery and full price",Vinfast VF8 Eco Full Adas mua Pin SDI bản 2 Cầu
132489520,VF9,New,2026,Ho Chi Minh City,1348000000,,Not mentioned,29,10,1348000000.0,1245000000.0,1348000000.0,Within peer IQR,"Unverified historical ad; confirm availability, trim, battery and full price",⚡CƠ HỘI VÀNG SỞ HỮU XE VINFAST VF9⚡VAY ĐẾN 100%
134250372,VF9,New,2026,Ho Chi Minh City,1348000000,,Not mentioned,29,10,1348000000.0,1245000000.0,1348000000.0,Within peer IQR,"Unverified historical ad; confirm availability, trim, battery and full price",Vinfast VF9 HT Hồ Sơ Khó | CTY mới thành lập
134299330,VF3,Used,2025,Ho Chi Minh City,255000000,10000.0,Purchase mentioned,28,19,258000000.0,249750000.0,268500000.0,Within peer IQR,"Unverified historical ad; confirm availability, trim, battery and full price",VinFast VF3 2025 Xám Odo 10.000km - Độ PK 10tr
129698349,Limo Green,New,2026,Ho Chi Minh City,660000000,,Not mentioned,64,43,652000000.0,629750000.0,664000000.0,Within peer IQR,"Unverified historical ad; confirm availability, trim, battery and full price","VinFast Limo xe sẵn, tặng full quà tặng, xe sẵn"
130989203,VF7,New,2026,Ho Chi Minh City,740000000,,Not mentioned,37,20,740000000.0,703000000.0,740000000.0,Within peer IQR,"Unverified historical ad; confirm availability, trim, battery and full price",VF7 BAO NỢ XẤU-CÁ NHÂN DOANH NGHIỆP-TẶNG 150TR
133945523,VF5,New,2026,Ho Chi Minh City,471000000,,Not mentioned,66,40,446000000.0,431000000.0,471000000.0,Within peer IQR,"Unverified historical ad; confirm availability, trim, battery and full price",VinFast VF 5 BAO HỒ SƠ XẤU - VAY90-100%
131036637,Limo Green,New,2026,Ho Chi Minh City,664000000,,Not mentioned,64,43,652000000.0,629750000.0,664000000.0,Within peer IQR,"Unverified historical ad; confirm availability, trim, battery and full price","LIMO GREEN,0Đ PHÍ SẠC-VỐN 91TR:""CHÌA KHÓA""LÀM GIÀU"
132356934,VF8,New,2026,Ho Chi Minh City,848000000,,Not mentioned,45,21,848000000.0,840000000.0,896000000.0,Within peer IQR,"Unverified historical ad; confirm availability, trim, battery and full price",VinFast VF8 MUA XE DỄ DÀNG - HỖ TRỢ VAY ĐẾN 100%
132967337,VF6,New,2026,Ho Chi Minh City,586000000,,Not mentioned,42,34,626495000.0,599250000.0,646000000.0,Below peer P25: verify,"Unverified historical ad; confirm availability, trim, battery and full price","VinFast VF6 Eco Xám , Sẵn xe giao ngay"
133924980,VF3,New,2026,Hanoi,250000000,,Not mentioned,11,10,269000000.0,224000000.0,277000000.0,Within peer IQR,"Unverified historical ad; confirm availability, trim, battery and full price",VF3 plus trắng sx 2026
130998158,VF9,New,2026,Ho Chi Minh City,1348000000,,Not mentioned,29,10,1348000000.0,1245000000.0,1348000000.0,Within peer IQR,"Unverified historical ad; confirm availability, trim, battery and full price",VF9: KHOANG THƯƠNG GIA – CÔNG NGHỆ TIÊN PHONG
134308073,VF3,New,2026,Ho Chi Minh City,260000000,,Not mentioned,68,40,278000000.0,276750000.0,278000000.0,Below peer P25: verify,"Unverified historical ad; confirm availability, trim, battery and full price","VinFast VF3 sẵn xe , nhiều màu , giao ngay"
134319015,VF8,Used,2023,Ho Chi Minh City,555000000,76675.0,Not mentioned,19,8,645000000.0,585000000.0,679000000.0,Below peer P25: verify,"Unverified historical ad; confirm availability, trim, battery and full price",VinFast VF8 Eco 2023 pin SDI giá còn Giảm
134230359,VF3,New,2026,Ho Chi Minh City,276000000,,Not mentioned,68,40,278000000.0,276750000.0,278000000.0,Below peer P25: verify,"Unverified historical ad; confirm availability, trim, battery and full price",Vinfast Vf3 2026 Trả trước 30Tr
133306725,VF3,New,2026,Ho Chi Minh City,179000000,,Not mentioned,68,40,278000000.0,276750000.0,278000000.0,Below peer P25: verify,"Unverified historical ad; confirm availability, trim, battery and full price",VinFast VF 3 Trắng Xe ô tô điện
133306158,VF6,New,2026,Ho Chi Minh City,545000000,,Not mentioned,42,34,626495000.0,599250000.0,646000000.0,Below peer P25: verify,"Unverified historical ad; confirm availability, trim, battery and full price",VinFast VF6 5 chỗ Điện Đỏ Trắng 2026 giá tốt
134487805,VF3,New,2026,Ho Chi Minh City,290000000,,Not mentioned,68,40,278000000.0,276750000.0,278000000.0,Above peer P75: check extras,"Unverified historical ad; confirm availability, trim, battery and full price","VF3 Plus Đỏ, Trắng, Xám, Xanh 47 Triệu nhận xe"
127164051,Limo Green,New,2026,Ho Chi Minh City,648000000,,Not mentioned,64,43,652000000.0,629750000.0,664000000.0,Within peer IQR,"Unverified historical ad; confirm availability, trim, battery and full price","VinFast LimoGreen, trả trc từ 84tr, nhận xe ngay"
133306149,VF5,New,2026,Ho Chi Minh City,525000000,,Not mentioned,66,40,446000000.0,431000000.0,471000000.0,Above peer P75: check extras,"Unverified historical ad; confirm availability, trim, battery and full price",Vinfast limo giá mới 2026 giá tốt
133306127,VF7,New,2026,Ho Chi Minh City,570000000,,Not mentioned,37,20,740000000.0,703000000.0,740000000.0,Below peer P25: verify,"Unverified historical ad; confirm availability, trim, battery and full price",VinFast MVF 7 Trắng Xe ô tô điện
133309124,VF5,New,2026,Ho Chi Minh City,361000000,,Not mentioned,66,40,446000000.0,431000000.0,471000000.0,Below peer P25: verify,"Unverified historical ad; confirm availability, trim, battery and full price",VinFast VF5 Trắng Xe ô tô điện
132767615,Limo Green,New,2026,Ho Chi Minh City,664000000,,Not mentioned,64,43,652000000.0,629750000.0,664000000.0,Within peer IQR,"Unverified historical ad; confirm availability, trim, battery and full price",VinFast Limo Green XE Sẵn Giao Ngay Bao Nợ Xấu
130934436,VF3,New,2026,Ho Chi Minh City,278000000,,Not mentioned,68,40,278000000.0,276750000.0,278000000.0,Within peer IQR,"Unverified historical ad; confirm availability, trim, battery and full price",VF3 278TR XẢ KHO-TẶNG FUL PHỤ KIỆN-BAO NỢ XẤU
120559058,VF8,New,2026,Ho Chi Minh City,1079000000,,Not mentioned,45,21,848000000.0,840000000.0,896000000.0,Above peer P75: check extras,"Unverified historical ad; confirm availability, trim, battery and full price",VF8 PLUS HỖ TRỢ VAY LÊN ĐẾN 90% NHẬN XE
132494349,VF8,New,2026,Ho Chi Minh City,750000000,,Not mentioned,45,21,848000000.0,840000000.0,896000000.0,Below peer P25: verify,"Unverified historical ad; confirm availability, trim, battery and full price",VINFAST VF8 NEW SẴN XE ĐỂ XEM SỜ TẬN TAY
134249107,VF7,New,2026,Ho Chi Minh City,800000000,,Not mentioned,37,20,740000000.0,703000000.0,740000000.0,Above peer P75: check extras,"Unverified historical ad; confirm availability, trim, battery and full price",Vinfast VF7 Plus 2026 | Vay 95% - Bao hồ sơ khó
133740278,VF8,Used,2023,Ho Chi Minh City,678000000,56000.0,Purchase mentioned,19,8,645000000.0,585000000.0,679000000.0,Within peer IQR,"Unverified historical ad; confirm availability, trim, battery and full price",[GF]-VF8 Plus 2023-ODO 5v6Km-Bảo hành chính hãng
134249754,VF8,New,2026,Ho Chi Minh City,840000000,,Not mentioned,45,21,848000000.0,840000000.0,896000000.0,Within peer IQR,"Unverified historical ad; confirm availability, trim, battery and full price",Vinfast VF8 All New 2026 Vay 95% | Giảm Mạnh
134477405,VF7,New,2026,Ho Chi Minh City,725000000,,Not mentioned,37,20,740000000.0,703000000.0,740000000.0,Within peer IQR,"Unverified historical ad; confirm availability, trim, battery and full price",Giá lăn bánh Vinfast VF7. Xe sẵn giao ngay
134232877,Limo Green,New,2026,Ho Chi Minh City,644000000,,Not mentioned,64,43,652000000.0,629750000.0,664000000.0,Within peer IQR,"Unverified historical ad; confirm availability, trim, battery and full price",Vinfast Limo Green 2026 Vay 95% - Bao nợ xấu
133316229,VF3,New,2026,Ho Chi Minh City,268000000,,Not mentioned,68,40,278000000.0,276750000.0,278000000.0,Below peer P25: verify,"Unverified historical ad; confirm availability, trim, battery and full price",VINFAST VF3 - GIÁ THẤP KỶ LỤC - 35 TRIỆU NHẬN XE
133316980,Limo Green,New,2026,Ho Chi Minh City,629000000,,Not mentioned,64,43,652000000.0,629750000.0,664000000.0,Below peer P25: verify,"Unverified historical ad; confirm availability, trim, battery and full price",VINFAST LIMO GREEN - XE SẴN KHO - 70 TRIỆU NHẬN XE
134188567,VF8,New,2026,Ho Chi Minh City,845000000,,Not mentioned,45,21,848000000.0,840000000.0,896000000.0,Within peer IQR,"Unverified historical ad; confirm availability, trim, battery and full price",VinFast VF8 All New - Ưu đãi cọc giảm ngay 51tr 🚨
133741133,VF7,New,2026,Ho Chi Minh City,850000000,,Not mentioned,37,20,740000000.0,703000000.0,740000000.0,Above peer P75: check extras,"Unverified historical ad; confirm availability, trim, battery and full price",VinFast VF7 Plus TC3 Đỏ
133690662,VF7,New,2026,Ho Chi Minh City,780000000,,Not mentioned,37,20,740000000.0,703000000.0,740000000.0,Above peer P75: check extras,"Unverified historical ad; confirm availability, trim, battery and full price","VinFast VF7 Plus, SẴN XE GIAO NGAY"
134370973,VF3,New,2026,Ho Chi Minh City,280000000,,Not mentioned,68,40,278000000.0,276750000.0,278000000.0,Above peer P75: check extras,"Unverified historical ad; confirm availability, trim, battery and full price",VinFast VF3 Eco đủ màu trả trước 55tr
134471669,VF5,Used,2024,Ho Chi Minh City,330000000,150.0,Not mentioned,11,10,368000000.0,350000000.0,379500000.0,Below peer P25: verify,"Unverified historical ad; confirm availability, trim, battery and full price",VinFast VF5 Plus Trắng 150 vạn/km
134471569,VF5,Used,2024,Ho Chi Minh City,330000000,150.0,Not mentioned,11,10,368000000.0,350000000.0,379500000.0,Below peer P25: verify,"Unverified historical ad; confirm availability, trim, battery and full price",VinFast VF5 Plus Trắng 150 vạn/km
130163604,VF6,New,2026,Ho Chi Minh City,683000000,,Not mentioned,42,34,626495000.0,599250000.0,646000000.0,Above peer P75: check extras,"Unverified historical ad; confirm availability, trim, battery and full price",VinFast VF6 Plus TC2 Trả Trước 85tr
130789989,VF5,New,2026,Ho Chi Minh City,471000000,,Not mentioned,66,40,446000000.0,431000000.0,471000000.0,Within peer IQR,"Unverified historical ad; confirm availability, trim, battery and full price","VF5 ĐƯA 60 TRIỆU ĐỒNG, BAO NỢ XẤU NHÓM 5"
132627136,VF8,New,2026,Ho Chi Minh City,848000000,,Not mentioned,45,21,848000000.0,840000000.0,896000000.0,Within peer IQR,"Unverified historical ad; confirm availability, trim, battery and full price",🚗 VINFAST VF 8 THẾ HỆ MỚI – SUV ĐIỆN CÔNG NGHỆ CAO
121661352,VF6,New,2026,Ho Chi Minh City,646000000,,Not mentioned,42,34,626495000.0,599250000.0,646000000.0,Within peer IQR,"Unverified historical ad; confirm availability, trim, battery and full price",VF6 BAO NỢ XÂU+BANK 90%+72TR NHẬN XE
120557240,VF8,New,2026,Ho Chi Minh City,898000000,,Not mentioned,45,21,848000000.0,840000000.0,896000000.0,Above peer P75: check extras,"Unverified historical ad; confirm availability, trim, battery and full price",VF8 LUX PLUS-VAY 90%-BAO HS KHÓ-150TR NHẬN XE!
133659585,VF3,New,2026,Ho Chi Minh City,278000000,,Not mentioned,68,40,278000000.0,276750000.0,278000000.0,Within peer IQR,"Unverified historical ad; confirm availability, trim, battery and full price","VF 3 - MUA XE 0 ĐỒNG, NHẬN XE NGAY VAY TỚI 100%"
133956941,VF5,New,2026,Ho Chi Minh City,471000000,,Not mentioned,66,40,446000000.0,431000000.0,471000000.0,Within peer IQR,"Unverified historical ad; confirm availability, trim, battery and full price",VF5 MUA DỄ DÀNG - CHỈ CẦN NHU CẦU - TÀI 9 EM LO
130989283,VF7,New,2026,Ho Chi Minh City,740000000,,Not mentioned,37,20,740000000.0,703000000.0,740000000.0,Within peer IQR,"Unverified historical ad; confirm availability, trim, battery and full price","VF7 HỖ TRỢ VAY 90%-BAO HS KHÓ,NỢ XẤU,DOANH NGHIÊP"
134319414,VF8,Used,2023,Ho Chi Minh City,745000000,40538.0,Not mentioned,19,8,645000000.0,585000000.0,679000000.0,Above peer P75: check extras,"Unverified historical ad; confirm availability, trim, battery and full price",VF8 Plus CATL 2023 tặng thuế trước bạ trong T8
133941381,VF5,New,2026,Ho Chi Minh City,446400000,,Not mentioned,66,40,446000000.0,431000000.0,471000000.0,Within peer IQR,"Unverified historical ad; confirm availability, trim, battery and full price",VF5 PLUS - 35TR NHẬN XE -  VAY 90-100%
134201392,VF3,New,2026,Hanoi,279000000,,Not mentioned,11,10,269000000.0,224000000.0,277000000.0,Above peer P75: check extras,"Unverified historical ad; confirm availability, trim, battery and full price",VinFast VF 3 Plus 2026 giao xe ngay
134464520,VF6,New,2026,Ho Chi Minh City,634000000,,Not mentioned,42,34,626495000.0,599250000.0,646000000.0,Within peer IQR,"Unverified historical ad; confirm availability, trim, battery and full price",Giá lăn bánh Vinfast VF6. Xe sẵn giao ngay
133338801,MPV7,New,2026,Ho Chi Minh City,692000000,,Not mentioned,23,22,699000000.0,650000000.0,710000000.0,Within peer IQR,"Unverified historical ad; confirm availability, trim, battery and full price",VINFAST MPV 7 - XE SẴN KHO - 90 TRIỆU NHẬN XE
134380030,VF6,Used,2025,Ho Chi Minh City,555000000,22000.0,Not mentioned,11,6,555000000.0,529000000.0,592000000.0,Within peer IQR,"Unverified historical ad; confirm availability, trim, battery and full price",Vinfast VF6 Eco 2025 Trắng 22.000km
133337945,VF6,New,2026,Ho Chi Minh City,613000000,,Not mentioned,42,34,626495000.0,599250000.0,646000000.0,Within peer IQR,"Unverified historical ad; confirm availability, trim, battery and full price",VINFAST VF6 - XE SẴN GIAO NGAY - 77 TRIỆU NHẬN XE
133330626,VF5,New,2026,Ho Chi Minh City,446000000,,Not mentioned,66,40,446000000.0,431000000.0,471000000.0,Within peer IQR,"Unverified historical ad; confirm availability, trim, battery and full price",VINFAST VF5 PLUS - XE SẴN KHO - 50 TRIỆU NHẬN XE
134447116,VF2,New,2026,Ho Chi Minh City,179000000,,Not mentioned,19,19,180000000.0,179000000.0,180000000.0,Within peer IQR,"Unverified historical ad; confirm availability, trim, battery and full price",VinFast VF2 Chỉ từ 12X Triệu | chỉ từ 2Tr/tháng
131833297,VF9,New,2026,Ho Chi Minh City,1529000000,,Not mentioned,29,10,1348000000.0,1245000000.0,1348000000.0,Above peer P75: check extras,"Unverified historical ad; confirm availability, trim, battery and full price",VinFast VF9 Plus Xám XE SẴN GIAO NGAY
134299840,VF8,Used,2023,Ho Chi Minh City,620000000,53000.0,Not mentioned,19,8,645000000.0,585000000.0,679000000.0,Within peer IQR,"Unverified historical ad; confirm availability, trim, battery and full price",VinFast VF8 ECO 2023 Đen 53000 km
134448245,VF3,New,2026,Ho Chi Minh City,276000000,,Not mentioned,68,40,278000000.0,276750000.0,278000000.0,Below peer P25: verify,"Unverified historical ad; confirm availability, trim, battery and full price",VinFast VF 3 Sẵn giao ngay| Chỉ từ 3Tr/tháng
133257570,VF9,New,2026,Ho Chi Minh City,1348000000,,Not mentioned,29,10,1348000000.0,1245000000.0,1348000000.0,Within peer IQR,"Unverified historical ad; confirm availability, trim, battery and full price",VF9 VAY ĐẾN 100% – LÃI CỐ ĐỊNH 5% TRONG 3 NĂM
133251960,Limo Green,New,2026,Ho Chi Minh City,664000000,,Not mentioned,64,43,652000000.0,629750000.0,664000000.0,Within peer IQR,"Unverified historical ad; confirm availability, trim, battery and full price",ĐƯA TRƯỚC CHỈ 68 TRIỆU — NHẬN NGAY VINFAST LIMO
132892088,VF9,New,2026,Ho Chi Minh City,1229000000,,Not mentioned,29,10,1348000000.0,1245000000.0,1348000000.0,Below peer P25: verify,"Unverified historical ad; confirm availability, trim, battery and full price",TẬN HƯỞNG ĐẲNG CẤP TRÊN VF9 - SỞ HỮU DỄ DÀNG
133670812,VF3,New,2026,Ho Chi Minh City,278000000,,Not mentioned,68,40,278000000.0,276750000.0,278000000.0,Within peer IQR,"Unverified historical ad; confirm availability, trim, battery and full price",MUA VF3 DỄ DÀNG TRẢ TRƯỚC CHỈ 10%-BAO HS XẤU
134459065,VF5,New,2026,Ho Chi Minh City,436000000,,Not mentioned,66,40,446000000.0,431000000.0,471000000.0,Within peer IQR,"Unverified historical ad; confirm availability, trim, battery and full price",Giá lăn bánh Vinfast VF5. Xe sẵn giao ngay
134458001,Limo Green,New,2026,Ho Chi Minh City,652000000,,Not mentioned,64,43,652000000.0,629750000.0,664000000.0,Within peer IQR,"Unverified historical ad; confirm availability, trim, battery and full price",Giá lăn bánh Limo Green. Xe sẵn giao ngay
133963919,VF3,New,2026,Ho Chi Minh City,278000000,,Not mentioned,68,40,278000000.0,276750000.0,278000000.0,Within peer IQR,"Unverified historical ad; confirm availability, trim, battery and full price",VF3 XE TẠI KHO GIAO NGAY - HT HS XẤU -VAY TỚI 100%
134359816,VF5,Used,2024,Ho Chi Minh City,379000000,45000.0,Purchase mentioned,11,10,368000000.0,350000000.0,379500000.0,Within peer IQR,"Unverified historical ad; confirm availability, trim, battery and full price",VINFAST VF5 PLUS 2024 PIN MUA XE GIA ĐÌNH SẠC KGH
134329128,VF2,New,2026,Ho Chi Minh City,179000000,,Not mentioned,19,19,180000000.0,179000000.0,180000000.0,Within peer IQR,"Unverified historical ad; confirm availability, trim, battery and full price",VinFast VF 2 GIÁ CỰC TỐT TRONG THÁNG 08
132424479,VF5,New,2026,Ho Chi Minh City,436000000,,Not mentioned,66,40,446000000.0,431000000.0,471000000.0,Within peer IQR,"Unverified historical ad; confirm availability, trim, battery and full price",XẢ KHO VinFast VF5 - 36tr trả trước nhận xe
134446325,VF3,New,2026,Ho Chi Minh City,285000000,,Not mentioned,68,40,278000000.0,276750000.0,278000000.0,Above peer P75: check extras,"Unverified historical ad; confirm availability, trim, battery and full price",CHỈ 40TR CÓ NGAY VF3 - KO CẦN CHỨNG MINH THU NHẬP
132416736,VF3,New,2026,Da Nang City,259000000,,Not mentioned,11,8,275000000.0,260500000.0,282500000.0,Below peer P25: verify,"Unverified historical ad; confirm availability, trim, battery and full price",Xe ô tô điện Vinfast VF 3 Hồng giá cực tốt sẵn xe
132416774,VF3,New,2026,Da Nang City,259000000,,Not mentioned,11,8,275000000.0,260500000.0,282500000.0,Below peer P25: verify,"Unverified historical ad; confirm availability, trim, battery and full price",Chỉ cần đưa trước 50 triệu có ngay xe VF 3 mới
133780192,VF3,New,2026,Da Nang City,275000000,,Not mentioned,11,8,275000000.0,260500000.0,282500000.0,Within peer IQR,"Unverified historical ad; confirm availability, trim, battery and full price",VinFast VF3 2026
133008633,VF3,New,2026,Da Nang City,271000000,,Not mentioned,11,8,275000000.0,260500000.0,282500000.0,Within peer IQR,"Unverified historical ad; confirm availability, trim, battery and full price","VinFast VF3 ƯU ĐÃI KHỦNG, XE SẴN GIAO NGAY"
130441612,Limo Green,New,2026,Ho Chi Minh City,644000000,,Not mentioned,64,43,652000000.0,629750000.0,664000000.0,Within peer IQR,"Unverified historical ad; confirm availability, trim, battery and full price","VINFAST LIMO GREEN , TRẢ TRƯỚC 70TR NHẬN XE"
116140612,VF3,New,2026,Ho Chi Minh City,278000000,,Purchase mentioned,68,40,278000000.0,276750000.0,278000000.0,Within peer IQR,"Unverified historical ad; confirm availability, trim, battery and full price","VF3 TRẢ TRƯỚC 45TR, KHÔNG CẦN CHỨNG MINH THU NHẬP"
134408733,VF5,Used,2024,Ho Chi Minh City,380000000,30000.0,Purchase mentioned,11,10,368000000.0,350000000.0,379500000.0,Above peer P75: check extras,"Unverified historical ad; confirm availability, trim, battery and full price",VinFast VF5 Plus 2024 Trắng
134425247,VF5,Used,2024,Ho Chi Minh City,350000000,136125.0,Not mentioned,11,10,368000000.0,350000000.0,379500000.0,Within peer IQR,"Unverified historical ad; confirm availability, trim, battery and full price",VinFast VF5 Trắng 136.125 km
134424262,VF3,Used,2024,Ho Chi Minh City,240000000,30000.0,Purchase mentioned,14,14,202000000.0,198000000.0,218000000.0,Above peer P75: check extras,"Unverified historical ad; confirm availability, trim, battery and full price",VF3 24 - MUA PIN - LÊN NHIỀU PK - FREE SẠC KGH
134384386,VF8,Used,2023,Ho Chi Minh City,675000000,53946.0,Not mentioned,19,8,645000000.0,585000000.0,679000000.0,Within peer IQR,"Unverified historical ad; confirm availability, trim, battery and full price",VF8 Plus 2023 xanh nội thất nâu-T8 tặng trước bạ
134227739,Limo Green,New,2026,Da Nang City,656000000,,Not mentioned,10,7,644000000.0,640920000.0,644000000.0,Above peer P75: check extras,"Unverified historical ad; confirm availability, trim, battery and full price",VinFast Limo Green 7 chỗ Trắng
134359338,EC VAN,New,2026,Ho Chi Minh City,248000000,,Not mentioned,20,18,256000000.0,248000000.0,268000000.0,Within peer IQR,"Unverified historical ad; confirm availability, trim, battery and full price","VINFAST EC VAN, XE SẴN GIAO, HỔ TRỢ VAY VỐN 90%"
134397229,VF6,New,2026,Ho Chi Minh City,615000000,,Not mentioned,42,34,626495000.0,599250000.0,646000000.0,Within peer IQR,"Unverified historical ad; confirm availability, trim, battery and full price",VF6 Trắng mới 100% được tặng
134394740,MPV7,New,2026,Ho Chi Minh City,649999999,,Not mentioned,23,22,699000000.0,650000000.0,710000000.0,Below peer P25: verify,"Unverified historical ad; confirm availability, trim, battery and full price",VinFast VF MPV 7 Siêu Ưu Đãi - Trả 100TR Nhận Xe
134399596,VF3,Used,2025,Ho Chi Minh City,290000000,0.0,Not mentioned,28,19,258000000.0,249750000.0,268500000.0,Above peer P75: check extras,"Unverified historical ad; confirm availability, trim, battery and full price",VinFast VF3 Plus 2026 Hồng SẴN XE GIAO NGAY
134170331,VF8,New,2026,Ho Chi Minh City,799000000,,Not mentioned,45,21,848000000.0,840000000.0,896000000.0,Below peer P25: verify,"Unverified historical ad; confirm availability, trim, battery and full price",Vinfast VF8 2026 ALL NEW - ƯU ĐÃI KHỦNG THÁNG 08
133815406,VF8,Used,2023,Ho Chi Minh City,678000000,55000.0,Purchase mentioned,19,8,645000000.0,585000000.0,679000000.0,Within peer IQR,"Unverified historical ad; confirm availability, trim, battery and full price",VinFast VF8 Plus 2023-ODO 5v5-Có Hỗ Trợ Trả Góp
134413273,VF3,New,2026,Hanoi,275000000,,Purchase mentioned,11,10,269000000.0,224000000.0,277000000.0,Within peer IQR,"Unverified historical ad; confirm availability, trim, battery and full price",VinFast VF3 PLUS Sx 2026 xe mới 100% giao ngay
134413106,VF3,Used,2025,Ho Chi Minh City,235000000,40.0,Purchase mentioned,28,19,258000000.0,249750000.0,268500000.0,Below peer P25: verify,"Unverified historical ad; confirm availability, trim, battery and full price",VinFast VF3 2025 TC2 Xám bản mua pin
133665996,VF8,Used,2023,Ho Chi Minh City,645000000,40000.0,Purchase mentioned,19,8,645000000.0,585000000.0,679000000.0,Within peer IQR,"Unverified historical ad; confirm availability, trim, battery and full price",Vinfast VF8 Eco 2023 Pin CATL Hồ sơ sẵn bấm biển
133006785,VF8,Used,2023,Ho Chi Minh City,530000000,74000.0,Purchase mentioned,19,8,645000000.0,585000000.0,679000000.0,Below peer P25: verify,"Unverified historical ad; confirm availability, trim, battery and full price",Vinfast VF8 Eco 2023 Pin SDI sẵn hồ sơ bấm số
134406227,VF6,Used,2025,Ho Chi Minh City,518000000,65000.0,Purchase mentioned,11,6,555000000.0,529000000.0,592000000.0,Below peer P25: verify,"Unverified historical ad; confirm availability, trim, battery and full price","VF6 ECO 25 - FREE SẠC KGH - TRANG BỊ CAM360,...."
134268515,VF8,New,2026,Ho Chi Minh City,848000000,,Not mentioned,45,21,848000000.0,840000000.0,896000000.0,Within peer IQR,"Unverified historical ad; confirm availability, trim, battery and full price","VinFast VF8 All New XE GIAO NGAY, VAY ĐẾN 90–100%"
133667433,Limo Green,New,2026,Ho Chi Minh City,644000000,,Not mentioned,64,43,652000000.0,629750000.0,664000000.0,Within peer IQR,"Unverified historical ad; confirm availability, trim, battery and full price",VinFast Limo Green Đen sẵn giao ngay
134349623,VF3,New,2026,Ho Chi Minh City,205000000,,Not mentioned,68,40,278000000.0,276750000.0,278000000.0,Below peer P25: verify,"Unverified historical ad; confirm availability, trim, battery and full price","VF3 Plus-Hồng Phấn: có sẵn, giao trước lễ 2/9"
133096890,VF7,New,2026,Ho Chi Minh City,671000000,,Not mentioned,37,20,740000000.0,703000000.0,740000000.0,Below peer P25: verify,"Unverified historical ad; confirm availability, trim, battery and full price","VinFast VF 7 Eco , Trả Trước 100tr nhận xe !!!"
134329085,VF3,New,2026,Ho Chi Minh City,259900000,,Not mentioned,68,40,278000000.0,276750000.0,278000000.0,Below peer P25: verify,"Unverified historical ad; confirm availability, trim, battery and full price","VinFast VF3 trả trước 30tr , bank 90%"
134151115,VF5,New,2026,Ho Chi Minh City,446400000,,Not mentioned,66,40,446000000.0,431000000.0,471000000.0,Within peer IQR,"Unverified historical ad; confirm availability, trim, battery and full price",VinFast VF5 2026 5 chỗ
134393047,VF2,New,2026,Ho Chi Minh City,180000000,,Not mentioned,19,19,180000000.0,179000000.0,180000000.0,Within peer IQR,"Unverified historical ad; confirm availability, trim, battery and full price",VinFast VF2 còn suất cọc Tiên Phong KM 8 Triệu
133110414,VF9,New,2026,Ho Chi Minh City,1288000000,,Not mentioned,29,10,1348000000.0,1245000000.0,1348000000.0,Within peer IQR,"Unverified historical ad; confirm availability, trim, battery and full price","VinFast VF9 SUV 7 chỗ Trắng, mới 100%, SIÊU ƯU ĐÃI"
132786594,Limo Green,New,2026,Ho Chi Minh City,634000000,,Not mentioned,64,43,652000000.0,629750000.0,664000000.0,Within peer IQR,"Unverified historical ad; confirm availability, trim, battery and full price",LIMO GREEN - TRẢ TRƯỚC 60 TRIỆU - SẴN XE GIAO NGAY
134360111,VF3,New,2026,Da Nang City,285000000,,Not mentioned,11,8,275000000.0,260500000.0,282500000.0,Above peer P75: check extras,"Unverified historical ad; confirm availability, trim, battery and full price",VinFast VF3 đủ màu giá tốt
134268285,VF3,New,2026,Ho Chi Minh City,296000000,,Not mentioned,68,40,278000000.0,276750000.0,278000000.0,Above peer P75: check extras,"Unverified historical ad; confirm availability, trim, battery and full price",VinFast VF3 Plus Trắng
133923588,VF5,New,2026,Ho Chi Minh City,424000000,,Not mentioned,66,40,446000000.0,431000000.0,471000000.0,Below peer P25: verify,"Unverified historical ad; confirm availability, trim, battery and full price",VF5 – ƯU ĐÃI GIẢM 50Tr - SẴN ĐỦ MÀU GIAO NGAY
134382054,VF3,Used,2025,Ho Chi Minh City,250000000,1200.0,Purchase mentioned,28,19,258000000.0,249750000.0,268500000.0,Within peer IQR,"Unverified historical ad; confirm availability, trim, battery and full price",VinFast VF3 Tiêu chuẩn 2025 Xám 1200km
134360365,VF8,Used,2023,Ho Chi Minh City,690000000,69000.0,Not mentioned,19,8,645000000.0,585000000.0,679000000.0,Above peer P75: check extras,"Unverified historical ad; confirm availability, trim, battery and full price",💥VF8 PLUS 2023 ĐI 69.000km-PIN CATL
134212965,VF6,Used,2025,Ho Chi Minh City,609000000,17000.0,Purchase mentioned,11,6,555000000.0,529000000.0,592000000.0,Above peer P75: check extras,"Unverified historical ad; confirm availability, trim, battery and full price",VINFAST VF6 PLUS 2025 PIN MUA XE GIA ĐÌNH SẠC KGH
134130084,VF3,New,2026,Da Nang City,294000000,,Not mentioned,11,8,275000000.0,260500000.0,282500000.0,Above peer P75: check extras,"Unverified historical ad; confirm availability, trim, battery and full price",VinFast VF3 Plus
133178522,Limo Green,New,2026,Ho Chi Minh City,584000000,,Not mentioned,64,43,652000000.0,629750000.0,664000000.0,Below peer P25: verify,"Unverified historical ad; confirm availability, trim, battery and full price",VinFast Limo Green TRẢ TRƯỚC 40TR voucher 80tr
134372909,VF3,New,2026,Da Nang City,280000000,,Purchase mentioned,11,8,275000000.0,260500000.0,282500000.0,Within peer IQR,"Unverified historical ad; confirm availability, trim, battery and full price",VinFast VF3 2026 Trắng 500 Km
134368425,VF3,New,2026,Ho Chi Minh City,296000000,,Not mentioned,68,40,278000000.0,276750000.0,278000000.0,Above peer P75: check extras,"Unverified historical ad; confirm availability, trim, battery and full price",VinFast VF3 Hồng
134340595,VF3,Used,2025,Ho Chi Minh City,255000000,19000.0,Not mentioned,28,19,258000000.0,249750000.0,268500000.0,Within peer IQR,"Unverified historical ad; confirm availability, trim, battery and full price",💥VinFast VF3 2025 Trắng 19.000 km- SẠC KGH
134365964,VF3,New,2026,Hanoi,263000000,,Not mentioned,11,10,269000000.0,224000000.0,277000000.0,Within peer IQR,"Unverified historical ad; confirm availability, trim, battery and full price","🚗 VINFAST VF 3 – NHỎ GỌN, DỄ ĐI, DỄ SỞ HỮU! ⚡️"
133816979,VF5,New,2026,Ho Chi Minh City,436400000,,Not mentioned,66,40,446000000.0,431000000.0,471000000.0,Within peer IQR,"Unverified historical ad; confirm availability, trim, battery and full price",Xe điện VinFast VF5 plus vin 2026 giảm đến 100tr
131298147,VF3,New,2026,Ho Chi Minh City,270750000,,Not mentioned,68,40,278000000.0,276750000.0,278000000.0,Below peer P25: verify,"Unverified historical ad; confirm availability, trim, battery and full price",40tr trả trước nhận xe VF3 về nhà
134338064,EC VAN,New,2026,Ho Chi Minh City,268000000,,Not mentioned,20,18,256000000.0,248000000.0,268000000.0,Within peer IQR,"Unverified historical ad; confirm availability, trim, battery and full price",VinFast EC VAN chỉ cần 40 Triệu
134326833,Limo Green,New,2026,Ho Chi Minh City,630000000,,Not mentioned,64,43,652000000.0,629750000.0,664000000.0,Within peer IQR,"Unverified historical ad; confirm availability, trim, battery and full price",VinFast Limo Green Trắng Ô tô điện
134362922,VF8,New,2026,Ho Chi Minh City,848000000,,Not mentioned,45,21,848000000.0,840000000.0,896000000.0,Within peer IQR,"Unverified historical ad; confirm availability, trim, battery and full price",Lăn bánh 848tr
134156854,VF6,Used,2025,Ho Chi Minh City,610000000,23000.0,Not mentioned,11,6,555000000.0,529000000.0,592000000.0,Above peer P75: check extras,"Unverified historical ad; confirm availability, trim, battery and full price",VinFast VF6 Plus 2025 Điện Đỏ 23.000 km
130957740,VF3,New,2026,Ho Chi Minh City,277000000,,Not mentioned,68,40,278000000.0,276750000.0,278000000.0,Within peer IQR,"Unverified historical ad; confirm availability, trim, battery and full price",VinFast VF 3 ƯU ĐÃI THÁNG 7 GIÁ GỒM PIN
130988551,VF3,New,2026,Ho Chi Minh City,278000000,,Purchase mentioned,68,40,278000000.0,276750000.0,278000000.0,Within peer IQR,"Unverified historical ad; confirm availability, trim, battery and full price","VF3 GIÁ KO NGỜ ĐƯỢC ""KÈM PIN"" CHỈ CÒN 278 TRIỆU"
133555202,VF2,New,2026,Ho Chi Minh City,188000000,,Not mentioned,19,19,180000000.0,179000000.0,180000000.0,Above peer P75: check extras,"Unverified historical ad; confirm availability, trim, battery and full price",VF2 CHÍNH THỨC MỞ CỌC ƯU ĐÃI 8TR/ XE TỪ 15 - 17/07
134325615,VF3,New,2026,Ho Chi Minh City,275000000,,Not mentioned,68,40,278000000.0,276750000.0,278000000.0,Below peer P25: verify,"Unverified historical ad; confirm availability, trim, battery and full price",VF3 PLUS 2026 mới 100% chưa lăn bánh
130790030,VF3,New,2026,Ho Chi Minh City,278000000,,Not mentioned,68,40,278000000.0,276750000.0,278000000.0,Within peer IQR,"Unverified historical ad; confirm availability, trim, battery and full price",VF3 GIÁ KHO - KHO Q7 LUÔN SẴN XE - GÓP BAO NỢ XẤU
132485325,VF6,New,2026,Ho Chi Minh City,646000000,,Not mentioned,42,34,626495000.0,599250000.0,646000000.0,Within peer IQR,"Unverified historical ad; confirm availability, trim, battery and full price",[VF6 BAO NỢ XẤU] [HỒ SƠ KHÓ] MỚI BÁN!
134318087,Limo Green,New,2026,Ho Chi Minh City,848000000,,Not mentioned,64,43,652000000.0,629750000.0,664000000.0,Above peer P75: check extras,"Unverified historical ad; confirm availability, trim, battery and full price",VinFast Limo Green Xe CHẠY DỊCH VỤ
134345624,VF3,Used,2025,Ho Chi Minh City,300000000,26000.0,Not mentioned,28,19,258000000.0,249750000.0,268500000.0,Above peer P75: check extras,"Unverified historical ad; confirm availability, trim, battery and full price",VinFast VF3 TC1 Xám
134315399,VF3,Used,2024,Ho Chi Minh City,205000000,18000.0,Rental mentioned,14,14,202000000.0,198000000.0,218000000.0,Within peer IQR,"Unverified historical ad; confirm availability, trim, battery and full price",VinFast VF3 2024 Đỏ pin thuê xe đẹp odo 18000km
134344848,VF8,Used,2023,Ho Chi Minh City,705000000,40000.0,Not mentioned,19,8,645000000.0,585000000.0,679000000.0,Above peer P75: check extras,"Unverified historical ad; confirm availability, trim, battery and full price",Vinfast VF8 2023 bản Plus pin CATL chạy 40.000km
121101526,VF6,New,2026,Ho Chi Minh City,646000000,,Not mentioned,42,34,626495000.0,599250000.0,646000000.0,Within peer IQR,"Unverified historical ad; confirm availability, trim, battery and full price","VF6 VẬN HÀNH 0 ĐỒNG/KILOMET,MIỄN PHÍ SẠC 2 NĂM!"
134124336,Limo Green,New,2026,Ho Chi Minh City,664000000,,Not mentioned,64,43,652000000.0,629750000.0,664000000.0,Within peer IQR,"Unverified historical ad; confirm availability, trim, battery and full price",VinFast VF Limo Green Vay 90%
131317486,VF3,New,2026,Ho Chi Minh City,277000000,,Not mentioned,68,40,278000000.0,276750000.0,278000000.0,Within peer IQR,"Unverified historical ad; confirm availability, trim, battery and full price",VF3 ƯU ĐÃI KHỦNG - CƠ HỘI MUA GIÁ TỐT-LH EM NGAY
133670257,VF3,New,2026,Ho Chi Minh City,278000000,,Not mentioned,68,40,278000000.0,276750000.0,278000000.0,Within peer IQR,"Unverified historical ad; confirm availability, trim, battery and full price",SẴN MÀU TRẮNG VF 3 - VAY ĐẾN 100%
133945467,VF5,New,2026,Ho Chi Minh City,471000000,,Not mentioned,66,40,446000000.0,431000000.0,471000000.0,Within peer IQR,"Unverified historical ad; confirm availability, trim, battery and full price",VF5 BAO HỒ SƠ NHÓM 5 - XE GIAO NGAY
130441627,VF3,New,2026,Ho Chi Minh City,272000000,,Not mentioned,68,40,278000000.0,276750000.0,278000000.0,Below peer P25: verify,"Unverified historical ad; confirm availability, trim, battery and full price","VINFAST VF3 TRẢ TRƯỚC 0Đ NHẬN XE, TẶNG FULL PK"
133670335,VF3,New,2026,Ho Chi Minh City,278000000,,Not mentioned,68,40,278000000.0,276750000.0,278000000.0,Within peer IQR,"Unverified historical ad; confirm availability, trim, battery and full price",VF3 MÀU ĐỎ ĐẦY KHO-KHỎI LO GIÁ-TRẢTRƯỚC 0Đ VAY100%
133670198,VF3,New,2026,Ho Chi Minh City,278000000,,Both mentioned,68,40,278000000.0,276750000.0,278000000.0,Within peer IQR,"Unverified historical ad; confirm availability, trim, battery and full price",VF3 XE TẠI KHO GIAO NGAY - BA HS XẤU -VAY TỚI 100%
134338059,Limo Green,New,2026,Ho Chi Minh City,699000000,0.0,Not mentioned,64,43,652000000.0,629750000.0,664000000.0,Above peer P75: check extras,"Unverified historical ad; confirm availability, trim, battery and full price",VinFast Limo Green Ô tô điện chỉ cần 80 Triệu
133701549,VF2,New,2026,Ho Chi Minh City,180000000,,Not mentioned,19,19,180000000.0,179000000.0,180000000.0,Within peer IQR,"Unverified historical ad; confirm availability, trim, battery and full price","VinFast VF2 , trả trước 25tr lấy ngay VF2"
133523861,Limo Green,New,2026,Ho Chi Minh City,549000000,,Not mentioned,64,43,652000000.0,629750000.0,664000000.0,Below peer P25: verify,"Unverified historical ad; confirm availability, trim, battery and full price",VinFast Limo Green giảm sốc . HOT HOT HOT
134220764,VF3,Used,2025,Ho Chi Minh City,259000000,10000.0,Purchase mentioned,28,19,258000000.0,249750000.0,268500000.0,Within peer IQR,"Unverified historical ad; confirm availability, trim, battery and full price",VinFast VF3 2025 Xám 10.000km
134333698,VF3,Used,2025,Ho Chi Minh City,268000000,12000.0,Purchase mentioned,28,19,258000000.0,249750000.0,268500000.0,Within peer IQR,"Unverified historical ad; confirm availability, trim, battery and full price",VF3 25 - MUA PIN - LÊN NHIỀU PK - FREE SẠC KGH
134332813,VF6,Used,2025,Ho Chi Minh City,539000000,49000.0,Purchase mentioned,11,6,555000000.0,529000000.0,592000000.0,Within peer IQR,"Unverified historical ad; confirm availability, trim, battery and full price",VINFAST VF6 ECO 2025 PIN MUA SẠC KO GIỚI HẠN LƯỚT
134332042,VF3,New,2026,Ho Chi Minh City,304000000,,Not mentioned,68,40,278000000.0,276750000.0,278000000.0,Above peer P75: check extras,"Unverified historical ad; confirm availability, trim, battery and full price",VinFast VF3 Plus Vàng Nóc Trắng
134331486,VF3,Used,2025,Ho Chi Minh City,268000000,12000.0,Not mentioned,28,19,258000000.0,249750000.0,268500000.0,Within peer IQR,"Unverified historical ad; confirm availability, trim, battery and full price",𝐕𝐢𝐧𝐅𝐚𝐬𝐭 𝐕𝐅𝟑 𝟐𝟎𝟐𝟓 𝐓𝐫𝐚̆́𝐧𝐠 𝟏𝟐.𝟎𝟎𝟎 𝐊𝐦- 𝐒𝐀̣𝐂 𝐊𝐆𝐇
134314618,VF5,New,2026,Ho Chi Minh City,471000000,,Not mentioned,66,40,446000000.0,431000000.0,471000000.0,Within peer IQR,"Unverified historical ad; confirm availability, trim, battery and full price",[ Bao Nợ Xấu] VF5 Trả Trước 51TR - XE SẴN CẢ KHO
134314983,VF5,Used,2024,Ho Chi Minh City,370000000,61000.0,Not mentioned,11,10,368000000.0,350000000.0,379500000.0,Within peer IQR,"Unverified historical ad; confirm availability, trim, battery and full price","VinFast VF5 Plus 2024 Đỏ 61,000 Km"
134287066,VF5,New,2026,Ho Chi Minh City,471000000,,Not mentioned,66,40,446000000.0,431000000.0,471000000.0,Within peer IQR,"Unverified historical ad; confirm availability, trim, battery and full price",VF5 60TR NHẬN XE-BAO NỢ XẤU-TRỌN GÓI XANH SM-GRAB
134314386,VF5,New,2026,Ho Chi Minh City,471000000,,Not mentioned,66,40,446000000.0,431000000.0,471000000.0,Within peer IQR,"Unverified historical ad; confirm availability, trim, battery and full price","VF5 XE SẴN ĐẦY KHO, KHÔNG LO VỐN, VAY90%"
133670449,VF3,New,2026,Ho Chi Minh City,278000000,,Not mentioned,68,40,278000000.0,276750000.0,278000000.0,Within peer IQR,"Unverified historical ad; confirm availability, trim, battery and full price",VF3 SẴN XE GIAO NGAY- CHỈ CẦN MUỐN MUA LÀ CÓ XE
133727691,MPV7,New,2026,Ho Chi Minh City,730000000,,Not mentioned,23,22,699000000.0,650000000.0,710000000.0,Above peer P75: check extras,"Unverified historical ad; confirm availability, trim, battery and full price",🔥 VINFAST MPV 7 – MPV ĐIỆN 7 CHỖ MỚI 🔥
133948631,Limo Green,New,2026,Ho Chi Minh City,664000000,,Not mentioned,64,43,652000000.0,629750000.0,664000000.0,Within peer IQR,"Unverified historical ad; confirm availability, trim, battery and full price",VinFast Limo Green Ưu Đãi Tháng 8
133144838,VF3,New,2026,Da Nang City,262000000,,Not mentioned,11,8,275000000.0,260500000.0,282500000.0,Within peer IQR,"Unverified historical ad; confirm availability, trim, battery and full price",Vinfast VF3 đủ màu xe giao nhanh giá cực tốt 26x
133144542,Limo Green,New,2026,Da Nang City,644000000,,Not mentioned,10,7,644000000.0,640920000.0,644000000.0,Within peer IQR,"Unverified historical ad; confirm availability, trim, battery and full price",Limo Green Trắng xe sẵn giao ngay trả trước 100 tr
133149719,Limo Green,New,2026,Da Nang City,644000000,,Not mentioned,10,7,644000000.0,640920000.0,644000000.0,Within peer IQR,"Unverified historical ad; confirm availability, trim, battery and full price",Limo Green đủ màu sẵn xe cực kỳ nhiều ưu đãi LH
133144153,Limo Green,New,2026,Da Nang City,644000000,,Not mentioned,10,7,644000000.0,640920000.0,644000000.0,Within peer IQR,"Unverified historical ad; confirm availability, trim, battery and full price",Limo Green xe sẵn đủ màu giao ngay giá chỉ từ 6xx
133136063,Limo Green,New,2026,Da Nang City,644000000,,Not mentioned,10,7,644000000.0,640920000.0,644000000.0,Within peer IQR,"Unverified historical ad; confirm availability, trim, battery and full price",Chỉ với 100 triệu có ngay Limo Green 7 chỗ
131109107,VF3,New,2026,Ho Chi Minh City,278000000,,Not mentioned,68,40,278000000.0,276750000.0,278000000.0,Within peer IQR,"Unverified historical ad; confirm availability, trim, battery and full price",VF3 XE VỀ CẢ LÔ - ĐỦ MÀU -GIÁ CỰC TỐT
123396174,VF9,New,2026,Ho Chi Minh City,1245000000,,Not mentioned,29,10,1348000000.0,1245000000.0,1348000000.0,Within peer IQR,"Unverified historical ad; confirm availability, trim, battery and full price","VF9 CHUẨN DOANH NHÂN-VAY 90%,LÃI SUẤT SIÊU ƯU ĐÃI"
123395888,VF9,New,2026,Ho Chi Minh City,1348000000,,Not mentioned,29,10,1348000000.0,1245000000.0,1348000000.0,Within peer IQR,"Unverified historical ad; confirm availability, trim, battery and full price",VF9 BÙN NỔ SIÊU HẤP DẪN!NHẬN XE 200TR ĐỒNG
131323648,VF9,New,2026,Ho Chi Minh City,1348000000,,Not mentioned,29,10,1348000000.0,1245000000.0,1348000000.0,Within peer IQR,"Unverified historical ad; confirm availability, trim, battery and full price",VF9 VAY 90-100% NHƯNG KO CẦN CHỨNG MINH THU NHẬP
132892310,VF9,New,2026,Ho Chi Minh City,1348000000,,Not mentioned,29,10,1348000000.0,1245000000.0,1348000000.0,Within peer IQR,"Unverified historical ad; confirm availability, trim, battery and full price",TẬN HƯỞNG ĐẲNG CẤP VF9-SỞ HỮU DỄ DÀNG CHỈ TỪ 10%
133054350,VF9,New,2026,Ho Chi Minh City,1245000000,,Not mentioned,29,10,1348000000.0,1245000000.0,1348000000.0,Within peer IQR,"Unverified historical ad; confirm availability, trim, battery and full price",VF9 Vay từ 80-100% cho cá nhân & doanh nghiệp
134289899,VF3,Used,2024,Ho Chi Minh City,215000000,10998.0,Not mentioned,14,14,202000000.0,198000000.0,218000000.0,Within peer IQR,"Unverified historical ad; confirm availability, trim, battery and full price",Vinfast VF3 2024 Xanh ngọc lam
134306337,VF8,New,2026,Ho Chi Minh City,699000000,,Not mentioned,45,21,848000000.0,840000000.0,896000000.0,Below peer P25: verify,"Unverified historical ad; confirm availability, trim, battery and full price","VF8 All new, áp Voucher Lux SA 80t, còn 699t"
131240909,VF9,New,2026,Ho Chi Minh City,1103000000,,Not mentioned,29,10,1348000000.0,1245000000.0,1348000000.0,Below peer P25: verify,"Unverified historical ad; confirm availability, trim, battery and full price","VF9, áp Voucher Lux SA 80t, còn 1.103.000.000 đồng"
132774974,VF7,New,2026,Ho Chi Minh City,635000000,,Not mentioned,37,20,740000000.0,703000000.0,740000000.0,Below peer P25: verify,"Unverified historical ad; confirm availability, trim, battery and full price","VF7, vay 85-100%, áp Voucher Lux SA 80t, còn 635t"
134176214,VF3,Used,2025,Ho Chi Minh City,198000000,19000.0,Rental mentioned,28,19,258000000.0,249750000.0,268500000.0,Below peer P25: verify,"Unverified historical ad; confirm availability, trim, battery and full price",VinFast VF3 2025 Vàng chính chủ xe zin
133055027,Limo Green,New,2026,Ho Chi Minh City,572000000,,Not mentioned,64,43,652000000.0,629750000.0,664000000.0,Below peer P25: verify,"Unverified historical ad; confirm availability, trim, battery and full price","Limo Green, áp Voucher Lux SA 80t, còn 572t"
134301693,VF5,New,2026,Ho Chi Minh City,360000000,,Not mentioned,66,40,446000000.0,431000000.0,471000000.0,Below peer P25: verify,"Unverified historical ad; confirm availability, trim, battery and full price","VinFast VF5 Plus 360tr lăn bánh, Xe Mới 100%"
134301647,VF6,New,2026,Ho Chi Minh City,566000000,,Not mentioned,42,34,626495000.0,599250000.0,646000000.0,Below peer P25: verify,"Unverified historical ad; confirm availability, trim, battery and full price","VF6, vay 85-100%, áp Voucher Lux SA 80t, còn 566t"
133676734,VF3,Used,2024,Ho Chi Minh City,213000000,21000.0,Not mentioned,14,14,202000000.0,198000000.0,218000000.0,Within peer IQR,"Unverified historical ad; confirm availability, trim, battery and full price",VinFast VF3 2024 Vàng 21000 km
134299072,VF3,Used,2025,Ho Chi Minh City,255000000,19000.0,Purchase mentioned,28,19,258000000.0,249750000.0,268500000.0,Within peer IQR,"Unverified historical ad; confirm availability, trim, battery and full price",VF3 25 - MUA PIN - FREE SẠC KGH
133659611,VF3,New,2026,Ho Chi Minh City,278000000,,Not mentioned,68,40,278000000.0,276750000.0,278000000.0,Within peer IQR,"Unverified historical ad; confirm availability, trim, battery and full price","SỞ HỮU VF3 DỄ DÀNG XE SẴN GIAO NGAY, VÂY ĐẾN 100%"
120546442,VF7,New,2026,Ho Chi Minh City,740000000,,Not mentioned,37,20,740000000.0,703000000.0,740000000.0,Within peer IQR,"Unverified historical ad; confirm availability, trim, battery and full price",VINFATS VF7 HỖ TRỢ VAY85%-150TR NHẬN XE-BAO HS KHÓ
130997310,VF3,New,2026,Ho Chi Minh City,278000000,,Not mentioned,68,40,278000000.0,276750000.0,278000000.0,Within peer IQR,"Unverified historical ad; confirm availability, trim, battery and full price",[VF3 BAO NỢ XẤU] NỢ XẤU E MỚi BÁN
122562263,VF6,New,2026,Ho Chi Minh City,646000000,,Not mentioned,42,34,626495000.0,599250000.0,646000000.0,Within peer IQR,"Unverified historical ad; confirm availability, trim, battery and full price","VF6 BAO HS KHÓ-80TR NHẬN XE-BAO FLATFORM, GRAP,!"
131845528,VF9,New,2026,Ho Chi Minh City,1348000000,,Not mentioned,29,10,1348000000.0,1245000000.0,1348000000.0,Within peer IQR,"Unverified historical ad; confirm availability, trim, battery and full price",VF9 Vay 80%-90% BAO NỢ XẤU CÁ NHÂN VÀ DOANH NGHIỆP
