list_id,cohort,crawl_date,is_trackable,model_source,family,condition,year,odo_km,region,seller_key,price_vnd,scope_eligible,price_eligible,review_reasons,battery_topic,financing_mention,promo_mention,subject
134599448,legacy_unknown_crawl_date,,False,VF8,VF8,Used,2024,42000.0,Hanoi,18315300,800000000,True,True,,Both mentioned,False,True,VF8 mua pin CALT chạy hơn 4v đen quyền lực
134518548,legacy_unknown_crawl_date,,False,VF3,VF3,New,2026,,Ho Chi Minh City,26689559,278000000,True,True,,Not mentioned,True,True,"VinFast VF3 Eco, Plus Điện đủ mẫu mã giá sập sàn🚨"
134609246,legacy_unknown_crawl_date,,False,VF6,VF6,New,2026,,Hanoi,2688886,575000000,True,True,,Not mentioned,False,False,"VINFAST VF6 – SUV ĐIỆN HIỆN ĐẠI, THIẾT KẾ ĐẸP"
134609331,legacy_unknown_crawl_date,,False,VF3,VF3,Used,2024,28000.0,Ho Chi Minh City,24869842,195000000,True,True,,Rental mentioned,False,False,VinFast VF3 2024 Vàng Điện
134331029,legacy_unknown_crawl_date,,False,VF3,VF3,New,2026,,Ho Chi Minh City,31770148,266000000,True,True,,Not mentioned,True,True,VinFast VF 3 PLUS Đỏ SẴN XE GIAO NGAY TRẢ TRƯỚC 0Đ
134635728,legacy_unknown_crawl_date,,False,MPV 7,MPV7,Used,2026,0.0,Hanoi,27437627,640000000,True,True,,Not mentioned,False,True,VinFast MPV7 Trắng Xe điện
134608049,legacy_unknown_crawl_date,,False,Limo Green,Limo Green,New,2026,,Ho Chi Minh City,30732398,649000000,True,True,,Not mentioned,True,True,"VinFast LimoGreen, trả trước 84tr, nhận xe ngay"
134502971,legacy_unknown_crawl_date,,False,VF3,VF3,Used,2025,50000.0,Da Nang City,11061125,250000000,True,True,,Not mentioned,False,False,Vinfast VF3 2025 Hồng 50000 km
134620802,legacy_unknown_crawl_date,,False,VF5,VF5,New,2026,,Hanoi,32532735,419000000,True,True,,Not mentioned,True,True,VinFast VF5 Trắng Ô tô điện
134510257,legacy_unknown_crawl_date,,False,Limo Green,Limo Green,Used,2026,18000.0,Hanoi,21837536,585000000,True,True,,Not mentioned,True,False,Limo Green 2026 siêu lướt 18.000km đẹp xuất sắc
134519025,legacy_unknown_crawl_date,,False,VF6,VF6,New,2025,,Ho Chi Minh City,26689559,583000000,True,True,,Not mentioned,False,True,"VinFast VF6 PLUS-ECO,CÓ SẴN, ĐỦ MẪU MÃ GIÁ CỰC TỐ"
134611709,legacy_unknown_crawl_date,,False,VF7,VF7,Used,2024,17800.0,Ho Chi Minh City,1681043,720000000,True,True,,Not mentioned,False,False,VinFast VF7 2024 Xám 17793 km
133479351,legacy_unknown_crawl_date,,False,Limo Green,Limo Green,New,2026,,Hanoi,384603,525000000,True,True,,Not mentioned,True,True,VinFast Limo Green Trắng  Giá lăn bánh tỉnh
133679636,legacy_unknown_crawl_date,,False,MPV 7,MPV7,New,2026,,Ho Chi Minh City,24742361,705000000,True,True,,Not mentioned,True,False,VinFast VF MPV 7 Trả Trước 100tr
133050802,legacy_unknown_crawl_date,,False,VF8,VF8,Used,2022,53000.0,Hanoi,21837536,655000000,True,True,,Purchase mentioned,True,False,VF8 Plus 2022 xe mua đứt Pin đẹp xuất sắc
133840245,legacy_unknown_crawl_date,,False,VF5,VF5,New,2026,,Ho Chi Minh City,26689559,425000000,True,True,,Not mentioned,False,True,VinFast VF5 Plus mới đủ màu đủ mẫu-Giá sập sàn
134284878,legacy_unknown_crawl_date,,False,VF5 Plus,VF5,New,2026,,Ho Chi Minh City,720041,430000000,True,True,,Not mentioned,True,True,"VF5 vay 85-100%, giảm giá 66t, còn 430t"
131122728,legacy_unknown_crawl_date,,False,Limo Green,Limo Green,New,2025,,Ho Chi Minh City,31064654,624000000,True,True,,Not mentioned,True,True,VinFast Limo Green HỖ TRỢ VAY TRẢ GÓP 100% XE
134064931,legacy_unknown_crawl_date,,False,VF9,VF9,Used,2025,30000.0,Hanoi,21837536,1160000000,True,True,,Purchase mentioned,True,False,VF9 Plus 2025 mua đứt Pin Catl đi 3v km siêu lướt
128184187,legacy_unknown_crawl_date,,False,VF5 Plus,VF5,New,2025,,Ho Chi Minh City,29832977,366000000,True,True,,Not mentioned,False,False,VF5 Plus - Xe Sẵn giao ngay
134564899,legacy_unknown_crawl_date,,False,VF5 Plus,VF5,New,2026,,Ho Chi Minh City,29655508,444000000,True,True,,Not mentioned,True,True,VINFAST VF5 PLUS - 444 TRIỆU - CHƯƠNG TRÌNH THƯỜNG
134611629,legacy_unknown_crawl_date,,False,VF5,VF5,New,2026,,Ho Chi Minh City,18919731,471000000,True,True,,Not mentioned,True,False,VF5 HỖ TRỢ VAY ĐẾN 90%-BAO HỒ SƠ XẤU
133839004,legacy_unknown_crawl_date,,False,VF3,VF3,New,2026,,Ho Chi Minh City,29832977,280000000,True,True,,Not mentioned,False,True,VinFast VF3 Trắng
133426049,legacy_unknown_crawl_date,,False,Limo Green,Limo Green,New,2026,,Ho Chi Minh City,17973966,630000000,True,True,,Not mentioned,False,False,DEAL SỐC THÁNG 9 LIMO GREEN - TẶNG FILM CAM SÀN
131173750,legacy_unknown_crawl_date,,False,VF6,VF6,New,2025,,Ho Chi Minh City,31064654,582000000,True,True,,Not mentioned,True,True,VinFast VF6 HỖ TRỢ VAY TRẢ GÓP 100% GIÁ TRỊ XE
134611965,legacy_unknown_crawl_date,,False,Limo Green,Limo Green,New,2026,,Ho Chi Minh City,16075472,664000000,True,True,,Not mentioned,True,True,LIMO GREEN 70TR NHẬN XE - GRAP/ XANH EM HỖ TRỢ HẾT
133011626,legacy_unknown_crawl_date,,False,MPV 7,MPV7,New,2026,,Ho Chi Minh City,29832977,650000000,True,True,,Not mentioned,False,True,VinFast MVP7
134611135,legacy_unknown_crawl_date,,False,MPV 7,MPV7,New,2026,,Ho Chi Minh City,32206055,750000000,True,True,,Not mentioned,True,True,VINFAST - MVP 7 chỗ - Màu Xanh Dương - Giao Ngay
134585902,legacy_unknown_crawl_date,,False,MPV 7,MPV7,New,2026,,Ho Chi Minh City,24068396,622000000,True,True,,Not mentioned,True,True,"🔥𝗩𝗶𝗻𝗙𝗮𝘀𝘁 MPV 7, 𝗧𝗿𝗮̉ 𝘁𝗿ư𝗼̛́𝗰 𝗻𝗵𝗮̣̂𝗻 xe"
134619156,legacy_unknown_crawl_date,,False,Limo Green,Limo Green,New,2026,,Ho Chi Minh City,23643907,652000000,True,True,,Not mentioned,True,True,"Limo Green Đen 2026 – Giá Hấp Dẫn, Giao Xe Nhanh"
133814604,legacy_unknown_crawl_date,,False,VF5 Plus,VF5,New,2026,,Ho Chi Minh City,32203588,420000000,True,True,,Not mentioned,True,True,VinFast VF5 Plus 2026  - Đầy đủ màu [Giá sock] CAQ
133521371,legacy_unknown_crawl_date,,False,Minio Green,Minio Green,New,2026,,Ho Chi Minh City,24068396,188000000,True,True,,Not mentioned,True,True,🚗 VINFAST MINIO GREEN | TRẢ TRƯỚC 18 TRIỆU NHẬN XE
134575209,legacy_unknown_crawl_date,,False,VF5,VF5,New,2026,,Ho Chi Minh City,17458420,77000000,True,False,low_price_review,Not mentioned,True,False,VF5 NHẬN XE CHỈ TỪ 65tr - HỖ TRỢ NỢ XẤU
133525599,legacy_unknown_crawl_date,,False,VF2,VF2,New,2026,,Hanoi,3287572,180000000,True,True,,Not mentioned,True,True,🚘VinFast VF2-NHÂN 3 hạng Vinclub-Trả trước 0 đồng🔥
134084500,legacy_unknown_crawl_date,,False,VF2,VF2,New,2026,,Ho Chi Minh City,32203588,180000000,True,True,,Not mentioned,True,True,VinFast VF2 - Cọc tiên phong / Giảm ngay 8 triệu
134597265,legacy_unknown_crawl_date,,False,VF5 Plus,VF5,Used,2024,100000.0,An Giang,207834,335000000,True,True,,Purchase mentioned,False,False,VinFast VF5 Plus 2024 Xám Điện
134143991,legacy_unknown_crawl_date,,False,VF3,VF3,New,2026,,Ho Chi Minh City,32203588,278000000,True,True,,Not mentioned,True,True,VinFast VF3 Plus & Eco / 2026 - Đủ màu - New
134615969,legacy_unknown_crawl_date,,False,VF8,VF8,Used,2025,31000.0,Hanoi,2950980,833000000,True,True,,Not mentioned,False,False,VinFast VF8 Plus 2025 Trắng 31000 km
133375442,legacy_unknown_crawl_date,,False,Dòng khác,Dòng khác,New,2025,,Ho Chi Minh City,25755790,188000000,False,False,unknown_ev_model; title_model_conflict,Not mentioned,True,True,VF2 2026-CỌC TIÊN PHONG-ƯU ĐÃI NGAY 8 TRIỆU
134616364,legacy_unknown_crawl_date,,False,VF8,VF8,New,2026,,Ho Chi Minh City,10245595,158000000,True,False,upfront_price_match,Not mentioned,True,False,VinFast VF8 Đen Giao Sớm - Trả trước 158tr
134632179,legacy_unknown_crawl_date,,False,VF5 Plus,VF5,Used,2024,51000.0,Ho Chi Minh City,30417623,398000000,True,True,,Purchase mentioned,False,False,VinFast VF5 Plus 2024 Đỏ 51.000 KM
133632978,legacy_unknown_crawl_date,,False,VF5 Plus,VF5,New,2026,,Ho Chi Minh City,19097879,420000000,True,True,,Not mentioned,False,True,"VinFast VF5 Plus, GIẢM SÂU 16% THÁNG 9 🔥"
134542055,legacy_unknown_crawl_date,,False,VF3,VF3,Used,2025,32000.0,Ho Chi Minh City,25294985,225000000,True,True,,Purchase mentioned,False,False,VinFast VF3 Điện Đỏ 32.000 km
131656302,legacy_unknown_crawl_date,,False,VF6,VF6,New,2026,,Ho Chi Minh City,29655508,600000000,True,True,,Not mentioned,True,True,VINFAST VF6 ECO 600 TRIỆU ‼️CHƯƠNG TRÌNH THƯỜNG
134623132,legacy_unknown_crawl_date,,False,VF6,VF6,New,2026,,Ho Chi Minh City,32203588,632000000,True,True,,Not mentioned,True,True,VinFast VF6 Plus Trắng - Giá áp hết KM / CAQĐ 🆘HOT
133632994,legacy_unknown_crawl_date,,False,Limo Green,Limo Green,New,2026,,Ho Chi Minh City,19097879,629000000,True,True,,Not mentioned,False,True,"LIMO GREEN, GIẢM 35TR THÁNG 9🚨"
134610554,legacy_unknown_crawl_date,,False,VF6,VF6,New,2026,,Ho Chi Minh City,31981264,660000000,True,True,,Not mentioned,True,True,VinFast VF6 Plus SUV điện Trắng
131018987,legacy_unknown_crawl_date,,False,VF3,VF3,New,2026,,Ho Chi Minh City,29655508,294000000,True,True,,Not mentioned,True,True,VINFAST VF3 PLUS 294 TRIỆU ‼️‼️‼️
134485239,legacy_unknown_crawl_date,,False,VF6,VF6,Used,2025,38000.0,Hanoi,25280249,605000000,True,True,,Not mentioned,False,False,VinFast VF6 Plus TC1 2025 Trắng 30000 km
134631673,legacy_unknown_crawl_date,,False,VF3,VF3,Used,2024,30000.0,Ho Chi Minh City,1209918,195000000,True,True,,Rental mentioned,False,False,VinFast VF3 2024 Vàng 30.000km
133030573,legacy_unknown_crawl_date,,False,VF6,VF6,New,2026,,Ho Chi Minh City,21648513,604000000,True,True,,Not mentioned,False,True,VINFAST VF 6 TỔNG ƯU ĐÃI LÊN ĐẾN 45 TRIỆU ĐỒNG
133693358,legacy_unknown_crawl_date,,False,VF6,VF6,New,2026,,Ho Chi Minh City,19097879,568000000,True,True,,Not mentioned,False,True,VinFast VF6 Eco - Ưu đãi giảm 40tr tháng 9 🚨
133618627,legacy_unknown_crawl_date,,False,VF8,VF8,New,2026,,Ho Chi Minh City,24742361,1028000000,True,True,,Not mentioned,True,True,VinFast VF 8 Plus Trắng Trả trước 140tr
131655928,legacy_unknown_crawl_date,,False,MPV 7,MPV7,New,2026,,Ho Chi Minh City,29655508,700000000,True,True,,Not mentioned,True,True,MPV 7 - TẶNG CAM 360 - 700 TRIỆU
134611952,legacy_unknown_crawl_date,,False,VF6,VF6,New,2026,,Ho Chi Minh City,29832977,570000000,True,True,,Not mentioned,False,True,VinFast VF6 Trắng Xe ô tô điện
134619761,legacy_unknown_crawl_date,,False,VF9,VF9,Used,2025,30000.0,Hanoi,18219603,1160000000,True,True,,Purchase mentioned,False,False,VinFast VF9 Plus 2025 Trắng 7C Trần Thép
134631325,legacy_unknown_crawl_date,,False,VF6,VF6,Used,2026,0.0,Hanoi,9978565,500000000,True,True,,Not mentioned,False,False,Vinfast VF6 Xe điện màu Đen
133038289,legacy_unknown_crawl_date,,False,VF5,VF5,New,2026,,Ho Chi Minh City,21648513,439000000,True,True,,Not mentioned,False,True,VINFAST VF 5 PLUS ƯU ĐÃI KHỦNG 60 TRIỆU THÁNG 9
134069230,legacy_unknown_crawl_date,,False,Limo Green,Limo Green,New,2026,,Ho Chi Minh City,5097152,644000000,True,True,,Not mentioned,True,True,VINFAST LIMO GREEN CỰC RẺ – NHẬN XE NGAY! 🔥
134630884,legacy_unknown_crawl_date,,False,Dòng khác,Dòng khác,Used,2026,0.0,Ho Chi Minh City,29626660,188000000,False,False,unknown_ev_model; title_model_conflict,Not mentioned,False,False,Xe điện VinFast VF2 Trắng
126755071,legacy_unknown_crawl_date,,False,VF3,VF3,New,2026,,Ho Chi Minh City,1160683,221000000,True,True,,Not mentioned,False,False,THỜI ĐỂ VÀNG MUA XE VF3 GIẢM 80 TRIỆU
134053421,legacy_unknown_crawl_date,,False,VF5,VF5,New,2026,,Ho Chi Minh City,5097152,419000000,True,True,,Not mentioned,True,True,VINFAST VF5 - GIÁ ƯU ĐÃI - GIAO NGAY - NH VAY 95%
134576388,legacy_unknown_crawl_date,,False,VF5 Plus,VF5,Used,2025,0.0,Ho Chi Minh City,29626660,444000000,True,True,,Not mentioned,False,False,VinFast VF 5 Plus Trắng
134612825,legacy_unknown_crawl_date,,False,VF7,VF7,Used,2025,20000.0,Hanoi,2950980,635000000,True,True,,Purchase mentioned,False,False,VinFast VF7 Eco 2025 Đỏ 20.000km
134571523,legacy_unknown_crawl_date,,False,VF6,VF6,New,2026,,Ho Chi Minh City,29800162,646000000,True,True,,Not mentioned,True,False,VinFast VF6 Eco trả trước 82 triệu nhận xe
131622024,legacy_unknown_crawl_date,,False,Limo Green,Limo Green,New,2026,,Ho Chi Minh City,1160683,549000000,True,True,,Not mentioned,True,False,"LIMO GREEN GIẢM KHỦNG DỊCH VỤ 16% ,BAO NỢ XẤU"
134608095,legacy_unknown_crawl_date,,False,EC VAN,EC VAN,New,2026,,Ho Chi Minh City,30732398,286000000,True,True,,Not mentioned,True,True,EC Van – Trả trước 37 triệu – Có xe ngay
134347211,legacy_unknown_crawl_date,,False,VF7,VF7,New,2025,,Ho Chi Minh City,5453674,80000000,True,False,low_price_review; upfront_price_match,Not mentioned,True,True,VF7 2026 Pin chạy 450km - trả trước 80tr
134604299,legacy_unknown_crawl_date,,False,VF2,VF2,New,2026,,Ho Chi Minh City,30732398,178000000,True,True,,Not mentioned,False,False,CÒN SUẤT TIÊN PHONG 178TR CHO VF2 – XE ĐÃ VỀ
134327657,legacy_unknown_crawl_date,,False,VF9,VF9,New,2025,,Ho Chi Minh City,5453674,229000000,True,False,upfront_price_match,Not mentioned,False,True,"VinFast VF9 Plus 2026 - 7c, chỉ cần 229tr"
134629547,legacy_unknown_crawl_date,,False,MPV 7,MPV7,Used,2026,8000.0,Ho Chi Minh City,352212,650000000,True,True,,Not mentioned,False,False,VinFast MPV7 màu trắng 8000km
129103848,legacy_unknown_crawl_date,,False,Limo Green,Limo Green,New,2026,,Ho Chi Minh City,24742361,652000000,True,True,,Not mentioned,True,False,Sẵn VinFast Limo Green trả trước 80tr
134629470,legacy_unknown_crawl_date,,False,VF6,VF6,Used,2026,0.0,Ho Chi Minh City,15037596,599000000,True,True,,Not mentioned,True,True,"VinFast VF6, Trả trước chỉ 89 Triệu, vay cao"
134362470,legacy_unknown_crawl_date,,False,VF3,VF3,New,2025,,Ho Chi Minh City,5453674,33000000,True,False,low_price_review; upfront_price_match,Not mentioned,True,True,VinFast VF3 Plus 2026 Xám trả trước 33tr
134629241,legacy_unknown_crawl_date,,False,VF6,VF6,Used,2025,140000.0,Lam Dong,15957433,470000000,True,True,,Not mentioned,False,False,VinFast VF6 2025 Đen 140.000 km
134544636,legacy_unknown_crawl_date,,False,VF6,VF6,New,2025,,Ho Chi Minh City,15209344,550840000,True,True,,Not mentioned,True,True,VF6 PLUS 2026 – ƯU ĐÃI 35TR | VAY 85% | BH 8 NĂM
134629022,legacy_unknown_crawl_date,,False,VF9,VF9,Used,2025,58000.0,Hanoi,18219603,1000000000,True,True,,Purchase mentioned,False,False,VinFast VF9 Eco Trắng Lướt
133022837,legacy_unknown_crawl_date,,False,VF9,VF9,New,2026,,Ho Chi Minh City,30002425,1452000000,True,True,,Not mentioned,True,True,VinFast VF9 Plus 2026 - GIÁ SIÊU NÉT ✅
134554857,legacy_unknown_crawl_date,,False,Limo Green,Limo Green,New,2026,,Ho Chi Minh City,15209344,554800000,True,True,,Not mentioned,True,True,VinFast Limo Green 7 chỗ Trắng Xe điện
134628847,legacy_unknown_crawl_date,,False,VF7,VF7,New,2026,,Ho Chi Minh City,15209344,712500000,True,True,,Not mentioned,True,True,VinFast VF7 Plus 2026 -trả góp 85% |free sạc 2029
133716897,legacy_unknown_crawl_date,,False,VF5,VF5,New,2026,,Ho Chi Minh City,30002425,431000000,True,True,,Not mentioned,True,True,✅ VINFAST VF5 SẴN XE - GIÁ SẬP SÀN
134544764,legacy_unknown_crawl_date,,False,MPV 7,MPV7,New,2026,,Ho Chi Minh City,15209344,596800000,True,True,,Not mentioned,True,True,"MPV7 – ƯU ĐÃI RIÊNG 37,5 TRIỆU | TẶNG CAMERA 360°"
134330811,legacy_unknown_crawl_date,,False,VF6,VF6,New,2026,,Ho Chi Minh City,26848890,604000000,True,True,,Not mentioned,True,False,VF VF6 PLUS- Trả Trước Chỉ 85TR- Gía xe 624
133311850,legacy_unknown_crawl_date,,False,VF7,VF7,New,2026,,Ho Chi Minh City,30002425,703000000,True,True,,Not mentioned,True,True,VINFAST VF7 CỰC BỐC - TIÊU CHUẨN 3✅
134592397,legacy_unknown_crawl_date,,False,VF3,VF3,New,2026,,Ho Chi Minh City,15209344,205000000,True,True,,Not mentioned,True,True,VF3 Plus 2026 - Miễn Phí sạc 2029| BH đến 8 năm
133751378,legacy_unknown_crawl_date,,False,VF5 Plus,VF5,New,2026,,Ho Chi Minh City,32134296,446000000,True,True,,Not mentioned,True,True,VinFast VF5 Plus Giảm 50tr
133576953,legacy_unknown_crawl_date,,False,Limo Green,Limo Green,New,2026,,Ho Chi Minh City,26848890,624000000,True,True,,Not mentioned,True,True,VF Limo Green Giá 624- Trả trước 86Tr Nhận Xe
134548450,legacy_unknown_crawl_date,,False,VF3,VF3,Used,2024,9000.0,Ho Chi Minh City,2269560,248000000,True,True,,Purchase mentioned,False,False,VinFast VF3 Sản xuất 2024 Pin Mua Màu Hồng xe đẹp
133402197,legacy_unknown_crawl_date,,False,VF8,VF8,New,2026,,Ho Chi Minh City,30002425,699000000,True,True,,Not mentioned,False,True,VF8 ALL NEW CỌC TIÊN PHONG VẪN CÒN ✅
134627997,legacy_unknown_crawl_date,,False,Limo Green,Limo Green,New,2025,,Tay Ninh,32540252,636000000,True,True,,Not mentioned,False,False,VinFast Limo Green 2025 Bạc 7 chỗ
134050375,legacy_unknown_crawl_date,,False,VF5,VF5,New,2026,,Ho Chi Minh City,17407422,366000000,True,True,,Not mentioned,True,True,VinFast VF5 giảm 20% Chỉ còn 3xx
134627822,legacy_unknown_crawl_date,,False,VF3,VF3,Used,2025,300000.0,Ho Chi Minh City,31685024,232222222,True,True,,Purchase mentioned,False,False,VinFast VF3 Đỏ bản mua pin 2025 cần bán
132802065,legacy_unknown_crawl_date,,False,Limo Green,Limo Green,New,2026,,Da Nang City,26197974,643680000,True,True,,Not mentioned,True,True,[Vinfast Đà Nẵng] Limo Green Ưu Đãi Tốt - Sẵn Xe
129696020,legacy_unknown_crawl_date,,False,VF6,VF6,New,2025,,Ho Chi Minh City,30002425,595000000,True,True,,Not mentioned,False,True,✅ VinFast VF6 ĐỦ MÀU SẴN XE GIAO NGAY CỰC SỐC 2026
134515305,legacy_unknown_crawl_date,,False,VF6,VF6,New,2026,,Ho Chi Minh City,31427916,591620000,True,True,,Not mentioned,True,True,VINFAST VF6 - TRẢ TRƯỚC 75 TRIỆU - TIẾT KIỆM 30Tr
134570832,legacy_unknown_crawl_date,,False,VF6,VF6,New,2026,,Ho Chi Minh City,17407422,596000000,True,True,,Not mentioned,True,True,VinFast VF6 giảm 10% ko cần chính sách
132125848,legacy_unknown_crawl_date,,False,Limo Green,Limo Green,New,2026,,Ho Chi Minh City,29655508,660000000,True,True,,Not mentioned,True,True,VINFAST LIMO GREEN - 660 TRIỆU - MIỄN LÃI NĂM ĐẦU
133433172,legacy_unknown_crawl_date,,False,VF8,VF8,New,2026,,Ho Chi Minh City,17407422,774000000,True,True,,Not mentioned,False,True,VinFast VF 8 New| Giảm hơn 125 Triệu|Còn 774 Triệu
133432746,legacy_unknown_crawl_date,,False,VF9,VF9,New,2025,,Ho Chi Minh City,17407422,1200000000,True,True,,Not mentioned,False,True,VinFast VF 9|Giảm sâu hơn 200 Tr |Chỉ còn 1.200 Tr
133430676,legacy_unknown_crawl_date,,False,Dòng khác,Dòng khác,New,2026,,Ho Chi Minh City,17407422,650000000,False,False,unknown_ev_model; title_model_conflict,Not mentioned,True,True,VinFast MPV 7|Giảm hơn 100 Triệu|Từ 10 Triệu/tháng
132513422,legacy_unknown_crawl_date,,False,VF5,VF5,New,2026,,Da Nang City,26197974,440000000,True,True,,Not mentioned,True,True,[Vinfast Đà Nẵng] Vinfast VF5 Ưu Đãi Tốt - Sẵn Xe
133960495,legacy_unknown_crawl_date,,False,VF8,VF8,Used,2023,35000.0,Dong Nai,20886578,599000000,True,True,,Not mentioned,False,False,VinFast VF8 ECO 2023 Bạc 35000 km
134627374,legacy_unknown_crawl_date,,False,VF6,VF6,New,2026,,Ho Chi Minh City,17276119,610000000,True,True,,Not mentioned,False,True,VinFast VF6 Eco Trắng Việt Nam
134627226,legacy_unknown_crawl_date,,False,Dòng khác,Dòng khác,New,2026,,Hanoi,32556154,750000000,False,False,unknown_ev_model; title_model_conflict,Not mentioned,False,True,VinFast VF MPV 7
133659734,legacy_unknown_crawl_date,,False,VF6,VF6,New,2026,,Ho Chi Minh City,17973966,633700000,True,True,,Not mentioned,False,False,VinFast VF6 - Giao xe liền tay - TẶNG FLIM CAM SÀN
134129705,legacy_unknown_crawl_date,,False,VF8,VF8,Used,2024,19000.0,Dong Nai,20886578,829000000,True,True,,Not mentioned,True,True,VinFast VF8 Plus 2024 Xanh Rêu 19.000 km
134183564,legacy_unknown_crawl_date,,False,VF6,VF6,Used,2025,37000.0,Hanoi,1617401,560000000,True,True,,Purchase mentioned,False,False,VinFast VF6 2025 Trắng 37000 km
134627060,legacy_unknown_crawl_date,,False,VF5 Plus,VF5,Used,2024,115000.0,Dong Nai,2178777,330000000,True,True,,Not mentioned,False,False,VinFast VF 5 PLUS 2024 Trắng
130107988,legacy_unknown_crawl_date,,False,Limo Green,Limo Green,New,2026,,Hanoi,23724245,572000000,True,True,,Not mentioned,False,False,limo green 2026 giảm thêm 47tr đủ màu giao ngay
133750870,legacy_unknown_crawl_date,,False,VF8,VF8,Used,2023,40000.0,Dong Nai,8750856,749000000,True,True,,Not mentioned,False,False,VinFast VF8 ECO/CATL 2023 40000 km Đen
134610241,legacy_unknown_crawl_date,,False,VF8,VF8,New,2026,,Hanoi,32556154,899000000,True,True,,Not mentioned,False,True,VinFast VF8 All New
123344056,legacy_unknown_crawl_date,,False,VF6,VF6,New,2026,,Hanoi,23724245,554000000,True,True,,Not mentioned,True,False,Vinfast 6 2026 đủ màu giao ngay cs tốt thuế tb 0đ
133977649,legacy_unknown_crawl_date,,False,EC VAN,EC VAN,Used,2026,0.0,Ho Chi Minh City,32206055,306000000,True,True,,Not mentioned,True,True,VinFast EC Van 2026 Trắng/Vàng/Xanh
130514473,legacy_unknown_crawl_date,,False,VF8,VF8,New,2026,,Ho Chi Minh City,29655508,830000000,True,True,,Not mentioned,True,True,VINFAST VF8 - 830 TRIỆU‼️CHƯƠNG TRÌNH THƯỜNG
134577748,legacy_unknown_crawl_date,,False,MPV 7,MPV7,New,2026,,Ho Chi Minh City,69212,703000000,True,True,,Not mentioned,True,True,Vinfast MPV7  - ƯU ĐÃI SỐC THÁNG 9 - TRẢ 90 TRIỆU
134610346,legacy_unknown_crawl_date,,False,Dòng khác,Dòng khác,New,2026,,Hanoi,2688886,180000000,False,False,unknown_ev_model; title_model_conflict,Not mentioned,False,False,"VINFAST VF2 – XE ĐIỆN MINI NHỎ GỌN, LINH HOẠT"
131615240,legacy_unknown_crawl_date,,False,Limo Green,Limo Green,New,2026,,Ho Chi Minh City,10161621,648000000,True,True,,Not mentioned,True,True,VinFast Limo Green Trả trước 90tr
132919881,legacy_unknown_crawl_date,,False,VF5 Plus,VF5,New,2026,,Ho Chi Minh City,69212,436000000,True,True,,Not mentioned,True,True,💰TRẢ TRƯỚC 3O TR- NUÔI XE Ô TÔ BẰNG TIỀN ĂN SÁNG?
133869062,legacy_unknown_crawl_date,,False,VF3,VF3,New,2026,,Ho Chi Minh City,69212,278000000,True,True,,Not mentioned,True,True,VinFast VF 3 Trả Trước 40 Triệu- Giao Ngay- Đủ Màu
132209343,legacy_unknown_crawl_date,,False,VF2,VF2,New,2026,,Ho Chi Minh City,720041,100000000,True,True,,Not mentioned,True,True,VF2; ưu đãi gần 88t; còn khoảng 100t
133869759,legacy_unknown_crawl_date,,False,EC VAN,EC VAN,New,2026,,Ho Chi Minh City,69212,248000000,True,True,,Not mentioned,True,True,VinFast EC Van Xe điện đa năng màu Trắng
134580221,legacy_unknown_crawl_date,,False,VF9,VF9,New,2025,,Ho Chi Minh City,69212,1330000000,True,True,,Not mentioned,False,True,Vinfast VF9 PLUS MỚI 100%- SIÊU ƯU ĐÃI - GIAO NGAY
134210091,legacy_unknown_crawl_date,,False,MPV 7,MPV7,New,2026,,Ho Chi Minh City,24255330,715000000,True,True,,Not mentioned,True,True,VinFast MPV 7 trả trước 70Tr nhận xe - Giao ngay
127885429,legacy_unknown_crawl_date,,False,VF6,VF6,New,2025,,Ho Chi Minh City,4406425,572000000,True,True,,Not mentioned,False,True,"VF6 GIÁ CỰC NÉT, XE CÓ SẴN, HỔ TRỢ VAY VỐN 90%"
134481129,legacy_unknown_crawl_date,,False,VF3,VF3,New,2026,,Hanoi,3287572,191000000,True,True,,Not mentioned,True,True,🇻🇳VinFast VF3 SẴN XE - Trả Trước 0 đồng✅
134204558,legacy_unknown_crawl_date,,False,EC VAN,EC VAN,New,2026,,Ho Chi Minh City,32203588,268000000,True,True,,Not mentioned,True,True,VinFast EC Van 🆘 GIÁ NÀY ÁP HẾT CÁC KM 🎉 Wow
133920561,legacy_unknown_crawl_date,,False,Limo Green,Limo Green,New,2026,,Ho Chi Minh City,32203588,629000000,True,True,,Not mentioned,True,True,VinFast Limo Green - Đủ màu 2026 - New Seal
134622723,legacy_unknown_crawl_date,,False,VF3,VF3,Used,2025,19000.0,Ho Chi Minh City,31552230,248000000,True,True,,Purchase mentioned,False,False,VinFast VF3 2025 Trắng 19000 km mua pin
131139780,legacy_unknown_crawl_date,,False,EC VAN,EC VAN,New,2026,,Hanoi,23724245,248000000,True,True,,Not mentioned,True,False,Xe VinFast EC Van đủ bản đủ màu giá tốt giao ngay
121155876,legacy_unknown_crawl_date,,False,VF7,VF7,New,2026,,Ho Chi Minh City,18919731,740000000,True,True,,Not mentioned,False,True,VF7 MIỄN PHÍ SẠC PIN ĐẾN 10/2/2029–CHẠY 0 ĐỒNG/KM!
133699627,legacy_unknown_crawl_date,,False,VF2,VF2,New,2026,,Hanoi,23724245,180000000,True,True,,Not mentioned,False,False,VinFast VF 2 mino đủ màu giao sớm giá cạnh tranh
133993589,legacy_unknown_crawl_date,,False,VF5,VF5,New,2026,,Ho Chi Minh City,18919731,471000000,True,True,,Not mentioned,True,False,VF5 HỖ TRỢ ĐK DỊCH VỤ XANH-GRAP-BE - 50TR NHẬN XE
132777193,legacy_unknown_crawl_date,,False,VF8,VF8,New,2026,,Hanoi,23724245,789000000,True,True,,Not mentioned,False,False,Xe điện VinFast VF8 All New giao ngay giá tốt
134622158,legacy_unknown_crawl_date,,False,VF7,VF7,Used,2025,14000.0,Ho Chi Minh City,32583107,635000000,True,True,,Purchase mentioned,False,False,Vinfast VF7 Eco 2025 Trắng 14.000km Mua Pin
133711790,legacy_unknown_crawl_date,,False,VF5 Plus,VF5,New,2026,,Ho Chi Minh City,32134296,446000000,True,True,,Not mentioned,True,True,VinFast VF5 Plus - Ưu Đãi Giảm Ngay 50tr
133659895,legacy_unknown_crawl_date,,False,VF3,VF3,New,2026,,Ho Chi Minh City,18919731,278000000,True,True,,Not mentioned,False,False,VF3 VAY ĐẾN 90% - XE SẴN GIAO NGAY
126837589,legacy_unknown_crawl_date,,False,VF7,VF7,New,2026,,Hanoi,23724245,660000000,True,True,,Not mentioned,True,False,VinFast VF7 2026 đủ màu giao ngay giá tốt nhiều PK
132524239,legacy_unknown_crawl_date,,False,VF8,VF8,New,2026,,Ho Chi Minh City,4406425,700000000,True,True,,Not mentioned,False,True,ĐẶT XE VF8 ALL NEW - NHẬN NGAY VOUCHER 200TR ĐỒNG
132626922,legacy_unknown_crawl_date,,False,VF8,VF8,New,2026,,Ho Chi Minh City,18919731,848000000,True,True,,Not mentioned,False,True,🌱 BƯỚC VÀO KỶ NGUYÊN XE ĐIỆN CÙNG VF8 THẾ HỆ MỚI
131319347,legacy_unknown_crawl_date,,False,EC VAN,EC VAN,New,2026,,Ho Chi Minh City,4406425,268000000,True,True,,Not mentioned,False,True,"VINFAST EC VAN, XE SẴN GIAO, HỔ TRỢ VAY VỐN 90%"
122562449,legacy_unknown_crawl_date,,False,VF6,VF6,New,2026,,Ho Chi Minh City,18919731,646000000,True,True,,Not mentioned,True,True,VF6 BANK 90%+BAO NỢ XẤU+LÃI 7% 3NĂM+TẶNG 70TR
134621599,legacy_unknown_crawl_date,,False,VF7,VF7,Used,2025,14000.0,Ho Chi Minh City,23357424,645000000,True,True,,Purchase mentioned,False,False,VF7 ECO 25 - FULL PHỤ KIỆN - FREE SẠC KGH
133872018,legacy_unknown_crawl_date,,False,Limo Green,Limo Green,New,2026,,Ho Chi Minh City,26689559,620000000,True,True,,Not mentioned,False,True,Xe điện Limo Green đủ mẫu màu có sẵn- Giá sập sàn
128213165,legacy_unknown_crawl_date,,False,VF5 Plus,VF5,New,2026,,Ho Chi Minh City,18919731,471000000,True,True,,Not mentioned,True,False,VF5 ĐƯA 55 ĐỒNG+BAO NỢ XẤU NHÓM 5+ĐỦ MÀU GIAO NGAY
129998085,legacy_unknown_crawl_date,,False,VF9,VF9,New,2025,,Ho Chi Minh City,27487996,1139000000,True,True,,Not mentioned,False,True,VINFAST VF9 -  ĐỦ MÀU CÓ XE LIỀN
132486130,legacy_unknown_crawl_date,,False,VF7,VF7,New,2026,,Ho Chi Minh City,18919731,740000000,True,True,,Not mentioned,False,True,VINFAST VF7 ƯU ĐÃI THÁNG 5 - BAO HỒ SƠ
134301632,legacy_unknown_crawl_date,,False,EC VAN,EC VAN,New,2026,,Ho Chi Minh City,720041,248000000,True,True,,Not mentioned,True,True,"EC Van, vay 100%, áp Voucher Lux SA 80t, còn 168t"
132645577,legacy_unknown_crawl_date,,False,VF6,VF6,New,2026,,Ho Chi Minh City,24742361,622000000,True,True,,Not mentioned,True,True,VinFast VF6 Eco Trả Trước 85tr
129997919,legacy_unknown_crawl_date,,False,VF7,VF7,New,2025,,Ho Chi Minh City,27487996,696000000,True,True,,Not mentioned,False,True,VINFAST VF7 PLUS - CHỈ CẦN ĐƯA TRƯỚC 10%
133113716,legacy_unknown_crawl_date,,False,VF5 Plus,VF5,Used,2024,79000.0,Hanoi,21837536,355000000,True,True,,Purchase mentioned,True,False,VF5 Plus 2024 đăng ký 2025 đẹp xuất sắc
134602297,legacy_unknown_crawl_date,,False,VF5,VF5,New,2026,,Ho Chi Minh City,32582519,436000000,True,True,,Not mentioned,False,False,VinFast VF5 Xám Xe điện Mới
129998214,legacy_unknown_crawl_date,,False,VF5 Plus,VF5,New,2025,,Ho Chi Minh City,27487996,380000000,True,True,,Not mentioned,False,True,VinFast VF5 Plus - ƯU ĐÃI HẤP DẪN
129997850,legacy_unknown_crawl_date,,False,Limo Green,Limo Green,New,2026,,Ho Chi Minh City,27487996,609600000,True,True,,Not mentioned,True,True,VinFast Limo Green  - CÓ XE NGAY
131401055,legacy_unknown_crawl_date,,False,Limo Green,Limo Green,New,2026,,Ho Chi Minh City,27751358,664000000,True,True,,Not mentioned,True,True,Xe điện VinFast Limo Green Đen
132151406,legacy_unknown_crawl_date,,False,VF6,VF6,New,2026,,Ho Chi Minh City,27487996,599000000,True,True,,Not mentioned,False,True,VinFast VF6 2026 - HỖ TRỢ NỢ XẤU
130996527,legacy_unknown_crawl_date,,False,VF7,VF7,New,2026,,Ho Chi Minh City,27751358,740000000,True,True,,Not mentioned,True,True,"⚡ SỐC LS CHỈ 5,8% – CẦM 15% VỐN RƯỚC NGAY VF7"
134309397,legacy_unknown_crawl_date,,False,VF7,VF7,Used,2024,19000.0,Ho Chi Minh City,3389627,690000000,True,True,,Purchase mentioned,False,False,VinFast VF 7 Plus 2024 Trần Kính 2 cầu 350HP Đen
134269553,legacy_unknown_crawl_date,,False,VF5,VF5,New,2026,,Ho Chi Minh City,24255330,436000000,True,True,,Not mentioned,True,True,Vinfast VF5 Đỏ Trả Trước Chỉ 25 Triệu
123678489,legacy_unknown_crawl_date,,False,Dòng khác,Dòng khác,New,2025,,Ho Chi Minh City,27751358,664000000,False,False,unknown_ev_model,Not mentioned,True,False,LIMO SẲN XE VÀNG+ĐỎ+BẠC+ĐEN GIAO LIỀN
134547151,legacy_unknown_crawl_date,,False,VF3,VF3,Used,2024,2400.0,Ho Chi Minh City,26806903,198000000,True,True,,Rental mentioned,False,False,VinFast VF3 2024 Điện Xám
130899695,legacy_unknown_crawl_date,,False,VF5 Plus,VF5,New,2025,,Ho Chi Minh City,4406425,420000000,True,True,,Not mentioned,True,True,"VINFAST VF 5 PLUS, XE SẲN, GIÁ *** THỊ TRƯƠNG"
134310297,legacy_unknown_crawl_date,,False,VF8,VF8,New,2026,,Ho Chi Minh City,27751358,848000000,True,True,,Not mentioned,True,False,VF8 HỖ TRỢ DOANH NGHIỆP MUA XE 0Đ - VAY 100%
130789670,legacy_unknown_crawl_date,,False,VF3,VF3,New,2026,,Ho Chi Minh City,27751358,278000000,True,True,,Not mentioned,True,True,VF3 BAO NỢ XẤU 37 TRIỆU NHẬN XE-ĐỦ MÀU GIAO LIỀN
134185945,legacy_unknown_crawl_date,,False,VF5,VF5,New,2026,,Ho Chi Minh City,27751358,471000000,True,True,,Not mentioned,True,False,VinFast VF5 50TR NHẬN XE SẴN GIAO NGAY- NH VAY 95%
134619098,legacy_unknown_crawl_date,,False,VF8,VF8,Used,2023,58000.0,Ho Chi Minh City,25816086,600000000,True,True,,Not mentioned,False,False,VinFast VF8 PLUS 2023 Trắng 58.000 km
134249252,legacy_unknown_crawl_date,,False,VF3,VF3,New,2026,,Ho Chi Minh City,23646258,275000000,True,True,,Not mentioned,False,True,🔥 𝐂𝐇𝐈̉ 𝐓𝐔̛̀ 𝟐𝟎 𝐓𝐑𝐈𝐄̣̂𝐔 • 𝐕𝐅𝟑 𝟐𝟎𝟐𝟔 • ĐỦ MÀU GIAO XE NGAY
134605832,legacy_unknown_crawl_date,,False,VF9,VF9,New,2026,,Ho Chi Minh City,30732398,1504000000,True,True,,Not mentioned,True,True,VF9 Plus – Trả trước 226 triệu – Nhận xe ngay
134257301,legacy_unknown_crawl_date,,False,Limo Green,Limo Green,New,2026,,Ho Chi Minh City,24255330,664000000,True,True,,Not mentioned,True,True,VinFast Limo Green Trả Trước 60tr Nhận Xe
133234039,legacy_unknown_crawl_date,,False,VF5,VF5,New,2026,,Ho Chi Minh City,27751358,466000000,True,True,,Not mentioned,False,True,CHỈ 50 TRIỆU ĐẦU - LĂN BÁNH VF5 NGAY HÔM NAY!
133390465,legacy_unknown_crawl_date,,False,VF5 Plus,VF5,New,2026,,Ho Chi Minh City,17973966,446000000,True,True,,Not mentioned,True,True,VINFAST VF5 - SẴN XE - TẶNG FLIM CAM SÀN
134601253,legacy_unknown_crawl_date,,False,VF8,VF8,Used,2023,70000.0,Hanoi,14715771,585000000,True,True,,Not mentioned,False,False,VinFast VF8 Plus 2 cầu Điện Đen
121156136,legacy_unknown_crawl_date,,False,VF7,VF7,New,2026,,Ho Chi Minh City,27751358,740000000,True,True,,Not mentioned,True,True,VF7 LÁI ĐẲNG CẤP+BANK 90%+LÃI 3 NĂM 4.8%+BAO HS
134481331,legacy_unknown_crawl_date,,False,VF6,VF6,New,2026,,Hanoi,3287572,533700000,True,True,,Not mentioned,True,True,🚘VINFAST VF6 SẴN XE - Trả Trước Từ 30 Triệu🇻🇳
134556083,legacy_unknown_crawl_date,,False,VF6,VF6,Used,2025,31000.0,Ho Chi Minh City,18030326,550000000,True,True,,Not mentioned,False,False,VinFast VF6 Eco 2025 sạc KGH Xám 31.000 km
133421861,legacy_unknown_crawl_date,,False,VF8,VF8,Used,2023,74000.0,Ho Chi Minh City,18940190,570000000,True,True,,Not mentioned,False,False,VF8 Eco 2023 Xanh dương chất đẹp giá còn giảm
133037991,legacy_unknown_crawl_date,,False,VF5,VF5,New,2026,,Ho Chi Minh City,21648513,439000000,True,True,,Not mentioned,False,True,VINFAST VF 5 PLUS ƯU ĐÃI - ĐƯA TRƯỚC CHỈ 57 TRIỆU
134536439,legacy_unknown_crawl_date,,False,Dòng khác,Dòng khác,New,2026,,Ho Chi Minh City,17973966,732500000,False,False,unknown_ev_model; title_model_conflict,Not mentioned,False,False,VinFast MPV7 - TẶNG CAMERA 360
134617882,legacy_unknown_crawl_date,,False,VF6,VF6,New,2026,,Ho Chi Minh City,1169297,646000000,True,True,,Not mentioned,True,True,VinFast VF6 PLUS TRẢ TRƯỚC 60TR-FULL PHỤ KIỆN
133620389,legacy_unknown_crawl_date,,False,VF3,VF3,New,2026,,Ho Chi Minh City,21648513,279000000,True,True,,Not mentioned,False,True,VINFAST VF3 XE SẴN GIAO NGAY ĐƯA TRƯỚC CHỈ 49TRIỆU
133038587,legacy_unknown_crawl_date,,False,VF8,VF8,New,2026,,Ho Chi Minh City,21648513,848000000,True,True,,Not mentioned,True,True,VINFAST VF 8 ALL NEW 2026 ƯU ĐÃI CỌC TIÊN PHONG
134156796,legacy_unknown_crawl_date,,False,VF6,VF6,Used,2025,24000.0,Ho Chi Minh City,18030326,565000000,True,True,,Not mentioned,False,False,VinFast VF6 Eco 2026 Trắng 24.000 km
134616885,legacy_unknown_crawl_date,,False,VF3,VF3,Used,2025,29000.0,Hanoi,18219603,230000000,True,True,,Purchase mentioned,False,False,VinFast VF3 2025 Vàng 2.9v
133600938,legacy_unknown_crawl_date,,False,VF5,VF5,New,2026,,Ho Chi Minh City,25980168,461000000,True,True,,Not mentioned,True,True,Giá VF 5 Tháng 7: 461 triệu Trả trước 53 triệu
134359804,legacy_unknown_crawl_date,,False,Limo Green,Limo Green,Used,2026,6000.0,Ho Chi Minh City,18030326,615000000,True,True,,Not mentioned,False,False,Vinfast Limo Green 2026 Trắng 6.000 km
134488854,legacy_unknown_crawl_date,,False,VF6,VF6,Used,2024,35000.0,Ho Chi Minh City,21562577,580000000,True,True,,Not mentioned,False,False,VinFast VF6 Plus 2024 Trắng 35.000 Km-Sạc kgh
132919119,legacy_unknown_crawl_date,,False,Limo Green,Limo Green,Used,2026,0.0,Can Tho City,29722912,54000000,True,False,low_price_review; upfront_price_match,Not mentioned,True,True,🔥Limo Green xe mới 100%.Chỉ trả trước 54tr NHẬN XE
134136247,legacy_unknown_crawl_date,,False,VF8,VF8,Used,2023,0.0,Lam Dong,173597,630000000,True,True,,Purchase mentioned,True,False,VinFast VF8 Eco 2023 Đen Điện Pin Catl
133441395,legacy_unknown_crawl_date,,False,VF3,VF3,New,2026,,Can Tho City,29722912,31000000,False,False,title_model_conflict; low_price_review; upfront_price_match,Not mentioned,True,True,🔥VF2 xe mới 100%. Chỉ trả trước 31tr NHẬN XE NGAY
133352755,legacy_unknown_crawl_date,,False,EC VAN,EC VAN,New,2026,,Hanoi,3287572,248000000,True,True,,Not mentioned,True,True,🚗VinFast EC Van Điện (Tải Van) - Trả trước 0 đồng🔥
134616045,legacy_unknown_crawl_date,,False,MPV 7,MPV7,New,2026,,Ho Chi Minh City,23724442,705000000,True,True,,Not mentioned,True,True,VinFast MPV7 2026 - Trả Trước Từ 100tr
129082640,legacy_unknown_crawl_date,,False,VF5 Plus,VF5,Used,2026,0.0,Can Tho City,29722912,40000000,True,False,low_price_review,Not mentioned,True,True,🔥VF5 Plus mới 100%. Chỉ trảtrước 40tr NHẬNXE NGAY
134615767,legacy_unknown_crawl_date,,False,VF8,VF8,Used,2025,135.0,Ho Chi Minh City,9925923,600000000,True,True,,Not mentioned,False,False,VinFast VF 8 2026 Bạc
134560237,legacy_unknown_crawl_date,,False,VF6,VF6,New,2026,,Ho Chi Minh City,69212,599000000,True,True,,Not mentioned,True,True,VinFast VF6 TRẢ 79 TRIỆU NHẬN XE - BAO HỒ SƠ
134615184,legacy_unknown_crawl_date,,False,VF3,VF3,Used,2025,4000.0,Ho Chi Minh City,32583107,270000000,True,True,,Purchase mentioned,False,False,Vinfast VF3 2025 Trắng- 4000KM-MUA PIN
134601814,legacy_unknown_crawl_date,,False,Limo Green,Limo Green,New,2026,,Ho Chi Minh City,15986798,699000000,True,True,,Not mentioned,False,True,VinFast Limo Green
134604886,legacy_unknown_crawl_date,,False,VF7,VF7,New,2026,,Ho Chi Minh City,30732398,725000000,True,True,,Not mentioned,True,True,VF7 Eco – Trả trước 110 triệu – Nhận xe ngay
134605021,legacy_unknown_crawl_date,,False,VF8,VF8,New,2026,,Ho Chi Minh City,30732398,828000000,True,True,,Not mentioned,True,True,VinFast VF8 All New Còn tiên phong. 134tr nhận xe
134614657,legacy_unknown_crawl_date,,False,VF6,VF6,Used,2025,14000.0,Hanoi,21837536,610000000,True,True,,Not mentioned,True,False,VF6 Plus 2026 siêu lướt 14.000km đẹp ko tì vết
134337467,legacy_unknown_crawl_date,,False,MPV 7,MPV7,Used,2026,20000.0,Ho Chi Minh City,24250018,635000000,True,True,,Not mentioned,False,False,mpv 7 2026. gần như xe mới
134601695,legacy_unknown_crawl_date,,False,VF2,VF2,New,2026,,Ho Chi Minh City,15986798,188000000,True,True,,Not mentioned,False,True,"VinFast VF2 Ô tô điện Đỏ, Trắng, Xanh"
134604718,legacy_unknown_crawl_date,,False,VF6,VF6,New,2026,,Ho Chi Minh City,30732398,626000000,True,True,,Not mentioned,True,True,VF6 – Chỉ từ 97 triệu nhận xe ngay. Siêu ưu đãi T9
134614329,legacy_unknown_crawl_date,,False,VF3,VF3,Used,2025,26000.0,Hanoi,1150474,225000000,True,True,,Not mentioned,False,False,VinFast VF3 Trắng Xe điện
134377832,legacy_unknown_crawl_date,,False,Limo Green,Limo Green,Used,2025,40000.0,Hanoi,2648048,602000000,True,True,,Not mentioned,True,True,VinFast Limo Green sản xuất 2025 sạc Free
134613782,legacy_unknown_crawl_date,,False,Dòng khác,Dòng khác,Used,2024,145000.0,Ho Chi Minh City,158624,425000000,False,False,unknown_ev_model,Not mentioned,False,False,VinFast VF6S 2024 Trắng 14.5v free sạc 12/2027
132844961,legacy_unknown_crawl_date,,False,VF5,VF5,New,2026,,Hanoi,24632932,410000000,True,True,,Not mentioned,True,True,🆘 VinFast VF 5 Plus GIÁ ƯU ĐÃI tháng 9
134613522,legacy_unknown_crawl_date,,False,VF2,VF2,New,2026,,Ho Chi Minh City,15399277,180000000,True,True,,Not mentioned,False,True,VinFast VF 2
134129202,legacy_unknown_crawl_date,,False,VF5 Plus,VF5,Used,2025,50000.0,Hanoi,31174331,375000000,True,True,,Not mentioned,False,False,VinFast VF5 Plus 2025 Xám Sạc Không Giới Hạn
133316718,legacy_unknown_crawl_date,,False,VF6,VF6,New,2026,,Hanoi,24632932,655000000,True,True,,Not mentioned,False,True,THÁNG 9 RỰC CHÁY VF6 Plus Giá Ưu Đãi
134420970,legacy_unknown_crawl_date,,False,Limo Green,Limo Green,Used,2026,18000.0,Hanoi,18219603,583000000,True,True,,Not mentioned,False,False,Limo green 2026 xe lướt màu trắng
134444028,legacy_unknown_crawl_date,,False,VF2,VF2,New,2026,,Ho Chi Minh City,14858985,180000000,True,True,,Not mentioned,True,True,CHỈ 30TR NHẬN NGAY VF2 - NHẬN XE SỚM - ĐỦ MÀU
134339449,legacy_unknown_crawl_date,,False,VF7,VF7,Used,2025,60000.0,Hanoi,2648048,615000000,True,True,,Not mentioned,True,True,VinFast VF7 Eco sản xuất 2025 sạc không giới hạn
134287731,legacy_unknown_crawl_date,,False,VF8,VF8,Used,2025,8500.0,Ho Chi Minh City,4160433,850000000,True,True,,Purchase mentioned,False,False,VINFAST VF8 PLUS 2025 PIN MUA SẠC KGH SƠN ZIN 100%
134612293,legacy_unknown_crawl_date,,False,VF5 Plus,VF5,New,2025,,Ho Chi Minh City,19065850,316000000,True,True,,Not mentioned,True,True,VinFast VF5 Plus 2026 Trắng Điện 0 km
134612235,legacy_unknown_crawl_date,,False,VF8,VF8,Used,2024,500000.0,Hanoi,26859133,600000000,True,True,,Not mentioned,True,False,VinFast VF8 2024 Đen
133121395,legacy_unknown_crawl_date,,False,VF3,VF3,Used,2024,6000.0,Ho Chi Minh City,30411839,219000000,True,True,,Rental mentioned,False,False,VF3 vàng nóc đen TC2 thuê pin  ! Độ full gần 50tr
134213206,legacy_unknown_crawl_date,,False,VF6,VF6,Used,2023,33000.0,Ho Chi Minh City,4160433,565000000,True,True,,Purchase mentioned,False,False,VINFAST VF6 PLUS 2023 PIN MUA XE GIA ĐÌNH ĐI LƯỚT
134611491,legacy_unknown_crawl_date,,False,VF8,VF8,Used,2024,1000000.0,Hanoi,26859133,600000000,True,True,,Not mentioned,False,False,VinFast VF8 2024 SUV Điện Đen
126290255,legacy_unknown_crawl_date,,False,VF5,VF5,New,2026,,Ho Chi Minh City,1558920,449000000,True,True,,Not mentioned,True,True,"VF5 2026, trả trước chỉ từ 50Tr"
134566123,legacy_unknown_crawl_date,,False,VF9,VF9,Used,2023,89600.0,Ho Chi Minh City,13670376,900000000,True,True,,Not mentioned,False,False,bán xe  gia Đình dùng  Vinfast VF9 Plus 2023 Trắng
133662373,legacy_unknown_crawl_date,,False,VF3,VF3,New,2026,,Ho Chi Minh City,19097879,279000000,True,True,,Not mentioned,True,False,"VinFast VF3 PLUS, CHỈ CẦN ĐƯA TRƯỚC 50 CỦ 🔥"
134611255,legacy_unknown_crawl_date,,False,VF3,VF3,New,2026,,Ho Chi Minh City,1169297,285000000,True,False,upfront_price_match,Not mentioned,True,True,"VinFast VF3 ECO CHỈ TỪ 285TR, TRẢ TRƯỚC CHỈ 45TR"
133945425,legacy_unknown_crawl_date,,False,Limo Green,Limo Green,New,2026,,Hanoi,11762976,590000000,True,True,,Not mentioned,False,True,"LIMO GREEN MÀU BẠC – HIỆN ĐẠI, 2026"
133019374,legacy_unknown_crawl_date,,False,VF5 Plus,VF5,Used,2024,30000.0,Ho Chi Minh City,115539,390000000,True,True,,Not mentioned,False,False,VF5 Plus 2024 - Chính chủ bán - FREE Sạc - BSSG
134610923,legacy_unknown_crawl_date,,False,VF3,VF3,Used,2025,13000.0,Ho Chi Minh City,21957608,255000000,True,True,,Not mentioned,False,False,VinFast VF3 2025 Xanh lá Ghế da
134478273,legacy_unknown_crawl_date,,False,VF8,VF8,New,2026,,Hanoi,11762976,807000000,True,True,,Not mentioned,False,False,VINFAST VF8 ALL NEW 2026
134610767,legacy_unknown_crawl_date,,False,EC VAN,EC VAN,New,2026,,Ho Chi Minh City,1169297,248000000,True,True,,Not mentioned,True,True,VINFAST EC VAN GIẢM 20TR - TRẢ TRƯỚC CHỈ 30TR
134563179,legacy_unknown_crawl_date,,False,VF3,VF3,Used,2024,20000.0,Hanoi,316317,189000000,True,True,,Not mentioned,False,False,VinFast VF3 2024 Xanh rêu 20000 km
129091320,legacy_unknown_crawl_date,,False,Limo Green,Limo Green,New,2026,,Ho Chi Minh City,69212,664000000,True,True,,Not mentioned,True,True,🚀 LIMO GREEN - Trả 7O Triệu- Bao Hồ Sơ - Giao Ngay
133945276,legacy_unknown_crawl_date,,False,Limo Green,Limo Green,New,2026,,Hanoi,11762976,590000000,True,True,,Not mentioned,False,True,LIMO GREEN TRẮNG –TINH TẾ VÀ SANG TRỌNG 2026
133945368,legacy_unknown_crawl_date,,False,Limo Green,Limo Green,New,2026,,Hanoi,11762976,590000000,True,True,,Not mentioned,False,True,LIMO GREEN ĐEN – QUYỀN LỰC VÀ CUỐN HÚT
133327118,legacy_unknown_crawl_date,,False,Limo Green,Limo Green,Used,2026,16.0,Ho Chi Minh City,19065850,46000000,True,False,low_price_review,Not mentioned,True,True,"Limo Green hỗ trợ nợ xấu, duyệt nhanh vay 90%"
132811729,legacy_unknown_crawl_date,,False,EC VAN,EC VAN,New,2026,,Ho Chi Minh City,1133534,238000000,True,True,,Not mentioned,False,False,"Xe tải điện VinFast EC Van mới 100%, đủ màu,sẵn HS"
133202110,legacy_unknown_crawl_date,,False,VF5,VF5,New,2026,,Ho Chi Minh City,31770148,420000000,True,True,,Not mentioned,True,True,VINFAST VF 5 SẴN XE GIAO NGAY 40 TR TRẢ TRƯỚC
133896375,legacy_unknown_crawl_date,,False,VF3,VF3,Used,2024,26000.0,Ho Chi Minh City,4597408,198000000,True,True,,Rental mentioned,False,False,VinFast VF3 sạc miển phí kg giới hạn pin thuê
134527840,legacy_unknown_crawl_date,,False,VF2,VF2,New,2026,,Ho Chi Minh City,31770148,150000000,True,True,,Not mentioned,True,True,VinFast VF 2 TRẢ TRƯỚC 0Đ NHẬN XE VOUCHER XE XĂNG
134446303,legacy_unknown_crawl_date,,False,VF3,VF3,Used,2025,13000.0,Thanh Hoa,13498102,265000000,True,True,,Purchase mentioned,False,False,VinFast VF3 2025 Trắng Xe ô tô điện
133487693,legacy_unknown_crawl_date,,False,VF3,VF3,New,2026,,Hanoi,384603,187000000,True,True,,Not mentioned,True,True,VinFast VF3 Trắng Hỗ trợ vay trả góp 80%
134607753,legacy_unknown_crawl_date,,False,VF6,VF6,Used,2025,20000.0,Ho Chi Minh City,32585676,625000000,True,True,,Purchase mentioned,False,False,[CHÍNH CHỦ BÁN] VF6 PLUS cuối 2025 - BIỂN TPHCM.
131080054,legacy_unknown_crawl_date,,False,Limo Green,Limo Green,New,2026,6.0,Ho Chi Minh City,19065850,42000000,True,False,low_price_review,Not mentioned,False,True,"Vinfast Limo Green hỗ trợ hồ sơ nợ xấu,duyệt nhanh"
134083863,legacy_unknown_crawl_date,,False,MPV 7,MPV7,New,2026,,Ho Chi Minh City,30732398,620750000,True,True,,Not mentioned,True,True,VF MPV7 2026 XÁM GIÁ CHỈ 621TR NẾU ĐỦ ĐIỀU KIỆN
134074908,legacy_unknown_crawl_date,,False,VF3,VF3,New,2025,,Ho Chi Minh City,30732398,195000000,True,True,,Not mentioned,False,True,VF3 ĐỎ RUBY 2026 - GIÁ CHỈ 195TR NẾU ĐỦ ĐIỀU KIỆN
133686488,legacy_unknown_crawl_date,,False,MPV 7,MPV7,New,2026,,Ho Chi Minh City,28004425,693000000,True,True,,Not mentioned,False,True,VINFAST MPV7 ƯU ĐÃI - TẶNG CAMERA 360 CHÍNH HÃNG.
133729050,legacy_unknown_crawl_date,,False,Limo Green,Limo Green,Used,2026,26.0,Ho Chi Minh City,19065850,568000000,True,True,,Not mentioned,True,True,"VinFast Limo Green hỗ trợ nợ xấu,duyệt nhanh"
134606503,legacy_unknown_crawl_date,,False,Limo Green,Limo Green,Used,2026,176.0,Ho Chi Minh City,32583107,620000000,True,True,,Not mentioned,False,False,VinFast Limo Green 26-176KM-XE CHƯA LĂN BÁNH
134083087,legacy_unknown_crawl_date,,False,VF5 Plus,VF5,New,2025,,Ho Chi Minh City,30732398,350000000,True,True,,Not mentioned,True,True,VF5 PLUS ĐỎ RUBY 2026 – GIÁ CHỈ ~350TR NẾU ĐỦ ĐK
134606250,legacy_unknown_crawl_date,,False,VF3,VF3,Used,2025,5100.0,Hanoi,15480463,270000000,True,True,,Purchase mentioned,False,False,VinFast VF3 2025 Điện Hồng
134605490,legacy_unknown_crawl_date,,False,VFe34,VFe34,Used,2022,71000.0,Ho Chi Minh City,19045634,335000000,True,True,,Rental mentioned,False,False,Vinfast VFe34 2022 Tiên Phong Free Sạc Ko giới han
133461419,legacy_unknown_crawl_date,,False,VF3,VF3,New,2026,,Ho Chi Minh City,17973966,296000000,True,True,,Not mentioned,False,True,🚗 VINFAST VF 3 PLUS – SẴN XE GIAO LIỀN
134604781,legacy_unknown_crawl_date,,False,Limo Green,Limo Green,New,2026,,Hanoi,25798394,579000000,True,True,,Not mentioned,False,False,VinFast Limo Green Ô tô điện Đa dạng
134604007,legacy_unknown_crawl_date,,False,VF5 Plus,VF5,New,2026,0.0,Dong Nai,20886578,435000000,True,True,,Not mentioned,False,True,VinFast VF5 Plus Tháng 9
134540875,legacy_unknown_crawl_date,,False,VF5 Plus,VF5,New,2026,,Hanoi,32556154,496000000,True,True,,Not mentioned,False,True,VinFast VF5 Plus 2026 SUV Đủ màu
134244312,legacy_unknown_crawl_date,,False,VF8,VF8,New,2026,,Ho Chi Minh City,32203588,850000000,True,True,,Not mentioned,True,True,VinFast VF8 THẾ HỆ MỚI / All New - Cọc tiên phong
134370192,legacy_unknown_crawl_date,,False,VF7,VF7,New,2026,,Ho Chi Minh City,32203588,718000000,True,True,,Not mentioned,True,True,VinFast VF7 Plus  / Đủ màu 🆘Áp hết các voucher🆘
134238525,legacy_unknown_crawl_date,,False,EC VAN,EC VAN,New,2026,,Ho Chi Minh City,26269824,238000000,True,True,,Not mentioned,True,True,Vinfast Ecvan 2026 Giá Tốt - Bao hồ sơ khó
134506789,legacy_unknown_crawl_date,,False,VF2,VF2,New,2026,,Ho Chi Minh City,26269824,180000000,True,True,,Not mentioned,True,True,Vinfast VF2 2026 Giao Sớm
134248481,legacy_unknown_crawl_date,,False,MPV 7,MPV7,New,2026,,Ho Chi Minh City,26269824,699000000,True,True,,Not mentioned,True,True,Vinfast Mpv7 2026 Giá Tốt | Hỗ trợ góp 95%
134602198,legacy_unknown_crawl_date,,False,VF3,VF3,Used,2025,19000.0,Ho Chi Minh City,2269560,249000000,True,True,,Purchase mentioned,False,False,VinFast VF3 T6/2025 màu Trắng Pin mua xe đẹp
133775728,legacy_unknown_crawl_date,,False,VF7,VF7,Used,2025,65000.0,Hanoi,8944839,585000000,True,True,,Not mentioned,True,True,"Vinfast VF7 eco 2025 miễn phí sạc, 6v km"
134602012,legacy_unknown_crawl_date,,False,VF5,VF5,New,2026,,Ho Chi Minh City,15986798,436000000,True,True,,Not mentioned,True,True,VinFast VF5
134504212,legacy_unknown_crawl_date,,False,VF6,VF6,New,2026,,Ho Chi Minh City,26269824,654000000,True,True,,Not mentioned,True,True,Vinfast VF6 Plus 2026 Trắng | Hỗ trợ góp 95%
134601853,legacy_unknown_crawl_date,,False,VF3,VF3,Used,2026,11000.0,Ho Chi Minh City,18029334,268000000,True,True,,Purchase mentioned,False,False,"VinFast VF3 Eco 04/2026 đi 11,000km Quận 7"
134601844,legacy_unknown_crawl_date,,False,Herio Green,Herio Green,New,2026,,Ho Chi Minh City,31965042,420000000,True,True,,Not mentioned,False,False,VinFast HERIO GREEN Trắng 5 chỗ điện
134601377,legacy_unknown_crawl_date,,False,EC VAN,EC VAN,New,2026,,Ho Chi Minh City,31965042,264000000,True,True,,Not mentioned,False,True,VinFast EC Van
130793708,legacy_unknown_crawl_date,,False,VF5,VF5,New,2026,,Ho Chi Minh City,16075472,466000000,True,True,,Not mentioned,False,False,KINH DOANH VF5 THAY ĐỔI CUỘC SỐNG
120547409,legacy_unknown_crawl_date,,False,VF7,VF7,New,2025,,Ho Chi Minh City,16075472,740000000,True,True,,Not mentioned,True,True,SỞ HỮU VINFAST VF7 DỄ DÀNG CHỈ 120TR NHẬN XE
134254756,legacy_unknown_crawl_date,,False,VF3,VF3,Used,2025,6000.0,Ho Chi Minh City,5202667,270000000,True,True,,Purchase mentioned,False,False,VinFast VF 3 2026 Vàng nóc Trắng
134582146,legacy_unknown_crawl_date,,False,Limo Green,Limo Green,New,2026,,Can Tho City,2962964,79000000,True,False,low_price_review,Not mentioned,True,True,🚘 Limo Green Mới 2026 chỉ trả 79tr nhận xe
134600668,legacy_unknown_crawl_date,,False,VF6,VF6,Used,2026,14000.0,Hanoi,18219603,608000000,True,True,,Not mentioned,False,False,VinFast VF6 Plus 2026 Trắng Siêu Lướt
132489998,legacy_unknown_crawl_date,,False,VF8,VF8,New,2026,,Da Nang City,16075472,898000000,True,True,,Not mentioned,False,False,VF8 Eco Xe Sẵn–Chốt Hồ Sơ Nhanh–VAY ĐẾN 100%
134600555,legacy_unknown_crawl_date,,False,VF6,VF6,Used,2025,40000.0,Hanoi,32581896,598000000,True,True,,Not mentioned,False,False,VinFast VF6 Plus 2025 Trắng 4 vạn
134573612,legacy_unknown_crawl_date,,False,VF3,VF3,New,2026,,Hanoi,30072257,285000000,True,True,,Not mentioned,False,False,VinFast VF3 Xanh Ngọc 4chỗ
133587129,legacy_unknown_crawl_date,,False,EC VAN,EC VAN,New,2026,,Ho Chi Minh City,16075472,268000000,True,True,,Not mentioned,False,True,EC VAN NỢ XẤU VẪN MUA HỖ TRỢ ĐẬU 100%
134570737,legacy_unknown_crawl_date,,False,EC VAN,EC VAN,New,2026,,Ho Chi Minh City,17407422,248000000,True,True,,Not mentioned,True,True,VinFast EC VAN Xe tải điện 2026 chỉ từ 4Tr/Th
134584198,legacy_unknown_crawl_date,,False,VF8,VF8,Used,2024,19000.0,Ho Chi Minh City,21120147,929000000,True,True,,Purchase mentioned,True,True,VinFast VF8 Plus 2024 Xanh Rêu 19.000 Km
134314697,legacy_unknown_crawl_date,,False,VF5,VF5,New,2026,,Ho Chi Minh City,16075472,471000000,True,True,,Not mentioned,False,False,VF5 MUA NGAY HÔM NAY VAY 90% KHÔNG LO VỐN
134018578,legacy_unknown_crawl_date,,False,VF8,VF8,Used,2024,42000.0,Hanoi,18315300,810000000,True,True,,Both mentioned,False,True,"VF8 ECO VIN24 – MUA PIN CATL, GIÁ NÀY KHÔNG CHỐT T"
133785776,legacy_unknown_crawl_date,,False,VF7,VF7,New,2026,,Ho Chi Minh City,17973966,830000000,True,True,,Not mentioned,False,False,VinFast VF 7 Plus - Tặng Flim cam sàn
133712910,legacy_unknown_crawl_date,,False,VF7,VF7,New,2026,,Ho Chi Minh City,16075472,730000000,False,False,title_model_conflict,Not mentioned,True,True,VF MPV 7 GIÁ ƯU ĐÃI THÁNG 7 - BAO HS XẤU
134570756,legacy_unknown_crawl_date,,False,VF7,VF7,New,2026,,Ho Chi Minh City,17407422,689000000,True,True,,Not mentioned,True,True,VinFast VF 7 Xám 2026  chỉ từ 70 Triệu đồng
134599374,legacy_unknown_crawl_date,,False,Herio Green,Herio Green,Used,2025,20000.0,Ho Chi Minh City,12327634,359000000,True,True,,Purchase mentioned,False,False,Vinfast HeriO Green 2025 Hạng A Bạc
134571438,legacy_unknown_crawl_date,,False,VF5 Plus,VF5,Used,2025,22000.0,Ho Chi Minh City,30328282,405000000,True,True,,Not mentioned,False,False,VinFast VF 5 Xám Xe điện
133646214,legacy_unknown_crawl_date,,False,VF6,VF6,New,2026,,Da Nang City,15745547,630000000,True,True,,Not mentioned,False,True,"VinFast VF6 ƯU ĐÃI KHỦNG,  GIAO NGAY, ĐỦ MÀU"
132891471,legacy_unknown_crawl_date,,False,VF5,VF5,New,2026,,Ho Chi Minh City,16075472,471000000,True,True,,Not mentioned,True,False,VF5 ĐƯA 55TR NHẬN XE - HỒ SƠ KHÓ EM LO
133538697,legacy_unknown_crawl_date,,False,VF8,VF8,Used,2023,47000.0,Hanoi,18315300,810000000,True,True,,Not mentioned,False,False,VinFast VF 8 Plus 2 cầu AWD Đen giá chỉ 8xx nhỏ
133332149,legacy_unknown_crawl_date,,False,Limo Green,Limo Green,New,2026,,Ho Chi Minh City,24068396,570000000,True,True,,Not mentioned,True,True,𝗩𝗶𝗻𝗙𝗮𝘀𝘁 𝗟𝗶𝗺𝗼 𝗚𝗿𝗲𝗲𝗻 𝟮𝟬𝟮𝟲 𝗧𝗿𝗮̉ 𝘁𝗿ư𝗼̛́𝗰 chỉ 𝟱𝟳 𝘁𝗿𝗶ệ𝘂
132957169,legacy_unknown_crawl_date,,False,VF5 Plus,VF5,New,2026,,Da Nang City,15745547,439999999,True,True,,Not mentioned,False,True,"VinFast VF5 PLUS ƯU ĐÃI KHỦNG, GIAO NGAY, ĐỦ MÀU"
122764182,legacy_unknown_crawl_date,,False,VF5,VF5,New,2026,,Ho Chi Minh City,16075472,471000000,True,True,,Not mentioned,True,False,"QUÁ DỄ DÀNG ""THU NHẬP"" 50TR/THÁNG CÙNG VINFAST VF5"
132957033,legacy_unknown_crawl_date,,False,Limo Green,Limo Green,New,2026,,Da Nang City,15745547,620000000,True,True,,Not mentioned,False,True,"VinFast LIMO GREEM, ƯU ĐÃI KHỦNG, GIAO NGAY"
121661821,legacy_unknown_crawl_date,,False,VF8,VF8,New,2026,,Ho Chi Minh City,16075472,898000000,True,True,,Not mentioned,True,True,"SỞ HỮU VF8 HỎA LONG–VAY 85%, DUYỆT HS SIÊU TỐC!"
122962417,legacy_unknown_crawl_date,,False,VF9,VF9,New,2026,,Ho Chi Minh City,16075472,1348000000,True,True,,Not mentioned,True,True,"VinFast VF9 - ĐỦ MÀU GIAO NGAY BAO ""BANK 90%"""
133525618,legacy_unknown_crawl_date,,False,VF3,VF3,Used,2025,19.0,Hanoi,1366639,232000000,True,True,,Purchase mentioned,False,False,"VinFast VF3 2025 Vàng 1,9V"
133577119,legacy_unknown_crawl_date,,False,VF3,VF3,Used,2025,12000.0,Hanoi,1366639,242000000,True,True,,Purchase mentioned,False,False,VinFast VF3 2025 Xanh 12000 km
134570775,legacy_unknown_crawl_date,,False,VF5,VF5,New,2026,,Ho Chi Minh City,17407422,426000000,True,True,,Not mentioned,True,True,VinFast VF 5 Plus giảm 70 triệu | ko chính sách
133460904,legacy_unknown_crawl_date,,False,VF5 Plus,VF5,New,2026,,Ho Chi Minh City,17005303,47100000,True,False,low_price_review,Not mentioned,False,True,Vinfast VF5 Plus 2026 Đa dạng
133461237,legacy_unknown_crawl_date,,False,Limo Green,Limo Green,New,2026,,Ho Chi Minh City,17005303,68000000,True,False,low_price_review,Not mentioned,False,True,Vinfast Limo Green 2026 98tr hỗ trợ anh em nợ xấu
134574271,legacy_unknown_crawl_date,,False,VF5 Plus,VF5,New,2026,,Can Tho City,2962964,39000000,True,False,low_price_review; upfront_price_match,Not mentioned,True,True,🚘 VF5 Plus. Chỉ cần 39 triệu nhận xe
133747838,legacy_unknown_crawl_date,,False,VF3,VF3,Used,2025,0.0,Hanoi,1366639,235000000,True,True,,Purchase mentioned,False,False,VinFast VF3 2025 Xanh dương
134571131,legacy_unknown_crawl_date,,False,VF3,VF3,New,2026,,Da Nang City,13623990,259000000,True,True,,Not mentioned,True,False,VINFAST VF3 – CHỈ 50 TRIỆU NHẬN XE NGAY
134584858,legacy_unknown_crawl_date,,False,VF3,VF3,Used,2025,49500.0,Gia Lai,19136903,195000000,True,True,,Rental mentioned,False,False,Vinfast VF3 Thuê Pin lên Full đồ chơi odo 49.500km
134570732,legacy_unknown_crawl_date,,False,MPV 7,MPV7,New,2026,,Ho Chi Minh City,17407422,0,True,False,nonpositive_price; low_price_review,Not mentioned,True,True,VinFast MPV 7 2026 chỉ từ 7 Triệu/tháng
134414266,legacy_unknown_crawl_date,,False,VF3,VF3,New,2026,,Hanoi,1366639,269000000,True,True,,Purchase mentioned,False,False,VinFast VF3 Plus 2026 Trắng Điện
134573112,legacy_unknown_crawl_date,,False,VF5,VF5,New,2026,,Da Nang City,13623990,430000000,True,True,,Not mentioned,True,True,VINFAST VF5 – ƯU ĐÃI LỚN - ra biển 43x triệu
134570744,legacy_unknown_crawl_date,,False,Limo Green,Limo Green,New,2026,,Ho Chi Minh City,17407422,0,True,False,nonpositive_price; low_price_review,Not mentioned,True,True,VinFast Limo Green giảm hơn 50 triệu ko chính sách
134573730,legacy_unknown_crawl_date,,False,VF8,VF8,New,2026,,Hanoi,30072257,878000000,True,True,,Not mentioned,True,True,VinFast VF8 All New Eco 5 chỗ Đen
134596207,legacy_unknown_crawl_date,,False,VF8,VF8,Used,2023,90000.0,Dong Nai,32580416,550000000,True,True,,Not mentioned,False,False,VinFast VF8 ECO 2023 Xanh Việt Nam
134583862,legacy_unknown_crawl_date,,False,Limo Green,Limo Green,Used,2025,0.0,Hanoi,1616819,590000000,True,True,,Not mentioned,False,False,VinFast Limo Green AT 2025 - 590 Triệu
134414181,legacy_unknown_crawl_date,,False,VF3,VF3,Used,2026,6000.0,Hanoi,1366639,269000000,True,True,,Purchase mentioned,False,False,VinFast VF3 Plus 2026 Trắng 6000 km
133971944,legacy_unknown_crawl_date,,False,Limo Green,Limo Green,Used,2025,10.0,Ho Chi Minh City,5246522,630000000,True,True,,Not mentioned,False,False,VinFast Limo Green 2025 Cam Kết Như Mới
134149429,legacy_unknown_crawl_date,,False,VF6,VF6,New,2026,,Hanoi,1366639,575000000,True,True,,Not mentioned,False,False,VinFast VF6 Eco 2026 Đỏ
131267835,legacy_unknown_crawl_date,,False,MPV 7,MPV7,New,2026,,Ho Chi Minh City,4406425,660000000,True,True,,Not mentioned,False,True,VINFAST MVP7 GIÁ CỰC NÉT 660TR CHƯA BAO GỒM CTKM
133705509,legacy_unknown_crawl_date,,False,VF2,VF2,New,2026,,Ho Chi Minh City,19097879,180000000,True,True,,Not mentioned,False,True,"VinFast VF2, ĐẶT CỌC NGAY CẢ NHÀ ƠI 🔥"
134258818,legacy_unknown_crawl_date,,False,VF6,VF6,Used,2025,65000.0,Ho Chi Minh City,4160433,518000000,True,True,,Purchase mentioned,False,False,VINFAST VF6 ECO 2025 PIN MUA SẠC KGH LÊN 30TR PK
134201569,legacy_unknown_crawl_date,,False,MPV 7,MPV7,New,2026,,Ho Chi Minh City,16523978,730000000,True,True,,Not mentioned,False,True,Vinfast MVP7 New giá tốt tháng 8
134595327,legacy_unknown_crawl_date,,False,VF6,VF6,New,2026,,Hanoi,2038609,575000000,True,True,,Not mentioned,False,False,Thanh lý VinFast VF6Eco Trắng + Xám mới 100% 575Tr
134482955,legacy_unknown_crawl_date,,False,VF8,VF8,New,2026,,Ho Chi Minh City,24742361,840000000,True,True,,Not mentioned,False,False,VinFast VF8 All New Đen Giao Ngay
134041388,legacy_unknown_crawl_date,,False,VF6,VF6,Used,2024,66000.0,Ho Chi Minh City,4160433,506000000,True,True,,Purchase mentioned,False,False,VINFAST VF6 S 2024 PIN MUA SẠC KO GIỚI HẠN 20TR PK
134259177,legacy_unknown_crawl_date,,False,VF8,VF8,Used,2024,18000.0,Ho Chi Minh City,4160433,665000000,True,True,,Purchase mentioned,False,False,VINFAST VF8 S LUX 2024 PIN MUA CATL GIA ĐÌNH LƯỚT
134058683,legacy_unknown_crawl_date,,False,MPV 7,MPV7,New,2026,,Ho Chi Minh City,15209344,612000000,True,True,,Not mentioned,True,True,VinFast MPV7 NEW  tặng thêm camera 360
134218722,legacy_unknown_crawl_date,,False,VF6,VF6,Used,2024,20000.0,Ho Chi Minh City,4160433,545000000,True,True,,Purchase mentioned,False,False,VINFAST VF6 S 2024 PIN MUA XE GIA ĐÌNH LƯỚT
134594251,legacy_unknown_crawl_date,,False,VF3,VF3,Used,2025,21000.0,Ho Chi Minh City,13419677,210000000,True,True,,Rental mentioned,False,False,VF3 2025 PIN THUÊ. Trang bị nhiều Phụ Kiện.
134554309,legacy_unknown_crawl_date,,False,VF5 Plus,VF5,Used,2025,5000.0,Ho Chi Minh City,10327842,410000000,True,True,,Purchase mentioned,False,False,VinFast VF 5 Plus Cam Điện
134218370,legacy_unknown_crawl_date,,False,VF6,VF6,Used,2025,44000.0,Ho Chi Minh City,4160433,575000000,True,True,,Purchase mentioned,False,False,VINFAST VF6 PLUS 2025 PIN MUA SẠC KO GIỚI HẠN
134593779,legacy_unknown_crawl_date,,False,VF8,VF8,Used,2025,3000.0,Hanoi,18219603,860000000,True,True,,Not mentioned,False,False,VinFast VF8 Plus 2025 Xám 3000 km
133074909,legacy_unknown_crawl_date,,False,VF6,VF6,New,2026,,Ho Chi Minh City,1133534,634000000,True,True,,Not mentioned,True,True,"Vinfast VF6 ECO mới, chỉ 95 triệu lấy xe về luôn"
134213569,legacy_unknown_crawl_date,,False,VF8,VF8,Used,2024,76000.0,Ho Chi Minh City,4160433,745000000,True,True,,Purchase mentioned,False,False,VINFAST VF8 PLUS 2024 PIN MUA XE GIA ĐÌNH SẠC KGH
134238826,legacy_unknown_crawl_date,,False,VF5,VF5,Used,2024,72000.0,Ho Chi Minh City,4160433,368000000,True,True,,Purchase mentioned,False,False,VINFAST VF5 PLUS 2024 PIN MUA SẠC KO GIỚI HẠN
134287946,legacy_unknown_crawl_date,,False,VF9,VF9,Used,2025,10000.0,Ho Chi Minh City,4160433,1195000000,True,True,,Purchase mentioned,False,False,VINFAST VF9 PLUS 2025 PIN MUA BẢN 6 GHẾ SẠC KGH
134591856,legacy_unknown_crawl_date,,False,Limo Green,Limo Green,Used,2025,29999.0,Ho Chi Minh City,20851984,612000000,True,True,,Not mentioned,False,False,VinFast LimoGreen 2025 Bạc
134552481,legacy_unknown_crawl_date,,False,VF5,VF5,Used,2026,0.0,Phu Tho,14695728,420000000,True,True,,Not mentioned,False,False,VF5
134176617,legacy_unknown_crawl_date,,False,VF5 Plus,VF5,Used,2024,58000.0,Ho Chi Minh City,26338616,358000000,True,True,,Purchase mentioned,False,False,VinFast VF5 Plus mua pin sạc miên phí
133547038,legacy_unknown_crawl_date,,False,VF8,VF8,Used,2022,60000.0,Ho Chi Minh City,32093980,549000000,True,True,,Both mentioned,False,False,VinFast VF8 Eco AWD 2022 xe nhà còn thương lượng
131003898,legacy_unknown_crawl_date,,False,VF3,VF3,New,2026,,Hanoi,23724245,198000000,True,True,,Not mentioned,False,False,Xe điện VinFast VF 3 Nhiều màu giao ngay giá tốt
134025567,legacy_unknown_crawl_date,,False,VF6,VF6,New,2026,,Ho Chi Minh City,28004425,600000000,True,True,,Not mentioned,True,True,"VinFast VF6 - GIÁ TỐT -SẴN XE, ĐỦ MÀU - GIAO NGAY!"
134588877,legacy_unknown_crawl_date,,False,VF3,VF3,Used,2025,4000.0,Hanoi,32232346,268000000,True,True,,Purchase mentioned,False,False,VinFast VF3 TC1 2025 Trắng 4000km
133877154,legacy_unknown_crawl_date,,False,VF8,VF8,New,2026,,Ho Chi Minh City,32134296,848000000,True,True,,Not mentioned,True,True,VinFast VF 8 All New Giảm 51 Triệu Cọc Tiên Phong
130280840,legacy_unknown_crawl_date,,False,Limo Green,Limo Green,New,2026,,Ho Chi Minh City,18919731,664000000,True,True,,Not mentioned,True,True,VinFast Limo Green đủ màu- Trả trước chỉ 80 Triệu
133965848,legacy_unknown_crawl_date,,False,VF5 Plus,VF5,New,2026,,Ho Chi Minh City,18919731,644000000,False,False,title_model_conflict,Not mentioned,False,False,🔥 MUA LIMO GREEN ĐỦ MÀU-GIAO NGAY-VAY NHANH-90%
133586559,legacy_unknown_crawl_date,,False,EC VAN,EC VAN,New,2026,,Ho Chi Minh City,18919731,268000000,True,True,,Not mentioned,False,True,"VinFast EC Van Điện Đỏ, Vàng, Xanh lá, Trắng"
133831320,legacy_unknown_crawl_date,,False,VF5,VF5,New,2026,,Ho Chi Minh City,18919731,471000000,True,True,,Not mentioned,False,False,VinFast VF5 BAO HỒ SƠ NẬU XẤU
130989017,legacy_unknown_crawl_date,,False,VF7,VF7,New,2026,,Ho Chi Minh City,18919731,740000000,True,True,,Not mentioned,True,True,"VF7 – TRẢ GÓP 85%, KHÔNG CẦN CHỨNG MINH THU NHẬP!"
133733673,legacy_unknown_crawl_date,,False,Limo Green,Limo Green,New,2026,,Ho Chi Minh City,19065850,568000000,True,True,,Not mentioned,False,True,"Limo Green hỗ trợ nợ xấu, ƯU ĐÃI KHỦNG T7/2026"
132404981,legacy_unknown_crawl_date,,False,VF8,VF8,New,2026,,Ho Chi Minh City,18919731,848000000,True,True,,Not mentioned,True,True,VINFAST VF8 ECO GIÁ ƯU ĐÃI - VAY 90%
130866745,legacy_unknown_crawl_date,,False,VF5,VF5,New,2026,,Ho Chi Minh City,18919731,471000000,True,True,,Not mentioned,True,True,"VF5 55TR NHẬN XE, BAO NỢ XẤU,GÓP 1THÁNG 7Tr3"
133152894,legacy_unknown_crawl_date,,False,MPV 7,MPV7,New,2026,,Ho Chi Minh City,18919731,730000000,True,True,,Not mentioned,False,False,MPV 7 CHỖ 80TR NHẬN XE-BAO NỢ XẤU NHẤT
120558827,legacy_unknown_crawl_date,,False,VF8,VF8,New,2026,,Ho Chi Minh City,18919731,896000000,True,True,,Not mentioned,True,False,VINFATS VF8 PLUS VAY NET 90% BAO HỒ SƠ KHÓ!
134586200,legacy_unknown_crawl_date,,False,VF5 Plus,VF5,Used,2025,9.0,Hanoi,417947,330000000,True,True,,Not mentioned,False,False,VinFast VF5 Plus 2025 Vàng 9 vạn
134584555,legacy_unknown_crawl_date,,False,Limo Green,Limo Green,New,2026,,Ho Chi Minh City,31981264,660000000,True,True,,Not mentioned,True,False,VinFast Limo Green Ô tô điện
120266453,legacy_unknown_crawl_date,,False,Limo Green,Limo Green,New,2026,,Ho Chi Minh City,16075472,664000000,True,True,,Not mentioned,True,True,"LIMO GREEN VAY DỄ, BAO HS KHÓ, BANK 90%"
134584496,legacy_unknown_crawl_date,,False,VF8,VF8,Used,2023,52083.0,Ho Chi Minh City,1133534,680000000,True,True,,Not mentioned,False,True,VINFAST VF8 PLUS đẹp free sạc Giá chỉ 680 Tr KM
134584454,legacy_unknown_crawl_date,,False,Dòng khác,Dòng khác,Used,2026,0.0,Hanoi,32510914,632000000,False,False,unknown_ev_model; title_model_conflict,Not mentioned,True,True,Vinfast Mpv7 Trắng
132490100,legacy_unknown_crawl_date,,False,VF7,VF7,New,2026,,Ho Chi Minh City,16075472,740000000,True,True,,Not mentioned,True,True,🚘 Chốt VinFast VF7 Hôm Nay – Ưu Đãi Chồng Ưu Đãi!
134584077,legacy_unknown_crawl_date,,False,VF8,VF8,Used,2023,42000.0,Hanoi,1616819,720000000,True,True,,Not mentioned,False,False,VinFast VF8 Plus AWD 2023 - 720 Triệu
134314204,legacy_unknown_crawl_date,,False,VF5,VF5,New,2026,,Ho Chi Minh City,16075472,471000000,True,True,,Not mentioned,True,False,"VF5 HỖ TRỢ KHÁCH HÀNG NHÓM 4,5"
134213975,legacy_unknown_crawl_date,,False,VF5,VF5,New,2026,,Ho Chi Minh City,23646258,406000000,True,False,upfront_price_match,Not mentioned,True,False,🔥 𝐕𝐅𝟓 𝟐𝟎𝟐𝟔 • Từ 400tr 2𝟎𝐓𝐑 𝐍𝐇𝐀̣̂𝐍 𝐗𝐄 • 𝐗𝐄 𝐆𝐈𝐀𝐎 𝐍𝐆𝐀𝐘
120555581,legacy_unknown_crawl_date,,False,VF8,VF8,New,2026,,Ho Chi Minh City,16075472,898000000,True,True,,Not mentioned,True,True,VINFATS VF8 LUX PLUS BAO BANK 90%-TẶNG 2 NĂM SẠC
134583578,legacy_unknown_crawl_date,,False,VF8,VF8,Used,2022,10000.0,Hai Phong City,21419378,666000000,True,True,,Both mentioned,False,False,VinFast VF8 Plus 2022 Bạc 10.000 km
134314584,legacy_unknown_crawl_date,,False,VF5,VF5,New,2026,,Ho Chi Minh City,16075472,471000000,True,True,,Not mentioned,False,False,"VinFast VF5 51TR NHẬN XE, VAY 90%"
134583308,legacy_unknown_crawl_date,,False,Minio Green,Minio Green,Used,2026,7.0,Ho Chi Minh City,21562577,188000000,True,True,,Not mentioned,False,False,𝐌𝐢𝐧𝐢𝐨 𝐆𝐫𝐞𝐞𝐧 𝐓𝐫𝐚̆́𝐧𝐠 - 𝐍𝐡𝐮̛ 𝐌𝐨̛́𝐢 𝐨𝐝𝐨 𝟕𝐤𝐦-𝐅𝐫𝐞𝐞 𝐬𝐚̣𝐜
122766184,legacy_unknown_crawl_date,,False,VF5,VF5,New,2026,,Ho Chi Minh City,16075472,471000000,True,True,,Not mentioned,True,False,VF5 TẶNG 50 TRIỆU ĐỒNG-CƠ HỘI LÀM GIÀU CỰC NHANH!
134314798,legacy_unknown_crawl_date,,False,Limo Green,Limo Green,New,2026,,Ho Chi Minh City,16075472,848000000,True,True,,Not mentioned,True,False,VinFast Limo Green 7 chỗ 91TR NHẬN XE
134582795,legacy_unknown_crawl_date,,False,VF3,VF3,New,2026,,Hanoi,18219603,283000000,True,True,,Not mentioned,False,False,VinFast VF3 Plus Trắng Mới 100%
134582523,legacy_unknown_crawl_date,,False,VF3,VF3,Used,2024,29.0,Dong Nai,31755470,350000000,True,True,,Not mentioned,False,False,VinFast VF3 2024 Trắng Xe điện
132233948,legacy_unknown_crawl_date,,False,VF7,VF7,New,2026,,Ho Chi Minh City,31426322,700000000,True,True,,Not mentioned,False,True,VINFAST VF7 - 105 TRIỆU NHẬN XE- BAO HỒ SƠ KHÓ
133623172,legacy_unknown_crawl_date,,False,VF3,VF3,New,2026,,Ho Chi Minh City,21648513,279000000,True,True,,Not mentioned,True,True,VF 3 XE SẴN ĐỦ MÀU GIAO NGAY TRẢ TRƯỚC 49 TRIỆU
130953961,legacy_unknown_crawl_date,,False,VF3,VF3,New,2026,,Da Nang City,2766240,279000000,True,True,,Not mentioned,False,True,VinFast VF3 2026 ECO
132213234,legacy_unknown_crawl_date,,False,VF6,VF6,New,2026,,Ho Chi Minh City,31426322,550000000,True,True,,Not mentioned,False,True,VINFAST VF6 - 85 TRIỆU NHẬN XE- BAO HỒ SƠ KHÓ
134561931,legacy_unknown_crawl_date,,False,Limo Green,Limo Green,New,2026,,Ho Chi Minh City,26269824,639000000,True,True,,Not mentioned,True,True,Vinfast Limo Green 2026 Giá Tốt | Hỗ trợ góp 95%
134554451,legacy_unknown_crawl_date,,False,VF3,VF3,New,2026,,Ho Chi Minh City,31426322,276000000,True,True,,Not mentioned,False,True,VinFast VF3- 42 TRIỆU NHẬN XE- ĐỦ MÀU GIAO LIỀN
132116556,legacy_unknown_crawl_date,,False,VF9,VF9,New,2026,,Ho Chi Minh City,27487996,1179000000,True,True,,Not mentioned,True,True,VinFast VF9   - ĐỦ MÀU CÓ XE LIỀN
134566315,legacy_unknown_crawl_date,,False,VF8,VF8,Used,2023,90301.0,Ho Chi Minh City,17276119,600000000,True,True,,Rental mentioned,False,False,VinFast VF8 Eco 2023 Trắng 90301 km
132196484,legacy_unknown_crawl_date,,False,VF8,VF8,New,2026,,Ho Chi Minh City,30002425,1025000000,True,True,,Not mentioned,False,False,VINFAST VF8 US LIMITED - MUI ĐÓNG MỞ ĐẲNG CẤP ✅
126361465,legacy_unknown_crawl_date,,False,Limo Green,Limo Green,New,2026,,Ho Chi Minh City,27751358,664000000,True,True,,Not mentioned,True,True,"LIMO 7 CHỖ CỰC ""TO""+""RỘNG""+90TR NHẬN XE+BAO NỢ XÂU"
130995630,legacy_unknown_crawl_date,,False,VF3,VF3,New,2026,,Ho Chi Minh City,27751358,278000000,True,True,,Not mentioned,True,True,"VF3 VAY 90%, BAO HS KHÓ, LÃI CỐ ĐỊNH 3 NĂM 4.8%"
134580433,legacy_unknown_crawl_date,,False,VF8,VF8,Used,2023,41000.0,Dong Nai,20886578,669000000,True,True,,Not mentioned,False,True,VinFast VF8 Eco CATL 2023 Đen 41000 km
134580123,legacy_unknown_crawl_date,,False,Limo Green,Limo Green,New,2026,,Da Nang City,29339047,639000000,True,True,,Not mentioned,False,False,VinFast LIMO GREEN Trắng ( Sẵn xe giao ngay )
132486158,legacy_unknown_crawl_date,,False,VF7,VF7,New,2026,,Ho Chi Minh City,18919731,678000000,True,True,,Not mentioned,False,True,VINFAST VF7 XE SẴN GIAO NGAY - BAO NỢ XẤU
126128502,legacy_unknown_crawl_date,,False,Limo Green,Limo Green,New,2025,,Ho Chi Minh City,27751358,664000000,True,True,,Not mentioned,True,True,ĐẶT LIMO HÔM NAY+ NHẬN XE CHẠY LIỀN+ĐỦ MÀU GIAO
134579951,legacy_unknown_crawl_date,,False,VF2,VF2,New,2026,,Can Tho City,30169857,180000000,True,True,,Not mentioned,False,False,VinFast VF2 Trắng
134579826,legacy_unknown_crawl_date,,False,VF5,VF5,New,2026,,Ho Chi Minh City,23724442,440000000,True,True,,Not mentioned,True,False,VinFast VF5 2026 - Trả Trước 30tr Nhận Xe
133666762,legacy_unknown_crawl_date,,False,VF3,VF3,New,2026,,Ho Chi Minh City,18919731,278000000,True,True,,Not mentioned,True,False,VF3 TRẢ TRƯỚC TỪ 10% NHẬN XE NGAY KHÔNG CHỜ ĐỢI
134579475,legacy_unknown_crawl_date,,False,VF9,VF9,Used,2025,1400.0,Ho Chi Minh City,21562577,1289000000,True,True,,Not mentioned,False,False,𝐇𝐎𝐓 𝐕𝐢𝐧𝐅𝐚𝐬𝐭 𝐕𝐅𝟗𝐏𝐥𝐮𝐬 𝟐𝟎𝟐𝟔 𝐓𝐫𝐚̆́𝐧𝐠-𝟔 𝐆𝐇𝐄̂́- 𝐋𝐮̛𝐨̛́𝐭𝟏.𝟒𝟎𝟎 𝐊𝐦
134579448,legacy_unknown_crawl_date,,False,VF8,VF8,Used,2024,65347.0,Hanoi,21837536,705000000,True,True,,Purchase mentioned,True,False,VF8 Eco 2024 bản Full Adas đẹp xuất sắc
130988843,legacy_unknown_crawl_date,,False,VF3,VF3,New,2026,,Ho Chi Minh City,18919731,740000000,False,False,title_model_conflict,Not mentioned,True,True,"VF7 120TR NHẬN XE ""KHÔNG MUA"" CHẮC CHẮN HỐI TIẾC"
130957711,legacy_unknown_crawl_date,,False,VF6,VF6,New,2026,,Ho Chi Minh City,18919731,646000000,True,True,,Not mentioned,True,True,VF6 SUV ĐIỆN CHO CUỘC SỐNG HIỆN ĐẠI -72TR NHẬN XE
133790599,legacy_unknown_crawl_date,,False,Limo Green,Limo Green,Used,2025,47000.0,Hanoi,8944839,595000000,True,True,,Not mentioned,True,True,Vinfast Limo green 2025  4 vạn km sạc k giới hạn
134269174,legacy_unknown_crawl_date,,False,Limo Green,Limo Green,New,2026,,Ho Chi Minh City,18919731,664000000,True,True,,Not mentioned,True,True,"🚗VINFAST LIMO GREEN, BAO HỒ SƠ XẤU NHÓM 5"
128333100,legacy_unknown_crawl_date,,False,VF9,VF9,New,2025,,Ho Chi Minh City,18919731,1348000000,True,True,,Not mentioned,False,True,"[BAO NỢ XẤU] VAY CÁ NHÂN+DOANH NGHIỆP ""VAY"" FULL!"
133466720,legacy_unknown_crawl_date,,False,VF5,VF5,New,2026,,Ho Chi Minh City,31998488,432000000,True,True,,Not mentioned,True,True,VF5 PLUS - GIÁ SỐC - ÁP DỤNG HẾT THÁNG 7
134578363,legacy_unknown_crawl_date,,False,VF2,VF2,New,2026,0.0,Ho Chi Minh City,9832567,168000000,True,True,,Not mentioned,False,False,VF2 XE MỚI GIÁ RẺ CHỈ 168TR
132151381,legacy_unknown_crawl_date,,False,Dòng khác,Dòng khác,New,2026,,Ho Chi Minh City,27487996,758000000,False,False,unknown_ev_model; title_model_conflict,Not mentioned,True,True,VINFAST VF7 PLUS  - CHỈ CẦN ĐƯA TRƯỚC 10%
131594198,legacy_unknown_crawl_date,,False,VF6,VF6,New,2026,,Ho Chi Minh City,18919731,640000000,True,True,,Not mentioned,True,True,VF6 XE SẴN- HỖ TRỢ TÀI 9 CẢ NỢ XẤU
134577003,legacy_unknown_crawl_date,,False,VF2,VF2,New,2026,,Da Nang City,13623990,180000000,True,True,,Not mentioned,False,False,VINFAST VF2 - Nhận xe ngay chỉ từ 30 triệu
134576978,legacy_unknown_crawl_date,,False,VF3,VF3,Used,2024,3668.0,Ho Chi Minh City,847794,235000000,True,True,,Rental mentioned,False,False,Vinfast VF3 2024 Hồng 3.668km Điện
133690262,legacy_unknown_crawl_date,,False,VF7,VF7,New,2026,,Ho Chi Minh City,19097879,700000000,True,True,,Not mentioned,False,True,"VinFast VF7 Eco, SẴN XE GIAO NGAY 🚨"
134576209,legacy_unknown_crawl_date,,False,VF3,VF3,Used,2024,1300.0,Hanoi,316317,189000000,True,True,,Not mentioned,False,False,"VinFast VF3 Vàng, trắng Việt Nam"
134576132,legacy_unknown_crawl_date,,False,VF8,VF8,New,2026,,Hanoi,32565968,778000000,True,True,,Not mentioned,False,True,VinFast VF 8 All New Đen
134195249,legacy_unknown_crawl_date,,False,MPV 7,MPV7,New,2026,,Ho Chi Minh City,17458420,705000000,True,True,,Not mentioned,True,True,VF MPV7 GIA LĂN BÁNH CHỈ 705tr - HT NỢ XẤU
134213880,legacy_unknown_crawl_date,,False,VF7,VF7,Used,2025,21000.0,Ho Chi Minh City,4160433,639000000,True,True,,Purchase mentioned,False,False,VINFAST VF7 ECO 2025 PIN MUA GIA ĐÌNH SẠC MIỄN PHÍ
134575722,legacy_unknown_crawl_date,,False,VF9,VF9,New,2024,,Hanoi,1345037,1250000000,True,True,,Not mentioned,False,True,"Vinfast VF9 Plus 2024,trần kính,Pin CatL,mới 100%"
132125833,legacy_unknown_crawl_date,,False,VF7,VF7,New,2026,,Ho Chi Minh City,29655508,784000000,True,True,,Not mentioned,True,True,VINFAST VF7 PLUS - 784TR - QUÁ ĐẸP - GIẢM 5%
129359312,legacy_unknown_crawl_date,,False,VF7,VF7,New,2025,,Ho Chi Minh City,29655508,884000000,True,True,,Not mentioned,True,True,VINFAST VF7 PLUS 884 TRIỆU‼️XE SẴN GIAO NGAY
132127732,legacy_unknown_crawl_date,,False,VF5 Plus,VF5,New,2026,,Ho Chi Minh City,29655508,434000000,True,True,,Not mentioned,True,True,VF5 PLUS‼️GIÁ THƯỜNG KHÔNG CẦN CHƯƠNG TRÌNH
132594793,legacy_unknown_crawl_date,,False,MPV 7,MPV7,New,2026,,Ho Chi Minh City,1558920,715000000,True,True,,Not mentioned,False,True,VinFast MPV7 tặng 2 năm bảo hiểm 15Tr
134573762,legacy_unknown_crawl_date,,False,VF6,VF6,Used,2026,600.0,Hanoi,16955783,610000000,True,True,,Not mentioned,False,False,VinFast VF6 Plus 2026 Trắng 600km
134414112,legacy_unknown_crawl_date,,False,Limo Green,Limo Green,New,2026,,Da Nang City,4312129,640000000,True,True,,Not mentioned,False,True,VinFast LIMO GREEN 7 chỗ giá tốt
134215528,legacy_unknown_crawl_date,,False,EC VAN,EC VAN,New,2026,,Ho Chi Minh City,23646258,238000000,True,True,,Not mentioned,False,True,"VinFast EC Van 2026 Điện Đỏ, Xanh lá"
134481347,legacy_unknown_crawl_date,,False,VF5 Plus,VF5,New,2026,,Hanoi,3287572,410000000,True,True,,Not mentioned,True,True,✅Xe Vinfast VF5 Plus - Trả Trước Từ 30 Triệu ❌
134572411,legacy_unknown_crawl_date,,False,Limo Green,Limo Green,New,2026,,Ho Chi Minh City,384093,652000000,True,True,,Not mentioned,True,True,LIMOGREEN KH LƯƠNG CK TỐT NHẬN XE CHỈ 70 TRIỆU
130135092,legacy_unknown_crawl_date,,False,VF5 Plus,VF5,New,2026,,Ho Chi Minh City,26848890,420000000,True,True,,Not mentioned,True,True,VF5 Giá Tốt - Trả Trước 58 Triệu Lăn Bánh Nhận Xe
133978499,legacy_unknown_crawl_date,,False,VF3,VF3,Used,2024,26000.0,Ho Chi Minh City,1118481,198000000,True,True,,Rental mentioned,False,False,VinFast VF3 pin thuê. xe mới lắm rin100%
134572091,legacy_unknown_crawl_date,,False,VF6,VF6,New,2025,,Hanoi,32570941,630000000,True,True,,Not mentioned,False,False,VinFast VF6 Plus 2026 Đỏ
132704347,legacy_unknown_crawl_date,,False,VF3,VF3,Used,2025,30000.0,Dong Nai,21870952,246000000,True,True,,Purchase mentioned,False,False,Vinfats Vf3 2025 (mua pin)
132115335,legacy_unknown_crawl_date,,False,Limo Green,Limo Green,New,2026,,Ho Chi Minh City,27487996,600000000,True,True,,Not mentioned,True,True,VinFast Limo -  CÓ XE NGAY
134570368,legacy_unknown_crawl_date,,False,VF5 Plus,VF5,Used,2025,18000.0,Ho Chi Minh City,19250895,365000000,True,True,,Not mentioned,True,False,VinFast VF5 Plus Trắng
134569710,legacy_unknown_crawl_date,,False,VF6,VF6,Used,2024,100000.0,Hanoi,32570189,560000000,True,True,,Not mentioned,False,False,VinFast VF6 Xanh 10 vạn km
134568620,legacy_unknown_crawl_date,,False,VF3,VF3,Used,2025,4000.0,Ho Chi Minh City,23357424,270000000,True,True,,Purchase mentioned,False,False,VF3 25 - LÊN FULL PK - FREE SẠC KGH
134568192,legacy_unknown_crawl_date,,False,VF3,VF3,Used,2025,25000.0,Can Tho City,1574317,59000000,True,False,low_price_review,Not mentioned,True,False,vf3 góp nối. bao nợ xấu. xe trả góp
134568090,legacy_unknown_crawl_date,,False,VF3,VF3,Used,2025,34000.0,Can Tho City,1574317,60000000,True,False,low_price_review,Not mentioned,False,False,xe góp nối VF3 bao nợ xấu.
134326422,legacy_unknown_crawl_date,,False,VF3,VF3,Used,2025,2000.0,Ho Chi Minh City,2269560,258000000,True,True,,Purchase mentioned,False,False,Vinfast VF3 Mua Pin T7/2025 Màu Xanh Mint 2000km
134566969,legacy_unknown_crawl_date,,False,VF5 Plus,VF5,New,2024,,Ho Chi Minh City,32568165,180000000,True,True,,Not mentioned,False,False,Bổ túc tay lái VF5
132197638,legacy_unknown_crawl_date,,False,Minio Green,Minio Green,Used,2026,0.0,Ho Chi Minh City,26500246,188000000,True,True,,Not mentioned,True,True,XE ĐIỆN MINIO GREEN TRẢ TRƯỚC TỪ 45TR NHẬN XE
131080872,legacy_unknown_crawl_date,,False,Limo Green,Limo Green,New,2026,,Ho Chi Minh City,26500246,664000000,True,True,,Not mentioned,True,True,VINFAST LIMO GREEN ƯU ĐÃI GẦN 100Tr
134451185,legacy_unknown_crawl_date,,False,VF9,VF9,Used,2026,5600.0,Ho Chi Minh City,27640388,1699000000,True,True,,Not mentioned,False,False,VinFast VF9 flus Trắng Xe điện
133551344,legacy_unknown_crawl_date,,False,VF5 Plus,VF5,Used,2023,90000.0,Ho Chi Minh City,1574317,62000000,True,False,low_price_review,Rental mentioned,True,False,vf5 bao nợ xấu. xe góp nối. trả góp
134563379,legacy_unknown_crawl_date,,False,VF2,VF2,New,2026,,Ho Chi Minh City,23646258,179560000,True,True,,Not mentioned,True,True,VinFast VF2 Xe điện 4 chỗ cọc sớm nhận xe sớm
133925290,legacy_unknown_crawl_date,,False,VF5,VF5,Used,2025,17000.0,Ho Chi Minh City,12824950,420000000,True,True,,Purchase mentioned,True,False,VF5 PLUS 2025 19.000KM MUA PIN XẠC KHÔNG GIỚI HẠN
134233954,legacy_unknown_crawl_date,,False,VF5,VF5,New,2026,,Ho Chi Minh City,26269824,416000000,True,True,,Not mentioned,True,True,Vinfast VF5 2026 Vay 95% -Bao nợ xấu
134239074,legacy_unknown_crawl_date,,False,VF7,VF7,New,2026,,Ho Chi Minh City,26269824,710000000,True,True,,Not mentioned,True,True,VINFAST VF7 ECO 2026 - Vay 95% | Bao hồ sơ khó
134327262,legacy_unknown_crawl_date,,False,VF8,VF8,Used,2025,25000.0,Ho Chi Minh City,23646258,850000000,True,True,,Purchase mentioned,True,True,Thanh lý VinFast VF 8 Plus 2025 Trắng Mỹ 20.000KM
134485183,legacy_unknown_crawl_date,,False,VF3,VF3,Used,2025,22000.0,Hanoi,25280249,248000000,True,True,,Purchase mentioned,False,False,VinFast VF3 2025 Xám Xi Măng 22000 km
131957875,legacy_unknown_crawl_date,,False,VF9,VF9,New,2026,,Ho Chi Minh City,18919731,1348000000,True,True,,Not mentioned,False,False,VF9 E ĐỦ MÀU GIAO LIỀN-HỖ TRỢ NỢ XẤU NHÓM 5!
134560430,legacy_unknown_crawl_date,,False,Limo Green,Limo Green,Used,2025,0.0,Ho Chi Minh City,32549132,699000000,True,True,,Not mentioned,True,True,VinFast Limo green Trắng Ô tô điện
131897792,legacy_unknown_crawl_date,,False,VF3,VF3,New,2026,,Da Nang City,2766240,290000000,True,True,,Not mentioned,False,True,Xe điện VinFast VF3 Plus
121193808,legacy_unknown_crawl_date,,False,VF3,VF3,New,2026,,Ho Chi Minh City,18919731,278000000,True,True,,Not mentioned,False,False,VF3: CHIẾC XE ĐÁNG ĐỒNG TIỀN BÁT GẠO NHẤT NĂM 2026
133945964,legacy_unknown_crawl_date,,False,MPV 7,MPV7,New,2026,,Hanoi,11762976,650000000,True,True,,Not mentioned,False,False,VinFast MPV7  2026
129002359,legacy_unknown_crawl_date,,False,VF5,VF5,New,2026,,Da Nang City,2766240,434000000,True,True,,Not mentioned,False,True,VINFAST VF5 Plus 2026
133160121,legacy_unknown_crawl_date,,False,VF9,VF9,New,2026,,Ho Chi Minh City,18919731,1348000000,True,True,,Not mentioned,True,True,VF9 LÃI CỐ ĐỊNH 3NĂM 5%.BAO NỢ XẤU NHÓM 5
128333067,legacy_unknown_crawl_date,,False,VF7,VF7,New,2026,,Ho Chi Minh City,18919731,740000000,True,True,,Not mentioned,False,True,[BAO NỢ XÂU] DOANH NGHIỆP NHÓM 5-VAY FUlL
133985024,legacy_unknown_crawl_date,,False,VF5 Plus,VF5,New,2026,,Da Nang City,2766240,433000000,True,True,,Not mentioned,False,True,VinFast VF 5 Plus đỏ Mới 100%
121193000,legacy_unknown_crawl_date,,False,Limo Green,Limo Green,New,2026,,Ho Chi Minh City,18919731,664000000,True,True,,Not mentioned,True,True,LIMO GREEN 68TR  NHẬN XE-BAO NỢ XẤU
120560232,legacy_unknown_crawl_date,,False,VF8,VF8,New,2026,,Ho Chi Minh City,27751358,898000000,True,True,,Not mentioned,False,True,"HỖ TRỢ HỒ SƠ KHÓ, NỢ XẤU–VF8 DỄ DÀNG ĐẾN TAY BẠN!"
134309937,legacy_unknown_crawl_date,,False,VF8,VF8,New,2026,,Ho Chi Minh City,27751358,848000000,True,True,,Not mentioned,True,False,VinFast VF8 All New Xe Giao Ngay Bao Nợ Xấu
131402125,legacy_unknown_crawl_date,,False,Limo Green,Limo Green,New,2026,,Dong Nai,27751358,664000000,True,True,,Not mentioned,True,True,LIMO GREEN GIAO LIỀN+90TR NHẬN XE+GÓP 9TR6/THÁNG
133444082,legacy_unknown_crawl_date,,False,Limo Green,Limo Green,New,2026,,Ho Chi Minh City,17458420,639000000,True,True,,Not mentioned,True,True,LIMO GREEN - TRẢ TRƯỚC CHỈ 90TR - HỖ TRỢ NỢ XẤU
131423950,legacy_unknown_crawl_date,,False,VF6,VF6,New,2026,,Ho Chi Minh City,27751358,646000000,True,True,,Not mentioned,True,False,🚗 SỞ HỮU VinFast VF6 CHỈ TỪ 72 TRIỆU!
132486168,legacy_unknown_crawl_date,,False,VF7,VF7,New,2026,,Ho Chi Minh City,18919731,678000000,True,True,,Not mentioned,False,True,VINFAST VF7 - XE SẴN GIAO NGAY GIÁ CỰC TỐT
122558674,legacy_unknown_crawl_date,,False,VF9,VF9,New,2025,,Ho Chi Minh City,27751358,1348000000,True,True,,Not mentioned,True,False,VF9 ĐỔI XĂNG QUA ĐIỆN TẶNG 100TR-BAO NỢ XẤU 100%
134556805,legacy_unknown_crawl_date,,False,VF5,VF5,New,2026,,Ho Chi Minh City,31965588,425000000,True,True,,Not mentioned,False,False,VINFAST VF 5 XANH LÁ SẴN XE - HỖ TRỢ MUA XE 0Đ
133965818,legacy_unknown_crawl_date,,False,Limo Green,Limo Green,New,2026,,Ho Chi Minh City,18919731,664000000,True,True,,Not mentioned,True,False,LIMO GREEN BAO HỒ SƠ XẤU - DUYỆT NHANH
120409896,legacy_unknown_crawl_date,,False,VF5,VF5,New,2025,,Ho Chi Minh City,27751358,471000000,True,True,,Not mentioned,True,False,"VF5 THU NHẬP ĐỈNH CAO-SM XANH, GRAP, 1NĂM THU VỐN"
128323552,legacy_unknown_crawl_date,,False,VF7,VF7,New,2025,,Ho Chi Minh City,18919731,740000000,True,True,,Not mentioned,False,False,[BAO NỢ XẤU] 130TR NHẬN XE-LÃI 3 NĂM 7 CỰC HOT
134379930,legacy_unknown_crawl_date,,False,Minio Green,Minio Green,New,2026,,Ho Chi Minh City,8819009,175000000,True,True,,Not mentioned,False,False,Minio Trắng Giá Đã Gồm Biển Số - Sẵn xe
130988640,legacy_unknown_crawl_date,,False,VF3,VF3,New,2026,,Ho Chi Minh City,18919731,277000000,True,True,,Not mentioned,True,False,VF3 CƠ HỘI CHẠY XE MIỄN PHÍ 2 NĂM-KO TỐN TIỀN SẠC
127343351,legacy_unknown_crawl_date,,False,VF5 Plus,VF5,New,2026,,Ho Chi Minh City,1558920,469000000,True,True,,Not mentioned,True,True,VinFast VF5 - Trả trước thấp. Đki 3 app.
130988953,legacy_unknown_crawl_date,,False,VF8,VF8,New,2026,,Ho Chi Minh City,18919731,898000000,True,True,,Not mentioned,False,True,"HỖ TRỢ 90% - VF8 ƯU ĐÃI KHỦNG, KHÔNG THỂ BỎ LỠ!"
132489232,legacy_unknown_crawl_date,,False,VF9,VF9,New,2026,,Ho Chi Minh City,18919731,1348000000,True,True,,Not mentioned,True,True,VF9 Vay Xe Dễ Dàng – Hỗ Trợ Đến 90% Giá Trị Xe
134555046,legacy_unknown_crawl_date,,False,VF3,VF3,Used,2025,4000.0,Ho Chi Minh City,21562577,265000000,True,True,,Not mentioned,False,False,𝐕𝐢𝐧𝐅𝐚𝐬𝐭 𝐕𝐅𝟑 𝟐𝟎𝟐𝟓 𝐗𝐚́𝐦 𝟒.𝟎𝟎𝟎 𝐤𝐦-𝐍𝐇𝐈𝐄̂̀𝐔 𝐏𝐊 𝐗𝐈̣𝐍
133550374,legacy_unknown_crawl_date,,False,VF2,VF2,New,2026,,Ho Chi Minh City,1133534,182000000,True,True,,Not mentioned,False,False,"Vinfast VF2 -đủ màu, xe nhỏ gọn đi phố <182T"
134554726,legacy_unknown_crawl_date,,False,VF3,VF3,Used,2025,4000.0,Ho Chi Minh City,21562577,270000000,True,True,,Not mentioned,False,False,𝐕𝐢𝐧𝐅𝐚𝐬𝐭 𝐕𝐅𝟑 𝟐𝟎𝟐𝟓 𝐋𝐄̂𝐍 𝐍𝐇𝐈𝐄̂̀𝐔 𝐏𝐊- 𝐒𝐀̣𝐂 𝐊𝐆𝐇- 𝐒𝐈𝐄̂𝐔 𝐋𝐔𝐎̛́𝐓
132236559,legacy_unknown_crawl_date,,False,Minio Green,Minio Green,New,2026,,Ho Chi Minh City,31426322,180000000,False,False,title_model_conflict,Not mentioned,False,True,VINFAST VF2- TIÊN PHONG GIẢM 8 TRIỆU
134554009,legacy_unknown_crawl_date,,False,VF3,VF3,Used,2025,0.0,Ho Chi Minh City,32549132,296000000,True,True,,Not mentioned,False,False,VinFast VF3 Xám
130046495,legacy_unknown_crawl_date,,False,EC VAN,EC VAN,New,2026,,Ho Chi Minh City,1558920,248000000,True,True,,Not mentioned,True,True,"EC Van trả trước từ 55tr, xe sẵn giao ngay"
123549058,legacy_unknown_crawl_date,,False,VF6,VF6,New,2026,,Ho Chi Minh City,1558920,626990000,True,True,,Not mentioned,True,True,VinFast VF6 trả trước chỉ từ 78tr nhận xe
132241333,legacy_unknown_crawl_date,,False,MPV 7,MPV7,New,2026,,Ho Chi Minh City,31426322,693000000,True,True,,Not mentioned,False,True,VINFAST MVP7- 105 TRIỆU NHẬN XE- ĐỦ MÀU GIAO LIỀN
132212855,legacy_unknown_crawl_date,,False,Limo Green,Limo Green,New,2026,,Ho Chi Minh City,31426322,550000000,True,True,,Not mentioned,False,True,VINFAST LIMO GREEN- 82 TRIỆU NHẬN XE- BAO NỢ XẤU
132215699,legacy_unknown_crawl_date,,False,VF5 Plus,VF5,New,2026,,Ho Chi Minh City,31426322,439000000,True,True,,Not mentioned,False,True,VINFAST VF5 PLUS- 65 TRIỆU NHẬN XE- BAO NỢ XẤU
134552031,legacy_unknown_crawl_date,,False,VF3,VF3,New,2025,,Ho Chi Minh City,14904234,265000000,True,True,,Not mentioned,False,False,VinFast VF3 2025 Vàng nóc trắng
133920851,legacy_unknown_crawl_date,,False,VF3,VF3,New,2026,,Ho Chi Minh City,28004425,280000000,True,True,,Not mentioned,True,True,VinFast VF3 GIÁ TỐT - GIAO XE NGAY
134522305,legacy_unknown_crawl_date,,False,VF5,VF5,Used,2025,60000.0,Da Nang City,15042736,355000000,True,True,,Purchase mentioned,True,False,Vinfast VF5 Plus 2025 Xám 60.000 Km
134319538,legacy_unknown_crawl_date,,False,VF6,VF6,New,2026,,Da Nang City,4312129,615000000,True,True,,Not mentioned,False,True,VinFast VF6
132999966,legacy_unknown_crawl_date,,False,VF3,VF3,New,2026,,Ho Chi Minh City,1133534,272000000,True,True,,Not mentioned,True,True,"VinFast VF3 Mới 100%,XE CÓ ĐỦ MÀU SẴN XE GIAO NGAY"
126837258,legacy_unknown_crawl_date,,False,VF5,VF5,New,2026,,Hanoi,23724245,381000000,True,True,,Not mentioned,False,True,VinFast VF5 2026 Plus giảm thêm 45tr giao ngay
134550528,legacy_unknown_crawl_date,,False,VF5 Plus,VF5,New,2026,,Ho Chi Minh City,30900124,431000000,True,True,,Not mentioned,False,True,VINFAST VF5 - 431 TRIỆU -SẴN XE GIAO NGAY -XE MỚI
134549534,legacy_unknown_crawl_date,,False,Minio Green,Minio Green,New,2026,,Ho Chi Minh City,30900124,180000000,True,True,,Not mentioned,True,True,VinFast Minio Green Ô tô điện Xanh Mới
133353641,legacy_unknown_crawl_date,,False,MPV 7,MPV7,New,2026,,Hanoi,3287572,612500000,True,True,,Not mentioned,True,True,✅Xe VinFast MPV7 - VINCLUB NHÂN 3-TRẢ GÓP TỪ 30TR🔥
134549055,legacy_unknown_crawl_date,,False,VF8,VF8,Used,2023,100000.0,Hanoi,32555733,550000000,True,True,,Rental mentioned,False,False,VinFast VF8 Eco Đỏ
133352916,legacy_unknown_crawl_date,,False,VF7,VF7,New,2026,,Hanoi,3287572,622000000,True,False,upfront_price_match,Not mentioned,True,True,🚗VinFast VF7 - Chỉ Từ 622 Triệu - ĐẶT CỌC NGAY🏃🏃🏃
133570082,legacy_unknown_crawl_date,,False,Herio Green,Herio Green,New,2026,,Ho Chi Minh City,24127078,429000000,True,True,,Not mentioned,False,False,HERIO GREEN • 429 tr/Xe • TT 15% nhận xe
134548724,legacy_unknown_crawl_date,,False,VF3,VF3,Used,2025,8000.0,Ho Chi Minh City,2269560,258000000,True,True,,Purchase mentioned,False,False,VinFast VF3 T8/2025 Pin Mua Màu Đỏ xe siêu mới
133796198,legacy_unknown_crawl_date,,False,VF3,VF3,New,2026,,Ho Chi Minh City,24127078,279000000,True,True,,Not mentioned,False,False,279 TRIỆU/XE VF3 -VINFAST - 50TR NHẬN XE -GÓP 4.5T
133772394,legacy_unknown_crawl_date,,False,VF2,VF2,New,2026,,Ho Chi Minh City,24127078,180000000,True,True,,Not mentioned,False,False,180tr/Xe - VF2 - VinFast - TT 35 triệu nhận xe
134547885,legacy_unknown_crawl_date,,False,VF2,VF2,New,2026,,Ho Chi Minh City,31981264,180000000,True,True,,Not mentioned,False,True,Xe điện VinFast VF2 Trắng 4 chỗ
134547310,legacy_unknown_crawl_date,,False,VF5,VF5,Used,2024,80000.0,Ho Chi Minh City,21789412,350000000,True,True,,Not mentioned,False,False,VinFast VF 5 Tự động Điện Trắng 80k km T8/2024
132489968,legacy_unknown_crawl_date,,False,VF7,VF7,New,2026,,Ho Chi Minh City,16075472,740000000,True,True,,Not mentioned,True,True,🚗 VINFAST VF7 – ƯU ĐÃI KHỦNG CUỐI KỲ 🚗 VAY100%
133586910,legacy_unknown_crawl_date,,False,EC VAN,EC VAN,New,2026,,Ho Chi Minh City,16075472,268000000,True,True,,Not mentioned,False,True,EC VAN 37TR NHẬN XE-BAO NỢ XẤU NHẬN XE
131279196,legacy_unknown_crawl_date,,False,Limo Green,Limo Green,New,2026,,Ho Chi Minh City,16075472,664000000,True,True,,Not mentioned,True,True,🚖 VINFAST LIMO GREEN 7 CHỖ – KHỞI NGHIỆP DỄ DÀNG
134457583,legacy_unknown_crawl_date,,False,VF3,VF3,New,2026,,Ho Chi Minh City,11130169,279000000,True,True,,Not mentioned,True,True,Giá lăn bánh Vinfast VF3. Xe sẵn giao ngay
134545313,legacy_unknown_crawl_date,,False,VF3,VF3,Used,2025,13000.0,Ho Chi Minh City,2269560,258000000,True,True,,Purchase mentioned,False,False,VinFast VF3 Mua Pin T8/2025 Xanh Bộ Đội xe cực đẹp
133670356,legacy_unknown_crawl_date,,False,EC VAN,EC VAN,New,2026,,Ho Chi Minh City,16075472,268000000,True,True,,Not mentioned,True,True,EC VAN SẠC MIỄN PHÍ 3 NĂM+37TR NHẬN XE-BAO HS KHÓ
134484771,legacy_unknown_crawl_date,,False,VF5 Plus,VF5,Used,2025,50000.0,Hanoi,156148,355000000,True,True,,Purchase mentioned,False,False,VinFast VF5 Plus 2025 Đỏ 50000 km
133717684,legacy_unknown_crawl_date,,False,VF7,VF7,New,2026,,Ho Chi Minh City,16075472,730000000,False,False,title_model_conflict,Not mentioned,True,True,VinFast MPV 7  SỞ HỮU XE DỄ DÀNG  TRẢ TRƯỚC 15%
134416079,legacy_unknown_crawl_date,,False,VF5 Plus,VF5,Used,2025,60000.0,Hanoi,156148,355000000,True,True,,Purchase mentioned,False,False,VinFast VF5 Plus 2025 Xám xi măng
132489339,legacy_unknown_crawl_date,,False,VF9,VF9,New,2026,,Ho Chi Minh City,16075472,1348000000,True,True,,Not mentioned,False,True,🚀VF9 DOANH NGHIỆP MỚI THÀNH LẬP – VẪN ĐƯỢC VAY 🚀
134269504,legacy_unknown_crawl_date,,False,VF5,VF5,New,2026,,Ho Chi Minh City,27751358,471000000,True,True,,Not mentioned,True,False,"🚗VF5 XE ĐẺ RA TIỀN 💰,SM XANH, GRAP, 1NĂM THU VỐN"
133003187,legacy_unknown_crawl_date,,False,VF6,VF6,New,2026,,Ho Chi Minh City,16075472,646000000,True,True,,Not mentioned,True,False,"VF6 BAO HỒ SƠ GIÁ TỐT, VAY TỚI 90%"
133831251,legacy_unknown_crawl_date,,False,VF5,VF5,New,2026,,Ho Chi Minh City,27751358,471000000,True,True,,Not mentioned,False,False,[Bao Nợ Xấu] VF5 50TR NHẬN XE
133431963,legacy_unknown_crawl_date,,False,Limo Green,Limo Green,New,2025,,Ho Chi Minh City,31998488,637000000,True,True,,Not mentioned,True,True,VINFAST LIMO GREEN - CHỈ 99 TRIỆU LÁI XE VỀ NHÀ
134516387,legacy_unknown_crawl_date,,False,VF5,VF5,New,2026,,Ho Chi Minh City,31427916,429130000,True,True,,Not mentioned,True,True,VINFAST VF5 - TRẢ TRƯỚC 65 TRIỆU -SẴN XE GIAO NGAY
134543756,legacy_unknown_crawl_date,,False,VF3,VF3,New,2026,,Ho Chi Minh City,26269824,278000000,True,True,,Not mentioned,True,True,Vinfast VF3 2026 Trả trước 30Tr - Bao hs Khó
132626581,legacy_unknown_crawl_date,,False,VF8,VF8,New,2026,,Ho Chi Minh City,18919731,848000000,True,True,,Not mentioned,False,True,VF8 ALL NEW THẾ HỆ MỚI - SẠT NHANH TRONG 3 TIẾNG
130995753,legacy_unknown_crawl_date,,False,VF7,VF7,New,2026,,Ho Chi Minh City,27751358,740000000,True,True,,Not mentioned,False,False,VF7 GIÁ TỐT-HỖ TRỢ VAY 90%-BAO HỒ SƠ XẤU 5
132264902,legacy_unknown_crawl_date,,False,EC VAN,EC VAN,New,2026,,Ho Chi Minh City,31064654,240000000,True,True,,Not mentioned,True,True,Xe tải van điện VinFast EC HỖ TRỢ VAY TRẢ GÓP 100%
134516332,legacy_unknown_crawl_date,,False,Limo Green,Limo Green,New,2026,,Ho Chi Minh City,31427916,631050000,True,True,,Not mentioned,True,True,LIMO GREEN - TRẢ TRƯỚC 80 TRIỆU - GHẾ DA CAO CẤP
133659965,legacy_unknown_crawl_date,,False,VF3,VF3,New,2026,,Ho Chi Minh City,18919731,278000000,True,True,,Not mentioned,False,False,MUA  VF3 NGAY HÔM NAY BAO HS NỢ XẤU
133670916,legacy_unknown_crawl_date,,False,VF3,VF3,New,2026,,Ho Chi Minh City,27751358,278000000,True,True,,Not mentioned,True,True,VF3 KHÔNG CẦN CHỜ ĐỢI -VAY TỚI 90-100%
130992162,legacy_unknown_crawl_date,,False,VF7,VF7,New,2026,,Ho Chi Minh City,18919731,740000000,True,True,,Not mentioned,False,False,MUA VF7 DỄ DÀNG CHỈ 150TR NHẬN XE-LÃI 3 NĂM 7
134543061,legacy_unknown_crawl_date,,False,VF6,VF6,Used,2024,90000.0,Lam Dong,13018097,490000000,True,True,,Not mentioned,False,False,Vinfast VF6S 2024 Trắng 90.000 km
132627798,legacy_unknown_crawl_date,,False,VF8,VF8,New,2026,,Ho Chi Minh City,27751358,848000000,True,True,,Not mentioned,False,True,VF8 THẾ HỆ MỚI - ĐỈNH CAO CÔNG NGHỆ XE ĐIỆN
134516480,legacy_unknown_crawl_date,,False,VF7,VF7,New,2026,,Ho Chi Minh City,31427916,698000000,True,True,,Not mentioned,True,True,VINFAST VF7 - TRẢ TRƯỚC 90 TRIỆU - GIẢM 9% VINCLUB
134480965,legacy_unknown_crawl_date,,False,VF8,VF8,New,2026,,Hanoi,3287572,723000000,True,True,,Not mentioned,True,True,VinFast VF8 All New Thế Hệ Mới - Đặt Cọc Ngay✅
134493759,legacy_unknown_crawl_date,,False,VF3,VF3,New,2026,,Ho Chi Minh City,3260482,285000000,True,True,,Not mentioned,False,False,VinFast VF3 Trắng giao ngay
133227058,legacy_unknown_crawl_date,,False,Limo Green,Limo Green,New,2026,,Ho Chi Minh City,27751358,664000000,True,True,,Not mentioned,True,True,VỠ NỢ RỒI SAO? HÀNG TRĂM NGƯỜI ĐÃ ĐI LIMO GREE
122562385,legacy_unknown_crawl_date,,False,VF9,VF9,New,2026,,Ho Chi Minh City,18919731,1245000000,True,True,,Not mentioned,True,False,VF9 NỢ XẤU-DOANH NGHIỆP VỪA THÀNH LẬP-BAO ĐẬU 100%
134310058,legacy_unknown_crawl_date,,False,VF8,VF8,New,2026,,Ho Chi Minh City,27751358,848000000,True,True,,Not mentioned,True,False,VinFast VF 8 All New Vay 90-100% Chạy Xanh Grap
132626514,legacy_unknown_crawl_date,,False,VF8,VF8,New,2026,,Ho Chi Minh City,18919731,848000000,True,True,,Not mentioned,False,False,🚨 VF 8 ALL NEW THẾ HỆ MỚI CHÍNH THỨC MỞ CỌC
134519702,legacy_unknown_crawl_date,,False,VF6,VF6,New,2026,,Ho Chi Minh City,59415,664000000,True,True,,Not mentioned,False,False,VinFast VF6 Plus Trắng
134236667,legacy_unknown_crawl_date,,False,VF8,VF8,Used,2024,61000.0,Hanoi,21837536,745000000,True,True,,Purchase mentioned,True,False,VF8 Plus 2024 bản cao cấp nhất 2 màu nóc Đen
133385943,legacy_unknown_crawl_date,,False,Limo Green,Limo Green,New,2026,,Ho Chi Minh City,30002425,620000000,True,True,,Not mentioned,False,True,VINFAST LIMO GREEN - ÔNG HOÀNG XE DỊCH VỤ✅
134428558,legacy_unknown_crawl_date,,False,VF5 Plus,VF5,Used,2025,22837.0,Ho Chi Minh City,12850538,410000000,True,True,,Not mentioned,False,True,VinFast VF5 Plus Xanh 22837 km
130997406,legacy_unknown_crawl_date,,False,VF6,VF6,Used,2025,44000.0,Ho Chi Minh City,12824950,519000000,True,True,,Purchase mentioned,True,False,VF6 ECO 2025 MUA PIN XẠC MIỄN PHÍ KHÔNG GIỚI HẠN
131078294,legacy_unknown_crawl_date,,False,Dòng khác,Dòng khác,New,2026,,Hanoi,23724245,638000000,False,False,unknown_ev_model; title_model_conflict,Not mentioned,True,False,VF MPV7 giảm ngay 32tr giao ngay
134326729,legacy_unknown_crawl_date,,False,VF3,VF3,Used,2025,13000.0,Ho Chi Minh City,30411839,258000000,True,True,,Purchase mentioned,False,False,VF3 2025 mua đứt pin sạc k giới hạn ! Đã độ 30tr
130687187,legacy_unknown_crawl_date,,False,Dòng khác,Dòng khác,New,2026,,Ho Chi Minh City,30002425,693000000,False,False,unknown_ev_model,Not mentioned,False,True,✅ VINFAST MVP7 - TẶNG CAMERA 360 ĐỘ
133175018,legacy_unknown_crawl_date,,False,VF8,VF8,Used,2023,53615.0,Ho Chi Minh City,18940190,605000000,True,True,,Not mentioned,False,True,VF8 Eco pin SDI 2023 màu đỏ thể thao-Odo 5v3
133424212,legacy_unknown_crawl_date,,False,MPV 7,MPV7,New,2026,,Hanoi,32040106,633000000,True,True,,Not mentioned,False,False,10 Xe Giá Siêu Tốt + Xả Kho VinFast MPV 7
134270330,legacy_unknown_crawl_date,,False,VF8,VF8,New,2026,,Ho Chi Minh City,23646258,820000000,True,True,,Not mentioned,True,True,🔥 𝐕𝐅𝟖 𝟐𝟎𝟐𝟔 • 𝐇𝐎̂̃ 𝐓𝐑𝐎̛̣ 𝐕𝐀𝐘 𝐂𝐀𝐎 • 𝐗𝐄 𝐒𝐀̆̃𝐍 • 𝐆𝐈𝐀𝐎 𝐍𝐆𝐀𝐘
133692956,legacy_unknown_crawl_date,,False,VF8,VF8,New,2026,,Ho Chi Minh City,19097879,1000000000,True,True,,Not mentioned,False,True,VinFast VF8 Plus Trắng - Ưu đãi khủng tháng 9🚨
134535209,legacy_unknown_crawl_date,,False,VF7,VF7,Used,2024,16000.0,Ho Chi Minh City,2195937,850000000,True,True,,Purchase mentioned,False,False,VF7 Plus 2 cầu
133659925,legacy_unknown_crawl_date,,False,VF3,VF3,New,2026,,Ho Chi Minh City,18919731,278000000,True,True,,Not mentioned,False,True,VF3 XE SẴN-VAY LÊN ĐẾN 100%
131121604,legacy_unknown_crawl_date,,False,VF3,VF3,New,2026,,Ho Chi Minh City,18919731,278000000,True,True,,Both mentioned,False,False,VF3 XẢ KHO - SẴN XE -ĐỪNG CHẦN CHỪ MUA NGAY
134532649,legacy_unknown_crawl_date,,False,VFe34,VFe34,Used,2022,30000.0,Ho Chi Minh City,23357424,369000000,True,True,,Rental mentioned,False,False,VFE34 22 - PIN TIÊN PHONG - FREE SẠC KGH
130675601,legacy_unknown_crawl_date,,False,Dòng khác,Dòng khác,New,2026,,Hanoi,24632932,675000000,False,False,unknown_ev_model; title_model_conflict,Not mentioned,True,True,VinFast MPV7 GIÁ TỐT THÁNG 8
134528861,legacy_unknown_crawl_date,,False,VF6,VF6,New,2026,,Ho Chi Minh City,384093,599000000,True,True,,Not mentioned,True,True,VF6 LƯƠNG CK TỐT HOẶC TÀI XẾ XANH SM 40 TR NHẬN XE
134528437,legacy_unknown_crawl_date,,False,VF7,VF7,Used,2024,20000.0,Ho Chi Minh City,27486364,717000000,True,True,,Purchase mentioned,True,True,Vinfast VF7 Plus AWD 2024 Xanh xhd được
122962260,legacy_unknown_crawl_date,,False,VF9,VF9,New,2026,,Ho Chi Minh City,16075472,1348000000,True,True,,Not mentioned,True,True,VF9 MỚI 100% CẢM GIÁC KHÁC BIỆT PHIÊN BẢN CŨ!
120363286,legacy_unknown_crawl_date,,False,VF6,VF6,New,2025,,Ho Chi Minh City,16075472,633000000,True,True,,Not mentioned,True,True,"MUA VF6 DỄ DÀNG, BANK 90%, BAO ĐẬU HỒ SƠ KHÓ"
134226756,legacy_unknown_crawl_date,,False,Limo Green,Limo Green,New,2026,,Ho Chi Minh City,16075472,664000000,True,True,,Not mentioned,True,True,VinFast Limo Green - Hỗ Trợ ĐK Grap Xanh Vay 90%
134501982,legacy_unknown_crawl_date,,False,Limo Green,Limo Green,New,2026,,Da Nang City,13623990,648000000,True,True,,Not mentioned,True,True,LIMO GREEN sẵn xe giá tốt - Ra biển: 64x triệu
131417592,legacy_unknown_crawl_date,,False,Limo Green,Limo Green,New,2026,,Ho Chi Minh City,16075472,664000000,True,True,,Not mentioned,True,True,Limo Green Xe Sẵn Giao Ngay - ƯU ĐÃI TỐT THÁNG 3
133311722,legacy_unknown_crawl_date,,False,VF3,VF3,New,2026,,Ho Chi Minh City,31427916,268050000,True,True,,Not mentioned,True,True,VINFAST VF3 - TRẢ TRƯỚC 22 TRIỆU - NHẬN NGAY 80Tr
134508773,legacy_unknown_crawl_date,,False,VF3,VF3,New,2026,,Hanoi,2688886,275000000,True,True,,Not mentioned,False,True,"VinFast VF3 – lựa chọn lý tưởng để đi phố, đi làm"
132627481,legacy_unknown_crawl_date,,False,VF8,VF8,New,2026,,Ho Chi Minh City,16075472,848000000,True,True,,Not mentioned,False,False,VF8 THẾ HỆ MỚI - XE ĐIỆN ĐÁNG ĐẦU TƯ CHO GIA ĐÌNH
134510230,legacy_unknown_crawl_date,,False,Dòng khác,Dòng khác,New,2026,,Hanoi,2688886,180000000,False,False,unknown_ev_model; title_model_conflict,Not mentioned,False,True,"VINFAST VF2 – XE ĐIỆN ĐÔ THỊ NHỎ GỌN, TIẾT KIỆM"
132627371,legacy_unknown_crawl_date,,False,VF8,VF8,New,2026,,Ho Chi Minh City,16075472,848000000,True,True,,Not mentioned,False,True,VÌ SAO NÊN MUA VF8 THẾ HỆ MỚI GIAI ĐOẠN NÀY?
133670595,legacy_unknown_crawl_date,,False,VF3,VF3,New,2026,,Ho Chi Minh City,16075472,278000000,True,True,,Both mentioned,False,False,VF3 GIAO NGAY-HỖ TRỢ VAY 90%-BAO HS XẤU
123549450,legacy_unknown_crawl_date,,False,Dòng khác,Dòng khác,New,2026,,Ho Chi Minh City,2073521,650000000,False,False,unknown_ev_model; title_model_conflict,Not mentioned,True,True,"💥VinFast LIMO GREEN VAY 95%, 0% TB, 0 CM THU NHẬP"
125147711,legacy_unknown_crawl_date,,False,VF9,VF9,New,2026,,Ca Mau,27751358,1348000000,True,True,,Not mentioned,True,True,VF9 GIÁ CHẠM ĐÁY-200TR NHẬN XE NGY TAY
134524500,legacy_unknown_crawl_date,,False,VF9,VF9,Used,2024,30000.0,Hanoi,30632594,1129000000,True,True,,Purchase mentioned,False,False,VinFast VF9 Plus 2024 Đen 6 chỗ 30000 km
134524409,legacy_unknown_crawl_date,,False,Limo Green,Limo Green,Used,2025,9900.0,Hanoi,30632594,625000000,True,True,,Not mentioned,False,False,VinFast Limo Green 2025 Bạc 9900km
134523967,legacy_unknown_crawl_date,,False,VF5,VF5,Used,2026,0.0,Ho Chi Minh City,32549132,496000000,True,True,,Not mentioned,False,False,VinFast VF5 SUV điện 5 chỗ Xanh
134523541,legacy_unknown_crawl_date,,False,VF3,VF3,Used,2025,10000.0,Ho Chi Minh City,23357424,262000000,True,True,,Purchase mentioned,False,False,VF3 25 - XE CÒN BHTV - FREE SẠC KGH
134514766,legacy_unknown_crawl_date,,False,VF8,VF8,New,2026,,Ho Chi Minh City,31427916,828000000,True,True,,Not mentioned,False,True,VINFAST VF8 ALL NEW - GIẢM 51 TRIỆU - THÊM 2% MHRR
134510294,legacy_unknown_crawl_date,,False,VF6,VF6,New,2026,,Ho Chi Minh City,26269824,600000000,True,True,,Not mentioned,True,True,Vinfast VF6 Eco 2026 Giá Tốt | Hỗ Trợ 95%
134124999,legacy_unknown_crawl_date,,False,VF7,VF7,Used,2024,56000.0,Hanoi,24632932,680000000,True,True,,Not mentioned,False,False,VF7 PLUS 2024 PIN CATL 2 cầu (XE DEMO SHOWROOM)
133037451,legacy_unknown_crawl_date,,False,VF8,VF8,Used,2025,19800.0,Hanoi,17012457,840000000,True,True,,Not mentioned,False,False,VinFast VF 8 2025 Đen
134522524,legacy_unknown_crawl_date,,False,VF3,VF3,Used,2026,7000.0,Hanoi,20716736,270000000,True,True,,Not mentioned,False,True,Bán xe vinfat VF3 plus sx 2026 mới cứng
134222331,legacy_unknown_crawl_date,,False,VF8,VF8,Used,2023,19000.0,Hanoi,24632932,740000000,True,True,,Not mentioned,False,False,VinFast VF8 Plus 2023 Vàng cam 19000 km (xe cũ)
134515204,legacy_unknown_crawl_date,,False,Minio Green,Minio Green,New,2026,,Ho Chi Minh City,31427916,184000000,True,True,,Not mentioned,True,True,VINFAST MINIO GREEN - TRẢ TRƯỚC 20 TRIỆU NHẬN NGAY
133227453,legacy_unknown_crawl_date,,False,VF3,VF3,New,2026,,Ho Chi Minh City,27751358,277000000,True,True,,Not mentioned,False,False,VF3 BAO HỒ SƠ KHÓ – NHÓM 5 CŨNG DUYỆT VAY
134310676,legacy_unknown_crawl_date,,False,VF8,VF8,New,2026,,Ho Chi Minh City,27751358,848000000,True,True,,Not mentioned,True,False,VinFast VF 8 CHẠY XANH GRAP PLUS VAY 90-100%
130996090,legacy_unknown_crawl_date,,False,VF8,VF8,New,2026,,Ho Chi Minh City,27751358,898000000,True,True,,Not mentioned,True,False,TIẾT KIỆM TỐI ĐA – CHỐT NGAY VF8 PLUS
134330796,legacy_unknown_crawl_date,,False,VF8,VF8,Used,2023,76000.0,Ho Chi Minh City,19045634,515000000,True,True,,Not mentioned,False,True,Vinfast VF8 Eco 2023 Pin SDI full Adas hồ sơ sẫn
131091717,legacy_unknown_crawl_date,,False,VF9,VF9,New,2026,,Ho Chi Minh City,27751358,1245000000,True,True,,Not mentioned,True,True,VinFast VF9 - XE SẴN GIAO NGAY-TƯ VẤN TRỌN GÓI
134520763,legacy_unknown_crawl_date,,False,VF8,VF8,Used,2023,42000.0,Ho Chi Minh City,19045634,695000000,True,True,,Purchase mentioned,False,True,Vinfast VF8 2023 bản Plus mua Pin CATL hồ sơ sẵn
133659865,legacy_unknown_crawl_date,,False,VF3,VF3,New,2026,,Ho Chi Minh City,18919731,278000000,True,True,,Not mentioned,True,True,KHÔNG CẦN ĐỢI CHỜ - VF 3 GIAO NGAY-BAO HỒ SƠ XẤU
134468795,legacy_unknown_crawl_date,,False,VF3,VF3,Used,2024,25000.0,Ho Chi Minh City,9308172,195000000,True,True,,Rental mentioned,False,False,"VinFast VF3 Trắng, Xanh lá 25.000 km"
134310077,legacy_unknown_crawl_date,,False,VF8,VF8,New,2026,,Ho Chi Minh City,27751358,848000000,True,True,,Not mentioned,True,False,VF 8 ALL NEW MÀU ĐEN SẴN XE GIAO NGAY
133025727,legacy_unknown_crawl_date,,False,VF8,VF8,Used,2023,49000.0,Ho Chi Minh City,19045634,665000000,True,True,,Purchase mentioned,False,True,Vinfast VF8 2023 Plus pin SDI sẵn Hồ Sơ Đen nt Kem
133247953,legacy_unknown_crawl_date,,False,Limo Green,Limo Green,New,2026,,Ho Chi Minh City,27751358,664000000,True,True,,Not mentioned,False,False,"SỞ HỮU XE ĐIỆN LIMO NHẬN GÓI SẠC 3 NĂM MIỄN PHÍ, C"
120308437,legacy_unknown_crawl_date,,False,VF7,VF7,New,2026,,Ho Chi Minh City,27751358,740000000,True,True,,Not mentioned,True,True,"VINFAST VF7 – TRẢ TRƯỚC CHỈ 150 TRIỆU, XE NGAY TAY"
129568302,legacy_unknown_crawl_date,,False,Limo Green,Limo Green,New,2026,,Ho Chi Minh City,1558920,648000000,True,True,,Not mentioned,True,True,VinFast Limo xe sẵn giao ngay - 80Tr nhận xe
132489278,legacy_unknown_crawl_date,,False,VF9,VF9,New,2026,,Ho Chi Minh City,18919731,1348000000,True,True,,Not mentioned,False,False,💥VINFAST VF9 NỢ XẤU NHÓM 5 VẪN HỖ TRỢ MUA XE 💥
133967537,legacy_unknown_crawl_date,,False,Limo Green,Limo Green,New,2026,,Ho Chi Minh City,28004425,654000000,True,True,,Not mentioned,True,True,LIMO GREEN TRẢ TRƯỚC 80TR - GÓP 8TR/THÁNG
134269561,legacy_unknown_crawl_date,,False,VF5,VF5,New,2026,,Ho Chi Minh City,27751358,471000000,True,True,,Not mentioned,False,False,VinFast VF5 50TR NHẬN XE - GIAO NGAY - VAY ĐẾN 90%
133606721,legacy_unknown_crawl_date,,False,EC VAN,EC VAN,New,2026,,Ho Chi Minh City,27751358,268000000,True,True,,Not mentioned,False,True,EC VAN 37TR BAO NỢ XẤU VẪN MUA XE
133227076,legacy_unknown_crawl_date,,False,Limo Green,Limo Green,New,2026,,Ho Chi Minh City,27751358,664000000,True,True,,Not mentioned,False,False,ĐƯA TRƯỚC CHỈ 68 TRIỆU — NHẬN NGAY VINFAST LIMO
131111831,legacy_unknown_crawl_date,,False,VF8,VF8,New,2026,,Ho Chi Minh City,27751358,896000000,True,True,,Not mentioned,True,False,VF8 MÀU XÁM ĐẶC BIỆT HÀNG SẴN KHÔNG NHIỀU-VAY 90%
131111799,legacy_unknown_crawl_date,,False,VF3,VF3,New,2026,,Ho Chi Minh City,27751358,278000000,True,True,,Not mentioned,False,True,"VF3 BAO NỢ XẤU, VAY 90%,, SẴN XE GIAO NGAY"
134262440,legacy_unknown_crawl_date,,False,VF5 Plus,VF5,Used,2026,21000.0,Ho Chi Minh City,18030326,390000000,True,True,,Not mentioned,False,False,VinFast VF5 Plus 2026 Xám - 21.000 km
132377636,legacy_unknown_crawl_date,,False,VF9,VF9,New,2026,,Ho Chi Minh City,27751358,1348000000,True,True,,Not mentioned,True,True,VF9 ƯU ĐÃI CÁ NHÂN DOANH NGHIỆP VAY 90%- HS NHANH
134513491,legacy_unknown_crawl_date,,False,VF8,VF8,New,2026,,Hanoi,24632932,1050000000,True,True,,Not mentioned,False,False,Vinfast VF8 Plus 2026 Trắng
133727961,legacy_unknown_crawl_date,,False,VF7,VF7,New,2026,,Ho Chi Minh City,32134296,712000000,True,True,,Not mentioned,True,True,VINFAST VF7 - NHẬN XE CHỈ TỪ 115 TRIỆU 🔥
133983491,legacy_unknown_crawl_date,,False,MPV 7,MPV7,New,2026,,Ho Chi Minh City,26689559,650000000,True,True,,Not mentioned,False,True,Hot VinFast MPV7 new đủ mẫu đủ màu- Giá sập sàn T9
134232544,legacy_unknown_crawl_date,,False,VF5 Plus,VF5,New,2026,,Ho Chi Minh City,23646258,420000000,True,True,,Not mentioned,True,True,🔥𝐕𝐅𝟓 𝐏𝐋𝐔𝐒 𝟐𝟎𝟐𝟔 • 𝟓𝟎𝐓𝐑 𝐍𝐇𝐀̣̂𝐍 𝐗𝐄 𝐕𝐀𝐘 𝟗𝟓% 𝐗𝐄 𝐆𝐈𝐀𝐎 𝐍𝐆𝐀𝐘
134511931,legacy_unknown_crawl_date,,False,VFe34,VFe34,Used,2022,46000.0,Dong Nai,32542696,360000000,True,True,,Rental mentioned,False,False,VinFast VF e34 2022 Trắng
134251032,legacy_unknown_crawl_date,,False,Dòng khác,Dòng khác,New,2026,,Ho Chi Minh City,23646258,650000000,False,False,unknown_ev_model,Not mentioned,False,True,𝐕𝐈𝐍𝐅𝐀𝐒𝐓 𝐌𝐏𝐕 𝟕𝐆𝐈𝐀̉𝐌 𝐆𝐈𝐀́ 𝐂𝐔̛̣𝐂 𝐌𝐀̣𝐍𝐇
134511760,legacy_unknown_crawl_date,,False,VF3,VF3,New,2026,,Ho Chi Minh City,32543571,5000000,False,False,service_title; low_price_review,Not mentioned,False,False,BẢO HIỂM BẮT BUỘC Ô TÔ GIÁ RẺ
134510276,legacy_unknown_crawl_date,,False,Limo Green,Limo Green,Used,2025,176.0,Ho Chi Minh City,21562577,620000000,True,True,,Not mentioned,False,False,𝐍𝐇𝐔̛ 𝐌𝐎̛́𝐈 𝐕𝐈𝐍𝐅𝐀𝐒𝐓 𝐋𝐈𝐌𝐎 𝐆𝐑𝐄𝐄𝐍 𝟐𝟎𝟐𝟔 Đ𝐈 𝟏𝟕𝟔𝐊𝐌-𝐒𝐈𝐄̂𝐔 𝐋𝐔̛𝐎̛́𝐓
134509497,legacy_unknown_crawl_date,,False,VF3,VF3,Used,2024,18000.0,Ho Chi Minh City,32505020,199000000,True,True,,Both mentioned,False,False,"VinFast VF3 2024 thuê pin, xe gia đình chính chủ"
134484852,legacy_unknown_crawl_date,,False,MPV 7,MPV7,New,2026,,Hanoi,2688886,680000000,True,True,,Not mentioned,True,True,"VinFast MPV 7 mới 100%, xe giao ngay"
133631588,legacy_unknown_crawl_date,,False,VFe34,VFe34,Used,2022,100000.0,Da Nang City,3662518,350000000,True,True,,Rental mentioned,False,False,Vinfast E34 Đen 15 vạn Xe gia đình
128333022,legacy_unknown_crawl_date,,False,VF7,VF7,New,2026,,Ho Chi Minh City,16075472,740000000,True,True,,Not mentioned,False,True,[BAO NỢ XẤU] 130TR NHẬN XE-THU CŨ TẶNG 140TR
134482014,legacy_unknown_crawl_date,,False,VF7,VF7,Used,2024,17000.0,Hanoi,2950980,739000000,True,True,,Not mentioned,False,False,VinFast VF7 Plus 2024 Xám 17.000 km
120311517,legacy_unknown_crawl_date,,False,VF9,VF9,New,2026,,Ho Chi Minh City,16075472,1348000000,True,True,,Not mentioned,True,True,VF9 BAO ĐẬU NỢ XẤU NHÓM 5 CẢ DOANH NGHIỆP-VAY 100%
133109536,legacy_unknown_crawl_date,,False,MPV 7,MPV7,New,2025,,Ho Chi Minh City,1133534,715000000,True,True,,Not mentioned,True,True,"VINFAST MPV7 ĐỦ MÀU GIAO NGAY,Chỉ cần 104T nhận xe"
134481044,legacy_unknown_crawl_date,,False,Limo Green,Limo Green,New,2026,,Hanoi,3287572,550000000,True,True,,Not mentioned,True,True,✅VinFast Limo Green - Trả góp lãi suất 0%🔥
134395350,legacy_unknown_crawl_date,,False,VF8,VF8,Used,2026,0.0,Ho Chi Minh City,32022031,758000000,True,True,,Not mentioned,False,True,VinFast VF8 All-New SẴN XE màu đen GIAO NGAY
123895207,legacy_unknown_crawl_date,,False,VF8,VF8,New,2025,,Dak Lak,16075472,898000000,True,True,,Not mentioned,True,True,VF8 GIÁ SIÊU ƯU ĐÃI-HỖ TRỢ NỢ XẤU-VAY 85% GIÁ XE
133943464,legacy_unknown_crawl_date,,False,VF3,VF3,New,2026,,Can Tho City,4680092,39000000,True,False,low_price_review,Not mentioned,True,True,VinFast VF3 Eco 2026
134507772,legacy_unknown_crawl_date,,False,VF5 Plus,VF5,Used,2024,54000.0,Dong Nai,30027239,370000000,True,True,,Purchase mentioned,False,False,VinFast VF5 Plus 2024 Trắng 54.000 km
120310646,legacy_unknown_crawl_date,,False,VF8,VF8,New,2026,,Ho Chi Minh City,16075472,896000000,True,True,,Not mentioned,True,True,"VF8 2026 ĐẲNG CẤP VƯỢT TRỘI, PIN XA HƠN, VAY 90%"
133257486,legacy_unknown_crawl_date,,False,VF9,VF9,New,2026,,Ho Chi Minh City,27751358,1245000000,True,True,,Not mentioned,True,True,VF9  VAY ĐẾN 100% – LÃI CỐ ĐỊNH 5% TRONG 3 NĂM
131417730,legacy_unknown_crawl_date,,False,VF6,VF6,New,2026,,Ho Chi Minh City,16075472,646000000,True,True,,Not mentioned,True,False,"SỞ HỮU VF6 Chỉ từ 72tr nhận xe, BAO HỒ SƠ THẬT KHÓ"
134507133,legacy_unknown_crawl_date,,False,VF8,VF8,New,2026,,Ha Tinh,2486097,735000000,True,True,,Not mentioned,False,True,VinFast VF8 Đỏ Xe ô tô điện
131109356,legacy_unknown_crawl_date,,False,VF3,VF3,New,2026,,Ho Chi Minh City,16075472,278000000,True,True,,Not mentioned,True,False,VF3 MẪU XE YÊU THÍCH 2026- MÀU NÀO CŨNG CÓ
120363334,legacy_unknown_crawl_date,,False,VF6,VF6,New,2026,,Dong Nai,16075472,646000000,True,True,,Not mentioned,True,True,VF6 ĐĂNG KÍ FLATFORM CHIA SẼ DOANH THU CỰC CAO
131279104,legacy_unknown_crawl_date,,False,VF7,VF7,New,2026,,Ho Chi Minh City,16075472,740000000,True,True,,Not mentioned,True,True,🌟 SỞ HỮU VINFAST VF7 Bên LÃI SUẤT CHỈ 7% 3 NĂM
132986086,legacy_unknown_crawl_date,,False,VF8,VF8,Used,2023,67000.0,Ho Chi Minh City,19045634,565000000,True,True,,Purchase mentioned,False,True,Vinfast VF8 Eco Full Adas mua Pin SDI bản 2 Cầu
132489520,legacy_unknown_crawl_date,,False,VF9,VF9,New,2026,,Ho Chi Minh City,16075472,1348000000,True,True,,Not mentioned,True,False,⚡CƠ HỘI VÀNG SỞ HỮU XE VINFAST VF9⚡VAY ĐẾN 100%
134250372,legacy_unknown_crawl_date,,False,VF9,VF9,New,2026,,Ho Chi Minh City,26269824,1348000000,True,True,,Not mentioned,True,True,Vinfast VF9 HT Hồ Sơ Khó | CTY mới thành lập
134299330,legacy_unknown_crawl_date,,False,VF3,VF3,Used,2025,10000.0,Ho Chi Minh City,543639,255000000,True,True,,Purchase mentioned,False,False,VinFast VF3 2025 Xám Odo 10.000km - Độ PK 10tr
129698349,legacy_unknown_crawl_date,,False,Limo Green,Limo Green,New,2026,,Ho Chi Minh City,1558920,660000000,True,True,,Not mentioned,True,True,"VinFast Limo xe sẵn, tặng full quà tặng, xe sẵn"
130989203,legacy_unknown_crawl_date,,False,VF7,VF7,New,2026,,Ho Chi Minh City,9431250,740000000,True,True,,Not mentioned,True,True,VF7 BAO NỢ XẤU-CÁ NHÂN DOANH NGHIỆP-TẶNG 150TR
128351534,legacy_unknown_crawl_date,,False,VF6,VF6,New,2025,,Ho Chi Minh City,27487996,573000000,True,True,,Not mentioned,True,True,VinFast VF6 ECO -HỖ TRỢ NỢ XẤU
134503252,legacy_unknown_crawl_date,,False,VF3,VF3,New,2026,,Tay Ninh,32540252,296000000,True,True,,Not mentioned,False,False,VinFast VF3 Plus Xanh quân đội
133945523,legacy_unknown_crawl_date,,False,VF5,VF5,New,2026,,Ho Chi Minh City,9431250,471000000,True,True,,Not mentioned,True,False,VinFast VF 5 BAO HỒ SƠ XẤU - VAY90-100%
131036637,legacy_unknown_crawl_date,,False,Limo Green,Limo Green,New,2026,,Ho Chi Minh City,9431250,664000000,True,True,,Not mentioned,True,True,"LIMO GREEN,0Đ PHÍ SẠC-VỐN 91TR:""CHÌA KHÓA""LÀM GIÀU"
134502614,legacy_unknown_crawl_date,,False,VF5,VF5,New,2026,,Can Tho City,17894346,438000000,True,True,,Not mentioned,True,True,VinFast VF 5 Đỏ Xe điện
132356934,legacy_unknown_crawl_date,,False,VF8,VF8,New,2026,,Ho Chi Minh City,9431250,848000000,True,True,,Not mentioned,False,True,VinFast VF8 MUA XE DỄ DÀNG - HỖ TRỢ VAY ĐẾN 100%
133698552,legacy_unknown_crawl_date,,False,Dòng khác,Dòng khác,New,2026,,Ho Chi Minh City,9431250,730000000,False,False,unknown_ev_model; title_model_conflict,Not mentioned,False,False,VinFast VF MPV 7 Trắng 450 km/sạc
134502098,legacy_unknown_crawl_date,,False,VF2,VF2,New,2026,,Can Tho City,32433932,188000000,True,True,,Not mentioned,False,False,VinFast VF2 Trắng Điện
131317383,legacy_unknown_crawl_date,,False,VF3,VF3,New,2025,,Ho Chi Minh City,9431250,278000000,True,True,,Not mentioned,True,True,VF3 GIÁ TỐT MUA NGAY KẺO LỠ-45TR NHẬN XE BAO NỢXẤU
132967337,legacy_unknown_crawl_date,,False,VF6,VF6,New,2026,,Ho Chi Minh City,31822163,586000000,True,True,,Not mentioned,True,True,"VinFast VF6 Eco Xám , Sẵn xe giao ngay"
133924980,legacy_unknown_crawl_date,,False,VF3,VF3,New,2026,,Hanoi,11762976,250000000,True,True,,Not mentioned,False,False,VF3 plus trắng sx 2026
134501336,legacy_unknown_crawl_date,,False,VF2,VF2,New,2026,,Vinh Long,2150244,188000000,True,True,,Not mentioned,False,False,"🚗 VF2 – SUẤT TIÊN PHONG, GIÁ TỐT, ƯU TIÊN GIAO XE"
130998158,legacy_unknown_crawl_date,,False,VF9,VF9,New,2026,,Ho Chi Minh City,9431250,1348000000,True,True,,Not mentioned,True,True,VF9: KHOANG THƯƠNG GIA – CÔNG NGHỆ TIÊN PHONG
134308073,legacy_unknown_crawl_date,,False,VF3,VF3,New,2026,,Ho Chi Minh City,31822163,260000000,True,True,,Not mentioned,True,True,"VinFast VF3 sẵn xe , nhiều màu , giao ngay"
134500544,legacy_unknown_crawl_date,,False,VF5,VF5,Used,2025,0.0,Hanoi,32539467,405000000,True,True,,Not mentioned,False,False,"VinFast VF5 2026 Xám, Đỏ"
134319015,legacy_unknown_crawl_date,,False,VF8,VF8,Used,2023,76675.0,Ho Chi Minh City,18940190,555000000,True,True,,Not mentioned,False,False,VinFast VF8 Eco 2023 pin SDI giá còn Giảm
134230359,legacy_unknown_crawl_date,,False,VF3,VF3,New,2026,,Ho Chi Minh City,26269824,276000000,True,True,,Not mentioned,True,True,Vinfast Vf3 2026 Trả trước 30Tr
133306725,legacy_unknown_crawl_date,,False,VF3,VF3,New,2026,,Ho Chi Minh City,10439359,179000000,True,True,,Not mentioned,True,True,VinFast VF 3 Trắng Xe ô tô điện
131638904,legacy_unknown_crawl_date,,False,VF6,VF6,Used,2025,10000.0,Hanoi,10439359,536000000,True,True,,Not mentioned,True,True,Xe điện Vinfast VF6 Trắng
133306158,legacy_unknown_crawl_date,,False,VF6,VF6,New,2026,,Ho Chi Minh City,10439359,545000000,True,True,,Not mentioned,True,True,VinFast VF6 5 chỗ Điện Đỏ Trắng 2026 giá tốt
134488200,legacy_unknown_crawl_date,,False,VF2,VF2,New,2026,,Can Tho City,20771599,188000000,True,True,,Not mentioned,False,False,VinFast VF 2 Trắng 4 chỗ
134487805,legacy_unknown_crawl_date,,False,VF3,VF3,New,2026,,Ho Chi Minh City,384093,290000000,True,True,,Not mentioned,True,True,"VF3 Plus Đỏ, Trắng, Xám, Xanh 47 Triệu nhận xe"
134487662,legacy_unknown_crawl_date,,False,VF2,VF2,New,2026,,Hanoi,32040106,180000000,True,True,,Not mentioned,False,True,VinFast VF2 Trắng 4 chỗ
133120262,legacy_unknown_crawl_date,,False,EC VAN,EC VAN,New,2026,,Ho Chi Minh City,1558920,247000000,True,False,upfront_price_match,Not mentioned,True,False,VinFast EC Van Giá chỉ từ 247TR trả trước 40Tr
127164051,legacy_unknown_crawl_date,,False,Limo Green,Limo Green,New,2026,,Ho Chi Minh City,1558920,648000000,True,True,,Not mentioned,True,True,"VinFast LimoGreen, trả trc từ 84tr, nhận xe ngay"
133306149,legacy_unknown_crawl_date,,False,VF5 Plus,VF5,New,2026,,Ho Chi Minh City,10439359,525000000,True,True,,Not mentioned,True,True,Vinfast limo giá mới 2026 giá tốt
133306127,legacy_unknown_crawl_date,,False,VF7,VF7,New,2026,,Ho Chi Minh City,10439359,570000000,True,True,,Not mentioned,True,True,VinFast MVF 7 Trắng Xe ô tô điện
133309124,legacy_unknown_crawl_date,,False,VF5,VF5,New,2026,,Ho Chi Minh City,10439359,361000000,True,True,,Not mentioned,True,True,VinFast VF5 Trắng Xe ô tô điện
134216716,legacy_unknown_crawl_date,,False,Limo Green,Limo Green,New,2026,,Ho Chi Minh City,23646258,550000000,True,False,upfront_price_match,Not mentioned,True,True,LIMO GREEN 7 chỗ Từ 550tr trả trước 90 tr nhận xe
134282681,legacy_unknown_crawl_date,,False,VF5 Plus,VF5,Used,2025,10000.0,Hanoi,316317,326000000,True,True,,Purchase mentioned,False,False,VinFast VF5 Plus 2025 Trắng 10000 km
134486243,legacy_unknown_crawl_date,,False,VF3,VF3,Used,2026,1.0,Ho Chi Minh City,28786618,295000000,True,True,,Not mentioned,True,True,VINFAST VF3 PLUS XE MỚI 100% ( GIÁ ƯU ĐÃI CỰC SỐC)
134485903,legacy_unknown_crawl_date,,False,VF5 Plus,VF5,Used,2026,1.0,Ho Chi Minh City,28786618,435000000,True,True,,Not mentioned,True,True,VINFAST VF5 PLUS XE MỚI 100% ( GIÁ GIẢM CỰC SỐC)
132767615,legacy_unknown_crawl_date,,False,Limo Green,Limo Green,New,2026,,Ho Chi Minh City,27751358,664000000,True,True,,Not mentioned,True,True,VinFast Limo Green XE Sẵn Giao Ngay Bao Nợ Xấu
130934436,legacy_unknown_crawl_date,,False,VF3,VF3,New,2026,,Ho Chi Minh City,27751358,278000000,True,True,,Not mentioned,True,True,VF3 278TR XẢ KHO-TẶNG FUL PHỤ KIỆN-BAO NỢ XẤU
134485045,legacy_unknown_crawl_date,,False,VF5,VF5,New,2026,,Hanoi,32532735,43000000,True,False,low_price_review,Not mentioned,True,True,VinFast VF5 Trắng 5 chỗ
134484916,legacy_unknown_crawl_date,,False,VF8,VF8,Used,2023,28000.0,Dong Nai,20886578,690000000,True,True,,Not mentioned,False,True,VinFast VF8 ECO/SDI 2023 Xanh Dương 28000 km
120559058,legacy_unknown_crawl_date,,False,VF8,VF8,New,2026,,Ho Chi Minh City,27751358,1079000000,True,True,,Not mentioned,True,False,VF8 PLUS HỖ TRỢ VAY LÊN ĐẾN 90% NHẬN XE
134484875,legacy_unknown_crawl_date,,False,VF8,VF8,Used,2023,81000.0,Dong Nai,20886578,716000000,True,True,,Not mentioned,False,True,VinFast VF8 Plus 2023 Đen 81000 km
134361418,legacy_unknown_crawl_date,,False,VF8,VF8,Used,2025,19000.0,Ho Chi Minh City,26338616,699000000,True,True,,Purchase mentioned,False,False,"VinFast VF8 2025 Pin CATL ,550km"
131886801,legacy_unknown_crawl_date,,False,VF9,VF9,New,2026,,Tay Ninh,27751358,1348000000,True,True,,Not mentioned,True,True,VF9 SỞ HỮU XE TỪ 0Đ - HỖ TRỢ VAY TỚI 100%
132494349,legacy_unknown_crawl_date,,False,VF8,VF8,New,2026,,Ho Chi Minh City,31426322,750000000,True,True,,Not mentioned,True,True,VINFAST VF8 NEW SẴN XE ĐỂ XEM SỜ TẬN TAY
131319998,legacy_unknown_crawl_date,,False,VF5 Plus,VF5,New,2025,,Ho Chi Minh City,26500246,440000000,True,True,,Not mentioned,True,False,VF5 PLUS TRẢ TRƯỚC TỪ 50tr NHẬN XE
132836954,legacy_unknown_crawl_date,,False,VF8,VF8,New,2026,,Can Tho City,29722912,90000000,True,False,low_price_review; upfront_price_match,Not mentioned,True,True,🔥VF8 xe mới 100%. Chỉ trả trước 90tr NHẬN XE NGAY
127213379,legacy_unknown_crawl_date,,False,VF3,VF3,New,2025,,Can Tho City,29722912,34000000,True,False,low_price_review; upfront_price_match,Not mentioned,True,True,🔥VF3 xe mới 100%. Chỉ trả trước 34tr NHẬN XE NGAY
134051136,legacy_unknown_crawl_date,,False,VF5 Plus,VF5,New,2026,,Can Tho City,32311489,40000000,True,False,low_price_review; upfront_price_match,Not mentioned,True,True,💥 VF5 PLUS mới 100%. Chỉ trả trước 40tr Nhận xe
134106352,legacy_unknown_crawl_date,,False,VF5,VF5,Used,2024,9.0,Gia Lai,4135721,345000000,True,True,,Not mentioned,False,False,VinFast VF5 2024 Trắng 9 vạn
134078134,legacy_unknown_crawl_date,,False,VF8,VF8,Used,2022,68000.0,Ho Chi Minh City,31176938,659000000,True,True,,Not mentioned,False,True,VinFast VF8 Plus 2022 Xám Siêu Đẹp
133815423,legacy_unknown_crawl_date,,False,VF8,VF8,Used,2024,19000.0,Ho Chi Minh City,25755790,839000000,True,True,,Purchase mentioned,True,True,[GF]-VF8 Plus 2024-ODO 1v9Km-PIN CATL-Ko Lỗi
134249107,legacy_unknown_crawl_date,,False,VF7,VF7,New,2026,,Ho Chi Minh City,26269824,800000000,True,True,,Not mentioned,True,True,Vinfast VF7 Plus 2026 | Vay 95% - Bao hồ sơ khó
133740278,legacy_unknown_crawl_date,,False,VF8,VF8,Used,2023,56000.0,Ho Chi Minh City,25755790,678000000,True,True,,Purchase mentioned,True,False,[GF]-VF8 Plus 2023-ODO 5v6Km-Bảo hành chính hãng
134382290,legacy_unknown_crawl_date,,False,VF8,VF8,Used,2025,19000.0,Ho Chi Minh City,25755790,859000000,True,True,,Not mentioned,False,False,Vinfast VF8 Plus 2025-ODO 2v4Km- Xe Đẹp Ko Lỗi
134249754,legacy_unknown_crawl_date,,False,VF8,VF8,New,2026,,Ho Chi Minh City,26269824,840000000,True,True,,Not mentioned,True,True,Vinfast VF8 All New 2026 Vay 95% | Giảm Mạnh
134477405,legacy_unknown_crawl_date,,False,VF7,VF7,New,2026,,Ho Chi Minh City,11130169,725000000,True,True,,Not mentioned,True,True,Giá lăn bánh Vinfast VF7. Xe sẵn giao ngay
134232877,legacy_unknown_crawl_date,,False,Limo Green,Limo Green,New,2026,,Ho Chi Minh City,26269824,644000000,True,True,,Not mentioned,True,True,Vinfast Limo Green 2026 Vay 95% - Bao nợ xấu
134477158,legacy_unknown_crawl_date,,False,Dòng khác,Dòng khác,Used,2025,15000.0,Hanoi,3355113,610000000,False,False,unknown_ev_model; title_model_conflict,Purchase mentioned,False,False,VinFast VF6 Plus 2025 Xám
133316229,legacy_unknown_crawl_date,,False,VF3,VF3,New,2026,,Ho Chi Minh City,2472519,268000000,True,True,,Not mentioned,True,True,VINFAST VF3 - GIÁ THẤP KỶ LỤC - 35 TRIỆU NHẬN XE
133316980,legacy_unknown_crawl_date,,False,Limo Green,Limo Green,New,2026,,Ho Chi Minh City,2472519,629000000,True,True,,Not mentioned,True,True,VINFAST LIMO GREEN - XE SẴN KHO - 70 TRIỆU NHẬN XE
134188567,legacy_unknown_crawl_date,,False,VF8,VF8,New,2026,,Ho Chi Minh City,19097879,845000000,True,True,,Not mentioned,True,True,VinFast VF8 All New - Ưu đãi cọc giảm ngay 51tr 🚨
133741133,legacy_unknown_crawl_date,,False,VF7,VF7,New,2026,,Ho Chi Minh City,19097879,850000000,True,True,,Not mentioned,False,True,VinFast VF7 Plus TC3 Đỏ
133690662,legacy_unknown_crawl_date,,False,VF7,VF7,New,2026,,Ho Chi Minh City,19097879,780000000,True,True,,Not mentioned,False,True,"VinFast VF7 Plus, SẴN XE GIAO NGAY"
134460520,legacy_unknown_crawl_date,,False,Limo Green,Limo Green,Used,2026,10000.0,Ho Chi Minh City,16894593,539000000,True,True,,Not mentioned,True,False,VinFast Limo Green Trắng Việt Nam
133566653,legacy_unknown_crawl_date,,False,VF3,VF3,Used,2025,36137.0,Hanoi,1657313,235000000,True,True,,Purchase mentioned,False,False,Vinfast VF3 2025 Mua Pin Sạc Không Giới Hạn
134457962,legacy_unknown_crawl_date,,False,VF6,VF6,Used,2025,60000.0,Tuyen Quang,3624563,555000000,True,True,,Not mentioned,False,False,VinFast VF6 Eco 2025 Đỏ 60000 km
134370973,legacy_unknown_crawl_date,,False,VF3,VF3,New,2026,,Ho Chi Minh City,24742361,280000000,True,True,,Not mentioned,True,False,VinFast VF3 Eco đủ màu trả trước 55tr
134471669,legacy_unknown_crawl_date,,False,VF5 Plus,VF5,Used,2024,150.0,Ho Chi Minh City,29282042,330000000,True,True,,Not mentioned,False,False,VinFast VF5 Plus Trắng 150 vạn/km
134471569,legacy_unknown_crawl_date,,False,VF5 Plus,VF5,Used,2024,150.0,Ho Chi Minh City,9484911,330000000,True,True,,Not mentioned,False,False,VinFast VF5 Plus Trắng 150 vạn/km
130163604,legacy_unknown_crawl_date,,False,VF6,VF6,New,2026,,Ho Chi Minh City,24742361,683000000,True,True,,Not mentioned,True,False,VinFast VF6 Plus TC2 Trả Trước 85tr
130789989,legacy_unknown_crawl_date,,False,VF5,VF5,New,2026,,Ho Chi Minh City,9431250,471000000,True,True,,Not mentioned,True,False,"VF5 ĐƯA 60 TRIỆU ĐỒNG, BAO NỢ XẤU NHÓM 5"
132627136,legacy_unknown_crawl_date,,False,VF8,VF8,New,2026,,Ho Chi Minh City,9431250,848000000,True,True,,Not mentioned,False,False,🚗 VINFAST VF 8 THẾ HỆ MỚI – SUV ĐIỆN CÔNG NGHỆ CAO
133698651,legacy_unknown_crawl_date,,False,Dòng khác,Dòng khác,New,2026,,Ho Chi Minh City,9431250,730000000,False,False,unknown_ev_model; title_model_conflict,Not mentioned,False,False,VinFast MPV 7 450 km/sạc - BAO HS NHÓM 5
121661352,legacy_unknown_crawl_date,,False,VF6,VF6,New,2026,,Ho Chi Minh City,9431250,646000000,True,True,,Not mentioned,True,False,VF6 BAO NỢ XÂU+BANK 90%+72TR NHẬN XE
120557240,legacy_unknown_crawl_date,,False,VF8,VF8,New,2026,,Ho Chi Minh City,9431250,898000000,True,True,,Not mentioned,True,True,VF8 LUX PLUS-VAY 90%-BAO HS KHÓ-150TR NHẬN XE!
134469611,legacy_unknown_crawl_date,,False,VFe34,VFe34,Used,2022,20.0,Ho Chi Minh City,24140537,350000000,True,True,,Not mentioned,False,False,Xe điện VinFast VF e34 Xanh 20 vạn
133659585,legacy_unknown_crawl_date,,False,VF3,VF3,New,2026,,Ho Chi Minh City,9431250,278000000,True,True,,Not mentioned,True,True,"VF 3 - MUA XE 0 ĐỒNG, NHẬN XE NGAY VAY TỚI 100%"
133956941,legacy_unknown_crawl_date,,False,VF5,VF5,New,2026,,Ho Chi Minh City,9431250,471000000,True,True,,Not mentioned,True,True,VF5 MUA DỄ DÀNG - CHỈ CẦN NHU CẦU - TÀI 9 EM LO
121662509,legacy_unknown_crawl_date,,False,VF9,VF9,New,2025,,Ho Chi Minh City,9431250,1348000000,True,True,,Not mentioned,True,True,VF9 BAO NỢ XẤU CÁ NHÂN-DOANH NGHIỆP VAY 90%
130989283,legacy_unknown_crawl_date,,False,VF7,VF7,New,2026,,Ho Chi Minh City,9431250,740000000,True,True,,Not mentioned,True,True,"VF7 HỖ TRỢ VAY 90%-BAO HS KHÓ,NỢ XẤU,DOANH NGHIÊP"
134319414,legacy_unknown_crawl_date,,False,VF8,VF8,Used,2023,40538.0,Ho Chi Minh City,18940190,745000000,True,True,,Not mentioned,False,False,VF8 Plus CATL 2023 tặng thuế trước bạ trong T8
133941381,legacy_unknown_crawl_date,,False,VF5,VF5,New,2026,,Ho Chi Minh City,2841317,446400000,True,True,,Not mentioned,True,True,VF5 PLUS - 35TR NHẬN XE -  VAY 90-100%
134201392,legacy_unknown_crawl_date,,False,VF3,VF3,New,2026,,Hanoi,24632932,279000000,True,True,,Not mentioned,False,True,VinFast VF 3 Plus 2026 giao xe ngay
134464520,legacy_unknown_crawl_date,,False,VF6,VF6,New,2026,,Ho Chi Minh City,11130169,634000000,True,True,,Not mentioned,True,True,Giá lăn bánh Vinfast VF6. Xe sẵn giao ngay
133338801,legacy_unknown_crawl_date,,False,MPV 7,MPV7,New,2026,,Ho Chi Minh City,2472519,692000000,True,True,,Not mentioned,True,True,VINFAST MPV 7 - XE SẴN KHO - 90 TRIỆU NHẬN XE
134380030,legacy_unknown_crawl_date,,False,VF6,VF6,Used,2025,22000.0,Ho Chi Minh City,5474270,555000000,True,True,,Not mentioned,False,False,Vinfast VF6 Eco 2025 Trắng 22.000km
134464235,legacy_unknown_crawl_date,,False,VFe34,VFe34,Used,2022,20000.0,Ho Chi Minh City,16731730,350000000,True,True,,Not mentioned,False,False,Bán xe điện 4 chỗ
133337945,legacy_unknown_crawl_date,,False,VF6,VF6,New,2026,,Ho Chi Minh City,2472519,613000000,True,True,,Not mentioned,True,True,VINFAST VF6 - XE SẴN GIAO NGAY - 77 TRIỆU NHẬN XE
133317447,legacy_unknown_crawl_date,,False,VF7,VF7,New,2025,,Ho Chi Minh City,2472519,711000000,True,True,,Not mentioned,True,True,VINFAST VF7 - XE SẴN GIAO NGAY - 90 TRIỆU NHẬN XE
133330626,legacy_unknown_crawl_date,,False,VF5 Plus,VF5,New,2026,,Ho Chi Minh City,2472519,446000000,True,True,,Not mentioned,True,True,VINFAST VF5 PLUS - XE SẴN KHO - 50 TRIỆU NHẬN XE
134447116,legacy_unknown_crawl_date,,False,VF2,VF2,New,2026,,Ho Chi Minh City,17407422,179000000,True,True,,Not mentioned,True,True,VinFast VF2 Chỉ từ 12X Triệu | chỉ từ 2Tr/tháng
131886536,legacy_unknown_crawl_date,,False,VF8,VF8,New,2026,,Can Tho City,27751358,898000000,True,True,,Not mentioned,True,True,VF8 TRẢ TRƯỚC 10% HỖ TRỢ CÁ NHÂN & DOANH NGHIỆP
134125069,legacy_unknown_crawl_date,,False,VF8,VF8,New,2026,,Hanoi,24632932,858000000,True,True,,Not mentioned,False,True,VinFast VF8 All New 2026 XE GIAO NGAY
123681778,legacy_unknown_crawl_date,,False,Limo Green,Limo Green,New,2026,,Dong Nai,27751358,664000000,True,True,,Not mentioned,True,True,LIMO GREEN GIAO LIỀN+90TR NHẬN XE+GÓP 9TR6/THÁNG
131833297,legacy_unknown_crawl_date,,False,VF9,VF9,New,2026,,Ho Chi Minh City,27751358,1529000000,True,True,,Not mentioned,False,False,VinFast VF9 Plus Xám XE SẴN GIAO NGAY
134299840,legacy_unknown_crawl_date,,False,VF8,VF8,Used,2023,53000.0,Ho Chi Minh City,27868140,620000000,True,True,,Not mentioned,False,False,VinFast VF8 ECO 2023 Đen 53000 km
134448245,legacy_unknown_crawl_date,,False,VF3,VF3,New,2026,,Ho Chi Minh City,17407422,276000000,True,True,,Not mentioned,True,True,VinFast VF 3 Sẵn giao ngay| Chỉ từ 3Tr/tháng
133257570,legacy_unknown_crawl_date,,False,VF9,VF9,New,2026,,Ho Chi Minh City,9431250,1348000000,True,True,,Not mentioned,True,False,VF9 VAY ĐẾN 100% – LÃI CỐ ĐỊNH 5% TRONG 3 NĂM
133251960,legacy_unknown_crawl_date,,False,Limo Green,Limo Green,New,2026,,Ho Chi Minh City,9431250,664000000,True,True,,Not mentioned,False,False,ĐƯA TRƯỚC CHỈ 68 TRIỆU — NHẬN NGAY VINFAST LIMO
132892088,legacy_unknown_crawl_date,,False,VF9,VF9,New,2026,,Ho Chi Minh City,27751358,1229000000,True,True,,Not mentioned,False,False,TẬN HƯỞNG ĐẲNG CẤP TRÊN VF9 - SỞ HỮU DỄ DÀNG
133670812,legacy_unknown_crawl_date,,False,VF3,VF3,New,2026,,Ho Chi Minh City,27751358,278000000,True,True,,Not mentioned,True,False,MUA VF3 DỄ DÀNG TRẢ TRƯỚC CHỈ 10%-BAO HS XẤU
134459065,legacy_unknown_crawl_date,,False,VF5,VF5,New,2026,,Ho Chi Minh City,11130169,436000000,True,True,,Not mentioned,True,True,Giá lăn bánh Vinfast VF5. Xe sẵn giao ngay
134458001,legacy_unknown_crawl_date,,False,Limo Green,Limo Green,New,2026,,Ho Chi Minh City,11130169,652000000,True,True,,Not mentioned,True,True,Giá lăn bánh Limo Green. Xe sẵn giao ngay
129064469,legacy_unknown_crawl_date,,False,VF6,VF6,New,2025,,Ho Chi Minh City,27487996,606000000,True,True,,Not mentioned,False,True,VinFast VF6 Plus - NHẬN XE NGAY
129065360,legacy_unknown_crawl_date,,False,VF7,VF7,New,2025,,Ho Chi Minh City,27487996,640000000,True,True,,Not mentioned,True,True,VinFast VF7 - TẶNG NGAY ( BHTV)
133924282,legacy_unknown_crawl_date,,False,VF8 Lux,VF8,Used,2024,15000.0,Hanoi,11762976,750000000,True,True,,Not mentioned,False,False,VF8 S Lux sx 2024 - màu trắng nóc xám
133963919,legacy_unknown_crawl_date,,False,VF3,VF3,New,2026,,Ho Chi Minh City,2938010,278000000,True,True,,Not mentioned,False,False,VF3 XE TẠI KHO GIAO NGAY - HT HS XẤU -VAY TỚI 100%
134359816,legacy_unknown_crawl_date,,False,VF5 Plus,VF5,Used,2024,45000.0,Ho Chi Minh City,4160433,379000000,True,True,,Purchase mentioned,False,False,VINFAST VF5 PLUS 2024 PIN MUA XE GIA ĐÌNH SẠC KGH
133947803,legacy_unknown_crawl_date,,False,Minio Green,Minio Green,New,2026,,Hanoi,11762976,108000000,True,True,,Not mentioned,True,True,MINIO GREEN – NHỎ GỌN 2026
134329128,legacy_unknown_crawl_date,,False,VF2,VF2,New,2026,,Ho Chi Minh City,32022031,179000000,True,True,,Not mentioned,False,False,VinFast VF 2 GIÁ CỰC TỐT TRONG THÁNG 08
133591216,legacy_unknown_crawl_date,,False,Dòng khác,Dòng khác,New,2026,,Hanoi,24632932,185000000,False,False,unknown_ev_model; title_model_conflict,Not mentioned,True,True,VinFast VF 2 sẵn XE GIAO NGAY
131309104,legacy_unknown_crawl_date,,False,Lux SA2.0,Lux SA2.0,Used,2021,100000.0,Hanoi,121345,525000000,False,False,is_ice_label,Not mentioned,False,False,VINFAST LUX SA 2021 - ODO 10V KM
132424479,legacy_unknown_crawl_date,,False,VF5,VF5,New,2026,,Ho Chi Minh City,10161621,436000000,True,True,,Not mentioned,True,True,XẢ KHO VinFast VF5 - 36tr trả trước nhận xe
134446325,legacy_unknown_crawl_date,,False,VF3,VF3,New,2026,,Ho Chi Minh City,14858985,285000000,True,True,,Not mentioned,True,True,CHỈ 40TR CÓ NGAY VF3 - KO CẦN CHỨNG MINH THU NHẬP
134444271,legacy_unknown_crawl_date,,False,VF5,VF5,Used,2026,0.0,Hanoi,32510914,356000000,True,True,,Not mentioned,True,False,VinFast VF5 Trắng Điện
132416736,legacy_unknown_crawl_date,,False,VF3,VF3,New,2026,,Da Nang City,4625937,259000000,True,True,,Not mentioned,False,True,Xe ô tô điện Vinfast VF 3 Hồng giá cực tốt sẵn xe
132417004,legacy_unknown_crawl_date,,False,EC VAN,EC VAN,New,2026,,Da Nang City,4625937,259000000,False,False,title_model_conflict,Not mentioned,False,True,Vinfast VF 3 màu Vàng
132416774,legacy_unknown_crawl_date,,False,VF3,VF3,New,2026,,Da Nang City,4625937,259000000,True,True,,Not mentioned,False,True,Chỉ cần đưa trước 50 triệu có ngay xe VF 3 mới
133534659,legacy_unknown_crawl_date,,False,VF2,VF2,New,2026,,Da Nang City,4625937,100000000,True,False,upfront_price_match,Not mentioned,False,True,Vinfast VF 2 Trắng giá cực tốt chỉ từ 100 tr
133780192,legacy_unknown_crawl_date,,False,VF3,VF3,New,2026,,Da Nang City,2039434,275000000,True,True,,Not mentioned,True,True,VinFast VF3 2026
134441914,legacy_unknown_crawl_date,,False,Limo Green,Limo Green,New,2026,,Da Nang City,2039434,650000000,False,False,multiple_models_in_title,Not mentioned,False,True,VinFast Limo Green MPV 7 chỗ Điện Trắng
133008633,legacy_unknown_crawl_date,,False,VF3,VF3,New,2026,,Da Nang City,15745547,271000000,True,True,,Not mentioned,False,True,"VinFast VF3 ƯU ĐÃI KHỦNG, XE SẴN GIAO NGAY"
130441612,legacy_unknown_crawl_date,,False,Limo Green,Limo Green,New,2026,,Ho Chi Minh City,5097152,644000000,True,True,,Not mentioned,True,True,"VINFAST LIMO GREEN , TRẢ TRƯỚC 70TR NHẬN XE"
116140612,legacy_unknown_crawl_date,,False,VF3,VF3,New,2026,,Ho Chi Minh City,2073521,278000000,True,True,,Purchase mentioned,True,True,"VF3 TRẢ TRƯỚC 45TR, KHÔNG CẦN CHỨNG MINH THU NHẬP"
132623481,legacy_unknown_crawl_date,,False,VF8,VF8,Used,2022,22000.0,Ho Chi Minh City,794504,725000000,True,True,,Purchase mentioned,True,False,VinFast VF8 Plus 2022 Cam bản mua pin
134414996,legacy_unknown_crawl_date,,False,VF5 Plus,VF5,New,2026,,Ho Chi Minh City,31814467,30000000,True,False,low_price_review,Not mentioned,True,True,VinFast VF5 Plus đỏ Ô tô điện
134417340,legacy_unknown_crawl_date,,False,VF8,VF8,Used,2024,48800.0,Hanoi,2215494,735000000,True,True,,Purchase mentioned,False,False,VinFast VF8 ECO 2024 Đen 48000 km
134408733,legacy_unknown_crawl_date,,False,VF5 Plus,VF5,Used,2024,30000.0,Ho Chi Minh City,28701162,380000000,True,True,,Purchase mentioned,False,False,VinFast VF5 Plus 2024 Trắng
134430280,legacy_unknown_crawl_date,,False,VF6,VF6,Used,2024,66000.0,Ho Chi Minh City,23357424,506000000,True,True,,Purchase mentioned,False,False,VINFAST VF6S 24 - MUA PIN - FREE SẠC KGH
134420845,legacy_unknown_crawl_date,,False,VF6,VF6,Used,2024,30000.0,Hanoi,18219603,575000000,True,True,,Not mentioned,False,False,VinFast VF6 Plus 2024 Xám 30000 km
134419700,legacy_unknown_crawl_date,,False,Dòng khác,Dòng khác,Used,2024,20000.0,Ho Chi Minh City,25755790,739000000,False,False,unknown_ev_model,Purchase mentioned,True,True,VinFast VF8S 2024-LƯỚT 2vKm-Pin CATL-Có Hỗ Trợ Góp
132267421,legacy_unknown_crawl_date,,False,VF3,VF3,Used,2025,30.0,Da Nang City,11535616,208000000,True,True,,Rental mentioned,False,False,VinFast VF3 Xám 2025 -Vf 3 Thuê pin Xám mới 98%
134425247,legacy_unknown_crawl_date,,False,VF5,VF5,Used,2024,136125.0,Ho Chi Minh City,1558620,350000000,True,True,,Not mentioned,False,False,VinFast VF5 Trắng 136.125 km
134424262,legacy_unknown_crawl_date,,False,VF3,VF3,Used,2024,30000.0,Ho Chi Minh City,23357424,240000000,True,True,,Purchase mentioned,False,False,VF3 24 - MUA PIN - LÊN NHIỀU PK - FREE SẠC KGH
134384386,legacy_unknown_crawl_date,,False,VF8,VF8,Used,2023,53946.0,Ho Chi Minh City,18940190,675000000,True,True,,Not mentioned,False,False,VF8 Plus 2023 xanh nội thất nâu-T8 tặng trước bạ
133257532,legacy_unknown_crawl_date,,False,VF7,VF7,Used,2026,10201.0,Hanoi,16703221,680000000,True,True,,Not mentioned,False,False,VinFast VF7 Eco 2026 Trắng 1 vạn km
134227739,legacy_unknown_crawl_date,,False,Limo Green,Limo Green,New,2026,,Da Nang City,32228085,656000000,True,True,,Not mentioned,False,True,VinFast Limo Green 7 chỗ Trắng
133274616,legacy_unknown_crawl_date,,False,Dòng khác,Dòng khác,New,2026,,Ho Chi Minh City,25502241,15000000,False,False,unknown_ev_model; title_model_conflict; low_price_review,Not mentioned,False,True,VinFast VF3 PLUS  ĐỦ MÀU GIAO NGAY TỪ 50 TRIỆU
134415263,legacy_unknown_crawl_date,,False,Limo Green,Limo Green,Used,2025,176.0,Ho Chi Minh City,23357424,620000000,True,True,,Not mentioned,False,False,LIMO GREEN 26 - 176KM - CHƯA LĂN BÁNH -FULL SEAL
134359338,legacy_unknown_crawl_date,,False,EC VAN,EC VAN,New,2026,,Ho Chi Minh City,2938010,248000000,True,True,,Not mentioned,False,True,"VINFAST EC VAN, XE SẴN GIAO, HỔ TRỢ VAY VỐN 90%"
134397229,legacy_unknown_crawl_date,,False,VF6,VF6,New,2026,,Ho Chi Minh City,8819009,615000000,True,True,,Not mentioned,False,False,VF6 Trắng mới 100% được tặng
134394740,legacy_unknown_crawl_date,,False,MPV 7,MPV7,New,2026,,Ho Chi Minh City,21444036,649999999,True,True,,Not mentioned,True,True,VinFast VF MPV 7 Siêu Ưu Đãi - Trả 100TR Nhận Xe
134395648,legacy_unknown_crawl_date,,False,VF6,VF6,Used,2026,12000.0,Ho Chi Minh City,21663038,660000000,True,True,,Not mentioned,False,False,VinFast VF6 Plus 2026 Đen 12.000 km
134399596,legacy_unknown_crawl_date,,False,VF3,VF3,Used,2025,0.0,Ho Chi Minh City,32022031,290000000,True,True,,Not mentioned,False,False,VinFast VF3 Plus 2026 Hồng SẴN XE GIAO NGAY
134170331,legacy_unknown_crawl_date,,False,VF8,VF8,New,2026,,Ho Chi Minh City,25755790,799000000,True,True,,Not mentioned,True,True,Vinfast VF8 2026 ALL NEW - ƯU ĐÃI KHỦNG THÁNG 08
133815406,legacy_unknown_crawl_date,,False,VF8,VF8,Used,2023,55000.0,Ho Chi Minh City,25755790,678000000,True,True,,Purchase mentioned,True,False,VinFast VF8 Plus 2023-ODO 5v5-Có Hỗ Trợ Trả Góp
134413273,legacy_unknown_crawl_date,,False,VF3,VF3,New,2026,,Hanoi,1366639,275000000,True,True,,Purchase mentioned,False,False,VinFast VF3 PLUS Sx 2026 xe mới 100% giao ngay
134413106,legacy_unknown_crawl_date,,False,VF3,VF3,Used,2025,40.0,Ho Chi Minh City,1950816,235000000,True,True,,Purchase mentioned,False,False,VinFast VF3 2025 TC2 Xám bản mua pin
134412408,legacy_unknown_crawl_date,,False,VFe34,VFe34,Used,2022,120000.0,Ho Chi Minh City,4160433,309000000,True,True,,Rental mentioned,True,False,VFE34 2022 THUÊ PIN TIÊN PHONG GIÁ MỀM CÓ TRẢ GÓP
133665996,legacy_unknown_crawl_date,,False,VF8,VF8,Used,2023,40000.0,Ho Chi Minh City,19045634,645000000,True,True,,Purchase mentioned,False,False,Vinfast VF8 Eco 2023 Pin CATL Hồ sơ sẵn bấm biển
133006785,legacy_unknown_crawl_date,,False,VF8,VF8,Used,2023,74000.0,Ho Chi Minh City,19045634,530000000,True,True,,Purchase mentioned,False,True,Vinfast VF8 Eco 2023 Pin SDI sẵn hồ sơ bấm số
131102712,legacy_unknown_crawl_date,,False,VF3,VF3,New,2025,,Ho Chi Minh City,31064654,244000000,True,True,,Not mentioned,True,True,VF3 Vinfast VF3 HỖ TRỢ VAY TRẢ GÓP 100% GIÁ TRỊ XE
133765134,legacy_unknown_crawl_date,,False,VF6,VF6,Used,2024,30000.0,Ho Chi Minh City,15246,600000000,True,True,,Purchase mentioned,False,False,"VF6 Plus gia đình full Option,Free sạc kg giới hạn"
133226951,legacy_unknown_crawl_date,,False,VFe34,VFe34,Used,2022,68000.0,Hanoi,21837536,370000000,True,True,,Rental mentioned,True,False,E34 2022 thuê Pin tiên phong đẹp xuất sắc
134406437,legacy_unknown_crawl_date,,False,VF5 Plus,VF5,Used,2026,3.0,Ho Chi Minh City,31814467,50000000,True,False,low_price_review,Not mentioned,True,True,VinFast VF5 Plus đỏ Ô tô điện
134406227,legacy_unknown_crawl_date,,False,VF6,VF6,Used,2025,65000.0,Ho Chi Minh City,23357424,518000000,True,True,,Purchase mentioned,False,False,"VF6 ECO 25 - FREE SẠC KGH - TRANG BỊ CAM360,...."
133783476,legacy_unknown_crawl_date,,False,VF5 Plus,VF5,New,2026,,Da Nang City,2039434,438000000,True,True,,Not mentioned,True,True,VinFast VF5 Plus 2026
133972099,legacy_unknown_crawl_date,,False,Limo Green,Limo Green,Used,2025,37000.0,Ho Chi Minh City,31487842,625000000,True,True,,Purchase mentioned,True,False,Vinfast Limo Green - 2025 - Vàng - 3v7km - Mua pin
134402658,legacy_unknown_crawl_date,,False,Nerio Green,Nerio Green,Used,2025,67000.0,Ho Chi Minh City,2030533,450000000,True,True,,Not mentioned,False,False,VinFast neriogren
130834688,legacy_unknown_crawl_date,,False,Limo Green,Limo Green,New,2026,,Can Tho City,4680092,652000000,True,True,,Not mentioned,True,True,VinFast Limo Green 2026
130834100,legacy_unknown_crawl_date,,False,VF5 Plus,VF5,New,2026,,Can Tho City,4680092,437000000,True,True,,Not mentioned,False,True,VinFast VF5 Plus 2026
134388817,legacy_unknown_crawl_date,,False,VF7,VF7,Used,2025,29401.0,Da Nang City,18001942,735000000,True,True,,Not mentioned,False,False,VinFast VF7 Plus AWD Trắng 29401 km
134268515,legacy_unknown_crawl_date,,False,VF8,VF8,New,2026,,Ho Chi Minh City,9431250,848000000,True,True,,Not mentioned,True,True,"VinFast VF8 All New XE GIAO NGAY, VAY ĐẾN 90–100%"
134400209,legacy_unknown_crawl_date,,False,VF5 Plus,VF5,Used,2025,58000.0,Ho Chi Minh City,23357424,379000000,True,True,,Purchase mentioned,False,False,VF5 PLUS 25 - XE CÒN BHTV - FREE SẠC KGH
133667433,legacy_unknown_crawl_date,,False,Limo Green,Limo Green,New,2026,,Ho Chi Minh City,20759469,644000000,True,True,,Not mentioned,True,True,VinFast Limo Green Đen sẵn giao ngay
131776408,legacy_unknown_crawl_date,,False,Minio Green,Minio Green,New,2026,,Ho Chi Minh City,4471869,13450000,True,False,low_price_review,Not mentioned,True,False,VinFast Minio bao nợ xấu - 13.5tr nhận xe ngay
126597592,legacy_unknown_crawl_date,,False,Limo Green,Limo Green,New,2025,,Ho Chi Minh City,4471869,75000000,True,False,low_price_review; upfront_price_match,Not mentioned,True,True,"Limo Green NHẬN XE TỪ 75tr, LS 5,6% BAO NỢ XẤU"
134379965,legacy_unknown_crawl_date,,False,VF9,VF9,Used,2024,600.0,Hanoi,2950980,1140000000,True,True,,Purchase mentioned,False,False,VinFast VF9 Plus 2024 Đỏ 6 chỗ 600 km
134388686,legacy_unknown_crawl_date,,False,VF5 Plus,VF5,New,2026,,Hanoi,2688886,430000000,True,True,,Not mentioned,False,False,VinFast VF5 Plus – Xe điện đô thị tiện dụng
134379733,legacy_unknown_crawl_date,,False,VF9,VF9,Used,2025,2000.0,Hanoi,2950980,1190000000,True,True,,Purchase mentioned,False,False,VinFast VF9 Plus 2025 Bạc 7 chỗ 2000km
134379872,legacy_unknown_crawl_date,,False,VF9,VF9,Used,2024,24000.0,Hanoi,2950980,1140000000,True,True,,Purchase mentioned,False,False,VinFast VF9 Plus 2024 Pin CATL Đen
134349623,legacy_unknown_crawl_date,,False,VF3,VF3,New,2026,,Ho Chi Minh City,720041,205000000,True,True,,Not mentioned,True,True,"VF3 Plus-Hồng Phấn: có sẵn, giao trước lễ 2/9"
134378537,legacy_unknown_crawl_date,,False,VF5 Plus,VF5,New,2026,,Hanoi,27898944,65000000,True,False,low_price_review,Not mentioned,True,True,VinFast VF 5 Trắng Tự động
134396167,legacy_unknown_crawl_date,,False,VF5 Plus,VF5,Used,2025,70000.0,Hanoi,4734501,365000000,True,True,,Purchase mentioned,False,False,VinFast VF5 Plus Xanh Mua đứt pin 2025
130768050,legacy_unknown_crawl_date,,False,EC VAN,EC VAN,New,2026,,Hanoi,24632932,239000000,True,True,,Not mentioned,False,True,🆘 VinFast EC VAN Nâng Cấp Điều Hoà
133096890,legacy_unknown_crawl_date,,False,VF7,VF7,New,2026,,Ho Chi Minh City,31822163,671000000,True,True,,Not mentioned,True,True,"VinFast VF 7 Eco , Trả Trước 100tr nhận xe !!!"
134329085,legacy_unknown_crawl_date,,False,VF3,VF3,New,2026,,Ho Chi Minh City,31822163,259900000,True,True,,Not mentioned,True,True,"VinFast VF3 trả trước 30tr , bank 90%"
134151115,legacy_unknown_crawl_date,,False,VF5,VF5,New,2026,,Ho Chi Minh City,17276119,446400000,True,True,,Not mentioned,False,True,VinFast VF5 2026 5 chỗ
134393047,legacy_unknown_crawl_date,,False,VF2,VF2,New,2026,,Ho Chi Minh City,384093,180000000,True,True,,Not mentioned,False,False,VinFast VF2 còn suất cọc Tiên Phong KM 8 Triệu
134170107,legacy_unknown_crawl_date,,False,VF7,VF7,New,2025,,Ho Chi Minh City,25755790,730000000,True,True,,Not mentioned,True,True,Vinfast VF7 ECO - PLUS 2026 Trắng
133110414,legacy_unknown_crawl_date,,False,VF9,VF9,New,2026,,Ho Chi Minh City,1133534,1288000000,True,True,,Not mentioned,True,True,"VinFast VF9 SUV 7 chỗ Trắng, mới 100%, SIÊU ƯU ĐÃI"
134386005,legacy_unknown_crawl_date,,False,VF5,VF5,Used,2025,60000.0,Hanoi,13498433,396000000,True,True,,Purchase mentioned,False,False,VinFast VF5 Trắng Xe điện
134385564,legacy_unknown_crawl_date,,False,VF3,VF3,Used,2026,500.0,Da Nang City,26606740,280000000,True,True,,Purchase mentioned,False,False,VinFast VF3 2026 Trắng 500 Km
132786594,legacy_unknown_crawl_date,,False,Limo Green,Limo Green,New,2026,,Ho Chi Minh City,26420748,634000000,True,True,,Not mentioned,True,True,LIMO GREEN - TRẢ TRƯỚC 60 TRIỆU - SẴN XE GIAO NGAY
134360111,legacy_unknown_crawl_date,,False,VF3,VF3,New,2026,,Da Nang City,4312129,285000000,True,True,,Not mentioned,True,True,VinFast VF3 đủ màu giá tốt
134268285,legacy_unknown_crawl_date,,False,VF3,VF3,New,2026,,Ho Chi Minh City,17276119,296000000,True,True,,Not mentioned,True,True,VinFast VF3 Plus Trắng
134384619,legacy_unknown_crawl_date,,False,Dòng khác,Dòng khác,New,2026,,Can Tho City,32314278,180000000,False,False,unknown_ev_model; title_model_conflict,Not mentioned,False,True,VF2 GIẢM 8 CỦ - TẶNG PHỤ KIỆN
133923588,legacy_unknown_crawl_date,,False,VF5,VF5,New,2026,,Ho Chi Minh City,28004425,424000000,True,True,,Not mentioned,True,True,VF5 – ƯU ĐÃI GIẢM 50Tr - SẴN ĐỦ MÀU GIAO NGAY
134382054,legacy_unknown_crawl_date,,False,VF3,VF3,Used,2025,1200.0,Ho Chi Minh City,19370318,250000000,True,True,,Purchase mentioned,False,False,VinFast VF3 Tiêu chuẩn 2025 Xám 1200km
134360477,legacy_unknown_crawl_date,,False,VF9,VF9,Used,2024,15000.0,Hanoi,2950980,1148000000,True,True,,Purchase mentioned,False,False,VinFast VF9 Plus 2024 Trắng 7 chỗ
134381609,legacy_unknown_crawl_date,,False,VF3,VF3,Used,2025,2000.0,Can Tho City,11413894,259000000,True,True,,Purchase mentioned,False,False,Vinfast VF3 2025 Pin Mua. siêu lướt. miễn phí sạc
134381584,legacy_unknown_crawl_date,,False,VF3,VF3,Used,2025,54000.0,Can Tho City,11413894,229000000,True,True,,Purchase mentioned,False,False,Vinfast VF3 2025 Pin Mua. sạc không giới hạn
134358822,legacy_unknown_crawl_date,,False,Limo Green,Limo Green,New,2026,,Dong Thap,28011689,640000000,True,True,,Not mentioned,False,True,LIMO GREEN Tặng Voucher 35-80 triệu 🎉
134381425,legacy_unknown_crawl_date,,False,VF5,VF5,Used,2024,128000.0,Dong Nai,4404809,340000000,True,True,,Not mentioned,False,False,VinFast VF5 2024 Xám 128.000 km
134360365,legacy_unknown_crawl_date,,False,VF8,VF8,Used,2023,69000.0,Ho Chi Minh City,21562577,690000000,True,True,,Not mentioned,False,False,💥VF8 PLUS 2023 ĐI 69.000km-PIN CATL
132818898,legacy_unknown_crawl_date,,False,Dòng khác,Dòng khác,Used,2026,12000.0,Ho Chi Minh City,5246522,630000000,False,False,unknown_ev_model; title_model_conflict,Not mentioned,False,False,VinFast VF6 PLUS 2026 Đen Như Xe Mới
134381039,legacy_unknown_crawl_date,,False,VF5,VF5,Used,2024,120000.0,Dong Nai,825892,339000000,True,True,,Purchase mentioned,False,False,VinFast VF5 2024 Xám Điện
134212965,legacy_unknown_crawl_date,,False,VF6,VF6,Used,2025,17000.0,Ho Chi Minh City,4160433,609000000,True,True,,Purchase mentioned,False,False,VINFAST VF6 PLUS 2025 PIN MUA XE GIA ĐÌNH SẠC KGH
134350308,legacy_unknown_crawl_date,,False,VF6,VF6,Used,2024,124000.0,Ho Chi Minh City,9832567,430000000,True,True,,Not mentioned,False,False,VinFast VF6 Eco 2024 Xám
134130084,legacy_unknown_crawl_date,,False,VF3,VF3,New,2026,,Da Nang City,32228085,294000000,True,True,,Not mentioned,False,True,VinFast VF3 Plus
133178522,legacy_unknown_crawl_date,,False,Limo Green,Limo Green,New,2026,,Ho Chi Minh City,31770148,584000000,True,True,,Not mentioned,True,True,VinFast Limo Green TRẢ TRƯỚC 40TR voucher 80tr
134373309,legacy_unknown_crawl_date,,False,Minio Green,Minio Green,Used,2026,700.0,Ho Chi Minh City,614512,188000000,True,True,,Not mentioned,False,False,VinFast MiniO Ô tô điện màu Đen
134372909,legacy_unknown_crawl_date,,False,VF3,VF3,New,2026,,Da Nang City,28338680,280000000,True,True,,Purchase mentioned,False,False,VinFast VF3 2026 Trắng 500 Km
134370845,legacy_unknown_crawl_date,,False,VF9,VF9,Used,2026,1400.0,Ho Chi Minh City,23357424,1289000000,True,True,,Purchase mentioned,False,False,SIÊU LƯỚT 1.400KM - VF9 PLUS 26 - BẢN 6 GHẾ
134370108,legacy_unknown_crawl_date,,False,VF9,VF9,New,2025,,Hanoi,1345037,1250000000,True,True,,Not mentioned,False,True,VF9 Plus 2025 màu đen - 7 chỗ sẵn xe giao ngay
134368425,legacy_unknown_crawl_date,,False,VF3,VF3,New,2026,,Ho Chi Minh City,29729219,296000000,True,True,,Not mentioned,False,True,VinFast VF3 Hồng
134340595,legacy_unknown_crawl_date,,False,VF3,VF3,Used,2025,19000.0,Ho Chi Minh City,21562577,255000000,True,True,,Not mentioned,False,False,💥VinFast VF3 2025 Trắng 19.000 km- SẠC KGH
134351631,legacy_unknown_crawl_date,,False,VF9,VF9,Used,2024,16000.0,Hanoi,2950980,1148000000,True,True,,Purchase mentioned,False,False,VinFast VF9 Plus 2024 Xanh rêu 6 chỗ
134365994,legacy_unknown_crawl_date,,False,VF6,VF6,Used,2026,12000.0,Ho Chi Minh City,9592205,630000000,True,True,,Not mentioned,False,False,VinFast VF6 Plus 2026 Đen 12.000 km
134365964,legacy_unknown_crawl_date,,False,VF3,VF3,New,2026,,Hanoi,19614977,263000000,True,True,,Not mentioned,True,True,"🚗 VINFAST VF 3 – NHỎ GỌN, DỄ ĐI, DỄ SỞ HỮU! ⚡️"
133816979,legacy_unknown_crawl_date,,False,VF5,VF5,New,2026,,Ho Chi Minh City,20721606,436400000,True,True,,Not mentioned,False,True,Xe điện VinFast VF5 plus vin 2026 giảm đến 100tr
134365839,legacy_unknown_crawl_date,,False,Limo Green,Limo Green,New,2026,,Hanoi,19614977,625000000,True,True,,Not mentioned,True,True,"🚘 LIMO GREEN – 7 CHỖ RỘNG RÃI, ĐI GIA ĐÌNH "
131298147,legacy_unknown_crawl_date,,False,VF3,VF3,New,2026,,Ho Chi Minh City,10161621,270750000,True,True,,Not mentioned,True,False,40tr trả trước nhận xe VF3 về nhà
134363204,legacy_unknown_crawl_date,,False,Limo Green,Limo Green,Used,2025,50000.0,Hanoi,18315300,615000000,True,True,,Not mentioned,False,False,LIMO GREEN 2025 – BẠC SIÊU HOT GIÁ NHÚ 600
134338064,legacy_unknown_crawl_date,,False,EC VAN,EC VAN,New,2026,,Ho Chi Minh City,22985116,268000000,True,True,,Not mentioned,False,True,VinFast EC VAN chỉ cần 40 Triệu
134326833,legacy_unknown_crawl_date,,False,Limo Green,Limo Green,New,2026,,Ho Chi Minh City,32458664,630000000,True,True,,Not mentioned,True,True,VinFast Limo Green Trắng Ô tô điện
134362922,legacy_unknown_crawl_date,,False,VF8,VF8,New,2026,,Ho Chi Minh City,32458664,848000000,True,True,,Not mentioned,False,False,Lăn bánh 848tr
134362876,legacy_unknown_crawl_date,,False,Limo Green,Limo Green,Used,2025,20000.0,Ho Chi Minh City,21562577,650000000,True,True,,Not mentioned,False,False,𝐗𝐄 𝐇𝐈𝐄̂́𝐌 Limo Green 2026 Trắng-SẠC & BẢO HÀNH KGH
134361642,legacy_unknown_crawl_date,,False,VF5,VF5,New,2026,,Hanoi,8334822,416000000,True,True,,Not mentioned,True,True,VinFast VF5 Trắng Xe ô tô điện
134322061,legacy_unknown_crawl_date,,False,VF5,VF5,Used,2026,0.0,Da Nang City,32457524,659000000,True,True,,Not mentioned,False,False,VinFast Lemogreen
134361161,legacy_unknown_crawl_date,,False,VF5,VF5,New,2026,,Ho Chi Minh City,384093,35000000,True,False,low_price_review,Not mentioned,True,True,"VF5 Đỏ, Trắng, Xám. Tài xế Xanh SM 35 TR nhận xe"
134156854,legacy_unknown_crawl_date,,False,VF6,VF6,Used,2025,23000.0,Ho Chi Minh City,18030326,610000000,True,True,,Not mentioned,False,False,VinFast VF6 Plus 2025 Điện Đỏ 23.000 km
134210832,legacy_unknown_crawl_date,,False,Limo Green,Limo Green,Used,2025,25000.0,Ho Chi Minh City,4160433,609000000,True,True,,Purchase mentioned,False,False,VINFAST LIMO GREEN 2025 PIN MUA SẠC KO GIỚI HẠN
134152203,legacy_unknown_crawl_date,,False,Limo Green,Limo Green,Used,2025,15000.0,Ho Chi Minh City,18030326,615000000,True,True,,Not mentioned,False,False,VinFast Limo Green 2025 KHÔNG GH Sạc 15.000 km
134144812,legacy_unknown_crawl_date,,False,VF6,VF6,New,2025,,Ho Chi Minh City,25755790,688000000,True,True,,Not mentioned,True,True,VinFast VF6 Plus 2026-Xanh Lá Nhạt-Giao Ngay
134352492,legacy_unknown_crawl_date,,False,Limo Green,Limo Green,Used,2026,20000.0,Ho Chi Minh City,23357424,650000000,True,True,,Not mentioned,False,False,HOT|LIMO GREEN 26 - FREE SẠC KGH - BH PIN KGH KM
130957740,legacy_unknown_crawl_date,,False,VF3,VF3,New,2026,,Ho Chi Minh City,18919731,277000000,True,True,,Not mentioned,True,True,VinFast VF 3 ƯU ĐÃI THÁNG 7 GIÁ GỒM PIN
130988551,legacy_unknown_crawl_date,,False,VF3,VF3,New,2026,,Ho Chi Minh City,18919731,278000000,True,True,,Purchase mentioned,True,True,"VF3 GIÁ KO NGỜ ĐƯỢC ""KÈM PIN"" CHỈ CÒN 278 TRIỆU"
133555202,legacy_unknown_crawl_date,,False,VF2,VF2,New,2026,,Ho Chi Minh City,2180570,188000000,True,True,,Not mentioned,False,True,VF2 CHÍNH THỨC MỞ CỌC ƯU ĐÃI 8TR/ XE TỪ 15 - 17/07
134349416,legacy_unknown_crawl_date,,False,VF6,VF6,Used,2026,0.0,Hanoi,19614977,619000000,True,True,,Not mentioned,False,False,VinFast VF6 đủ màu giá tốt chỉ có tại Hà Nội
134348993,legacy_unknown_crawl_date,,False,VF8,VF8,Used,2026,0.0,Hanoi,19614977,779000000,True,True,,Not mentioned,False,False,VinFast VF 8 AllNew. Giá *** Hà Nội
134325615,legacy_unknown_crawl_date,,False,VF3,VF3,New,2026,,Ho Chi Minh City,8819009,275000000,True,True,,Not mentioned,False,False,VF3 PLUS 2026 mới 100% chưa lăn bánh
134348741,legacy_unknown_crawl_date,,False,VF5 Plus,VF5,New,2026,,Hanoi,19614977,429000000,True,True,,Not mentioned,False,True,VinFast VF 5 Xám. Giá rẻ nhất khu vực Hà Nội
134348290,legacy_unknown_crawl_date,,False,Dòng khác,Dòng khác,Used,2026,0.0,Hanoi,19614977,689000000,False,False,unknown_ev_model; title_model_conflict,Not mentioned,False,True,VinFast MPV7 7 Full màu Giao xe tại Đông Anh
130790030,legacy_unknown_crawl_date,,False,VF3,VF3,New,2026,,Ho Chi Minh City,9431250,278000000,True,True,,Not mentioned,True,True,VF3 GIÁ KHO - KHO Q7 LUÔN SẴN XE - GÓP BAO NỢ XẤU
132485325,legacy_unknown_crawl_date,,False,VF6,VF6,New,2026,,Ho Chi Minh City,9431250,646000000,True,True,,Not mentioned,True,False,[VF6 BAO NỢ XẤU] [HỒ SƠ KHÓ] MỚI BÁN!
134329059,legacy_unknown_crawl_date,,False,Dòng khác,Dòng khác,New,2025,,Ho Chi Minh City,28004425,180000000,False,False,unknown_ev_model; title_model_conflict,Not mentioned,True,True,Xe điện VinFast VF2 - CHỈ TỪ 3triệu/ Tháng
134318087,legacy_unknown_crawl_date,,False,Limo Green,Limo Green,New,2026,,Ho Chi Minh City,9431250,848000000,True,True,,Not mentioned,True,False,VinFast Limo Green Xe CHẠY DỊCH VỤ
134345852,legacy_unknown_crawl_date,,False,VF5 Plus,VF5,Used,2025,3448.0,Ho Chi Minh City,20681887,400000000,True,True,,Not mentioned,False,False,xe lướt VinFast VF5 Plus 2025 Vàng 3448 km
134345795,legacy_unknown_crawl_date,,False,Herio Green,Herio Green,New,2025,,Ho Chi Minh City,1133534,397000000,True,True,,Both mentioned,True,True,VinFast Herio Green 2025 Mới 100% Free sạc đến2029
134345624,legacy_unknown_crawl_date,,False,VF3,VF3,Used,2025,26000.0,Ho Chi Minh City,32193798,300000000,True,True,,Not mentioned,False,False,VinFast VF3 TC1 Xám
134307596,legacy_unknown_crawl_date,,False,VF5,VF5,Used,2025,13000.0,Hanoi,5289848,390000000,True,True,,Not mentioned,False,False,VinFast VF5 2025 Xám Tự động 13.000 km
134315399,legacy_unknown_crawl_date,,False,VF3,VF3,Used,2024,18000.0,Ho Chi Minh City,21531561,205000000,True,True,,Rental mentioned,False,False,VinFast VF3 2024 Đỏ pin thuê xe đẹp odo 18000km
134344848,legacy_unknown_crawl_date,,False,VF8,VF8,Used,2023,40000.0,Ho Chi Minh City,19045634,705000000,True,True,,Not mentioned,False,True,Vinfast VF8 2023 bản Plus pin CATL chạy 40.000km
134324302,legacy_unknown_crawl_date,,False,Limo Green,Limo Green,New,2026,,Ho Chi Minh City,5453674,65000000,True,False,low_price_review,Not mentioned,False,False,"Limo Green 2026 Đủ Màu, chuẩn bị 65tr lấy xe"
121101526,legacy_unknown_crawl_date,,False,VF6,VF6,New,2026,,Ho Chi Minh City,9431250,646000000,True,True,,Not mentioned,False,True,"VF6 VẬN HÀNH 0 ĐỒNG/KILOMET,MIỄN PHÍ SẠC 2 NĂM!"
134317997,legacy_unknown_crawl_date,,False,VF3,VF3,New,2025,,Hanoi,30270410,263000000,True,True,,Not mentioned,False,False,VinFast VF3 Eco 2026 Đen
134344246,legacy_unknown_crawl_date,,False,VF8,VF8,Used,2023,63000.0,Dong Nai,20886578,666000000,True,True,,Not mentioned,False,False,VinFast VF8 PLUS 2023 Đen - Nâu 63000 km
123396199,legacy_unknown_crawl_date,,False,VF8,VF8,New,2026,,Dong Nai,9431250,898000000,True,True,,Purchase mentioned,True,True,VF8 LUX PHIÊN BẢN ĐẶT BIỆT KÈM PIN
134343915,legacy_unknown_crawl_date,,False,Herio Green,Herio Green,New,2026,,Vinh Long,2150244,322000000,True,True,,Not mentioned,False,True,VinFast HERIO GREEN Trắng
134124336,legacy_unknown_crawl_date,,False,Limo Green,Limo Green,New,2026,,Ho Chi Minh City,9431250,664000000,True,True,,Not mentioned,False,False,VinFast VF Limo Green Vay 90%
120306822,legacy_unknown_crawl_date,,False,VF7,VF7,New,2025,,Lam Dong,9431250,725000000,True,True,,Not mentioned,True,True,VF7 BAO NỢ XẤU-DOANH NGHIỆP-CÁ NHÂN 150TR NHẬN XE
132357851,legacy_unknown_crawl_date,,False,VF8,VF8,New,2026,,Tay Ninh,9431250,898000000,True,True,,Not mentioned,False,True,VF8 HỖ TRỢ VAY ĐẾN 100% - XE SẴN GIAO NGAY
131317486,legacy_unknown_crawl_date,,False,VF3,VF3,New,2026,,Ho Chi Minh City,9431250,277000000,True,True,,Not mentioned,True,True,VF3 ƯU ĐÃI KHỦNG - CƠ HỘI MUA GIÁ TỐT-LH EM NGAY
132357050,legacy_unknown_crawl_date,,False,VF8,VF8,New,2026,,Khanh Hoa,9431250,848000000,True,True,,Not mentioned,False,True,VF 8 _Vay đến 100% Cho CÁ NHÂN & DOANH NGHIỆP
133670257,legacy_unknown_crawl_date,,False,VF3,VF3,New,2026,,Ho Chi Minh City,16075472,278000000,True,True,,Not mentioned,False,False,SẴN MÀU TRẮNG VF 3 - VAY ĐẾN 100%
133945467,legacy_unknown_crawl_date,,False,VF5,VF5,New,2026,,Ho Chi Minh City,9431250,471000000,True,True,,Not mentioned,True,True,VF5 BAO HỒ SƠ NHÓM 5 - XE GIAO NGAY
130441627,legacy_unknown_crawl_date,,False,VF3,VF3,New,2026,,Ho Chi Minh City,5097152,272000000,True,True,,Not mentioned,True,False,"VINFAST VF3 TRẢ TRƯỚC 0Đ NHẬN XE, TẶNG FULL PK"
133670335,legacy_unknown_crawl_date,,False,VF3,VF3,New,2026,,Ho Chi Minh City,16075472,278000000,True,True,,Not mentioned,True,False,VF3 MÀU ĐỎ ĐẦY KHO-KHỎI LO GIÁ-TRẢTRƯỚC 0Đ VAY100%
133670198,legacy_unknown_crawl_date,,False,VF3,VF3,New,2026,,Ho Chi Minh City,16075472,278000000,True,True,,Both mentioned,False,False,VF3 XE TẠI KHO GIAO NGAY - BA HS XẤU -VAY TỚI 100%
134338059,legacy_unknown_crawl_date,,False,Limo Green,Limo Green,New,2026,0.0,Ho Chi Minh City,22985116,699000000,True,True,,Not mentioned,True,True,VinFast Limo Green Ô tô điện chỉ cần 80 Triệu
133701549,legacy_unknown_crawl_date,,False,VF2,VF2,New,2026,,Ho Chi Minh City,31822163,180000000,True,True,,Not mentioned,True,False,"VinFast VF2 , trả trước 25tr lấy ngay VF2"
133523861,legacy_unknown_crawl_date,,False,Limo Green,Limo Green,New,2026,,Ho Chi Minh City,31822163,549000000,True,True,,Not mentioned,False,True,VinFast Limo Green giảm sốc . HOT HOT HOT
133954297,legacy_unknown_crawl_date,,False,Dòng khác,Dòng khác,New,2026,,Ho Chi Minh City,31822163,600000000,False,False,unknown_ev_model; title_model_conflict,Not mentioned,True,True,VinFast MPV7 SẴN XE RẤT NHIỀU ! GIÁ TỐT
134335830,legacy_unknown_crawl_date,,False,VFe34,VFe34,Used,2021,36000.0,Dong Nai,28846589,410000000,True,True,,Not mentioned,False,False,VinFast VF e34 Trắng T11/2022 36.000km
131886747,legacy_unknown_crawl_date,,False,VF8,VF8,New,2026,,Dong Nai,27751358,1348000000,False,False,title_model_conflict,Not mentioned,True,False,VF9 TRẢ TRƯỚC 0Đ CHO CÁ NHÂN & DOANH NGHIỆP
134220764,legacy_unknown_crawl_date,,False,VF3,VF3,Used,2025,10000.0,Ho Chi Minh City,3463609,259000000,True,True,,Purchase mentioned,False,False,VinFast VF3 2025 Xám 10.000km
134333698,legacy_unknown_crawl_date,,False,VF3,VF3,Used,2025,12000.0,Ho Chi Minh City,23357424,268000000,True,True,,Purchase mentioned,False,False,VF3 25 - MUA PIN - LÊN NHIỀU PK - FREE SẠC KGH
134332813,legacy_unknown_crawl_date,,False,VF6,VF6,Used,2025,49000.0,Ho Chi Minh City,4160433,539000000,True,True,,Purchase mentioned,False,False,VINFAST VF6 ECO 2025 PIN MUA SẠC KO GIỚI HẠN LƯỚT
134332569,legacy_unknown_crawl_date,,False,VF9,VF9,New,2025,,Ho Chi Minh City,23715585,1399000000,True,True,,Not mentioned,False,False,VinFast VF9 Plus Đỏ 6 chỗ Nâu
134332042,legacy_unknown_crawl_date,,False,VF3,VF3,New,2026,,Ho Chi Minh City,23715585,304000000,True,True,,Not mentioned,False,False,VinFast VF3 Plus Vàng Nóc Trắng
134313041,legacy_unknown_crawl_date,,False,VF8,VF8,Used,2022,60000.0,Hanoi,1838678,630000000,True,True,,Purchase mentioned,True,False,VinFast VF8 Plus 2022 Full options - Giá mềm
134331486,legacy_unknown_crawl_date,,False,VF3,VF3,Used,2025,12000.0,Ho Chi Minh City,21562577,268000000,True,True,,Not mentioned,False,False,𝐕𝐢𝐧𝐅𝐚𝐬𝐭 𝐕𝐅𝟑 𝟐𝟎𝟐𝟓 𝐓𝐫𝐚̆́𝐧𝐠 𝟏𝟐.𝟎𝟎𝟎 𝐊𝐦- 𝐒𝐀̣𝐂 𝐊𝐆𝐇
134314931,legacy_unknown_crawl_date,,False,VF7,VF7,Used,2025,12000.0,Ho Chi Minh City,32216223,780000000,True,True,,Not mentioned,False,False,"VinFast VF7 Plus AWD 2025 Trắng 12,000 Km"
134314618,legacy_unknown_crawl_date,,False,VF5,VF5,New,2026,,Ho Chi Minh City,16075472,471000000,True,True,,Not mentioned,True,False,[ Bao Nợ Xấu] VF5 Trả Trước 51TR - XE SẴN CẢ KHO
134309761,legacy_unknown_crawl_date,,False,Dòng khác,Dòng khác,New,2026,,Hanoi,2688886,600000000,False,False,unknown_ev_model; title_model_conflict,Not mentioned,False,True,"VinFast MPV 7 2026 Giảm giá cực sốc, xe giao ngay"
134314983,legacy_unknown_crawl_date,,False,VF5 Plus,VF5,Used,2024,61000.0,Ho Chi Minh City,32216223,370000000,True,True,,Not mentioned,False,False,"VinFast VF5 Plus 2024 Đỏ 61,000 Km"
134312809,legacy_unknown_crawl_date,,False,VF8,VF8,Used,2022,50000.0,Hanoi,1838678,640000000,True,True,,Purchase mentioned,True,False,VinFast VF8 Plus 2022 Full ADAS - Đi ít odo 5v
134287066,legacy_unknown_crawl_date,,False,VF5,VF5,New,2026,,Ho Chi Minh City,16075472,471000000,True,True,,Not mentioned,True,False,VF5 60TR NHẬN XE-BAO NỢ XẤU-TRỌN GÓI XANH SM-GRAB
134312995,legacy_unknown_crawl_date,,False,VF8,VF8,Used,2023,42000.0,Hanoi,1838678,670000000,True,True,,Purchase mentioned,True,False,VinFast VF8 Plus 2023 - Đi ít odo 4v2 - Bản full
134314386,legacy_unknown_crawl_date,,False,VF5,VF5,New,2026,,Ho Chi Minh City,16075472,471000000,True,True,,Not mentioned,True,False,"VF5 XE SẴN ĐẦY KHO, KHÔNG LO VỐN, VAY90%"
134309449,legacy_unknown_crawl_date,,False,VF9,VF9,Used,2024,20000.0,Hanoi,26038806,1185000000,True,True,,Purchase mentioned,True,False,Xe VinFast VF9 Plus 6S 2024 - 1 Tỷ 185 Triệu
133670449,legacy_unknown_crawl_date,,False,VF3,VF3,New,2026,,Ho Chi Minh City,16075472,278000000,True,True,,Not mentioned,True,True,VF3 SẴN XE GIAO NGAY- CHỈ CẦN MUỐN MUA LÀ CÓ XE
134312441,legacy_unknown_crawl_date,,False,VF8,VF8,Used,2023,40000.0,Hanoi,1838678,610000000,True,True,,Not mentioned,False,True,Vinfast VF8 Eco 2023 - Pin CATL - 2 cầu Full ADAS
134312902,legacy_unknown_crawl_date,,False,VF8,VF8,Used,2023,50000.0,Hanoi,1838678,670000000,True,True,,Purchase mentioned,True,False,VinFast VF8 Plus 2023 - Odo 5v - 2 cầu - Full ADAS
134315179,legacy_unknown_crawl_date,,False,Limo Green,Limo Green,New,2026,,Hanoi,30270410,630000000,True,True,,Not mentioned,False,False,VinFast Limo Green AT 2026 Tự động Đỏ
134305027,legacy_unknown_crawl_date,,False,VF6,VF6,Used,2026,20000.0,Ho Chi Minh City,23646258,620000000,True,True,,Not mentioned,True,False,Hãng VinFast Thanh lý Vf6 Plus màu trắng 2026
134309358,legacy_unknown_crawl_date,,False,VF9,VF9,Used,2024,17000.0,Hanoi,26038806,1180000000,True,True,,Not mentioned,False,False,Xe VinFast VF9 Plus 6S 2024 - 1 Tỷ 180 Triệu
134308046,legacy_unknown_crawl_date,,False,Fadil,Fadil,Used,2021,0.0,Hai Phong City,26716086,295000000,False,False,is_ice_label,Not mentioned,False,False,Vinfast Fadil 2021
134315154,legacy_unknown_crawl_date,,False,Limo Green,Limo Green,New,2025,,Hanoi,30270410,630000000,True,True,,Not mentioned,False,False,VinFast Limo Green AT 2026 Vàng Tự động
133727691,legacy_unknown_crawl_date,,False,MPV 7,MPV7,New,2026,,Ho Chi Minh City,32134296,730000000,True,True,,Not mentioned,True,True,🔥 VINFAST MPV 7 – MPV ĐIỆN 7 CHỖ MỚI 🔥
134323568,legacy_unknown_crawl_date,,False,VF3,VF3,Used,2024,26000.0,Ha Tinh,12206797,195000000,True,True,,Rental mentioned,False,False,Vinfast VF3 thuê pin tiên phong
133948631,legacy_unknown_crawl_date,,False,Limo Green,Limo Green,New,2026,,Ho Chi Minh City,32134296,664000000,True,True,,Not mentioned,True,True,VinFast Limo Green Ưu Đãi Tháng 8
133144838,legacy_unknown_crawl_date,,False,VF3,VF3,New,2026,,Da Nang City,4625937,262000000,True,True,,Not mentioned,False,True,Vinfast VF3 đủ màu xe giao nhanh giá cực tốt 26x
133144542,legacy_unknown_crawl_date,,False,Limo Green,Limo Green,New,2026,,Da Nang City,4625937,644000000,True,True,,Not mentioned,True,True,Limo Green Trắng xe sẵn giao ngay trả trước 100 tr
133149719,legacy_unknown_crawl_date,,False,Limo Green,Limo Green,New,2026,,Da Nang City,4625937,644000000,True,True,,Not mentioned,False,True,Limo Green đủ màu sẵn xe cực kỳ nhiều ưu đãi LH
133144153,legacy_unknown_crawl_date,,False,Limo Green,Limo Green,New,2026,,Da Nang City,4625937,644000000,True,True,,Not mentioned,False,True,Limo Green xe sẵn đủ màu giao ngay giá chỉ từ 6xx
133136063,legacy_unknown_crawl_date,,False,Limo Green,Limo Green,New,2026,,Da Nang City,4625937,644000000,True,True,,Not mentioned,False,True,Chỉ với 100 triệu có ngay Limo Green 7 chỗ
134220209,legacy_unknown_crawl_date,,False,VF7,VF7,Used,2025,6000.0,Hanoi,2648048,755000000,True,True,,Not mentioned,True,True,Vinfast VF7 Plus 1 cầu sản xuất 2025 free sạc
134315140,legacy_unknown_crawl_date,,False,VF8,VF8,New,2025,,Hanoi,30270410,996000000,True,True,,Not mentioned,False,False,VinFast VF8 Plus AWD 2026 Trắng
131109107,legacy_unknown_crawl_date,,False,VF3,VF3,New,2026,,Ho Chi Minh City,16075472,278000000,True,True,,Not mentioned,True,True,VF3 XE VỀ CẢ LÔ - ĐỦ MÀU -GIÁ CỰC TỐT
134314996,legacy_unknown_crawl_date,,False,Dòng khác,Dòng khác,Used,2025,8000.0,Ho Chi Minh City,32216223,690000000,False,False,unknown_ev_model; title_model_conflict,Not mentioned,False,False,VinFast VF MPV 7 2026 Trắng 7 chỗ 8000 Km
134314418,legacy_unknown_crawl_date,,False,Dòng khác,Dòng khác,New,2025,,Ho Chi Minh City,32454047,715000000,False,False,unknown_ev_model; title_model_conflict,Not mentioned,False,False,VinFast VF MPV 7 2026 Trắng 7 chỗ
134314090,legacy_unknown_crawl_date,,False,VF3,VF3,Used,2025,66000.0,An Giang,29182632,220000000,True,True,,Not mentioned,False,False,VinFast VF3 Điện Vàng 66000 km
134312879,legacy_unknown_crawl_date,,False,VF3,VF3,Used,2025,12000.0,Da Nang City,28739142,260000000,True,True,,Not mentioned,False,False,VinFast VF 3 2026 Trắng 12000 km
134291107,legacy_unknown_crawl_date,,False,VF5,VF5,New,2026,,Ho Chi Minh City,26210229,34440000,True,False,low_price_review,Not mentioned,True,True,SỞ HỮU XE Vinfast VF5 CỰC ĐƠN GIẢN - BAO NỢ XẤU
123396174,legacy_unknown_crawl_date,,False,VF9,VF9,New,2026,,Ho Chi Minh City,27751358,1245000000,True,True,,Not mentioned,True,True,"VF9 CHUẨN DOANH NHÂN-VAY 90%,LÃI SUẤT SIÊU ƯU ĐÃI"
134286430,legacy_unknown_crawl_date,,False,VF7,VF7,Used,2026,10000.0,Hanoi,384603,1068000000,True,True,,Not mentioned,False,True,VinFast VF 7 Trắng
134285842,legacy_unknown_crawl_date,,False,VF5,VF5,Used,2025,35000.0,Thanh Hoa,32278248,365000000,True,True,,Not mentioned,False,False,VinFast VF 5 Plus 2025 Đỏ 35000 km
123395888,legacy_unknown_crawl_date,,False,VF9,VF9,New,2026,,Ho Chi Minh City,27751358,1348000000,True,True,,Not mentioned,True,True,VF9 BÙN NỔ SIÊU HẤP DẪN!NHẬN XE 200TR ĐỒNG
134309702,legacy_unknown_crawl_date,,False,President,President,Used,2021,10000.0,Hanoi,26038806,1050000000,False,False,is_ice_label,Not mentioned,False,False,Xe VinFast President 6.2 V8 2021 - 1 Tỷ 50 Triệu
131323648,legacy_unknown_crawl_date,,False,VF9,VF9,New,2026,,Ho Chi Minh City,27751358,1348000000,True,True,,Not mentioned,True,False,VF9 VAY 90-100% NHƯNG KO CẦN CHỨNG MINH THU NHẬP
132892310,legacy_unknown_crawl_date,,False,VF9,VF9,New,2026,,Ho Chi Minh City,27751358,1348000000,True,True,,Not mentioned,False,True,TẬN HƯỞNG ĐẲNG CẤP VF9-SỞ HỮU DỄ DÀNG CHỈ TỪ 10%
134308804,legacy_unknown_crawl_date,,False,VF6,VF6,Used,2023,33000.0,Ho Chi Minh City,23357424,565000000,True,True,,Purchase mentioned,False,False,VF6 PLUS 23 - MUA PIN - FREE SẠC KGH
133054350,legacy_unknown_crawl_date,,False,VF9,VF9,New,2026,,Ho Chi Minh City,27751358,1245000000,True,True,,Not mentioned,False,True,VF9 Vay từ 80-100% cho cá nhân & doanh nghiệp
134289899,legacy_unknown_crawl_date,,False,VF3,VF3,Used,2024,10998.0,Ho Chi Minh City,9553785,215000000,True,True,,Not mentioned,False,False,Vinfast VF3 2024 Xanh ngọc lam
134258426,legacy_unknown_crawl_date,,False,Minio Green,Minio Green,Used,2026,0.0,Hanoi,14715771,168000000,True,True,,Not mentioned,False,False,VinFast MiniO Green Trắng lăn bánh
134306337,legacy_unknown_crawl_date,,False,VF8,VF8,New,2026,,Ho Chi Minh City,720041,699000000,True,True,,Not mentioned,True,True,"VF8 All new, áp Voucher Lux SA 80t, còn 699t"
131240909,legacy_unknown_crawl_date,,False,VF9,VF9,New,2026,,Ho Chi Minh City,720041,1103000000,True,True,,Not mentioned,True,True,"VF9, áp Voucher Lux SA 80t, còn 1.103.000.000 đồng"
132774974,legacy_unknown_crawl_date,,False,VF7,VF7,New,2026,,Ho Chi Minh City,720041,635000000,True,True,,Not mentioned,True,True,"VF7, vay 85-100%, áp Voucher Lux SA 80t, còn 635t"
134176214,legacy_unknown_crawl_date,,False,VF3,VF3,Used,2025,19000.0,Ho Chi Minh City,21531561,198000000,True,True,,Rental mentioned,False,False,VinFast VF3 2025 Vàng chính chủ xe zin
134305255,legacy_unknown_crawl_date,,False,Dòng khác,Dòng khác,New,2026,,Ho Chi Minh City,720041,635000000,False,False,unknown_ev_model; title_model_conflict,Not mentioned,True,True,"MPV7, vay 100%, áp Voucher Lux SA 80t, còn 635t"
133055027,legacy_unknown_crawl_date,,False,Limo Green,Limo Green,New,2026,,Ho Chi Minh City,720041,572000000,True,True,,Not mentioned,True,True,"Limo Green, áp Voucher Lux SA 80t, còn 572t"
127289197,legacy_unknown_crawl_date,,False,Herio Green,Herio Green,New,2026,,Ho Chi Minh City,720041,325000000,True,True,,Not mentioned,True,True,"Herio Green, áp Voucher Lux SA 80t, còn 325t"
134212100,legacy_unknown_crawl_date,,False,VF3,VF3,Used,2015,22000.0,Hanoi,4766470,250000000,False,False,year_review,Purchase mentioned,False,False,VinFast VF3 2025 Xám 22000 km
134050274,legacy_unknown_crawl_date,,False,VF3,VF3,Used,2024,20000.0,Da Nang City,12902279,195000000,True,True,,Rental mentioned,False,False,VinFast VF3 12/2024 Free sạc Thuê pin 900k
134067138,legacy_unknown_crawl_date,,False,VF5 Plus,VF5,New,2026,,Da Nang City,32228085,440000000,True,True,,Not mentioned,False,False,VinFast VF5 Plus Ô tô điện
134301693,legacy_unknown_crawl_date,,False,VF5 Plus,VF5,New,2026,,Ho Chi Minh City,22506402,360000000,True,True,,Not mentioned,False,False,"VinFast VF5 Plus 360tr lăn bánh, Xe Mới 100%"
134301647,legacy_unknown_crawl_date,,False,VF6,VF6,New,2026,,Ho Chi Minh City,720041,566000000,True,True,,Not mentioned,True,True,"VF6, vay 85-100%, áp Voucher Lux SA 80t, còn 566t"
133676734,legacy_unknown_crawl_date,,False,VF3,VF3,Used,2024,21000.0,Ho Chi Minh City,25573219,213000000,True,True,,Not mentioned,False,False,VinFast VF3 2024 Vàng 21000 km
134299072,legacy_unknown_crawl_date,,False,VF3,VF3,Used,2025,19000.0,Ho Chi Minh City,23357424,255000000,True,True,,Purchase mentioned,False,False,VF3 25 - MUA PIN - FREE SẠC KGH
133659611,legacy_unknown_crawl_date,,False,VF3,VF3,New,2026,,Ho Chi Minh City,9431250,278000000,True,True,,Not mentioned,True,False,"SỞ HỮU VF3 DỄ DÀNG XE SẴN GIAO NGAY, VÂY ĐẾN 100%"
133792297,legacy_unknown_crawl_date,,False,VF3,VF3,Used,2024,20000.0,Hanoi,4493121,202000000,True,True,,Rental mentioned,True,False,Vinfast VF3 2024 Đỏ 2 vạn chuẩn góp chỉ cần 80tr
123681834,legacy_unknown_crawl_date,,False,Limo Green,Limo Green,New,2026,,Can Tho City,9431250,664000000,True,True,,Not mentioned,True,True,LIMO GREEN SẲN XE GIAO NGAY+90TR NHẬN XE NGAY
133791468,legacy_unknown_crawl_date,,False,VF3,VF3,Used,2024,10000.0,Hanoi,4493121,205000000,True,True,,Rental mentioned,True,False,Vinfast VF3 TC2 2024 trả trước 80 củ lấy xe về
120546442,legacy_unknown_crawl_date,,False,VF7,VF7,New,2026,,Ho Chi Minh City,9431250,740000000,True,True,,Not mentioned,True,True,VINFATS VF7 HỖ TRỢ VAY85%-150TR NHẬN XE-BAO HS KHÓ
133698585,legacy_unknown_crawl_date,,False,Dòng khác,Dòng khác,New,2026,,Ho Chi Minh City,9431250,730000000,False,False,unknown_ev_model; title_model_conflict,Not mentioned,False,False,VinFast MPV 7 -XE SẴN KHO GIAO NGAY - BAO HS KHÓ
130997310,legacy_unknown_crawl_date,,False,VF3,VF3,New,2026,,Ho Chi Minh City,9431250,278000000,True,True,,Not mentioned,True,True,[VF3 BAO NỢ XẤU] NỢ XẤU E MỚi BÁN
122562263,legacy_unknown_crawl_date,,False,VF6,VF6,New,2026,,Ho Chi Minh City,9431250,646000000,True,True,,Not mentioned,True,True,"VF6 BAO HS KHÓ-80TR NHẬN XE-BAO FLATFORM, GRAP,!"
131845528,legacy_unknown_crawl_date,,False,VF9,VF9,New,2026,,Ho Chi Minh City,9431250,1348000000,True,True,,Not mentioned,True,True,VF9 Vay 80%-90% BAO NỢ XẤU CÁ NHÂN VÀ DOANH NGHIỆP
133711790,fresh_timestamped,2026-09-13T02:26:32.523060+00:00,True,VF5 Plus,VF5,New,2026,,Ho Chi Minh City,32134296,446000000,True,True,,Not mentioned,True,True,VinFast VF5 Plus - Ưu Đãi Giảm Ngay 50tr
134669998,fresh_timestamped,2026-09-13T02:26:32.523060+00:00,True,VF6,VF6,Used,2025,30000.0,Hanoi,785820,589000000,True,True,,Not mentioned,False,False,VinFast VF6 Plus 2025 Trắng ngọc trinh
134669947,fresh_timestamped,2026-09-13T02:26:32.523060+00:00,True,VF3,VF3,Used,2024,18000.0,Hanoi,785820,212000000,True,True,,Rental mentioned,False,False,VinFast VF3 2024 Vàng Da Nappa
134656538,fresh_timestamped,2026-09-13T02:26:32.523060+00:00,True,VF2,VF2,New,2026,,Ho Chi Minh City,29552048,188000000,True,True,,Not mentioned,False,False,VinFast VF 2 4 chỗ
131173750,fresh_timestamped,2026-09-13T02:26:32.523060+00:00,True,VF6,VF6,New,2025,,Ho Chi Minh City,31064654,582000000,True,True,,Not mentioned,True,True,VinFast VF6 HỖ TRỢ VAY TRẢ GÓP 100% GIÁ TRỊ XE
132209343,fresh_timestamped,2026-09-13T02:26:32.523060+00:00,True,VF2,VF2,New,2026,,Ho Chi Minh City,720041,100000000,True,True,,Not mentioned,True,True,VF2; ưu đãi gần 88t; còn khoảng 100t
134656509,fresh_timestamped,2026-09-13T02:26:32.523060+00:00,True,VF2,VF2,New,2026,,Ho Chi Minh City,29552048,188000000,True,True,,Not mentioned,False,False,VinFast VF 2 Đỏ
134648992,fresh_timestamped,2026-09-13T02:26:32.523060+00:00,True,VF5,VF5,Used,2024,73000.0,Ho Chi Minh City,4160433,345000000,True,True,,Purchase mentioned,False,False,VINFAST VF5 S 2024 PIN MUA SẠC KGH HT VAY 60%
134643767,fresh_timestamped,2026-09-13T02:26:32.523060+00:00,True,VF6,VF6,Used,2025,37000.0,Vinh Long,4885835,530000000,True,True,,Not mentioned,False,False,VINFAST VF6 ECO TRẮNG 2025 - FREE SẠC ĐẾN 2029
134481129,fresh_timestamped,2026-09-13T02:26:32.523060+00:00,True,VF3,VF3,New,2026,,Hanoi,3287572,191000000,True,True,,Not mentioned,True,True,🇻🇳VinFast VF3 SẴN XE - Trả Trước 0 đồng✅
132729043,fresh_timestamped,2026-09-13T02:26:32.523060+00:00,True,VF8,VF8,Used,2022,52000.0,Hanoi,21837536,565000000,True,True,,Rental mentioned,True,False,VF8 Plus 2022 thuê Pin tiên phong đẹp xuất sắc
134669156,fresh_timestamped,2026-09-13T02:26:32.523060+00:00,True,VF3,VF3,Used,2025,20000.0,Da Nang City,8947165,270000000,True,True,,Not mentioned,False,False,VinFast VF3 Xanh - Nóc trắng 2 vạn km
132760834,fresh_timestamped,2026-09-13T02:26:32.523060+00:00,True,VF3,VF3,Used,2024,15000.0,Ho Chi Minh City,21531561,196000000,True,True,,Rental mentioned,False,False,VinFast VF3 Xanh lá nhạt chính chủ hcm xe zin
134656452,fresh_timestamped,2026-09-13T02:26:32.523060+00:00,True,VF5,VF5,New,2026,,Ho Chi Minh City,29552048,390000000,True,True,,Not mentioned,False,False,VinFast VF5 Trắng Xe điện
132125848,fresh_timestamped,2026-09-13T02:26:32.523060+00:00,True,Limo Green,Limo Green,New,2026,,Ho Chi Minh City,29655508,660000000,True,True,,Not mentioned,True,True,VINFAST LIMO GREEN - 660 TRIỆU - MIỄN LÃI NĂM ĐẦU
134656412,fresh_timestamped,2026-09-13T02:26:32.523060+00:00,True,Limo Green,Limo Green,New,2026,,Ho Chi Minh City,29552048,634000000,True,True,,Not mentioned,False,False,VinFast Limo Green Trắng
134611709,fresh_timestamped,2026-09-13T02:26:32.523060+00:00,True,VF7,VF7,Used,2024,17800.0,Ho Chi Minh City,1681043,720000000,True,True,,Not mentioned,False,False,VinFast VF7 2024 Xám 17793 km
133083672,fresh_timestamped,2026-09-13T02:26:32.523060+00:00,True,VF5,VF5,New,2026,,Hanoi,3295859,445000000,True,False,upfront_price_match,Not mentioned,True,True,VINFAST VF5 – CHỈ TỪ 445 TRIỆU ĐỒNG!
134651965,fresh_timestamped,2026-09-13T02:26:32.523060+00:00,True,VF6,VF6,New,2026,,Ho Chi Minh City,31541149,590000000,True,True,,Not mentioned,False,False,VinFast VF6 2026 Eco. Đưa trước 50tr nhận xe ngay
134639752,fresh_timestamped,2026-09-13T02:26:32.523060+00:00,True,VF8,VF8,New,2026,,Vinh Long,30536892,980000000,True,True,,Not mentioned,False,False,VinFast VF8 Plus Trắng 2026
133083577,fresh_timestamped,2026-09-13T02:26:32.523060+00:00,True,VF8,VF8,New,2026,,Hanoi,3295859,759000000,True,True,,Not mentioned,True,True,VINFAST VF8 GIÁ CỌC TIÊN PHONG CHỈ 759TR
134651693,fresh_timestamped,2026-09-13T02:26:32.523060+00:00,True,Dòng khác,Dòng khác,New,2026,,Ho Chi Minh City,17973966,200000000,False,False,unknown_ev_model; title_model_conflict,Not mentioned,False,False,Xe điện VinFast VF2 - ĐỦ MÀU
133679636,fresh_timestamped,2026-09-13T02:26:32.523060+00:00,True,MPV 7,MPV7,New,2026,,Ho Chi Minh City,24742361,705000000,True,True,,Not mentioned,True,False,VinFast VF MPV 7 Trả Trước 100tr
134648269,fresh_timestamped,2026-09-13T02:26:32.523060+00:00,True,VF3,VF3,Used,2025,10000.0,Ho Chi Minh City,4160433,245000000,True,True,,Purchase mentioned,False,False,VINFAST VF3 2025 PIN MUA SẠC KGH ĐI LƯỚT 10.000KM
134657738,fresh_timestamped,2026-09-13T02:26:32.523060+00:00,True,VF3,VF3,Used,2026,810.0,Ho Chi Minh City,1217008,320000000,True,True,,Not mentioned,False,False,Vinfast VF3 Plus Trắng 2026 810 km
134284878,fresh_timestamped,2026-09-13T02:26:32.523060+00:00,True,VF5 Plus,VF5,New,2026,,Ho Chi Minh City,720041,430000000,True,True,,Not mentioned,True,True,"VF5 vay 85-100%, giảm giá 66t, còn 430t"
131122728,fresh_timestamped,2026-09-13T02:26:32.523060+00:00,True,Limo Green,Limo Green,New,2025,,Ho Chi Minh City,31064654,624000000,True,True,,Not mentioned,True,True,VinFast Limo Green HỖ TRỢ VAY TRẢ GÓP 100% XE
128184187,fresh_timestamped,2026-09-13T02:26:32.523060+00:00,True,VF5 Plus,VF5,New,2025,,Ho Chi Minh City,29832977,366000000,True,True,,Not mentioned,False,False,VF5 Plus - Xe Sẵn giao ngay
133839004,fresh_timestamped,2026-09-13T02:26:32.523060+00:00,True,VF3,VF3,New,2026,,Ho Chi Minh City,29832977,280000000,True,True,,Not mentioned,False,True,VinFast VF3 Trắng
134611629,fresh_timestamped,2026-09-13T02:26:32.523060+00:00,True,VF5,VF5,New,2026,,Ho Chi Minh City,18919731,471000000,True,True,,Not mentioned,True,False,VF5 HỖ TRỢ VAY ĐẾN 90%-BAO HỒ SƠ XẤU
134326729,fresh_timestamped,2026-09-13T02:26:32.523060+00:00,True,VF3,VF3,Used,2025,19000.0,Ho Chi Minh City,30411839,249000000,True,True,,Purchase mentioned,False,False,VF3 màu trắng 2025 mua đứt pin sạc k giới hạn !
134143991,fresh_timestamped,2026-09-13T02:26:32.523060+00:00,True,VF3,VF3,New,2026,,Ho Chi Minh City,32203588,278000000,True,True,,Not mentioned,True,True,VinFast VF3 Plus & Eco / 2026 - Đủ màu - New
133011626,fresh_timestamped,2026-09-13T02:26:32.523060+00:00,True,MPV 7,MPV7,New,2026,,Ho Chi Minh City,29832977,650000000,True,True,,Not mentioned,False,True,VinFast MVP7
134564899,fresh_timestamped,2026-09-13T02:26:32.523060+00:00,True,VF5 Plus,VF5,New,2026,,Ho Chi Minh City,29655508,444000000,True,True,,Not mentioned,True,True,VINFAST VF5 PLUS - 444 TRIỆU - CHƯƠNG TRÌNH THƯỜNG
134667464,fresh_timestamped,2026-09-13T02:26:32.523060+00:00,True,VF3,VF3,Used,2024,16000.0,Ho Chi Minh City,21597227,210000000,True,True,,Not mentioned,False,False,VinFast VF3 2024 Điện Đỏ 16.000 km
134667407,fresh_timestamped,2026-09-13T02:26:32.523060+00:00,True,VF3,VF3,Used,2025,5000.0,Hanoi,18982704,225000000,True,True,,Purchase mentioned,False,False,VinFast VF3 Trắng Điện 5000km 12/2025 Tự động
134611965,fresh_timestamped,2026-09-13T02:26:32.523060+00:00,True,Limo Green,Limo Green,New,2026,,Ho Chi Minh City,16075472,664000000,True,True,,Not mentioned,True,True,LIMO GREEN 70TR NHẬN XE - GRAP/ XANH EM HỖ TRỢ HẾT
134611952,fresh_timestamped,2026-09-13T02:26:32.523060+00:00,True,VF6,VF6,New,2026,,Ho Chi Minh City,29832977,570000000,True,True,,Not mentioned,False,True,VinFast VF6 Trắng Xe ô tô điện
130120366,fresh_timestamped,2026-09-13T02:26:32.523060+00:00,True,VF9,VF9,New,2025,,Ho Chi Minh City,29655508,1358000000,True,True,,Not mentioned,True,True,🚗VINFAST VF9 PLUS - 1.358TR GIÁ SIÊU ĐẸP
134666918,fresh_timestamped,2026-09-13T02:26:32.523060+00:00,True,Limo Green,Limo Green,New,2026,,Hanoi,30701842,675000000,True,True,,Not mentioned,False,False,xe limo green
134577748,fresh_timestamped,2026-09-13T02:26:32.523060+00:00,True,MPV 7,MPV7,New,2026,,Ho Chi Minh City,69212,703000000,True,True,,Not mentioned,True,True,Vinfast MPV7  - ƯU ĐÃI SỐC THÁNG 9 - TRẢ 90 TRIỆU
133690662,fresh_timestamped,2026-09-13T02:26:32.523060+00:00,True,VF7,VF7,New,2026,,Ho Chi Minh City,19097879,780000000,True,True,,Not mentioned,False,True,"VinFast VF7 Plus, SẴN XE GIAO NGAY"
129328291,fresh_timestamped,2026-09-13T02:26:32.523060+00:00,True,Limo Green,Limo Green,New,2026,,Ho Chi Minh City,29655508,629000000,True,True,,Not mentioned,True,True,VINFAST LIMO GREEN 2026‼️ÁP TẤT CẢ CHƯƠNG TRÌNH
134666677,fresh_timestamped,2026-09-13T02:26:32.523060+00:00,True,VF3,VF3,Used,2025,15000.0,Ho Chi Minh City,31552230,248000000,True,True,,Purchase mentioned,False,False,vf3 2025 mua pin lướt 15nghìn km
133869759,fresh_timestamped,2026-09-13T02:26:32.523060+00:00,True,EC VAN,EC VAN,New,2026,,Ho Chi Minh City,69212,248000000,True,True,,Not mentioned,True,True,VinFast EC Van Xe điện đa năng màu Trắng
134656359,fresh_timestamped,2026-09-13T02:26:32.523060+00:00,True,VF8,VF8,New,2026,,Ho Chi Minh City,29552048,700000000,True,True,,Not mentioned,False,False,VinFast VF8 Trắng Ô tô điện
134610554,fresh_timestamped,2026-09-13T02:26:32.523060+00:00,True,VF6,VF6,New,2026,,Ho Chi Minh City,31981264,660000000,True,True,,Not mentioned,True,True,VinFast VF6 Plus SUV điện Trắng
132844961,fresh_timestamped,2026-09-13T02:26:32.523060+00:00,True,VF5,VF5,New,2026,,Hanoi,24632932,410000000,True,True,,Not mentioned,True,True,🆘 VinFast VF 5 Plus GIÁ ƯU ĐÃI tháng 9
134647489,fresh_timestamped,2026-09-13T02:26:32.523060+00:00,True,VF7,VF7,Used,2025,14000.0,Ho Chi Minh City,4160433,645000000,True,True,,Purchase mentioned,False,False,VINFAST VF7 ECO 2025 PIN MUA SẠC KGH LÊN 70TR PK
134656482,fresh_timestamped,2026-09-13T02:26:32.523060+00:00,True,Limo Green,Limo Green,New,2026,,Ho Chi Minh City,29552048,634000000,True,True,,Not mentioned,False,False,VinFast LimoGreen Ô tô điện màu Đen
