source,subject,price_raw,price_clean,odo,year,age,condition,km_per_year,battery_status,description
otodien_B2C,VinFast Limo Green 2025 - 7000 km,640 triệu,640000000,7000.0,2025.0,1,Đã sử dụng,7000.0,Thuê pin,"Vinfast Limo green sản xuất 2025 .ODO 7000KM , 
- Xe mua pin chính sách sạc miễn phí sạc full không giới hạn số lần sạc . 
- Xe đã mua bảo hiểm thân vỏ 1 năm 
- Xe đã lên : ghế da nappa , thảm sàn xịn ,đăng kiểm 3 năm , vv... SĐT liên hệ: 097538**** Hiện số"
otodien_B2C,VinFast VF7 2024 Eco - 17000 km,629 triệu,629000000,17000.0,2024.0,2,Đã sử dụng,8500.0,Thuê pin,"Vf7 eco 2024
Odo 17.000 km
Sẵn film, sàn
Sạc free ( không giới hạn ) SĐT liên hệ: 098234**** Hiện số"
otodien_B2C,VINFAST VF5 PLUS 2026 – GIÁ TỐT – GIAO NGAY!,496 triệu,496000000,,2026.0,0,Đã sử dụng,,Thuê pin,"🚘 VINFAST VF5 PLUS 2026 – SUV ĐIỆN ĐÔ THỊ ĐÁNG MUA NHẤT:
• Thiết kế hiện đại, trẻ trung, phù hợp gia đình và cá nhân
• Màu trắng cao cấp – sang trọng, sạch đẹp và giữ giá tốt
• Nội thất rộng rãi 5 chỗ ngồi thoải mái
• Trang bị hiện đại: màn hình giải trí lớn, camera 360, điều khiển thông minh
• Vận hành êm ái, tiết kiệm chi phí hơn xe xăng
• Công nghệ an toàn tiên tiến, an tâm trên mọi hành trình SĐT liên hệ: 094821**** Hiện số"
otodien_B2C,VinFast VF3 2025 - 20000 km,240 triệu,240000000,20000.0,2025.0,1,Đã sử dụng,20000.0,Thuê pin,"VF3 màu Vàng xe sản xuất 2025 bản mua pin , Odo 2V Km , Xe được hưởng chính sách mới miễn phí sạc 2/2029
- Xe đã trang bị: Gần 50T  phụ kiện 
- Dán gói phim cách nhiệt hạng thương gia 8T . 
- Xe trang bị giá nóc thể thao 6,5t 
- Ghế da nappa mềm như em bé , bọc vô lăng
- Xe đã độ bộ mâm lốp bánh to đi cực êm và chắc khoẻ 19T
-Đang kiểm 3 năm . 
- độ chống ồn, vvv... và nhiều đồ chơi khác SĐT liên hệ: 097538**** Hiện số"
otodien_B2C,"🚗 VF7 PLUS MỚI – SUV ĐIỆN CAO CẤP, ƯU ĐÃI CỰC SỐC",780 triệu,780000000,,2026.0,0,Đã sử dụng,,Thuê pin,"Trải nghiệm đẳng cấp với mẫu SUV điện hàng đầu VinFast VF7 Plus 2026 – thiết kế sang trọng, công nghệ tiên tiến, hiệu suất mạnh mẽ!

💥 CHƯƠNG TRÌNH ƯU ĐÃI HẤP DẪN

🔹 Giảm thêm 6% – chương trình “Mãnh liệt vì tương lai xanh”
🔹 Giảm thêm 5% cho khối công an, quân đội
🔹 Giảm thêm 2% chương trình ""Mùa hè rực rỡ""
🔹 Ưu đãi giảm thêm trực tiếp từ đại lý
🔹 🎁 Miễn phí sạc đến tháng 02/2029 – tiết kiệm chi phí vận hành tối đa

⚡ ĐIỂM NỔI BẬT VF7 PLUS 2026

✔️ Thiết kế SUV coupe thể thao, đậm chất tương lai
✔️ Nội thất cao cấp, màn hình lớn, tích hợp AI thông minh
✔️ Động cơ điện mạnh mẽ, tăng tốc ấn tượng
✔️ Hệ dẫn động & công nghệ an toàn hiện đại
✔️ Không chi phí xăng dầu – vận hành êm ái, thân thiện môi trường 🌱

📞 LIÊN HỆ NGAY – NHẬN GIÁ TỐT NHẤT

☎️ Hotline: ***
📍 Địa chỉ: Km 8+400 Đại lộ Thăng Long, Sơn Đồng, TP Hà Nội SĐT liên hệ: 086500**** Hiện số"
otodien_B2C,VinFast VF9 2024 Plus - 40000 km,1 tỷ 120 triệu,1120000000,40000.0,2024.0,2,Đã sử dụng,20000.0,Thuê pin,"VF 9 Plus sx 2024, 7 chỗ trần thép odo 4v km, Pin Calt không giới hạn số lần sạc. Xuất hóa đơn 1 tỷ SĐT liên hệ: 034568**** Hiện số"
otodien_B2C,🔥 VINFAST VF8 ALL NEW 2026 CHÍNH THỨC RA MẮT !,828 triệu,828000000,0.0,2026.0,0,Mới,0.0,Thuê pin,"⚡ Khách hàng tiên phong nhận ưu đãi lên tới 51 TRIỆU – Dự kiến giao xe cuối tháng 07/2026

🚘 VinFast VF8 ALL NEW 2026 – mẫu SUV điện thế hệ mới sở hữu thiết kế đẳng cấp, công nghệ hiện đại và khả năng vận hành mạnh mẽ, sẵn sàng chinh phục mọi hành trình.

💥 ƯU ĐÃI ĐẶC BIỆT KHÔNG THỂ BỎ LỠ

✅ Giảm ngay 10% chương trình “Mãnh liệt vì tương lai xanh”
✅ Ưu đãi thêm 5% dành cho công an, quân đội
✅ Giảm thêm 2% chương trình ""Mùa hè rực rỡ""
✅ Ưu đãi trực tiếp hấp dẫn từ đại lý
✅ Miễn phí sạc pin đến hết tháng 02/2029
✅ Khách hàng đặt sớm nhận ưu đãi tiên phong lên tới 51 triệu đồng

✨ VINFAST VF8 ALL NEW 2026 – ĐẲNG CẤP SUV ĐIỆN THỜI THƯỢNG

✔️ Thiết kế SUV sang trọng, mạnh mẽ chuẩn phong cách châu Âu
✔️ Nội thất cao cấp, không gian rộng rãi, tiện nghi hiện đại
✔️ Màn hình giải trí cỡ lớn tích hợp trợ lý ảo thông minh
✔️ Động cơ điện vận hành êm ái, tăng tốc mạnh mẽ
✔️ Công nghệ an toàn và hỗ trợ lái tiên tiến hàng đầu
✔️ Không phát thải – xu hướng di chuyển xanh bền vững 🌱

⚡ Sở hữu VF8 ALL NEW ngay hôm nay để trải nghiệm chuẩn SUV điện cao cấp với chi phí vận hành cực tiết kiệm!

📍 Showroom VinFast:
Km 8+400 Đại lộ Thăng Long, Sơn Đồng, TP Hà Nội

📞 Hotline tư vấn & nhận báo giá tốt nhất:
***

⏰ Số lượng xe ưu đãi tiên phong có hạn – Liên hệ ngay để giữ suất giao xe sớm! SĐT liên hệ: 086500**** Hiện số"
otodien_B2C,VinFast Nerio Green 2026 - 11 km,630 triệu,630000000,11.0,2026.0,0,Đã sử dụng,11.0,Cần xác minh,"Xe vừa ra đăng ký anh chủ đã quyết bán đổi xe to hơn 

Herio green đen 2026 odo 11km SĐT liên hệ: 082623**** Hiện số"
otodien_B2C,VinFast Limo Green 2026 - 24000 km,635 triệu,635000000,24000.0,2026.0,0,Đã sử dụng,24000.0,Thuê pin,"👉Limo sản xuất 2026 hàng hiếm trên thị trường
- Sạc không giới hạn
- Odo 2.4 vạn
✍️Xe lên nhiều đồ 
- Ghế da cao
- Lên Bi gầm
- Ốp bảo vệ Pin
- HUD kính lái
- Dán phim xin chính hàng
- Thàm sàn, lót cốp HuVi
- Cam hành trình trước sau
- cảm biến áp suất lốp SĐT liên hệ: 091171**** Hiện số"
otodien_B2C,"VINFAST VF 6 ECO MỚI 100% – SUV ĐIỆN 5 CHỖ, GIÁ TỐT, HỖ TRỢ TRẢ GÓP",646 triệu,646000000,0.0,2026.0,0,Mới,0.0,Thuê pin,"🚙 VINFAST VF 6 ECO MỚI 100% – SUV ĐIỆN 5 CHỖ HIỆN ĐẠI, TIẾT KIỆM

✅ Dòng xe: VinFast VF 6 Eco
✅ Tình trạng: Xe mới 100%
✅ SUV điện 5 chỗ
✅ Thiết kế hiện đại, trẻ trung
✅ Không gian nội thất rộng rãi, phù hợp gia đình
✅ Vận hành êm ái, dễ sử dụng
✅ Kích thước vừa phải, linh hoạt khi đi phố
✅ Gầm cao, tầm quan sát tốt
✅ Chi phí vận hành tiết kiệm
✅ Nhiều màu sắc để lựa chọn

VinFast VF 6 Eco phù hợp với khách hàng đang tìm kiếm một mẫu SUV điện 5 chỗ có kích thước vừa phải, dễ di chuyển trong thành phố nhưng vẫn đảm bảo không gian thoải mái cho cả gia đình.

Xe đáp ứng tốt nhu cầu đi làm hằng ngày, đưa đón con, đi chơi cuối tuần hoặc di chuyển đường dài. Thiết kế hiện đại kết hợp khả năng vận hành êm ái giúp VF 6 Eco trở thành lựa chọn đáng cân nhắc trong phân khúc SUV điện cỡ B.

💰 GIÁ XE: Liên hệ nhận báo giá và chương trình ưu đãi mới nhất SĐT liên hệ: 079596**** Hiện số"
otodien_B2C,VinFast VF MPV 7 2026 - 4466 km,675 triệu,675000000,4466.0,2026.0,0,Đã sử dụng,4466.0,Thuê pin,"mpv7 2026 odo 4466km 
xe lên flim và sàn 
sạc giới hạn 10 lần . SĐT liên hệ: 098234**** Hiện số"
otodien_B2C,VinFast VF8 2023 Plus - 53000 km,640 triệu,640000000,53000.0,2023.0,3,Đã sử dụng,17667.0,Thuê pin,"VF8 Plus 2023 Bạc nt nâu da nò
odo 5v3 🚗 sẵn HS sang tên
ko có xe xăng giá 690
có xe xăng đổi qua giá 640🌾
địa chỉ: Xuân Phương, Hà Nội SĐT liên hệ: 082623**** Hiện số"
otodien_B2C,Vf8 plus vin 2025 - Mới - Hàng hiếm,910 triệu,910000000,,2025.0,1,Đã sử dụng,,Thuê pin,"Vf8 plus vin 2025 
Chưa ra biển số
Hàng hiếm , màu hiếm SĐT liên hệ: 082623**** Hiện số"
otodien_B2C,VF9 Plus Vin 2026 xám nt nâu da bò mới 🔥🔥,1 tỷ 365 triệu,1365000000,,2026.0,0,Đã sử dụng,,Thuê pin,"Chủ ko đi đến cần bán lại vf9 plus Vin2026 xám nt nâu da bò
Xe đã xuất hoá đơn cá nhân, nhưng chưa ra biển số , khách mua về ra tên lần đầu
giá hơn 1 tỉ3**tr🌾
địa chỉ: Xuân Phương, Hà Nội SĐT liên hệ: 082623**** Hiện số"
otodien_B2C,VinFast VF7 2025 Plus - 14000 km,775 triệu,775000000,14000.0,2025.0,1,Đã sử dụng,14000.0,Thuê pin,Vinfast VF7 Plus 2025 xanh rêu odo 1v4 km bản 2 cầu trần thép xhđ cty cao SĐT liên hệ: 092962**** Hiện số
otodien_B2C,"VINFAST VF 2 NEW 100% – MINI SUV ĐIỆN THÔNG MINH, NHỎ GỌN, SẴN SÀNG ĐÓN ĐẦU",188 triệu,188000000,0.0,2026.0,0,Mới,0.0,Thuê pin,"⚡ VinFast VF 2 là mẫu mini SUV điện thế hệ mới hướng đến khách hàng trẻ, gia đình nhỏ và người thường xuyên di chuyển trong đô thị. Với thiết kế hiện đại, kích thước nhỏ gọn cùng nhiều công nghệ thông minh, VF 2 mang đến giải pháp di chuyển xanh, tiết kiệm và thuận tiện cho cuộc sống hằng ngày.

🎁 XE NEW 100% CHÍNH HÃNG

✅ Hỗ trợ tư vấn đặt xe và cập nhật lịch mở bán mới nhất.
✅ Hỗ trợ trả góp lên đến 80% giá trị xe.
✅ Hỗ trợ đăng ký, đăng kiểm và giao xe trên toàn quốc khi xe được bàn giao.
✅ Bảo hành chính hãng theo tiêu chuẩn VinFast.
✅ Cập nhật báo giá và chính sách bán hàng mới nhất từ VinFast. SĐT liên hệ: 094821**** Hiện số"
otodien_B2C,VinFast VF8 2023 Plus - 79000 km,735 triệu,735000000,79000.0,2023.0,3,Đã sử dụng,26333.0,Thuê pin,"VF8 plus cuối 23 model 24 pin CATL
Xe đi 7,9v km
Chất xe đẹp, lên form bản hoả long SĐT liên hệ: 034568**** Hiện số"
otodien_B2C,"VINFAST VF 5 MỚI 100% – SUV ĐIỆN GẦM CAO, GIÁ TỐT, HỖ TRỢ TRẢ GÓP",451 triệu,451000000,0.0,2026.0,0,Mới,0.0,Thuê pin,"🚙 VINFAST VF 5 MỚI 100% – GẦM CAO, NHỎ GỌN, TIỆN DỤNG

✅ Dòng xe: VinFast VF 5
✅ Tình trạng: Xe mới 100%
✅ SUV điện 5 chỗ
✅ Thiết kế trẻ trung, hiện đại
✅ Gầm cao, dễ di chuyển trong đô thị
✅ Kích thước gọn gàng, dễ quay đầu và đỗ xe
✅ Không gian 5 chỗ phù hợp cá nhân và gia đình nhỏ
✅ Vận hành êm ái, chi phí sử dụng tiết kiệm
✅ Nhiều màu sắc để lựa chọn

VinFast VF 5 là lựa chọn phù hợp cho khách hàng cần một mẫu SUV điện nhỏ gọn nhưng vẫn đảm bảo không gian sử dụng thực tế.

Xe phù hợp để đi làm hằng ngày, đưa đón con, đi chơi cuối tuần hoặc sử dụng như chiếc xe gia đình đầu tiên. Thiết kế gầm cao mang lại khả năng quan sát tốt, đồng thời kích thước vừa phải giúp VF 5 linh hoạt khi di chuyển trong phố đông.

💰 GIÁ XE: Liên hệ để nhận báo giá và chương trình ưu đãi mới nhất SĐT liên hệ: 079596**** Hiện số"
otodien_B2C,VinFast VF6 2025 Plus - 28000 km,635 triệu,635000000,28000.0,2025.0,1,Đã sử dụng,28000.0,Thuê pin,"VF6 plus 2025 bản xuất Mỹ

Odo : 2v8 km SĐT liên hệ: 092962**** Hiện số"
otodien_B2C,VinFast VF9 2026 Plus - 6000 km,1 tỷ 280 triệu,1280000000,6000.0,2026.0,0,Đã sử dụng,6000.0,Thuê pin,"trải nhiệm xong rồi e cần bán VF9 plus Vin2026 màu trắng siêu lướt 6000km🚗
đã lên ốp pin, film+ sàn. BHTV 1 năm
1 chủ từ đầu, HN. 7 chỗ trần thép
Địa chỉ: Xuân Phương, Hà Nội SĐT liên hệ: 082623**** Hiện số"
otodien_B2C,VinFast VF3 2025 - 5000 km,255 triệu,255000000,5000.0,2025.0,1,Đã sử dụng,5000.0,Thuê pin,"VF3 màu Xám xe sản xuất 2025 bản mua pin , Odo hơn 5000 km, Xe được hưởng chính sách sạc ko giới hạn số lần sạc. 
- Xe đã trang bị: Gần 50T phụ kiện 
- Dán gói phim cách nhiệt hạng thương gia 8T . 
- Thảm sàn , ốp lazang 
- Sơn quây bóng
- Gương bản to
- Màn hình androi
- Bệ tỳ tay
- Thảm taplo 
- Xe độ đèn bi cầu LED siêu sáng 4,5T 
- Ghế da nappa mềm như em bé . 
-Đang kiểm 3 năm . 
- độ chống ồn, vvv... và nhiều đồ chơi khác SĐT liên hệ: 097538**** Hiện số"
otodien_B2C,"VINFAST VF 3 MỚI 100% – XE ĐIỆN MINI CÁ TÍNH, GIÁ TỐT, HỖ TRỢ TRẢ GÓP",296 triệu,296000000,0.0,2026.0,0,Mới,0.0,Thuê pin,"🚗 VINFAST VF 3 MỚI 100% – NHỎ GỌN, CÁ TÍNH, DỄ ĐI PHỐ

✅ Dòng xe: VinFast VF 3
✅ Tình trạng: Xe mới 100%
✅ Xe điện mini 4 chỗ ngồi
✅ Thiết kế vuông vức, trẻ trung và cá tính
✅ Kích thước nhỏ gọn, thuận tiện di chuyển trong phố
✅ Khoảng sáng gầm tốt, phù hợp nhiều điều kiện đường sá
✅ Nội thất tối giản, dễ sử dụng
✅ Chi phí vận hành tiết kiệm
✅ Nhiều màu sắc trẻ trung để lựa chọn

VinFast VF 3 là lựa chọn phù hợp cho khách hàng cần một mẫu ô tô điện nhỏ gọn để đi làm, đi học, đưa đón con hoặc di chuyển hằng ngày trong thành phố.

Thiết kế nhỏ giúp xe dễ xoay trở trong đường phố đông, thuận tiện tìm chỗ đỗ nhưng vẫn có không gian 4 chỗ ngồi đáp ứng tốt nhu cầu sử dụng cá nhân và gia đình nhỏ.

💰 GIÁ XE: Liên hệ nhận báo giá và ưu đãi mới nhất SĐT liên hệ: 079596**** Hiện số"
otodien_B2C,VINFAST VF6 – ƯU ĐÃI KHỦNG LÊN ĐẾN 11%,549 triệu,549000000,0.0,2026.0,0,Mới,0.0,Thuê pin,"VinFast VF6 chính là sự lựa chọn không thể hoàn hảo hơn:

Lái cực sướng: Động cơ mạnh mẽ, tăng tốc mượt mà, ôm cua đèo dốc cực đầm chắc.

Thiết kế sang trọng: Nội thất rộng rãi, tinh tế đến từng chi tiết, tràn ngập công nghệ an toàn.

chính sách chung của các dòng xe

-voucher xe xăng :
fadil : giảm 30tr
lux a: 60tr
luxsa : 80 tr

- CAQĐ giảm 5%
- Hạng vinclub : gold giảm 1,5%
- platium 3%
- diamond :4,5%

chính sách riêng của mpv7: giảm 20 triệu và tặng 1 camera 360 SĐT liên hệ: 033252**** Hiện số"
otodien_B2C,VinFast VF3 2025 - 10000 km,294 triệu,294000000,10000.0,2025.0,1,Đã sử dụng,10000.0,Thuê pin,"🚘 VF3 xanh xám bản mua đứt pin 
-Sản xuất 2025 odo 1v KM 
- Xe đã vào gần 200T đồ chơi. 
- Sạc Tẹt Ga không bị giới hạn  
Trang bị đồ nhiều vô kể : 
- Dán film 3M xịn 8tr
- Trải sàn da 6D màu be siêu sang+Vô lăng bọc da+ Phím còi bọc da 4,5tr
- Ghế da nappa 9tr
-  Ghế chỉnh điện 8 hướng -1 chạm 13tr
- Vô lăng -phím còi bọc da 2tr
- Gương điện tích hợp sấy sưởi huvi 6,5tr
- Loa tép âm thanh vũ trường 19tr
- Cam lùi chính hãng 3tr
- Cam hành trình 70mai 2,5tr
- Bản đồ vietmap tích hợp trên cam 3tr
- Giá nóc hàng kaka loại xin 5tr
- Capo đổ đúc nguyên khối thể thao 11tr
- Bậc lên xuống hàng gia công tự đặt chắc như bê tông 6tr
- Nhựa đen sơn bóng 2,5tr
- Lốp thái lan chống đinh 11tr
- Calang đèn led mí đa sắc màu 5tr
- Phuộc tenka
- Phuộc sau 11tr
- Nâng gầm.  12tr
- Lò xo             4.7tr 
- Rotuyn thanh dằn   1tr2
- Phuộc trước HT25  9.8tr
- Cản trước. 2.8tr
- Phuộc trước 10tr 
- Chụp cnc bảo vệ gương sau SĐT liên hệ: 097538**** Hiện số"
otodien_B2C,VinFast VF 3 Plus Mới 100% – Xe Điện Mini Đô Thị,296 triệu,296000000,0.0,2026.0,0,Mới,0.0,Thuê pin,"VinFast VF 3 xe mới 100%, phù hợp nhu cầu đi lại hằng ngày trong thành phố, thiết kế nhỏ gọn nhưng vẫn nổi bật và cá tính.

Xe mới, chưa qua sử dụng
Thiết kế 2 cửa trẻ trung, phong cách SUV mini
Kích thước nhỏ gọn, dễ xoay trở và đỗ xe trong phố
Không gian 4 chỗ ngồi
Vận hành hoàn toàn bằng điện, êm ái và tiết kiệm chi phí sử dụng
Gầm xe cao, phù hợp điều kiện đường đô thị
Trang bị màn hình giải trí trung tâm
Điều hòa, kính điện và các tiện nghi cơ bản
Nhiều màu ngoại thất để lựa chọn
Bảo hành chính hãng VinFast

Giá bán: Liên hệ để nhận báo giá và ưu đãi mới nhất

Phù hợp với khách hàng mua xe lần đầu, gia đình cần xe thứ hai hoặc người thường xuyên di chuyển trong khu vực nội đô. SĐT liên hệ: 094821**** Hiện số"
otodien_B2C,VINFAST VF3 2026  – XE MỚI 100% – ƯU ĐÃI CỰC MẠNH!,285 triệu,285000000,0.0,2026.0,0,Mới,0.0,Thuê pin,"VinFast VF 3 xe mới 100%, phù hợp nhu cầu đi lại hằng ngày trong thành phố, thiết kế nhỏ gọn nhưng vẫn nổi bật và cá tính.

Xe mới, chưa qua sử dụng
Thiết kế 2 cửa trẻ trung, phong cách SUV mini
Kích thước nhỏ gọn, dễ xoay trở và đỗ xe trong phố
Không gian 4 chỗ ngồi
Vận hành hoàn toàn bằng điện, êm ái và tiết kiệm chi phí sử dụng
Gầm xe cao, phù hợp điều kiện đường đô thị
Trang bị màn hình giải trí trung tâm
Điều hòa, kính điện và các tiện nghi cơ bản
Nhiều màu ngoại thất để lựa chọn
Bảo hành chính hãng VinFast

Phù hợp với khách hàng mua xe lần đầu, gia đình cần xe thứ hai hoặc người thường xuyên di chuyển trong khu vực nội đô. SĐT liên hệ: 094821**** Hiện số"
otodien_B2C,VinFast VF3 2025 - 5000 km,290 triệu,290000000,5000.0,2025.0,1,Đã sử dụng,5000.0,Thuê pin,"VF3 màu Trắng xe sản xuất 2025 bản mua pin , Odo 5000km 
- Xe được hưởng chính sách mới miễn phí sạc 2/2029
- Xe đã trang bị: Gần 80T phụ kiện 
- Dán gói phim cách nhiệt hạng thương gia 8T . 
- Đèn biled 
- Cốp trước 
- Gương điện huvi
- Cam lùi kết hợp cam hành trình 
- Ghế da nappa mềm như em bé kết hợp ghế chỉnh điện bên phụ , Thảm sàn , bọc volang thể thao. 
-Đang kiểm 3 năm . 
- độ chống ồn, vvv... và nhiều đồ chơi khác SĐT liên hệ: 097538**** Hiện số"
otodien_B2C,🚗 VF7 ECO 2026 MỚI – ƯU ĐÃI “KHỦNG” CHƯA TỪNG CÓ!,703 triệu,703000000,,2026.0,0,Đã sử dụng,,Thuê pin,"🔥 Sở hữu ngay mẫu SUV điện hiện đại VinFast VF7 Eco 2026 – thiết kế đẳng cấp, vận hành êm ái, tiết kiệm chi phí, thân thiện môi trường!

💥 ƯU ĐÃI ĐẶC BIỆT (SỐ LƯỢNG CÓ HẠN)

🔹 Giảm thêm 6% – chương trình “Mãnh liệt vì tương lai xanh”
🔹 Giảm thêm 5% cho khối công an, quân đội
🔹 Giảm thêm 2% chương trình ""Mùa hè rực rỡ""
🔹 Ưu đãi giảm thêm trực tiếp từ đại lý
🔹 🎁 Miễn phí sạc đến tháng 02/2029 – tiết kiệm chi phí sử dụng cực lớn!

⚡ VÌ SAO NÊN CHỌN VF7 ECO 2026?

✔️ Thiết kế SUV thể thao, hiện đại
✔️ Nội thất rộng rãi, công nghệ thông minh
✔️ Động cơ điện vận hành êm ái, tăng tốc mượt
✔️ Chi phí sử dụng & bảo dưỡng thấp hơn xe xăng
✔️ Xu hướng xanh – bảo vệ môi trường 🌱

📞 LIÊN HỆ NGAY ĐỂ NHẬN GIÁ TỐT NHẤT

☎️ Hotline: ***
📍 Địa chỉ: Km 8+400 Đại lộ Thăng Long, Sơn Đồng, TP Hà Nội

👉 Số lượng xe có hạn – Ưu đãi kết thúc sớm!
Nhanh tay liên hệ để được tư vấn chi tiết và lái thử ngay hôm nay! SĐT liên hệ: 086500**** Hiện số"
otodien_B2C,VinFast VF7 2024 Plus - 30000 km,674 triệu,674000000,30000.0,2024.0,2,Đã sử dụng,15000.0,Thuê pin,"VF7 PLUS sản xuất 2024 Mua Pin hai cầu AWD 
ODO HƠN 3vKM 
- Xe được hưởng chính sách mới , miễn phí sạc đến hết tháng 2/2029 
Miễn phí sạc đến tháng 2/2029
Hỗ trợ bank 24/24 SĐT liên hệ: 097538**** Hiện số"
otodien_B2C,🔥 MUA VF 3 CHỈ TỪ 262 TRIỆU ĐỒNG 🔥,253 triệu,253000000,,,0,Đã sử dụng,,Thuê pin,"🔥 MUA VF 3 CHỈ TỪ 262 TRIỆU ĐỒNG 🔥
Chính sách chung của các dòng xe
-voucher xe xăng :
fadil : giảm 30tr
lux a: 60tr
luxsa : 80 tr

- CAQĐ giảm 5%
- Hạng vinclub : gold giảm 1,5%
- platium 3%
- diamond :4,5%
chính sách riêng của mpv7: giảm 20 triệu và tặng 1 camera 360
🚗 Sở hữu ô tô điện quốc dân với chi phí cực dễ tiếp cận.
⚡ Tiết kiệm nhiên liệu, chi phí sử dụng thấp.
🏡 Phù hợp đi phố, đưa đón con, đi làm hàng ngày. SĐT liên hệ: 033252**** Hiện số"
otodien_B2C,🌿 VF6 Eco  – Mới 100% | Ưu đãi đến 13% ⚡,608 triệu,608000000,0.0,2026.0,0,Mới,0.0,Thuê pin,"🌿 VINFAST VF6 ECO 2026 – XE MỚI 100% – ƯU ĐÃI CỰC MẠNH!

Chiếc SUV điện thông minh – tiết kiệm – hiện đại nhất trong tầm giá! VinFast VF6 Eco 2026 là sự lựa chọn hoàn hảo cho những ai muốn nâng tầm trải nghiệm lái xe với chi phí vận hành tối ưu. Cùng hàng loạt ưu đãi hấp dẫn:

✅ Ưu đãi 6% chương trình ""Mãnh liệt vì tương lai xanh""
✅ Giảm thêm 5% dành cho khối công an, quân đội
✅ Giảm thêm 2% chương trình ""Mùa hè rực rỡ""
✅ Ưu đãi bổ sung hấp dẫn từ đại lý
✅ Miễn phí sạc pin đến tháng 02/2029

🚙 VF6 Eco 2026 – Vì sao là lựa chọn thông minh?
• Phiên bản Eco tối ưu chi phí – giá tốt, trang bị đầy đủ tiện nghi
• Không gian SUV rộng rãi 5 chỗ, thiết kế trẻ trung hiện đại
• Màn hình giải trí lớn, kết nối điện thoại thông minh
• Hệ thống pin bền bỉ – phạm vi vận hành lý tưởng cho di chuyển đô thị và liên tỉnh
• An toàn chủ động: phanh khẩn cấp tự động, cảnh báo lệch làn, hỗ trợ giữ làn

💡 VF6 Eco – Tiết kiệm ngay từ khi mua, tiết kiệm mãi khi dùng!
So với xe xăng cùng phân khúc, chi phí nhiên liệu giảm tới 70% mỗi tháng. Đây chính là lý do hàng nghìn khách hàng đang chuyển sang xe điện!

📍 Showroom: Km 8+400 Đại lộ Thăng Long, Sơn Đồng, Hà Nội
📞 Hotline tư vấn: ***

⏰ Ưu đãi có giới hạn – Liên hệ ngay để nhận báo giá tốt nhất! SĐT liên hệ: 086500**** Hiện số"
otodien_B2C,VinFast VF9 2024 Plus - 24000 km,1 tỷ 140 triệu,1140000000,24000.0,2024.0,2,Đã sử dụng,12000.0,Thuê pin,"VF9 PLUS ĐEN NT NÂU VIN  2024 MUA PIN CATL ODO 24.000KM KM NT NÂU 7 GHẾ TRẦN KÍNH  .
-CHÍNH SÁCH SẠC FREE KO GIỚI HẠN 30/6/2027 ,SAU ĐÓ FREE SẠC 10L/THÁNG .
- XUẤT HÓA ĐƠN COTY 
- CHÀO 1140 SĐT liên hệ: 098234**** Hiện số"
otodien_B2C,MPV 7 – XE GIA ĐÌNH 7 CHỖ ĐANG CÓ ƯU ĐÃI CỰC TỐT - GIẢM GIÁ LÊN ĐẾN HÀNG TRĂM TRIỆU ĐỒNG!!!,750 triệu,750000000,,,0,Đã sử dụng,,Thuê pin,"🌟 VinFast VF MPV 7 – Mẫu MPV điện hiện đại dành cho gia đình và kinh doanh dịch vụ:
✔️ Thiết kế sang trọng, rộng rãi 7 chỗ
✔️ Vận hành êm ái, không phát thải
✔️ Trang bị công nghệ thông minh, an toàn hiện đại
✔️ Chi phí vận hành tối ưu vượt trội so với xe xăng cùng phân khúc SĐT liên hệ: 094821**** Hiện số"
otodien_B2C,VinFast VF6 2024 Plus - 17000 km,600 triệu,600000000,17000.0,2024.0,2,Đã sử dụng,8500.0,Thuê pin,"VF6 Plus 2024
Odo: 17.000km
Xe lên Phuộc, Đèn Bi gầm, Hạ ghế sau, Phim, Sàn... SĐT liên hệ: 082623**** Hiện số"
otodien_B2C,🌸 VF3 Plus  – Màu Hồng Cá Tính | Ưu đãi đến 13% ⚡,278 triệu,278000000,0.0,2026.0,0,Mới,0.0,Thuê pin,"🌸 VINFAST VF3 PLUS 2026 – MÀU HỒNG – XE MỚI 100% – ƯU ĐÃI CỰC MẠNH!

Nàng xe điện mini đáng yêu nhất phố – VinFast VF3 Plus màu hồng ngọt ngào đang chờ bạn! Cùng hàng loạt ưu đãi hấp dẫn không thể bỏ lỡ:

✅ Ưu đãi 6% chương trình ""Mãnh liệt vì tương lai xanh""
✅ Giảm thêm 5% dành cho khối công an, quân đội
✅ Giảm thêm 2% chương trình ""Mùa hè rực rỡ""
✅ Ưu đãi bổ sung hấp dẫn từ đại lý
✅ Miễn phí sạc pin đến tháng 02/2029

💡 VF3 Plus nổi bật hơn VF3 tiêu chuẩn với:
• Trang bị cao cấp hơn, tiện nghi vượt trội
• Màu hồng độc đáo – cá tính, nổi bật trên mọi cung đường
• Thiết kế nhỏ gọn, linh hoạt trong phố – tiết kiệm tối đa chi phí vận hành
• Công nghệ an toàn hiện đại từ VinFast

🎯 Đây là cơ hội vàng để sở hữu xe điện với chi phí tốt nhất – đặc biệt dành cho các bạn đang đổi xe xăng sang xe điện!

📍 Showroom: Km 8+400 Đại lộ Thăng Long, Sơn Đồng, Hà Nội
📞 Hotline tư vấn: ***

⏰ Ưu đãi có giới hạn – Liên hệ ngay để nhận báo giá tốt nhất! SĐT liên hệ: 086500**** Hiện số"
otodien_B2C,🔥 MPV7 – XE GIA ĐÌNH 7 CHỖ ĐANG CÓ ƯU ĐÃI CỰC TỐT - GIẢM GIÁ LÊN ĐẾN HÀNG TRĂM TRIỆU ĐỒNG!!!,630 triệu,630000000,,,0,Đã sử dụng,,Thuê pin,"🔥 MPV7 – XE GIA ĐÌNH 7 CHỖ ĐANG CÓ ƯU ĐÃI CỰC TỐT - GIẢM GIÁ LÊN ĐẾN HÀNG TRĂM TRIỆU ĐỒNG!!!
🚘 MPV7 – rộng rãi, hiện đại, phù hợp cả gia đình và kinh doanh dịch vụ.
🎁 ƯU ĐÃI THÁNG 8:
✅ Giảm trực tiếp 20 TRIỆU
✅ TẶNG CAMERA 360 
✅ Hỗ trợ áp dụng hạng VinClub để tối ưu giá xe
✅ Có thể áp dụng voucher xe xăng VinFast theo điều kiện chương trình
🎁 Hỗ trợ :
✔️ Ân hạn nợ gốc 3 tháng và hỗ trợ lãi suất trong vòng 1 năm đầu ( cho khách hàng vay trả góp ).
✔️ Hỗ trợ khách hàng làm toàn bộ thủ tục giấy tờ xe.
✔️ Khách nhận xe sớm . SĐT liên hệ: 033252**** Hiện số"
otodien_B2C,VinFast VF8 2024 Plus - 52000 km,799 triệu,799000000,52000.0,2024.0,2,Đã sử dụng,26000.0,Thuê pin,"VF8 Plus 2024 trắng nt kem 5v2 km

Giá: 799tr SĐT liên hệ: 092962**** Hiện số"
otodien_B2C,🚗 VINFAST VF8 PLUS 2026 – XE MỚI 100%,954 triệu,954000000,0.0,2026.0,0,Mới,0.0,Thuê pin,"chính sách chung của các dòng xe

-voucher xe xăng :
fadil : giảm 30tr
lux a: 60tr
luxsa : 80 tr

- CAQĐ giảm 5%
- Hạng vinclub : gold giảm 1,5%
- platium 3%
- diamond :4,5%

chính sách riêng của mpv7: giảm 20 triệu và tặng 1 camera 360 SĐT liên hệ: 033252**** Hiện số"
otodien_B2C,VinFast VF5 2024 Plus - 30000 km,365 triệu,365000000,30000.0,2024.0,2,Đã sử dụng,15000.0,Thuê pin,"Vf5 plus đỏ sx 2024 
odo 3v 
Lên màn hình, camera 360, led cánh chim SĐT liên hệ: 091171**** Hiện số"
otodien_B2C,VinFast VF3 2025 - 20000 km,240 triệu,240000000,20000.0,2025.0,1,Đã sử dụng,20000.0,Thuê pin,"VF3 màu Xanh dương xe sản xuất 2025 bản mua pin , Odo hơn 2vKm , Xe được hưởng chính sách mới miễn phí sạc 2/2029
- Xe đã trang bị: Gần 50T  phụ kiện 
- Dán gói phim cách nhiệt hạng thương gia 8T . 
- Xe trang bị giá nóc thể thao 6,5t 
- Ghế da nappa mềm như em bé , bọc vô lăng
- Xe đã độ bộ mâm lốp bánh to đi cực êm và chắc khoẻ 19T
-Đang kiểm 3 năm . 
- độ chống ồn, vvv... và nhiều đồ chơi khác SĐT liên hệ: 097538**** Hiện số"
otodien_B2C,VINFAST VF6 PLUS – ƯU ĐÃI KHỦNG NGAY HÔM NAY,699 triệu,699000000,0.0,2026.0,0,Mới,0.0,Thuê pin,"VinFast VF 6 là mẫu SUV điện hạng B được thiết kế dành cho khách hàng trẻ và gia đình hiện đại. Với kiểu dáng năng động, không gian nội thất rộng rãi, công nghệ thông minh cùng khả năng vận hành mạnh mẽ, VF 6 mang đến trải nghiệm lái tiện nghi, an toàn và tiết kiệm chi phí trong mọi hành trình. SĐT liên hệ: 094821**** Hiện số"
otodien_B2C,VinFast VF6 2025 Plus - 80000 km,550 triệu,550000000,80000.0,2025.0,1,Đã sử dụng,80000.0,Thuê pin,"🚗Vf6 plus 2025 odo 8v km
- Sạc miễn phí không giới hạn 
Xe đã trang bị
- Film cách nhiệt 
- Thảm sàn, thảm taplo, thảm cốp
- Cam hành trình trước, sau
- Bệ tỳ tay yên ngựa tích hợp sạc không dây
- Ốp bảo vệ pin SĐT liên hệ: 091171**** Hiện số"
otodien_B2C,VF7 eco Vin2026 có HUD màu đỏ 🔥 🔥,690 triệu,690000000,,2026.0,0,Đã sử dụng,,Thuê pin,"chủ ko đi đến VF7 eco Vin2026 có HUD màu đỏ
Xe đã xuất hoá đơn cá nhân, nhưng chưa ra biển số , khách mua về ra tên lần đầu
giá 690tr
địa chỉ: Xuân Phương, Hà Nội SĐT liên hệ: 082623**** Hiện số"
otodien_B2C,VinFast VF9 2024 Plus - 10000 km,1 tỷ 189 triệu,1189000000,10000.0,2024.0,2,Đã sử dụng,5000.0,Thuê pin,"Vinfast VF9 Plus 2024 xám nt đen 7 chỗ trần thép mua pin CATL odo 1v km 

Xe XHĐ cty ~ 1080tr SĐT liên hệ: 092962**** Hiện số"
otodien_B2C,VinFast VF9 2024 Plus - 600 km,1 tỷ 140 triệu,1140000000,600.0,2024.0,2,Đã sử dụng,300.0,Thuê pin,"VF9 PLUS ĐỎ NT ĐEN  VIN  2024 MUA PIN CATL ODO 600.KM KM NT ĐEN 6 GHẾ TRẦN THÉP  .
-CHÍNH SÁCH SẠC FREE KO GIỚI HẠN 30/6/2027 ,SAU ĐÓ FREE SẠC 10L/THÁNG .
- XUẤT HÓA ĐƠN COTY 
- CHÀO 1140 SĐT liên hệ: 098234**** Hiện số"
otodien_B2C,🔴 VF3 – Màu đỏ mới 100% | Ưu đãi lên đến 13% ⚡,266 triệu,266000000,0.0,2026.0,0,Mới,0.0,Thuê pin,"🔴 VINFAST VF3 2026 – MÀU ĐỎ – XE MỚI 100% – ƯU ĐÃI CỰC MẠNH!

Sở hữu ngay VinFast VF3 màu đỏ năng động – mẫu xe điện mini hot nhất thị trường với hàng loạt ưu đãi hấp dẫn dành riêng cho bạn:

✅ Ưu đãi 6% chương trình ""Mãnh liệt vì tương lai xanh""
✅ Giảm thêm 5% dành cho khối công an, quân đội
✅ Giảm thêm 2% chương trình ""Mùa hè rực rỡ""
✅ Ưu đãi bổ sung từ đại lý
✅ Miễn phí sạc pin đến tháng 02/2029

💡 Tại sao chọn VF3?
• Thiết kế nhỏ gọn, dễ di chuyển trong phố
• Chi phí vận hành thấp, thân thiện môi trường
• Công nghệ an toàn tiên tiến từ VinFast

📍 Showroom: Km 8+400 Đại lộ Thăng Long, Sơn Đồng, Hà Nội
📞 Hotline tư vấn: ***

⏰ Ưu đãi có giới hạn – Liên hệ ngay hôm nay để nhận báo giá tốt nhất! SĐT liên hệ: 086500**** Hiện số"
otodien_B2C,🚗 VINFAST VF9 PLUS 2026 MỚI –  ƯU ĐÃI KHỦNG 💥,1 tỷ 395 triệu,1395000000,0.0,2026.0,0,Mới,0.0,Thuê pin,"🚗 VINFAST VF9 PLUS 2026 MỚI – SUV ĐIỆN 7 CHỖ CAO CẤP, ƯU ĐÃI KHỦNG!

🌟 Nâng tầm đẳng cấp cùng VinFast VF9 Plus 2026 – mẫu SUV điện cỡ lớn 7 chỗ sang trọng, không gian rộng rãi, công nghệ tiên tiến, phù hợp gia đình & doanh nhân!

💥 ƯU ĐÃI ĐẶC BIỆT – CÓ 1 KHÔNG 2

🔹 Giảm thêm 10% – chương trình “Mãnh liệt vì tương lai xanh”
🔹 Giảm thêm 5% cho khối công an, quân đội
🔹 Giảm thêm 2% chương trình ""Mùa hè rực rỡ""
🔹 Ưu đãi giảm thêm trực tiếp từ đại lý
🔹 🎁 Miễn phí sạc đến tháng 02/2029 – tiết kiệm chi phí vận hành tối đa!

⚡ ĐIỂM NỔI BẬT VF9 PLUS 2026

✔️ SUV điện 7 chỗ rộng rãi, thoải mái cho cả gia đình
✔️ Thiết kế bề thế, sang trọng, đậm chất đẳng cấp
✔️ Nội thất cao cấp, ghế chỉnh điện, tiện nghi hiện đại
✔️ Động cơ mạnh mẽ, vận hành êm ái, phù hợp đường dài
✔️ Trang bị an toàn & hỗ trợ lái tiên tiến
✔️ Không phát thải – xu hướng di chuyển xanh 🌱

📞 LIÊN HỆ NGAY – NHẬN ƯU ĐÃI TỐT NHẤT

☎️ Hotline: ***
📍 Địa chỉ: Km 8+400 Đại lộ Thăng Long, Sơn Đồng, TP Hà Nội

👉 Số lượng xe có hạn – Ưu đãi kết thúc sớm!
Liên hệ ngay để được tư vấn chi tiết và đăng ký lái thử hôm nay! SĐT liên hệ: 086500**** Hiện số"
otodien_B2C,"🚗 VF8 PLUS – SUV ĐIỆN ĐẲNG CẤP, ƯU ĐÃI CỰC LỚN 🎁",995 triệu,995000000,,2026.0,0,Đã sử dụng,,Thuê pin,"✨ Khẳng định phong cách cùng VinFast VF8 Plus 2026 – mẫu SUV điện tầm trung cao cấp với thiết kế mạnh mẽ, nội thất sang trọng và công nghệ hiện đại hàng đầu!

💥 ƯU ĐÃI SIÊU HẤP DẪN

🔹 Giảm thêm 10% – chương trình “Mãnh liệt vì tương lai xanh”
🔹 Giảm thêm 5% cho khối công an, quân đội
🔹 Giảm thêm 2% chương trình ""Mùa hè rực rỡ""
🔹 Ưu đãi giảm thêm trực tiếp từ đại lý
🔹 🎁 Miễn phí sạc đến tháng 02/2029 – tiết kiệm chi phí vận hành tối đa!

⚡ ĐIỂM NỔI BẬT VF8 PLUS 2026

✔️ Thiết kế SUV sang trọng, hiện đại, đậm chất châu Âu
✔️ Nội thất cao cấp, màn hình lớn, tích hợp trợ lý thông minh
✔️ Động cơ điện mạnh mẽ, vận hành êm ái, tăng tốc nhanh
✔️ Trang bị an toàn & hỗ trợ lái tiên tiến
✔️ Không phát thải – xu hướng xe điện bền vững 🌱

📞 LIÊN HỆ NGAY – NHẬN ƯU ĐÃI TỐT NHẤT

☎️ Hotline: ***
📍 Địa chỉ: Km 8+400 Đại lộ Thăng Long, Sơn Đồng, TP Hà Nội SĐT liên hệ: 086500**** Hiện số"
otodien_B2C,VinFast VF8 2024 Plus - 30000 km,695 triệu,695000000,30000.0,2024.0,2,Đã sử dụng,15000.0,Thuê pin,"Vinfast VF8 Lux Plus 2024 thuê pin 
Xám nóc bạc nội thất nâu da bò 
Odo : 30.000km 
Xe cá nhân : không cần cọc pin SĐT liên hệ: 092962**** Hiện số"
otodien_B2C,VinFast Limo Green 2025 - 8000 km,600 triệu,600000000,8000.0,2025.0,1,Đã sử dụng,8000.0,Thuê pin,"Limogreen 2025 đky 2026
Odo 8000 KM
Free sạc 10 lần / tháng
Trang bị: thảm trải sàn, film cách nhiệt, cam hành trình trước sau, cam trong xe, cảm biến áp suất lốp, hub kính lái... SĐT liên hệ: 082623**** Hiện số"
otodien_B2C,"VINFAST VF 7 PLUS MỚI 100% – SUV ĐIỆN THỂ THAO, GIÁ TỐT, HỖ TRỢ TRẢ GÓP",830 triệu,830000000,0.0,2026.0,0,Mới,0.0,Thuê pin,"🚘 VINFAST VF 7 PLUS MỚI 100% – THIẾT KẾ THỂ THAO, CÔNG NGHỆ HIỆN ĐẠI

✅ Dòng xe: VinFast VF 7 Plus
✅ Tình trạng: Xe mới 100%
✅ SUV điện 5 chỗ
✅ Thiết kế trẻ trung, thể thao và cá tính
✅ Nội thất rộng rãi, nhiều trang bị tiện nghi
✅ Pin dung lượng 75,3 kWh
✅ Quãng đường di chuyển lên tới khoảng 504 km/lần sạc theo tiêu chuẩn NEDC đối với phiên bản 1 cầu
✅ Có tùy chọn hệ dẫn động AWD 2 động cơ mạnh mẽ
✅ Nhiều tính năng hỗ trợ lái và công nghệ thông minh
✅ Nhiều màu ngoại thất để lựa chọn

VF 7 Plus phù hợp với khách hàng đang tìm kiếm một mẫu SUV điện có thiết kế nổi bật, không gian rộng rãi và khả năng vận hành mạnh mẽ. Xe đáp ứng tốt cả nhu cầu di chuyển hằng ngày trong thành phố lẫn những chuyến đi xa cùng gia đình.

💰 Giá xe: Liên hệ để nhận báo giá và ưu đãi mới nhất SĐT liên hệ: 079596**** Hiện số"
otodien_B2C,VinFast VF8 2025 Plus - 31000 km,833 triệu,833000000,31000.0,2025.0,1,Đã sử dụng,31000.0,Thuê pin,"Vf8 plus 2025
Odo 3.1v km
Xe đã nâng cấp
1. Loa Focal và sub cốp 35 tr
2. Dàn lốp EV và chống ồn lốp , tráng chống xịt 24 triệu
3. Film xịn
4. Sàn da nappa 7 triệu
5. Camera hành trình 
Sạc free không giới hạn đến tháng 6/2027 sau đó sạc 10 lần/1 tháng đến 9/2028 SĐT liên hệ: 098234**** Hiện số"
otodien_B2C,VF9 plus Vin2026 màu đen - Xe mới 🔥,1 tỷ 365 triệu,1365000000,0.0,2026.0,0,Mới,0.0,Thuê pin,"Hàng xóm để lại cho chiếc VF9 plus Vin2026 màu đen
Xe đã xuất hoá đơn cá nhân, nhưng chưa ra biển số , khách mua về ra tên lần đầu
giá 1 tỉ365
Địa chỉ: Xuân Phương, Hà Nội SĐT liên hệ: 082623**** Hiện số"
otodien_B2C,VinFast VF9 2025 Plus - 20000 km,1 tỷ 195 triệu,1195000000,20000.0,2025.0,1,Đã sử dụng,20000.0,Thuê pin,"VF9 Plus 2025 xanh rêu nt kem odo 2v km bản 7 chỗ trần thép, sạc k giới hạn

Xe XHĐ cty khoảng 1 tỉ 1 SĐT liên hệ: 092962**** Hiện số"
otodien_B2C,VinFast VFe34 2022 - 60000 km,349 triệu,349000000,60000.0,2022.0,4,Đã sử dụng,15000.0,Thuê pin,"VFe34 2022 thuê pin tiên phong

Odo: 6v km - Full lịch sử hãng SĐT liên hệ: 092962**** Hiện số"
otodien_B2C,🚐 LIMO GREEN 2026 MỚI – TIẾT KIỆM VƯỢT TRỘI 💥,622 triệu,622000000,,2026.0,0,Đã sử dụng,,Thuê pin,"🌿 Đón đầu xu hướng vận tải xanh cùng VinFast Limo Green 2026 – mẫu xe điện lý tưởng cho kinh doanh dịch vụ, đưa đón cao cấp và gia đình đông người!

💥 ƯU ĐÃI CỰC HẤP DẪN – KHÔNG THỂ BỎ LỠ

🔹 Giảm thêm 6% – chương trình “Mãnh liệt vì tương lai xanh”
🔹 Giảm thêm 5% cho khối công an, quân đội
🔹 Giảm thêm 3% chương trình ""Mùa hè rực rỡ""
🔹 Ưu đãi giảm thêm trực tiếp từ đại lý
🔹 🎁 Miễn phí sạc đến tháng 02/2029 – tối ưu chi phí vận hành dài hạn!

⚡ LÝ DO CHỌN LIMO GREEN 2026

✔️ Không gian rộng rãi – phù hợp kinh doanh vận tải, limousine, đưa đón
✔️ Thiết kế hiện đại, chuyên nghiệp, nâng tầm dịch vụ
✔️ Vận hành êm ái, không tiếng ồn – nâng cao trải nghiệm khách hàng
✔️ Chi phí vận hành thấp hơn xe xăng/dầu đáng kể
✔️ Thân thiện môi trường – xu hướng giao thông bền vững 🌱

📞 LIÊN HỆ NGAY – NHẬN GIÁ TỐT NHẤT

☎️ Hotline: ***
📍 Địa chỉ: Km 8+400 Đại lộ Thăng Long, Sơn Đồng, TP Hà Nội

👉 Số lượng xe có hạn – Ưu đãi kết thúc sớm!
Nhanh tay liên hệ để được tư vấn chi tiết và nhận chính sách tốt nhất hôm nay! SĐT liên hệ: 086500**** Hiện số"
otodien_B2C,VinFast VF9 2025 Plus - 2000 km,1 tỷ 190 triệu,1190000000,2000.0,2025.0,1,Đã sử dụng,2000.0,Thuê pin,"VF9 PLUS BẠC VIN  2025 MUA PIN CATL ODO 2000KM NT ĐEN 7 GHẾ TRẦN THÉP .
-CHÍNH SÁCH SẠC FREE KO GIỚI HẠN 30/6/2027 ,SAU ĐÓ FREE SẠC 10L/THÁNG .
- XUẤT HÓA ĐƠN COTY 
- CHÀO 1190 SĐT liên hệ: 098234**** Hiện số"
otodien_B2C,VinFast VF9 2026 Plus - 5000 km,1 tỷ 285 triệu,1285000000,5000.0,2026.0,0,Đã sử dụng,5000.0,Thuê pin,"Trải nhiệm xong rồi e cần bán VF9 plus Vin2026 màu trắng siêu lướt 5000km🚗
1 chủ từ đầu, HN. 7 chỗ trần thép
Địa chỉ:Hà Nội SĐT liên hệ: 082623**** Hiện số"
otodien_B2C,VinFast VF7 2026 Plus - 10 km,785 triệu,785000000,10.0,2026.0,0,Đã sử dụng,10.0,Thuê pin,"VF7 plus 1 cầu trần thép 2026 
Odo 10km, nguyên nilon
giá 785tr
Ra biển số tỉnh thêm 3tr
Biển số Hn thêm 17tr SĐT liên hệ: 082623**** Hiện số"
otodien_B2C,VinFast VF9 2025 Plus - 7000 km,1 tỷ 222 triệu,1222000000,7000.0,2025.0,1,Đã sử dụng,7000.0,Thuê pin,"VF9 Plus 2025 đklđ t4/2026 màu xanh Mint mới cực độc, nội thất màu nâu, bản 6 ghế trần thép

Odo: 7000km - Sơn zin cả xe

Sạc miễn phí 10 lần/1 tháng SĐT liên hệ: 092962**** Hiện số"
otodien_B2C,"VinFast VF 2 Xe Mới – Giá Hấp Dẫn, Phù Hợp Đi Lại Hằng Ngày",188 triệu,188000000,0.0,2026.0,0,Mới,0.0,Thuê pin,"🚗 VINFAST VF 2 MỚI 100% – XE ĐIỆN MINI NHỎ GỌN, GIÁ HẤP DẪN

✅ Tình trạng: Xe mới 100%
✅ Dòng xe: VinFast VF 2
✅ 4 chỗ ngồi – thiết kế 2 cửa nhỏ gọn
✅ Động cơ điện, công suất tối đa 30 kW
✅ Quãng đường di chuyển lên tới 210 km/lần sạc (NEDC)
✅ Dẫn động cầu sau
✅ Sạc nhanh từ 10% – 70% khoảng 34 phút
✅ Trang bị ABS, EBD, kiểm soát lực kéo TCS và túi khí người lái
✅ Nhiều màu sắc trẻ trung để lựa chọn

VF 2 sở hữu kích thước nhỏ gọn, dễ di chuyển trong phố đông, thuận tiện quay đầu và đỗ xe trong những không gian hẹp. Phù hợp với nhu cầu đi làm hằng ngày, đưa đón con, đi chợ hoặc làm chiếc ô tô đầu tiên cho cá nhân và gia đình trẻ.

💰 Giá xe: Liên hệ để nhận báo giá và chính sách ưu đãi mới nhất SĐT liên hệ: 079596**** Hiện số"
otodien_B2C,🌿 VF5 Plus – Xanh Lá Mới 100% | Ưu đãi đến 14% ⚡,422 triệu,422000000,0.0,2026.0,0,Mới,0.0,Thuê pin,"🍃 VINFAST VF5 PLUS 2026 – MÀU XANH LÁ – XE MỚI 100% – ƯU ĐÃI CỰC MẠNH!

Mẫu SUV điện đô thị được yêu thích nhất của VinFast – VF5 Plus 2026 màu xanh lá tươi mát, năng động. Cùng gói ưu đãi hấp dẫn nhất thị trường hiện nay:

✅ Ưu đãi 6% chương trình ""Mãnh liệt vì tương lai xanh""
✅ Giảm thêm 5% dành cho khối công an, quân đội
✅ Giảm thêm 3% chương trình ""Mùa hè rực rỡ""
✅ Ưu đãi bổ sung hấp dẫn từ đại lý
✅ Miễn phí sạc pin đến tháng 02/2029

🚙 Vì sao VF5 Plus 2026 là lựa chọn thông minh?
• Không gian rộng rãi – chuẩn SUV 5 chỗ thoải mái cho cả gia đình
• Màu xanh lá độc đáo – phong cách xanh, thể hiện cá tính bảo vệ môi trường
• Trang bị full option: màn hình cảm ứng lớn, camera 360, kết nối thông minh
• Vận hành êm ái, chi phí sử dụng thấp hơn nhiều so với xe xăng
• Công nghệ an toàn chủ động tiên tiến từ VinFast 2026

🌱 Đổi xe xăng lấy VF5 Plus – vừa tiết kiệm, vừa góp phần vì tương lai xanh!

📍 Showroom: Km 8+400 Đại lộ Thăng Long, Sơn Đồng, Hà Nội
📞 Hotline tư vấn: ***

⏰ Ưu đãi có giới hạn – Liên hệ ngay để nhận báo giá tốt nhất! SĐT liên hệ: 086500**** Hiện số"
otodien_B2C,VinFast VF7 2025 Eco - 20000 km,635 triệu,635000000,20000.0,2025.0,1,Đã sử dụng,20000.0,Thuê pin,"VF7 eco 2025 mua pin odo 20.000km 
Xe vẫn được free sạc ko giới hạn SĐT liên hệ: 098234**** Hiện số"
otodien_B2C,VinFast VF6 2025 Plus - 19000 km,620 triệu,620000000,19000.0,2025.0,1,Đã sử dụng,19000.0,Thuê pin,"VF6 Plus 2025 xanh rêu odo 1v9 km bản còn options (làm mát ghế, ghế điện bên phụ SĐT liên hệ: 092962**** Hiện số"
otodien_B2C,🤍 VF5 Plus–  Mới 100% | Ưu đãi đến 14% ⚡,422 triệu,422000000,0.0,2026.0,0,Mới,0.0,Thuê pin,"🤍 VINFAST VF5 PLUS 2026 – MÀU TRẮNG – XE MỚI 100% – ƯU ĐÃI CỰC MẠNH!

Đẳng cấp và tinh tế – VinFast VF5 Plus 2026 màu trắng sang trọng, lịch lãm. Màu sắc bền đẹp theo thời gian, luôn nổi bật trên mọi cung đường. Cùng gói ưu đãi hấp dẫn nhất hiện nay:

✅ Ưu đãi 6% chương trình ""Mãnh liệt vì tương lai xanh""
✅ Giảm thêm 5% dành cho khối công an, quân đội
✅ Giảm thêm 3% chương trình ""Mùa hè rực rỡ""
✅ Ưu đãi bổ sung hấp dẫn từ đại lý
✅ Miễn phí sạc pin đến tháng 02/2029

🚙 VF5 Plus 2026 – SUV điện đô thị hoàn hảo cho gia đình:
• Không gian 5 chỗ rộng rãi, thoải mái cho cả gia đình
• Màu trắng kinh điển – sang trọng, dễ phối màu nội thất
• Trang bị full option: màn hình cảm ứng lớn, camera 360, kết nối thông minh
• Vận hành êm ái, chi phí sử dụng thấp hơn nhiều so với xe xăng
• Hệ thống an toàn chủ động tiên tiến, bảo vệ cả gia đình trên mọi hành trình

💡 Đây là thời điểm vàng để đổi xe xăng sang VF5 Plus – tiết kiệm tối đa với ưu đãi 3% dành riêng cho bạn!

📍 Showroom: Km 8+400 Đại lộ Thăng Long, Sơn Đồng, Hà Nội
📞 Hotline tư vấn: ***

⏰ Ưu đãi có giới hạn – Liên hệ ngay để nhận báo giá tốt nhất! SĐT liên hệ: 086500**** Hiện số"
otodien_B2C,VinFast VF9 2024 Plus - 15000 km,1 tỷ 148 triệu,1148000000,15000.0,2024.0,2,Đã sử dụng,7500.0,Thuê pin,"VF9 Plus vin 2024 mua pin Catl odo 1v5 km 
Bản 7 ghế Trần thép 
Chính sách free sạc SĐT liên hệ: 098234**** Hiện số"
otodien_B2C,"🚗 VF MPV 7 – MPV ĐIỆN 7 CHỖ RỘNG RÃI, GIÁ TỐT 💥",685 triệu,685000000,,2026.0,0,Đã sử dụng,,Thuê pin,"💥 ƯU ĐÃI CỰC HẤP DẪN – KHÔNG THỂ BỎ LỠ 💥

Sở hữu ngay VinFast VF MPV 7 mới với hàng loạt ưu đãi hấp dẫn, giúp tiết kiệm tối đa chi phí lăn bánh:

✅ Giảm thêm 6% theo chương trình “Mãnh liệt vì tương lai xanh”
✅ Giảm thêm 5% dành cho khách hàng thuộc khối Công an, Quân đội
✅ Giảm thêm 3% theo chương trình “Mùa hè rực rỡ”
✅ Tặng 2 năm bảo hiểm hoặc quy đổi tiền mặt đến hết 30/06/2026
✅ Ưu đãi giảm giá trực tiếp từ đại lý
✅ 🎁 Miễn phí sạc pin đến tháng 02/2029 – tiết kiệm hàng chục triệu đồng chi phí sử dụng

🌟 VinFast VF MPV 7 – Mẫu MPV điện hiện đại dành cho gia đình và kinh doanh dịch vụ:
✔️ Thiết kế sang trọng, rộng rãi 7 chỗ
✔️ Vận hành êm ái, không phát thải
✔️ Trang bị công nghệ thông minh, an toàn hiện đại
✔️ Chi phí vận hành tối ưu vượt trội so với xe xăng cùng phân khúc

📞 LIÊN HỆ NGAY ĐỂ NHẬN BÁO GIÁ TỐT NHẤT

☎️ Hotline: ***
📍 Địa chỉ: Km 8+400 Đại lộ Thăng Long, Sơn Đồng, TP Hà Nội

👉 Số lượng xe ưu đãi có hạn. Chương trình có thể kết thúc sớm.
Liên hệ ngay hôm nay để được tư vấn chi tiết, nhận báo giá ưu đãi và chính sách tốt nhất! SĐT liên hệ: 086500**** Hiện số"
otodien_B2C,🔥 VINFAST VF5 PLUS 2026 – GIÁ TỐT – GIAO NGAY!,422 triệu,422000000,,2026.0,0,Đã sử dụng,,Thuê pin,"Sở hữu ngay VinFast VF5 Plus 2026 với loạt ưu đãi cực khủng trong tháng này. Cơ hội vàng để lên đời SUV điện quốc dân với chi phí tiết kiệm nhất!

🎁 Ưu đãi nổi bật:
✅ Giảm ngay 6% chương trình “Mãnh liệt vì tương lai xanh”
✅ Ưu đãi thêm 5% dành cho công an, quân đội
✅ Giảm thêm 3% chương trình ""Mùa hè rực rỡ""
✅ Hưởng thêm ưu đãi hấp dẫn từ đại lý
✅ Miễn phí sạc pin đến hết tháng 02/2029

🚘 VINFAST VF5 PLUS 2026 – SUV ĐIỆN ĐÔ THỊ ĐÁNG MUA NHẤT:
• Thiết kế hiện đại, trẻ trung, phù hợp gia đình và cá nhân
• Màu trắng cao cấp – sang trọng, sạch đẹp và giữ giá tốt
• Nội thất rộng rãi 5 chỗ ngồi thoải mái
• Trang bị hiện đại: màn hình giải trí lớn, camera 360, điều khiển thông minh
• Vận hành êm ái, tiết kiệm chi phí hơn xe xăng
• Công nghệ an toàn tiên tiến, an tâm trên mọi hành trình

⚡ Đặc biệt: Đây là thời điểm tốt nhất để chuyển đổi từ xe xăng sang xe điện với hàng loạt ưu đãi hấp dẫn chỉ áp dụng trong thời gian ngắn!

📍 Showroom VinFast:
Km 8+400 Đại lộ Thăng Long, Sơn Đồng, Hà Nội

📞 Hotline tư vấn & báo giá:
***

⏰ Số lượng ưu đãi có hạn – Liên hệ ngay để giữ xe và nhận giá tốt nhất hôm nay! SĐT liên hệ: 086500**** Hiện số"
otodien_B2C,VinFast VF6 2025 Plus - 50000 km,599 triệu,599000000,50000.0,2025.0,1,Đã sử dụng,50000.0,Thuê pin,"VF6 Plus 2025 trắng nt đen mua pin

Odo: 5v km SĐT liên hệ: 092962**** Hiện số"
otodien_B2C,"Xe VINFAST VF 6 ECO NEW 100% – SUV ĐIỆN HIỆN ĐẠI, SẴN XE GIAO NGAY 2026",646 triệu,646000000,0.0,2026.0,0,Mới,0.0,Thuê pin,"VinFast VF 6 là mẫu SUV điện hạng B được thiết kế dành cho khách hàng trẻ và gia đình hiện đại. Với kiểu dáng năng động, không gian nội thất rộng rãi, công nghệ thông minh cùng khả năng vận hành mạnh mẽ, VF 6 mang đến trải nghiệm lái tiện nghi, an toàn và tiết kiệm chi phí trong mọi hành trình. SĐT liên hệ: 094821**** Hiện số"
otodien_B2C,VF8 plus Vin2026 màu trắng 🔥🔥,975 triệu,975000000,,2026.0,0,Đã sử dụng,,Thuê pin,"Hàng xóm để lại cho chiếc VF8 plus Vin2026 màu trắng
Xe đã xuất hoá đơn cá nhân, nhưng chưa ra biển số , khách mua về ra tên lần đầu
Địa chỉ: Xuân Phương, Hà Nội SĐT liên hệ: 082623**** Hiện số"
otodien_B2C,VinFast Limo Green 2025 - 30000 km,650 triệu,650000000,30000.0,2025.0,1,Đã sử dụng,30000.0,Thuê pin,"Limo green 2025 đăng ký tháng 1/2026 
Odo 3 vạn km 
Xe được sạc free không giới hạn số lần 
Trang bị thảm sàn, film cách nhiệt, cam hành trình trước, sau và cam cabin
Xe độ cam 360 kèm androi auto
Còn bảo hiểm thân vỏ đến tháng 2/2027 SĐT liên hệ: 091171**** Hiện số"
otodien_B2C,VinFast Limo Green 2025 - 50000 km,615 triệu,615000000,50000.0,2025.0,1,Đã sử dụng,50000.0,Thuê pin,"Limo Green 2025 bạc odo 5v km lên cực nhiều đồ:
- Gập gương
- Loa cánh 
- Led nt
- Ghế da
- Lót sàn nhựa đúc
- Cam ht
- Phim cách nhiệt SĐT liên hệ: 092962**** Hiện số"
otodien_B2C,"VinFast VF8 Eco – CÓ SẴN KHO, GIAO XE NGAY",780 triệu,780000000,,,0,Đã sử dụng,,Thuê pin,"chính sách giảm giá  chung của các dòng xe

-voucher xe xăng :
fadil : giảm 30tr
lux a: 60tr
luxsa : 80 tr

- CAQĐ giảm 5%
- Hạng vinclub : gold giảm 1,5%
- platium 3%
- diamond :4,5%

chính sách riêng của mpv7: giảm 20 triệu và tặng 1 camera 360 SĐT liên hệ: 033252**** Hiện số"
otodien_B2C,VinFast VF7 2024 Plus - 17000 km,739 triệu,739000000,17000.0,2024.0,2,Đã sử dụng,8500.0,Thuê pin,"VF7 Plus 2 cầu 2024
🔹 Odo: 17.000 km 
🔹 Free sạc không giới hạn số lần tới 30/6/2027
👉 Giá: 739 triệu SĐT liên hệ: 098234**** Hiện số"
otodien_B2C,"VINFAST VF 6 NEW 100% – SUV ĐIỆN HIỆN ĐẠI, SẴN XE GIAO NGAY 2026",600 triệu,600000000,0.0,2026.0,0,Mới,0.0,Thuê pin,"⚡ VinFast VF 6 là mẫu SUV điện hạng B được thiết kế dành cho khách hàng trẻ và gia đình hiện đại. Với kiểu dáng năng động, không gian nội thất rộng rãi, công nghệ thông minh cùng khả năng vận hành mạnh mẽ, VF 6 mang đến trải nghiệm lái tiện nghi, an toàn và tiết kiệm chi phí trong mọi hành trình.

chính sách chung của các dòng xe

-voucher xe xăng :
fadil : giảm 30tr
lux a: 60tr
luxsa : 80 tr

- CAQĐ giảm 5%
- Hạng vinclub : gold giảm 1,5%
- platium 3%
- diamond :4,5%

chính sách riêng của mpv7: giảm 20 triệu và tặng 1 camera 360 SĐT liên hệ: 033252**** Hiện số"
otodien_B2C,VinFast VF9 2024 Plus - 16000 km,1 tỷ 148 triệu,1148000000,16000.0,2024.0,2,Đã sử dụng,8000.0,Thuê pin,"VF9 Plus xanh rêu vin 2024 mua pin Catl 6 ghế Trần thép .
✔️Odo 1v6 km 
✔️Chính sách free sạc ko giới hạn SĐT liên hệ: 098234**** Hiện số"
otodien_B2C,VF9 plus Vin2026 màu trắng mới 🔥🔥,1 tỷ 365 triệu,1365000000,,2026.0,0,Đã sử dụng,,Thuê pin,"Hàng xóm để lại cho chiếc VF9 plus Vin2026 màu trắng
Xe đã xuất hoá đơn cá nhân, nhưng chưa ra biển số , khách mua về ra tên lần đầu
Địa chỉ: Xuân Phương, Hà Nội SĐT liên hệ: 082623**** Hiện số"
otodien_B2C,VinFast VF8 2024 Plus - 20000 km,690 triệu,690000000,20000.0,2024.0,2,Đã sử dụng,10000.0,Thuê pin,"VF8 GF Bản căt adas eco xanh vin 2024 mua pin catl odo 2v km 
-xe lên flim và sàn 
app xăng sang điện giảm 120 tr 
thu 690 "" giá này đã app 120 tr rồi SĐT liên hệ: 098234**** Hiện số"
otodien_B2C,VinFast VF6 2025 Plus - 32000 km,598 triệu,598000000,32000.0,2025.0,1,Đã sử dụng,32000.0,Thuê pin,"Vf6 plus 2025 mua pin odo 3v2 
Free sạc ko giới hạn 30/6/2027
Xe lên : flim và sàn SĐT liên hệ: 098234**** Hiện số"
otodien_B2C,VinFast VF3 2025 - 9000 km,253 triệu,253000000,9000.0,2025.0,1,Đã sử dụng,9000.0,Thuê pin,"VF3 màu trắng xe sản xuất 2025 bản mua pin , Odo 9000km , Xe được hưởng chính sách mới miễn phí sạc 2/2029
- Xe đã trang bị: Gần 50T phụ kiện 
- Dán gói phim cách nhiệt hạng thương gia 8T . 
- Ghế da nappa mềm như em bé , Thảm sàn , bọc volang thể thao, ốp lazang
-Đang kiểm 3 năm . 
- độ chống ồn, vvv... và nhiều đồ chơi khác SĐT liên hệ: 097538**** Hiện số"
otodien_B2C,VinFast VF8 2022 Plus - 68000 km,570 triệu,570000000,68000.0,2022.0,4,Đã sử dụng,17000.0,Thuê pin,"Vf8 plus sx 2022
Thuê pin tiên phong 2tr1 tháng k giới hạn km - odo 6v8 
Xe đẹp suất sắc SĐT liên hệ: 091171**** Hiện số"
otodien_B2C,VinFast VF8 2024 Eco - 30000 km,655 triệu,655000000,30000.0,2024.0,2,Đã sử dụng,15000.0,Thuê pin,"VF8 S Lux 2024 xanh mua đứt pin CATL

Odo 3v km SĐT liên hệ: 092962**** Hiện số"
otodien_B2C,VinFast VF3 2024 - 900 km,247 triệu,247000000,900.0,2024.0,2,Đã sử dụng,450.0,Thuê pin,"-VF3 màu Xanh mint xe sản xuất 2024 bản mua pin , Odo 900 km , Xe được hưởng chính sách mới miễn phí sạc 2/2029
- Xe đã trang bị: Gần 40T  phụ kiện 
- Dán gói phim cách nhiệt hạng thương gia 8T . 
- Ghế da nappa mềm như em bé , bọc vô lăng , thảm sàn
- Cốp trước 4,5T
- Cam hành trình 3,5T
- Đã lên bộ mâm lốp bánh to đi cực êm và chắc khoẻ 19T
-Đang kiểm 3 năm . 
- độ chống ồn, vvv... và nhiều đồ chơi khác SĐT liên hệ: 097538**** Hiện số"
otodien_B2C,VinFast VF8 2025 Plus - 7000 km,850 triệu,850000000,7000.0,2025.0,1,Đã sử dụng,7000.0,Thuê pin,"VF8 plus 2025
Odo 7.000 km
Mua pin catl
Sạc free không giới hạn
Xe đã nâng cấp
1. Film
2. Sàn SĐT liên hệ: 098234**** Hiện số"
otodien_B2C,VinFast VF9 2025 Plus - 1400 km,1 tỷ 199 triệu,1199000000,1400.0,2025.0,1,Đã sử dụng,1400.0,Thuê pin,"VF9 đen 1.4 vạn 
Trang bị thêm
1. Giáp Gầm
2. Mở cửa tự động
3. Dán PPF quanh xe
4. Thanh giằng cân bằng trước sau
5. Film
6. Sàn
7. Camera hành trình
8. Độ phuộc trước sau 30 triệu SĐT liên hệ: 098234**** Hiện số"
otodien_B2C,VinFast VF3 2025 - 10000 km,280 triệu,280000000,10000.0,2025.0,1,Đã sử dụng,10000.0,Thuê pin,"VF3 màu Hồng Tím xe sản xuất 2025 bản mua pin , Odo hơn 1v km, Xe được hưởng chính sách sạc ko giới hạn số lần sạc. 
- Xe đã trang bị: Gần 60T phụ kiện 
- Dán gói phim cách nhiệt hạng thương gia 8T . 
- Cam hành trình tích hợp 3,5t 
- Xe độ đèn bi cầu LED siêu sáng 4,5T 
- Ghế da nappa mềm như em bé . 
- Xe đã độ bộ mâm lốp bánh to đi cực êm và chắc khoẻ 19T
-Đang kiểm 3 năm . 
- độ chống ồn, vvv... và nhiều đồ chơi khác SĐT liên hệ: 091171**** Hiện số"
otodien_B2C,VinFast VF6 2025 Eco - 46000 km,555 triệu,555000000,46000.0,2025.0,1,Đã sử dụng,46000.0,Thuê pin,"Vf6 eco sx 2025 
Odo 4v6 sơn zin 99% 
Xe siêu đẹp , đã lên bệ tì tay , cam hành trình , thảm , sàn SĐT liên hệ: 091171**** Hiện số"
otodien_B2C,VinFast VF9 2025 Plus - 10000 km,1 tỷ 250 triệu,1250000000,10000.0,2025.0,1,Đã sử dụng,10000.0,Thuê pin,"VF9 PLUS 2025 MUA PIN CATL ODO 10.000 KM XE LÊN FLIM VÀ SÀN 
- BẢN 6 GHẾ TRẦN THÉP 
-CHÍNH SÁCH FREE SẠC KO SỐ LẦN ĐẾN 30/6/2027 
-30/6/2027 SẠC 10 LẦN TRÊN THÁNG ĐẾN 2028 SĐT liên hệ: 098234**** Hiện số"
otodien_B2C,VinFast VF3 2025 - 10000 km,280 triệu,280000000,10000.0,2025.0,1,Đã sử dụng,10000.0,Thuê pin,"VF3 màu Hồng Tím xe sản xuất 2025 bản mua pin , Odo hơn 1v km, Xe được hưởng chính sách sạc ko giới hạn số lần sạc. 
- Xe đã trang bị: Gần 60T phụ kiện 
- Dán gói phim cách nhiệt hạng thương gia 8T . 
- Cam hành trình tích hợp 3,5t 
- Xe độ đèn bi cầu LED siêu sáng 4,5T 
- Ghế da nappa mềm như em bé . 
- Xe đã độ bộ mâm lốp bánh to đi cực êm và chắc khoẻ 19T
-Đang kiểm 3 năm . 
- độ chống ồn, vvv... và nhiều đồ chơi khác SĐT liên hệ: 097538**** Hiện số"
otodien_B2C,VinFast VF7 2025 Plus - 14000 km,770 triệu,770000000,14000.0,2025.0,1,Đã sử dụng,14000.0,Thuê pin,VF7 Plus 2025 xanh rêu odo 1v4 km bản 2 cầu trần thép SĐT liên hệ: 092962**** Hiện số
otodien_B2C,VinFast VF9 2024 Plus - 48000 km,904 triệu,904000000,48000.0,2024.0,2,Đã sử dụng,24000.0,Thuê pin,"VF9 plus pin catl Vin2024 bản thuê pin 
7 chỗ trần kính odo 4v8🚗
giá 904tr🌾 tặng 60tr cọc pin
địa chỉ: Xuân Phương, Hà Nội SĐT liên hệ: 082623**** Hiện số"
otodien_B2C,VinFast VF5 2025 Plus - 60000 km,385 triệu,385000000,60000.0,2025.0,1,Đã sử dụng,60000.0,Thuê pin,"Vinfast Vf5 Plus 2025 
Odo 6 vạn KM
Miễn sạc không giới hạn.
Trang bị: thảm trải sàn, film cách nhiệt. SĐT liên hệ: 091171**** Hiện số"
otodien_B2C,VinFast VF9 2025 Eco - 85000 km,995 triệu,995000000,85000.0,2025.0,1,Đã sử dụng,85000.0,Thuê pin,"Vf9 Eco mua pin catl 2025 đi 5,8v 

Xe đẹp nguyên bản SĐT liên hệ: 082623**** Hiện số"
otodien_B2C,VinFast VF6 2024 Plus - 40000 km,575 triệu,575000000,40000.0,2024.0,2,Đã sử dụng,20000.0,Thuê pin,"Vf 6 plus đỏ 2024 odo 4 v
Giá 575 tr SĐT liên hệ: 082623**** Hiện số"
otodien_B2C,VF8 eco Vin2026 màu đỏ,795 triệu,795000000,,2026.0,0,Đã sử dụng,,Thuê pin,"hàng xóm để lại cho chiếc VF8 eco Vin2026 màu đỏ 
Xe đã xuất hoá đơn cá nhân, nhưng chưa ra biển số , khách mua về ra tên lần đầu
Địa chỉ: Xuân Phương, Hà Nội SĐT liên hệ: 082623**** Hiện số"
otodien_B2C,VinFast VF9 2024 Plus - 48000 km,1 tỷ 140 triệu,1140000000,48000.0,2024.0,2,Đã sử dụng,24000.0,Thuê pin,"Vinfast VF9 Plus 2024 Trắng nội thất Đen mua pin CATL, 7 chỗ trần thép odo 4v8km SĐT liên hệ: 092962**** Hiện số"
otodien_B2C,VinFast Limo Green 2025 - 40000 km,635 triệu,635000000,40000.0,2025.0,1,Đã sử dụng,40000.0,Thuê pin,"Limo green sx và đăng ký cuối 2025 free sạc không giới hạn 
Odo hơn 4v km xe 1 chủ từ mới
Lên ghế da, film 3m cao cấp, cam hành trình, thảm sàn.. SĐT liên hệ: 082623**** Hiện số"
otodien_B2C,VinFast VF7 2024 Plus - 200 km,815 triệu,815000000,200.0,2024.0,2,Đã sử dụng,100.0,Thuê pin,"Hàng độc, duy nhất 1 chiếc tại Việt Nam hiện tại
VF7 plus 2024 bản hoả long, xe mới tinh odo 200km
Bản 2024 2 cầu, pin CATL SĐT liên hệ: 082623**** Hiện số"
otodien_B2C,VinFast VF6 2025 Plus - 80000 km,565 triệu,565000000,80000.0,2025.0,1,Đã sử dụng,80000.0,Thuê pin,"VF6 Plus 2025 xám nt nâu 8v km bản full options

Giá: 565tr SĐT liên hệ: 092962**** Hiện số"
otodien_B2C,VinFast VF7 2025 Eco - 10000 km,660 triệu,660000000,10000.0,2025.0,1,Đã sử dụng,10000.0,Thuê pin,"VF7 eco 2025 bản có HUD
odo siêu lướt 10.000km chưa bóc hết ni lông
xe 1 chủ từ mới .Sac thoải mái không giới hạn số lần sạc đến 31/6/2027.tiếp theo free 10l/1 tháng đến 2/2029. SĐT liên hệ: 091171**** Hiện số"
otodien_B2C,VinFast VF3 2025 - 16000 km,240 triệu,240000000,16000.0,2025.0,1,Đã sử dụng,16000.0,Thuê pin,"VF3 màu Đỏ xe sản xuất 2025 bản mua pin , Odo 1v6 km , Xe được hưởng chính sách mới miễn phí sạc 2/2029
- Xe đã trang bị: Gần 50T  phụ kiện 
- Dán gói phim cách nhiệt hạng thương gia 8T . 
- Xe trang bị giá nóc thể thao 6,5t 
- Ghế da nappa mềm như em bé , bọc vô lăng , ốp lazang 
-Đang kiểm 3 năm . 
- độ chống ồn, vvv... và nhiều đồ chơi khác SĐT liên hệ: 097538**** Hiện số"
otodien_B2C,VinFast VF3 2025 - 19000 km,247 triệu,247000000,19000.0,2025.0,1,Đã sử dụng,19000.0,Thuê pin,"VF3 màu Vàng xe sản xuất 2025 bản mua pin , Odo 1,9v km , Xe được hưởng chính sách mới miễn phí sạc 2/2029
- Xe đã trang bị: Gần 60T phụ kiện 
- Dán gói phim cách nhiệt hạng thương gia 8T . 
- Ghế da nappa mềm như em bé , Thảm sàn , bọc volang thể thao. 
-Đang kiểm 3 năm . 
- độ chống ồn, vvv... và nhiều đồ chơi khác SĐT liên hệ: 097538**** Hiện số"
otodien_B2C,VinFast Limo Green 2025 - 18000 km,639 triệu,639000000,18000.0,2025.0,1,Đã sử dụng,18000.0,Thuê pin,"Limo Green 2025 bạc odo 1v8 km free sạc k giới hạn số lần hết t6/2027
Xe lên thêm: ghế da, cốp trước SĐT liên hệ: 092962**** Hiện số"
otodien_B2C,VinFast VF3 2026 - 4000 km,281 triệu,281000000,4000.0,2026.0,0,Đã sử dụng,4000.0,Thuê pin,"- VF3 màu xanh bản plus sx 2026 ODO 4000KM .
- Xe được hưởng chính sách mới miễn phí sạc Ko giới hạn lần sạc 2/ 2029 .
- Xe đã trang bị: Gần 50T phụ kiện
- Xe đã trang bị theo xe , Gương điện chính hãng, ốp lazzang thể thao, cam lùi chính hãng , Androi auto , apple camplay , Vô lăng thể thao mới có tích hợp giọng nói , đèn sáng khí cắm ổ sạc , vv..
- Xe được trang bị dán gói phim cách nhiệt hạng thương gia 9T .
- Dán tem DCAR thể thao quanh xe .
- Xe đã lắp hệ thống cảm biến áp xuất lốp thông minh, bệ tỳ tay , thảm taplo ...vv
- Ghế da nappa mềm như em bé .
-Thảm sàn + Đang kiểm 3 năm .
- độ chống ồn, Gia cố càng A vvv... và nhiều đồ chơi khác SĐT liên hệ: 097538**** Hiện số"
otodien_B2C,VinFast VF3 2025 - 4000 km,280 triệu,280000000,4000.0,2025.0,1,Đã sử dụng,4000.0,Thuê pin,"VF3 màu hồng phấn sx 2025 ODO 4000km 
- Xe được hưởng chính sách mới miễn phí sạc Ko giới hạn lần sạc 2/ 2029 . 
- Xe đã trang bị: Gần 50T phụ kiện 
-  Ốp lazzang thể thao
- Bọc Vô lăng 
- Xe được trang bị dán gói phim cách nhiệt hạng thương gia 9T .  
- Ghế da nappa mềm như em bé .
-Thảm sàn + Đang kiểm 3 năm . 
- độ chống ồn, Gia cố càng A vvv... và nhiều đồ chơi khác SĐT liên hệ: 097538**** Hiện số"
otodien_B2C,VF9 New xe mới 100% Xe SX 2026 plus 7 chỗ trần thép,1 tỷ 315 triệu,1315000000,0.0,2026.0,0,Mới,0.0,Thuê pin,Vf9 New xe mới 100% Xe SX 2026 plus 7 chỗ trần thép giá 1ty315t SĐT liên hệ: 097538**** Hiện số
otodien_B2C,VinFast VF6 2025 Plus - 19000 km,619 triệu,619000000,19000.0,2025.0,1,Đã sử dụng,19000.0,Thuê pin,"VF6 Plus 2025 xanh rêu odo 1v9 km
Giá: 619tr SĐT liên hệ: 092962**** Hiện số"
otodien_B2C,VinFast VF5 2025 Plus - 44000 km,390 triệu,390000000,44000.0,2025.0,1,Đã sử dụng,44000.0,Thuê pin,"Vf5 plus 2025 odo 4,4v xe cam kết bao check test toàn quốc , sac thoải không giới hạn số lần sac SĐT liên hệ: 091171**** Hiện số"
otodien_B2C,VinFast VF6 2024 Plus - 50000 km,570 triệu,570000000,50000.0,2024.0,2,Đã sử dụng,25000.0,Thuê pin,"VF6 Plus 2024
Odo 5 vạn
Xe 1 chủ từ mới, sạc không giới hạn
Trang bị đồ cơ bản: thảm, sàn, cam hành trình, Vietmap live, điều khiển xe Premium trên app. SĐT liên hệ: 091171**** Hiện số"
otodien_B2C,VinFast VF9 2026 Plus - 4000 km,1 tỷ 299 triệu,1299000000,4000.0,2026.0,0,Đã sử dụng,4000.0,Thuê pin,"VF9 Plus 2026 phiên bản 7 chỗ trần kính
ODO 4000km 
Trang bị : Film cách nhiệt, thảm sàn, cam hành trình, bảo hiểm thân vỏ SĐT liên hệ: 092962**** Hiện số"
otodien_B2C,VinFast VF3 2024 - 10000 km,234 triệu,234000000,10000.0,2024.0,2,Đã sử dụng,5000.0,Thuê pin,"VF3 màu Xanh dương xe sản xuất 2024 bản mua pin , Odo 1v  , Xe được hưởng chính sách mới miễn phí sạc 2/2029
- Xe đã trang bị: Gần 40T  phụ kiện 
- Dán gói phim cách nhiệt hạng thương gia 8T . 
- Ghế da nappa mềm như em bé , Thảm sàn , bọc volang thể thao. 
- Xe đã độ bộ mâm lốp bánh to đi cực êm và chắc khoẻ 19T
-Cam hành trình 5T
-Đang kiểm 3 năm . 
- độ chống ồn, vvv... và nhiều đồ chơi khác SĐT liên hệ: 097538**** Hiện số"
otodien_B2C,VinFast VF9 2024 Plus - 41000 km,1 tỷ 055 triệu,1055000000,41000.0,2024.0,2,Đã sử dụng,20500.0,Thuê pin,"VF9 Plus sx 2024, 7 chỗ trần thép odo 4v1 km, Xe mua đứt pin ,Pin Calt không giới hạn số lần sạc. Xuất hóa đơn 1tỷ SĐT liên hệ: 097538**** Hiện số"
otodien_B2C,VinFast VF8 2023 Plus - 50000 km,725 triệu,725000000,50000.0,2023.0,3,Đã sử dụng,16667.0,Thuê pin,"VF8 Plus 2023 mua pin CATL đỏ nt kem 5v km - Full lịch sử hãng 
Xe lên thêm: Tấm chắn bảo vệ pin, 4 quả lốp mới date 26 SĐT liên hệ: 092962**** Hiện số"
otodien_B2C,VinFast VF6 2025 Plus - 39000 km,575 triệu,575000000,39000.0,2025.0,1,Đã sử dụng,39000.0,Thuê pin,"- Vf6 plus Sx 2025 odo 3,9V KM 
- Xe miễn phí sạc đến hết tháng 2/2029 
- Bản full option : 2 ghê chỉnh điện,hud kính, adas ,cam 360. Bản full kịch nóc limited ( 8 loa, mâm 19 logo, chỉnh điện và mát mông cả ghế lái, ghế phụ, kính hậu tràn viền chống chói tự động ...vv SĐT liên hệ: 097538**** Hiện số"
otodien_B2C,VinFast VF6 2026 Eco - 160000 km,600 triệu,600000000,160000.0,2026.0,0,Đã sử dụng,160000.0,Thuê pin,"- VinFast Vf6 eco sx2026 Xe mới ra tên một lần , chính sách bảo hành hãng đầy đủ , pin 8 năm ,160ngàn km . 
Lên đồ thảm sàn, cam hành trình, fiml cách nhiệt SĐT liên hệ: 097538**** Hiện số"
otodien_B2C,VinFast VF8 2026 Plus - 12000 km,885 triệu,885000000,12000.0,2026.0,0,Đã sử dụng,12000.0,Thuê pin,"VF8 Plus 2026 đỏ nt đen sạc miễn phí 10 lần 1 tháng, bản xuất Mỹ
Odo: 1v2 km
Xe lên tấm bảo vệ pin
Tên cty xhđ khoảng 800tr SĐT liên hệ: 092962**** Hiện số"
otodien_B2C,VinFast VF6 2024 Plus - 30000 km,575 triệu,575000000,30000.0,2024.0,2,Đã sử dụng,15000.0,Thuê pin,"- Vf6 plus Sx 2024 odo 3V KM 
- Xe miễn phí sạc full k giới hạn số lần 
- Bản full option : 2 ghê chỉnh điện,hud kính, adas ,cam 360. Bản full kịch nóc limited ( 8 loa, mâm 19 logo, chỉnh điện và mát mông cả ghế lái, ghế phụ, kính hậu tràn viền chống chói tự động ...vv SĐT liên hệ: 097538**** Hiện số"
otodien_B2C,VinFast VF6 2024 Plus - 70000 km,525 triệu,525000000,70000.0,2024.0,2,Đã sử dụng,35000.0,Thuê pin,"Vinfast VF6 Plus 2024
Odo 7 vạn KM
Miễn sạc không giới hạn.
Trang bị: thảm trải sàn, film cách nhiệt, cam hành trình.
Xe đã thay kính lái. SĐT liên hệ: 091171**** Hiện số"
otodien_B2C,VinFast VF7 2025 Eco - 29000 km,639 triệu,639000000,29000.0,2025.0,1,Đã sử dụng,29000.0,Thuê pin,"Vinfast VF7 Eco 2025 odo 2v9 km full lịch sử hãng 

Xe sơn zin 100%, lên hud kính

Xe xhđ cty khoảng 570-580tr SĐT liên hệ: 092962**** Hiện số"
otodien_B2C,VinFast VF6 2024 Plus - 24000 km,599 triệu,599000000,24000.0,2024.0,2,Đã sử dụng,12000.0,Thuê pin,"VF6 Plus 2024 xám nt nâu 2v4 km 

Giá: 599tr SĐT liên hệ: 092962**** Hiện số"
otodien_B2C,VinFast VF7 2025 Plus - 47000 km,745 triệu,745000000,47000.0,2025.0,1,Đã sử dụng,47000.0,Thuê pin,"Vf7 Plus 2025 trắng nt nâu 2 cầu trần thép 4v7 km

Giá: 745tr SĐT liên hệ: 092962**** Hiện số"
otodien_B2C,VinFast VF6 2024 Plus - 20000 km,599 triệu,599000000,20000.0,2024.0,2,Đã sử dụng,10000.0,Thuê pin,"VF 6 Plus 2024 trắng odo 2 v km full options
Giá: 599tr SĐT liên hệ: 092962**** Hiện số"
otodien_B2C,VinFast VF7 2025 Plus - 10000 km,765 triệu,765000000,10000.0,2025.0,1,Đã sử dụng,10000.0,Thuê pin,"VF7 Plus  2 cầu Vin 2025 
Đi lướt 1v km SĐT liên hệ: 091171**** Hiện số"
otodien_B2C,VinFast VF7 2025 Eco - 10000 km,665 triệu,665000000,10000.0,2025.0,1,Đã sử dụng,10000.0,Thuê pin,"VF7 eco 2025 bản có HUD
odo siêu lướt 10.000km chưa bóc hết ni lông
xe 1 chủ từ mới .Sac thoải mái không giới hạn số lần sạc đến 31/6/2027.tiếp theo free 10l/1 tháng đến 2/2029. SĐT liên hệ: 091171**** Hiện số"
otodien_B2C,VinFast VF6 2024 Plus - 30000 km,590 triệu,590000000,30000.0,2024.0,2,Đã sử dụng,15000.0,Thuê pin,"Vinfast VF6 Plus 2024
Odo 3 vạn KM
Miễn sạc không giới hạn. Sơn zin 100%
Trang bị: thảm trải sàn, film cách nhiệt SĐT liên hệ: 091171**** Hiện số"
otodien_B2C,VinFast VFe34 2022 - 60000 km,349 triệu,349000000,60000.0,2022.0,4,Đã sử dụng,15000.0,Thuê pin,"Vinfast VFe34 2022 thuê pin tiên phong ( 1tr8/1th k giới hạn km)
Odo: 6v km - Full lịch sử hãng SĐT liên hệ: 092962**** Hiện số"
otodien_B2C,VinFast VF8 2024 Lux Plus - 9000 km,845 triệu,845000000,9000.0,2024.0,2,Đã sử dụng,4500.0,Thuê pin,"Vinfast VF8 Lux Plus 2024 odo 9000km Xanh rêu / nâu da bò  

Xe công ty ( xuất hoá đơn 800tr) SĐT liên hệ: 092962**** Hiện số"
otodien_B2C,"Vf9 Plus 2024, 7c xanh rêu nội thất đen mới",1 tỷ 240 triệu,1240000000,0.0,2024.0,2,Mới,0.0,Thuê pin,"Vf9 Plus 2024, 7c xanh rêu nội thất đen
Trần kính, mua pin, pin CATL.
Xe mới 100%, đăng ký k mất thuế, xuất được hoá đơn SĐT liên hệ: 091171**** Hiện số"
otodien_B2C,VinFast VF7 2025 Eco - 10000 km,650 triệu,650000000,10000.0,2025.0,1,Đã sử dụng,10000.0,Thuê pin,"VF7 Eco 25 Odo 1v, Free sạc không giới hạn đến 30/6/27, Free 10 lần đến 2/2029. Đã lên đồ hud chìm hinakar, dán phim, trải sàn, cam 360, tay nắm trần, ngả ghế, vô lăng khâu da. 
Xe đã sơn mâm hoả long + chi tiết crom SĐT liên hệ: 091171**** Hiện số"
otodien_B2C,VinFast VF7 2025 Eco - 10000 km,660 triệu,660000000,10000.0,2025.0,1,Đã sử dụng,10000.0,Thuê pin,"VF7 eco 2025 bản có HUD
odo siêu lướt 10.000km chưa bóc hết ni lông
xe 1 chủ từ mới .Sac thoải mái không giới hạn số lần sạc đến 31/6/2027.tiếp theo free 10l/1 tháng đến 2/2029. SĐT liên hệ: 091171**** Hiện số"
otodien_B2C,VF9 plus 2026 pin catl trắng nt nâu - Xe mới 🔥,1 tỷ 375 triệu,1375000000,0.0,2026.0,0,Mới,0.0,Thuê pin,"VF9 plus 2026 pin catl trắng nt nâu
Mua đứt Pin 7 chỗ trần thép
xe chưa lăn bánh, nguyên nilon
giá 1tỉ375tr
địa chỉ: Xuân Phương, Hà Nội SĐT liên hệ: 082623**** Hiện số"
otodien_B2C,VinFast VF8 2022 Plus - 18000 km,790 triệu,790000000,18000.0,2022.0,4,Đã sử dụng,4500.0,Thuê pin,"Vf8 Plus 2022 Pin SDI : RLLV1AFA0NV005420
- Lăn Bánh 1.8 Vạn
- Sẵn hồ sơ giao ngay
-> Khách hàng được hỗ trợ 80tr trừ vào giá xe ( nếu ko có xe xăng đổi điện ) 
-> Khách hàng được giảm 120tr ( nếu có xe xăng đổi điện ) SĐT liên hệ: 091171**** Hiện số"
otodien_B2C,VinFast Limo Green 2025 - 27000 km,625 triệu,625000000,27000.0,2025.0,1,Đã sử dụng,27000.0,Thuê pin,"👉Limo green 2025 odo 2,7 vạn km
- Sạc miễn phí không giới hạn
- Bảo hành pin không giới hạn
Xe đã trang bị 
- Film cách nhiệt 
- Thảm sàn, thảm taplo
- Cam cabin cam hành trình
- Cam lùi 
- Bọc ghế da 
- Bọc taply cánh cửa 
- Khâu vô lăng 
- Lên nút bấm vô lăng kích hoạt đầy đủ cruicontrol chế độ lái tăng giảm âm lượng của hãng 
- 2 loa toàn dải gắn cappo có app điều chỉnh màu sắc theo nhạc
- Lên led nội thất full xe có điều chỉnh bằng app 
- Dán hoả long logo tay nắm cửa, gương và sơn lazang hoả long SĐT liên hệ: 091171**** Hiện số"
otodien_B2C,VinFast VF7 2026 Plus - 10000 km,790 triệu,790000000,10000.0,2026.0,0,Đã sử dụng,10000.0,Thuê pin,"VF7 plus 1 cầu trần thép 2026 
Odo 10km, nguyên nilon
Giá 790tr
Ra biển số tỉnh thêm 3tr
Biển số Hn thêm 17tr SĐT liên hệ: 082623**** Hiện số"
otodien_B2C,VinFast VF7 2025 Eco - 20000 km,650 triệu,650000000,20000.0,2025.0,1,Đã sử dụng,20000.0,Thuê pin,"VF7 eco 2025 bản có HUD
odo 2v kilomet
xe 1 chủ từ mới xe e bao check test toang quốc sơn zin 99%. SĐT liên hệ: 091171**** Hiện số"
otodien_B2C,VF3 2026 xe mới 100%,270 triệu,270000000,0.0,2026.0,0,Mới,0.0,Thuê pin,"VF3 2026 xe mới 100% vừa ra biển khách bán lại .
Giá : 270tr bao rút hồ sơ
Rẻ hơn xe mới tròn hãng 30tr SĐT liên hệ: 091171**** Hiện số"
otodien_B2C,VinFast VF3 2024 - 11000 km,235 triệu,235000000,11000.0,2024.0,2,Đã sử dụng,5500.0,Thuê pin,"Vf3 mua pin sx 2024 
ODO 1v1 siêu mới 
Giá 235tr SĐT liên hệ: 091171**** Hiện số"
otodien_B2C,VinFast VF8 2022 Eco - 43000 km,670 triệu,670000000,43000.0,2022.0,4,Đã sử dụng,10750.0,Thuê pin,"Vf8 Eco 2022 Pin SDI :RLLV1AEB5NV006198
- Lăn Bánh 4,3 Vạn
- Sẵn hồ sơ giao ngay
-> Khách hàng được hỗ trợ 80tr trừ vào giá xe ( nếu ko có xe xăng đổi điện ) 
-> Khách hàng được giảm 120tr ( nếu có xe xăng đổi điện ) SĐT liên hệ: 091171**** Hiện số"
otodien_B2C,VinFast VF8 2022 Plus - 68000 km,575 triệu,575000000,68000.0,2022.0,4,Đã sử dụng,17000.0,Thuê pin,"Vf8 plus sx 2022
Thuê pin tiên phong 2tr1 tháng k giới hạn km - odo 6v8 
Xe đẹp suất sắc SĐT liên hệ: 091171**** Hiện số"
otodien_B2C,VinFast VF5 2023 Plus - 30000 km,355 triệu,355000000,30000.0,2023.0,3,Đã sử dụng,10000.0,Thuê pin,"Vf5 plus đỏ sx 2023  
odo 3v 
Lên màn hình, camera 360, led cánh chim SĐT liên hệ: 091171**** Hiện số"
otodien_B2C,VinFast VF7 2025 Plus - 20000 km,740 triệu,740000000,20000.0,2025.0,1,Đã sử dụng,20000.0,Thuê pin,"VF7 Plus 2025 đen nt nâu 2 cầu trần thép

Odo: 2v km - Full lịch sử hãng

Lên thêm: tấm bảo vệ pin SĐT liên hệ: 092962**** Hiện số"
otodien_B2C,VF3 Eco mới 100% sx 2026,265 triệu,265000000,0.0,2026.0,0,Mới,0.0,Thuê pin,"VF3 Eco mới 100% sx 2026
sẵn hồ sơ, xe giao luôn
rẻ hơn xe mới 30 củ SĐT liên hệ: 091171**** Hiện số"
otodien_B2C,VinFast VF6 2024 Plus - 49000 km,575 triệu,575000000,49000.0,2024.0,2,Đã sử dụng,24500.0,Thuê pin,"VF6 Plus 2024
Odo 4,9 vạn
Xe 1 chủ từ mới, sạc không giới hạn
Trang bị đồ cơ bản: thảm, sàn, cam hành trình, Vietmap live, điều khiển xe Premium trên app. SĐT liên hệ: 091171**** Hiện số"
otodien_B2C,VinFast VF5 2024 Plus - 17000 km,380 triệu,380000000,17000.0,2024.0,2,Đã sử dụng,8500.0,Thuê pin,"Vf5 plus sx 2024 mua pin sac thoải mái không giới hạn số lần sac .
Odo siêu lướt 17.000km
Dán phim,thảm sàn,cam ht,yên ngựa. SĐT liên hệ: 091171**** Hiện số"
otodien_B2C,VinFast VF8 2023 Plus - 61000 km,775 triệu,775000000,61000.0,2023.0,3,Đã sử dụng,20333.0,Thuê pin,"Vf8 Plus 2023 Pin SDI : RLLV1AFA1PV001105
- Lăn Bánh 6.1 Vạn
- Sẵn hồ sơ giao ngay
-> Khách hàng được hỗ trợ 80tr trừ vào giá xe ( nếu ko có xe xăng đổi điện ) 
-> Khách hàng được giảm 120tr ( nếu có xe xăng đổi điện ) SĐT liên hệ: 091171**** Hiện số"
otodien_B2C,VinFast VF8 2023 Eco - 49000 km,690 triệu,690000000,49000.0,2023.0,3,Đã sử dụng,16333.0,Thuê pin,"Vf8 ECo Pin SDI : RLLV1AEB2PV003827
- Lăn Bánh 4.9 vạn
- Sẵn hồ sơ giao ngay
-> Khách hàng được hỗ trợ 80tr trừ vào giá xe ( nếu ko có xe xăng đổi điện ) 
-> Khách hàng được giảm 120tr ( nếu có xe xăng đổi điện ) SĐT liên hệ: 091171**** Hiện số"
otodien_B2C,VinFast VF8 2023 Plus - 44000 km,780 triệu,780000000,44000.0,2023.0,3,Đã sử dụng,14667.0,Thuê pin,"Vf8 plus 2023 Pin SDI : RLLV1AFAIPV001167
- Lăn Bánh 4,4 Vạn
- Sẵn hồ sơ giao ngay
-> Khách hàng được hỗ trợ 80tr trừ vào giá xe ( nếu ko có xe xăng đổi điện ) 
-> Khách hàng được giảm 120tr ( nếu có xe xăng đổi điện ) SĐT liên hệ: 091171**** Hiện số"
otodien_B2C,VinFast VF8 2022 Eco - 52000 km,670 triệu,670000000,52000.0,2022.0,4,Đã sử dụng,13000.0,Thuê pin,"Vf8 Eco 2022 Pin SDI : RLLV1AEB5NV006721
- Lăn Bánh 5,2 Vạn
- Sẵn hồ sơ giao ngay
-> Khách hàng được hỗ trợ 80tr trừ vào giá xe ( nếu ko có xe xăng đổi điện ) 
-> Khách hàng được giảm 120tr ( nếu có xe xăng đổi điện ) SĐT liên hệ: 091171**** Hiện số"
otodien_B2C,VinFast VF8 2023 Plus - 77000 km,800 triệu,800000000,77000.0,2023.0,3,Đã sử dụng,25667.0,Thuê pin,"Vf8 plus 2023 Pin Catl : RLLV1AUA1PV700883
- Lăn Bánh 7.7 vạn
- Sẵn hồ sơ giao ngay
-> Khách hàng được hỗ trợ 80tr trừ vào giá xe ( nếu ko có xe xăng đổi điện ) 
-> Khách hàng được giảm 120tr ( nếu có xe xăng đổi điện ) SĐT liên hệ: 091171**** Hiện số"
otodien_B2C,VinFast VF3 2026 - 7000 km,284 triệu,284000000,7000.0,2026.0,0,Đã sử dụng,7000.0,Thuê pin,"VF3 màu hồng phấn  bản plus sx 2026 ODO 7000km 
- Xe được hưởng chính sách mới miễn phí sạc Ko giới hạn lần sạc 2/ 2029 . 
- Xe đã trang bị: Gần 50T phụ kiện 
- Xe đã trang bị theo xe , Gương điện chính hãng, ốp lazzang thể thao, cam lùi chính hãng , Androi auto , apple camplay , Vô lăng thể thao mới có tích hợp giọng nói , đèn sáng khí cắm ổ sạc , vv..
- Xe được trang bị dán gói phim cách nhiệt hạng thương gia 9T .  
- Ghế da nappa mềm như em bé .
-Thảm sàn + Đang kiểm 3 năm . 
- độ chống ồn, Gia cố càng A vvv... và nhiều đồ chơi khác SĐT liên hệ: 097538**** Hiện số"
otodien_B2C,VinFast VF8 2024 Eco - 40000 km,705 triệu,705000000,40000.0,2024.0,2,Đã sử dụng,20000.0,Thuê pin,"VF8 eco Pin catl Vin2024 full adas 
sẵn hồ sơ xe đẹp odo 4v
có xe xăng đổi qua giá 705tr
ko có xe xăng đổi qua giá 755 SĐT liên hệ: 082623**** Hiện số"
otodien_B2C,VinFast VF6 2024 Plus - 70000 km,570 triệu,570000000,70000.0,2024.0,2,Đã sử dụng,35000.0,Thuê pin,"Vf6 plus 2024. Odo 7v km
Đã dán phim,thảm sàn, ốp pin, đèn bi
Free sạc ko giới hạn lần sạc SĐT liên hệ: 034568**** Hiện số"
otodien_B2C,VinFast VF5 2024 Plus - 58000 km,370 triệu,370000000,58000.0,2024.0,2,Đã sử dụng,29000.0,Thuê pin,"Vf 5 plus sx 2024 
Odo 5v8 
Giá 370 tr SĐT liên hệ: 091171**** Hiện số"
otodien_B2C,VinFast VF8 2024 Eco - 50000 km,695 triệu,695000000,50000.0,2024.0,2,Đã sử dụng,25000.0,Thuê pin,"vf8 eco 2024 pin catl full adas
sẵn hồ sơ xe đẹp
odo 5v
có xe xăng đổi qua giá 695
ko có xe xăng đổi qua giá 745tr SĐT liên hệ: 082623**** Hiện số"
otodien_B2C,Sẵn 1 xe Minio greeen 2026 xe mới đky ra biển,175 triệu,175000000,0.0,2026.0,0,Mới,0.0,Thuê pin,"Sẵn 1 xe Minio greeen 2026 xe mới đky ra biển.
Giá trên đã bao gôm đkiem rồi chỉ việc đi. SĐT liên hệ: 091171**** Hiện số"
otodien_B2C,VinFast VF7 2025 Plus - 13000 km,785 triệu,785000000,13000.0,2025.0,1,Đã sử dụng,13000.0,Thuê pin,"VF7 Plus 2025 bản 2 cầu trần thép

Odo: 1v3 km - Miễn phí sạc k giới hạn SĐT liên hệ: 092962**** Hiện số"
otodien_B2C,VinFast VF8 2022 Plus - 38000 km,775 triệu,775000000,38000.0,2022.0,4,Đã sử dụng,9500.0,Thuê pin,"Vf8 plus 2022 : RLLVIAFA4NV008272
- xám nội thất đen
- lăn bánh 3,8 Vạn 
-> Khách hàng được hỗ trợ 80tr trừ vào giá xe ( nếu ko có xe xăng đổi điện ) 
-> Khách hàng được giảm 120tr ( nếu có xe xăng đổi điện SĐT liên hệ: 091171**** Hiện số"
otodien_B2C,VinFast VF8 2023 Plus - 58000 km,665 triệu,665000000,58000.0,2023.0,3,Đã sử dụng,19333.0,Thuê pin,"VF8 Plus 2023 pin sdi sẵn hồ sơ
xanh rêu nội thất kem
odo 5v8🚗 sẵn hồ sơ xe đẹp muốt
giá giảm full chính sách còn 665tr🌾
ko có xe xăng giá 715tr
địa chỉ: Xuân Phương, Hà Nội SĐT liên hệ: 082623**** Hiện số"
otodien_B2C,VinFast VFe34 2022 - 17000 km,450 triệu,450000000,17000.0,2022.0,4,Đã sử dụng,4250.0,Thuê pin,"E34 - 2022 mua đứt Pin 
- Màu xám nội thất Be
- Xe lăn bánh 1.7 vạn km
- xe xuất hoá đơn SĐT liên hệ: 091171**** Hiện số"
otodien_B2C,VinFast VF8 2023 Eco - 98000 km,595 triệu,595000000,98000.0,2023.0,3,Đã sử dụng,32667.0,Thuê pin,"vf8 eco pin catl 2023  odo 9v8
xe ko đâm đụng ko ngập nước
giá giảm full chính sách còn 595tr 
ko có xe xăng còn 645tr SĐT liên hệ: 082623**** Hiện số"
otodien_B2C,VinFast VF6 2024 Plus - 30000 km,590 triệu,590000000,30000.0,2024.0,2,Đã sử dụng,15000.0,Thuê pin,"Vinfast VF6 Plus 2024
Odo 3 vạn KM
Miễn sạc không giới hạn. Sơn zin 100%
Trang bị: thảm trải sàn, film cách nhiệt. SĐT liên hệ: 091171**** Hiện số"
otodien_B2C,VinFast VF6 2025 Plus - 28000 km,635 triệu,635000000,28000.0,2025.0,1,Đã sử dụng,28000.0,Thuê pin,"Vf6 plus bản xuất mỹ 1 xe duy nhất trên thị trường chuyển nhượng 
Sx 2025 đk 1/2026 miễn phí sạc k giới hạn 
Odo 2v8  sơn zin còn 98% SĐT liên hệ: 091171**** Hiện số"
otodien_B2C,VinFast VF9 2025 Plus - 6000 km,1 tỷ 230 triệu,1230000000,6000.0,2025.0,1,Đã sử dụng,6000.0,Thuê pin,"Vf9 plus sx 2025 mua pin 
Odo 6000km siêu mới 
Sơn zin 100% 
Xe tên cty xuất vat 1ty1 SĐT liên hệ: 091171**** Hiện số"
otodien_B2C,VinFast VF8 2023 Eco - 98000 km,595 triệu,595000000,98000.0,2023.0,3,Đã sử dụng,32667.0,Thuê pin,"vf8 eco pin catl 2023  odo 9v8
xe ko đâm đụng ko ngập nước
giá giảm full chính sách còn 595tr 
ko có xe xăng còn 665tr SĐT liên hệ: 082623**** Hiện số"
otodien_B2C,VinFast VF5 2023 Plus - 43000 km,370 triệu,370000000,43000.0,2023.0,3,Đã sử dụng,14333.0,Thuê pin,"Vf5 plus 2023 mua pin
Odo 4,3 vạn
Full lịch sử hãng,hỗ trợ bank SĐT liên hệ: 091171**** Hiện số"
otodien_B2C,VinFast VF7 2026 Plus - 10 km,795 triệu,795000000,10.0,2026.0,0,Đã sử dụng,10.0,Thuê pin,"Khách lên đời VF9 nhờ bán
VF7 plus trắng nt nâu 1 cầu trần thép
Còn nguyên nilon đi 10km
Ra biển tỉnh thêm 3,5tr
Ra biển Hn thêm 16.5tr SĐT liên hệ: 034568**** Hiện số"
otodien_B2C,VinFast VF7 2024 Eco - 90000 km,595 triệu,595000000,90000.0,2024.0,2,Đã sử dụng,45000.0,Thuê pin,"VF 7s 2024 odo 9v
Xe đẹp ko lỗi, nội thất giữ gìn SĐT liên hệ: 034568**** Hiện số"
otodien_B2C,VinFast VF5 2023 Plus - 29000 km,380 triệu,380000000,29000.0,2023.0,3,Đã sử dụng,9667.0,Thuê pin,"Vf5 plus 2023 mua pin
Odo 2,9v 
Full lịch sử hãng,hỗ trợ bank SĐT liên hệ: 091171**** Hiện số"
otodien_B2C,VinFast VF9 2025 Plus - 17000 km,1 tỷ 269 triệu,1269000000,17000.0,2025.0,1,Đã sử dụng,17000.0,Thuê pin,"vF9 plus 2025 mua pin catl odo 1v7 km 
- 7 ghế trần thép 
- xe lên flim và sàn SĐT liên hệ: 098234**** Hiện số"
otodien_B2C,VinFast VF7 2025 Eco - 20000 km,650 triệu,650000000,20000.0,2025.0,1,Đã sử dụng,20000.0,Thuê pin,"VF7 eco 2025 mua pin Catl odo 2v 
Free sạc 30/6/2027 SĐT liên hệ: 098234**** Hiện số"
otodien_B2C,VinFast VF8 2024 Plus - 15000 km,850 triệu,850000000,15000.0,2024.0,2,Đã sử dụng,7500.0,Thuê pin,"VF8 Plus 2024 đen nt đen mua đứt pin CATL

Odo: 1v5 km SĐT liên hệ: 092962**** Hiện số"
otodien_B2C,VinFast VF5 2025 Plus - 30000 km,405 triệu,405000000,30000.0,2025.0,1,Đã sử dụng,30000.0,Thuê pin,"VF5 Plus 25 odo 3v km màu đỏ một chủ nữ dùng từ đầu
Miễn phí sạc ko giới hạn đến hết 12/2027. Sạc 10l/tháng đến 2/2028
Xe còn bảo hiểm thân vỏ đến 2027, đã lên gập gương điện, thảm trải sàn, dán kính sungard. 
Giá 405tr SĐT liên hệ: 034568**** Hiện số"
otodien_B2C,VinFast VF5 2024 Plus - 50000 km,400 triệu,400000000,50000.0,2024.0,2,Đã sử dụng,25000.0,Thuê pin,"VF5 Plus 24 5v
Miễn phí sạc ko giới hạn đến 12/2027
Xe đẹp
Giá 400tr SĐT liên hệ: 034568**** Hiện số"
otodien_B2C,VinFast VF6 2025 Plus cũ - 80000 km,580 triệu,580000000,80000.0,2025.0,1,Đã sử dụng,80000.0,Thuê pin,"VF6 plus 2025 free sạc, odo hơn 8v km, full ls bảo dưỡng. SĐT liên hệ: 034568**** Hiện số"
otodien_B2C,VinFast VF9 2023 Plus - 50000 km,799 triệu,799000000,50000.0,2023.0,3,Đã sử dụng,16667.0,Thuê pin,"VF9 Plus 2023 thuê pin SDI gói không tiên phong, màu xanh dương nt nâu da bò

Odo: 5v km SĐT liên hệ: 092962**** Hiện số"
otodien_B2C,VinFast Limo Green 2025 cũ - 60000 km,655 triệu,655000000,60000.0,2025.0,1,Đã sử dụng,60000.0,Thuê pin,"cỗ máy cày tiền
Limo green Vin2025 sạc ko giới hạn
Màu vàng odo 6v
xe đẹp ko lỗi SĐT liên hệ: 034568**** Hiện số"
otodien_B2C,VinFast VF6 2026 Plus - 3000 km,624 triệu,624000000,3000.0,2026.0,0,Đã sử dụng,3000.0,Thuê pin,"- Vinfast Vf6 plus sx 2026 ODO 3000km
- Xe được miễn phí sạc hết tháng 2/2029 
- Xe đã lên phim cách nhiệt hạng thương gia loại xịn 14T
- Thảm sàn Lavor loại xịn 5,5T 
- Xe đã mua bảo hiểm thân vỏ đầy đủ về chỉ việc sẵn đi, dán tiêu âm chống ồn...vvv SĐT liên hệ: 097538**** Hiện số"
otodien_B2C,VinFast VF5 2025 Plus - 47000 km,405 triệu,405000000,47000.0,2025.0,1,Đã sử dụng,47000.0,Thuê pin,"VF5 plus 2025, odo 4.7 vạn Km
Xe 1 chủ, sơn zin 98%
Đã lên đủ đồ cơ bản
Bhtv 1 năm SĐT liên hệ: 091171**** Hiện số"
otodien_B2C,VinFast VF8 2023 Plus - 30000 km,695 triệu,695000000,30000.0,2023.0,3,Đã sử dụng,10000.0,Thuê pin,"VF8 Plus 2023 pin sdi sẵn hồ sơ
trắng nội thất xanh navi
odo 3v🚗 sẵn hồ sơ xe đẹp muốt
giá giảm full chính sách còn 695tr🌾
địa chỉ: Xuân Phương, Hà Nội SĐT liên hệ: 082623**** Hiện số"
otodien_B2C,VF7 plus Vin2026 có HUD màu trắng 1 cầu 🔥🔥,800 triệu,800000000,,2026.0,0,Đã sử dụng,,Thuê pin,"hàng xóm để lại cho chiếc VF7 plus Vin2026 có HUD màu trắng 1 cầu
Xe đã xuất hoá đơn cá nhân, nhưng chưa ra biển số , khách mua về ra tên lần đầu SĐT liên hệ: 082623**** Hiện số"
otodien_B2C,VinFast VF7 2024 Plus - 30000 km,695 triệu,695000000,30000.0,2024.0,2,Đã sử dụng,15000.0,Thuê pin,"Chào bán: VF7 PLUS sản xuất 2024 Mua Pin hai cầu AWD 
ODO HƠN 3vKM 
- Xe được hưởng chính sách mới , miễn phí sạc đến hết tháng 2/2029 
Miễn phí sạc đến tháng 2/2029
Hỗ trợ bank 24/24 SĐT liên hệ: 097538**** Hiện số"
otodien_B2C,VinFast VF8 2023 Eco cũ - 67000 km,635 triệu,635000000,67000.0,2023.0,3,Đã sử dụng,22333.0,Thuê pin,"Vf8 eco 2023 odo 6,7v km. Xe mua pin sdi
Giá 635tr SĐT liên hệ: 082623**** Hiện số"
otodien_B2C,VinFast VF9 2023 Plus - 48000 km,990 triệu,990000000,48000.0,2023.0,3,Đã sử dụng,16000.0,Thuê pin,"VF9 plus pin catl bản thuê pin 
7 chỗ trần kính odo 4v8🚗
giá 985tr đã bao gồm cọc pin
địa chỉ: Xuân Phương, Hà Nội SĐT liên hệ: 082623**** Hiện số"
otodien_B2C,VinFast VF8 2023 Plus - 41000 km,665 triệu,665000000,41000.0,2023.0,3,Đã sử dụng,13667.0,Thuê pin,"VF8 Plus 2023 pin sdi sẵn hồ sơ
đen nội thất xanh navi
odo 4v1🚗 sẵn hồ sơ xe đẹp muốt
giá giảm full chính sách còn 665tr🌾
địa chỉ: Xuân Phương, Hà Nội SĐT liên hệ: 082623**** Hiện số"
otodien_B2C,VinFast VF6 2025 Plus - 32000 km,630 triệu,630000000,32000.0,2025.0,1,Đã sử dụng,32000.0,Thuê pin,"Vf6 plus 2025 mua pin odo 3v2 
Free sạc ko giới hạn 30/6/2027
Xe lên : flim và sàn 
Chào 630 SĐT liên hệ: 098234**** Hiện số"
otodien_B2C,VinFast VF5 2025 Plus - 10000 km,430 triệu,430000000,10000.0,2025.0,1,Đã sử dụng,10000.0,Thuê pin,"- VinFast Vf5 plus sx 2025 ODO 1VKM
- Xe được miễn phí sạc ko giới hạn số lần sạc /7/2027 10Lần / tháng hết tháng 2/2029.
- Xe đã dán phim cách nhiệt hạng thương gia 8,5T .
- Xe đã  độ đèn bi cầu LED siêu sáng 6,5T 
- Xe được trang bị Thảm sàn lavor loại xịn4,5T. Dán chống nóng, tiêu âm chống ồn và rất nhiều đồ chơi khác...vv SĐT liên hệ: 097538**** Hiện số"
otodien_B2C,VinFast VF5 2025 Plus - 6000 km,424 triệu,424000000,6000.0,2025.0,1,Đã sử dụng,6000.0,Thuê pin,"Em VF5 plus sx 2025
ODO 6000 VKM 
- Xe mua pin chính sách miễn phí sạc full không giới hạn số lần 
- Xe đã trang bị hơn 50t phụ kiện 
- Dán gói phim cách nhiệt 3M, hạng thương gia 11T 
- Đèn bi cầu LED siêu sáng 
- Cam hành trình 3,5t 
- Thảm trải sàn 2 lớp 2,6tr
- Gương gập tự động 3tr
- Đăng kiểm 2 năm , chống ồn vvv... SĐT liên hệ: 097538**** Hiện số"
otodien_B2C,VinFast Limo Green 2025 - 7000 km,665 triệu,665000000,7000.0,2025.0,1,Đã sử dụng,7000.0,Thuê pin,"Limo green vin 2025
Odo 7.000 km
Xe sạc free không giới hạn số lần
Đã nâng cấp 
🥇Ghế da cao cấp
🥈Film cách nhiệt
🥉Sàn 
Giá 665 SĐT liên hệ: 098234**** Hiện số"
otodien_B2C,VinFast VF8 2022 Plus - 42000 km,595 triệu,595000000,42000.0,2022.0,4,Đã sử dụng,10500.0,Thuê pin,"VF8 Plus 2022 trắng nt nâu da bò thuê pin tiên phong

Odo: 4v2 km SĐT liên hệ: 034568**** Hiện số"
otodien_B2C,VinFast VF5 2025 Plus - 50000 km,410 triệu,410000000,50000.0,2025.0,1,Đã sử dụng,50000.0,Thuê pin,"VF 5 plus trắng sx 2025 odo hơn 5v
Giá 410 SĐT liên hệ: 034568**** Hiện số"
otodien_B2C,VinFast VF9 2024 Plus - 14000 km,1 tỷ 010 triệu,1010000000,14000.0,2024.0,2,Đã sử dụng,7000.0,Thuê pin,"VF9 Plus 2024
Thuê Pin 2,7tr-6,9tr
Odo: 14.000km
Xuất được hoá đơn Công ty
Đã bao gồm Cọc Pin 60tr SĐT liên hệ: 091171**** Hiện số"
otodien_B2C,VinFast VF3 2025 - 20000 km,245 triệu,245000000,20000.0,2025.0,1,Đã sử dụng,20000.0,Thuê pin,"VF 3 2025 mua đứt pin odo tròn 2v km
Xe đã dán phim, trải sàn da, ốp lazang
Free sạc ko giới hạn SĐT liên hệ: 034568**** Hiện số"
otodien_B2C,VinFast VFe34 2021 - 31000 km,430 triệu,430000000,31000.0,2021.0,5,Đã sử dụng,6200.0,Thuê pin,"VF34  2021 mua đứt Pin.
màu đỏ xe chạy 3.1 vạn
Sạc ko giới hạn hết 30/06/2027 SĐT liên hệ: 091171**** Hiện số"
otodien_B2C,VinFast VFe34 2022 - 50000 km,430 triệu,430000000,50000.0,2022.0,4,Đã sử dụng,12500.0,Thuê pin,"E34 -2022 mua đứt Pin
Lăn bánh 5 vạn
Trắng nội thất Be
Sạc miễn phí 30/06/2027 SĐT liên hệ: 091171**** Hiện số"
otodien_B2C,💎 VINFAST VF6 – ƯU ĐÃI KHỦNG LÊN ĐẾN 11% 💎,593 triệu,593000000,0.0,2026.0,0,Mới,0.0,Thuê pin,"Bạn đang tìm kiếm một chiếc SUV tinh tế, mạnh mẽ để cùng gia đình chinh phục mọi cung đường tại Lâm Đồng? VinFast VF6 chính là sự lựa chọn không thể hoàn hảo hơn:

Lái cực sướng: Động cơ mạnh mẽ, tăng tốc mượt mà, ôm cua đèo dốc cực đầm chắc.

Thiết kế sang trọng: Nội thất rộng rãi, tinh tế đến từng chi tiết, tràn ngập công nghệ an toàn.

🎁 ƯU ĐÃI ĐẶC QUYỀN TẠI ĐÀ LẠT:
✅ Miễn phí sạc pin hoàn toàn đến tận ngày 10/02/2029 – Vi vu không lo tiền nhiên liệu.
✅ Miễn phí 100% lệ phí trước bạ – Tiết kiệm ngay khoản chi phí lăn bánh lớn.
✅ Chiết khấu trực tiếp 6% vào giá bán.
✅ Giảm thêm 5% dành riêng cho quý khách hàng là Công an, Quân đội.

📍 Địa chỉ: Lô 4A Đường 3 Tháng 4, P. Xuân Hương, Đà Lạt.
📲 Liên hệ ngay: *** (Hỗ trợ lái thử và tư vấn trả góp nhanh gọn). SĐT liên hệ: 097943**** Hiện số"
otodien_B2C,🔥 VF7 SẴN XE GIAO NGAY – ƯU ĐÃI 11% + FREE SẠC 🔥,679 triệu,679000000,0.0,2026.0,0,Mới,0.0,Thuê pin,"Chốt ngay VF7 – Mẫu SUV điện đẹp nhất phân khúc với ưu đãi ""chồng"" ưu đãi:
💥 Giảm 6% giá bán + 5% cho CA/QĐ.
💥 Miễn 100% thuế trước bạ.
💥 Miễn phí sạc pin tận 3 năm (đến 10/02/2029).
💥 Xe sẵn màu, giao ngay tại thành phố ngàn hoa.

✅ Thiết kế phi thuyền, vận hành thể thao, bảo hành 10 năm cực kỳ an tâm.
📍 VinFast Đà Lạt - Lô 4A Đường 3 Tháng 4, P. Xuân Hương.
☎️ Alo chốt xe: *** SĐT liên hệ: 097943**** Hiện số"
otodien_B2C,🔥 VF8 SẴN XE GIAO NGAY TẠI ĐÀ LẠT – ƯU ĐÃI 18% 🔥,836 triệu,836000000,0.0,2026.0,0,Mới,0.0,Thuê pin,"Cơ hội sở hữu SUV hạng D VinFast VF8 với mức giá không thể tốt hơn tại thành phố ngàn hoa:
💥 Giảm ngay 10% giá bán + 5% cho CA/QĐ.
💥 Miễn 100% thuế trước bạ.
💥 Miễn phí sạc pin hơn 2 năm (đến tận 10/02/2029).
💥 Xe sẵn kho đủ màu, đủ phiên bản, giao ngay hồ sơ sẵn.

✅ Vận hành êm ái, nội thất sang trọng, leo dốc cực bốc, bảo hành 10 năm cực kỳ an tâm.
📍 VinFast Đà Lạt - Lô 4A Đường 3 Tháng 4, P. Xuân Hương.
☎️ Alo chốt xe ngay: *** SĐT liên hệ: 097943**** Hiện số"
otodien_B2C,💎VF MPV 7 – XE 7 CHỖ GIA ĐÌNH THÔNG MINH 💎,704 triệu,704000000,,,0,Đã sử dụng,,Thuê pin,"Cùng gia đình tận hưởng những chuyến dã ngoại cuối tuần khắp Lâm Đồng với mẫu MPV 7 chỗ điện hiện đại:
✨ Không gian hoàn hảo: Nội thất rộng rãi cho cả đại gia đình, ghế ngồi thoải mái, tiện nghi ngập tràn.
✨ An toàn tuyệt đối: Trang bị các tính năng an toàn tiên tiến nhất, bảo vệ người thân trên mọi cung đường đèo.
✨ Vận hành tĩnh lặng: Tận hưởng trọn vẹn không khí trong lành của Đà Lạt mà không lo khói bụi.

🎁 Combo đặc quyền:
👉 Miễn phí 100% trước bạ.
👉 Giảm giá mặt 6% + Giảm thêm 5% (CA/QĐ).
👉 Free sạc pin tận 3 năm (đến 10/02/2029) – Đi chơi tẹt ga 0 đồng năng lượng!

🏠 Showroom: Lô 4A Đường 3 Tháng 4, Phường Xuân Hương, Đà Lạt.
📞 Hotline: *** (Zalo/Call em để nhận báo giá lăn bánh tốt nhất). SĐT liên hệ: 097943**** Hiện số"
otodien_B2C,VinFast VF5 2023 Plus - 33000 km,360 triệu,360000000,33000.0,2023.0,3,Đã sử dụng,11000.0,Thuê pin,"Vf5 plus 2023 mua đứt Pin.
Màu trắng, lăn bánh 3,3 vạn
Sạc ko giới hạn hết 30/06/2027 SĐT liên hệ: 091171**** Hiện số"
otodien_B2C,VinFast VF5 2023 Plus - 6000 km,320 triệu,320000000,6000.0,2023.0,3,Đã sử dụng,2000.0,Thuê pin,"Vf5 plus sx 2023 siêu mới 
Odo 6000km 
Thuê pin tiên phong 
Giá 320tr SĐT liên hệ: 091171**** Hiện số"
otodien_B2C,🚗 VINFAST VF3 – CHỐT XE QUỐC DÂN – VI VU ĐÀ LẠT,260 triệu,260000000,,,0,Đã sử dụng,,Thuê pin,"Bạn đang tìm kiếm một chiếc xe nhỏ gọn, dễ đỗ, ngoại hình cực ""cháy"" để đi phố Đà Lạt? VF3 chính là chân ái!
✨ Thiết kế: Gầm cao, lội nước tốt, leo dốc cực khỏe – Rất hợp với địa hình Lâm Đồng.
✨ Tiện lợi: Nhỏ gọn, quay đầu dễ dàng trong các con ngõ nhỏ.

🔥 ƯU ĐÃI ĐẶC QUYỀN CHỈ CÓ TRONG THÁNG NÀY:
✅ Free sạc hoàn toàn đến tận ngày 10/02/2029 – Đi lại tẹt ga 0 đồng!
✅ Miễn phí 100% lệ phí trước bạ.
✅ Chiết khấu thẳng 6% vào giá bán.
✅ Giảm thêm 5% dành riêng cho các anh chị Công an, Quân đội.

🚀 Xe sẵn, đủ màu, giao ngay tại Đà Lạt!
📍 Địa chỉ: Lô 4A Đường 3 Tháng 4, P. Xuân Hương, Đà Lạt, Lâm Đồng.
📲 Liên hệ ngay: *** (Hỗ trợ tư vấn và lái thử tận nơi). SĐT liên hệ: 097943**** Hiện số"
otodien_B2C,⚡ VINFAST VF5 PLUS  – MIỄN PHÍ SẠC ĐẾN 2029 ⚡,455 triệu,455000000,,,0,Đã sử dụng,,Thuê pin,"Bạn đang tìm kiếm một chiếc SUV hạng A bền bỉ, chi phí vận hành siêu rẻ để vi vu phố núi? VF5 Plus chính là câu trả lời hoàn hảo:

Vận hành: Động cơ điện mạnh mẽ, leo dốc Prenn hay dốc nội thành Đà Lạt cực mượt, không tiếng ồn.

Chi phí 0 đồng: Miễn phí sạc pin tại trạm sạc công cộng đến tận 10/02/2029.

🔥 ƯU ĐÃI NGẬP TRÀN TRONG THÁNG:
✅ Giảm trực tiếp 6% vào giá bán.
✅ Giảm thêm 5% cho khách hàng là Công an, Quân đội.
✅ Miễn 100% lệ phí trước bạ – Tiết kiệm ngay khoản chi phí lăn bánh lớn.
✅ Xe sẵn, đủ màu, hồ sơ chuẩn bàn giao ngay.

📍 Địa chỉ: Lô 4A Đường 3 Tháng 4, P. Xuân Hương, Đà Lạt, Lâm Đồng.
📲 Liên hệ tư vấn: *** (Hỗ trợ lái thử và trả góp lãi suất tốt nhất). SĐT liên hệ: 097943**** Hiện số"
otodien_B2C,⚡ EC VAN – VỐN THẤP LÃI CAO – MIỄN PHÍ SẠC 2029 ⚡,245 triệu,245000000,0.0,2026.0,0,Mới,0.0,Thuê pin,"Đầu tư vào VinFast EC Van là đầu tư cho tương lai xanh và lợi nhuận bền vững. Chiếc xe ""cày tiền"" thực thụ cho anh em giao nhận hàng hóa tại Lâm Đồng:

✅ Lợi nhuận tối đa: Càng chạy càng lãi vì không tốn tiền sạc pin đến năm 2029.

✅ Bền bỉ & Ít bảo dưỡng: Cấu tạo đơn giản, ít hỏng vặt, chi phí bảo trì cực thấp so với xe xăng.

Chính sách ưu đãi khủng:
👉 Giảm ngay 6% giá xe + Giảm thêm 5% cho khối CA/QĐ.
👉 0đ lệ phí trước bạ – Miễn phí hoàn toàn phí đăng ký.

🚀 Xe sẵn kho, giao ngay để kịp tiến độ kinh doanh của bạn!

🏠 Showroom: Lô 4A Đường 3 Tháng 4, Phường Xuân Hương, Đà Lạt.
📞 Hotline: *** (Em hỗ trợ làm hồ sơ vay ngân hàng thủ tục nhanh). SĐT liên hệ: 097943**** Hiện số"
otodien_B2C,VinFast VF6 2024 Plus - 49000 km,575 triệu,575000000,49000.0,2024.0,2,Đã sử dụng,24500.0,Thuê pin,"VF6 Plus 2024
Odo 4,9 vạn
Xe 1 chủ từ mới
Trang bị đồ cơ bản: thảm, sàn SĐT liên hệ: 091171**** Hiện số"
otodien_B2C,💎 LIMO GREEN 2026 – ƯU ĐÃI ĐẾN 11% CHO BẠN 💎,644 triệu,644000000,,2026.0,0,Đã sử dụng,,Thuê pin,"Cùng gia đình tận hưởng những chuyến dã ngoại cuối tuần khắp Lâm Đồng với VinFast Limo Green đời 2026 mới nhất:
✨ Ưu điểm vượt trội:

✅ Leo dốc cực bốc, vận hành đầm chắc trên các cung đường đèo.

✅ Nội thất cao cấp, rộng rãi cho cả đại gia đình 7 người.

✅ Tiện nghi ngập tràn, công nghệ an toàn hàng đầu.

🎁 Combo quà tặng đặc quyền:
👉 Giảm 6% giá bán + 5% cho khối Công an, Quân đội.
👉 0đ lệ phí trước bạ.
👉 Miễn phí sạc pin gần 3 năm (đến 10/02/2029) – Đi chơi tẹt ga không tốn một đồng năng lượng.

🏠 Showroom: Lô 4A Đường 3 Tháng 4, Phường Xuân Hương, Đà Lạt.
📞 Zalo/Call: *** (Em sẵn sàng hỗ trợ lái thử tại nhà). SĐT liên hệ: 097943**** Hiện số"
otodien_B2C,"⚡ MINIO GREEN – CỖ MÁY IN TIỀN – VỐN THẤP, LÃI CAO",231 triệu,231000000,,2026.0,0,Đã sử dụng,,Thuê pin,"Anh em đang tìm xe để chạy dịch vụ du lịch tại Đà Lạt? Đừng bỏ qua Minio Green – lựa chọn thông minh nhất 2026:

🎁Lợi nhuận tối đa: Miễn phí sạc pin gần 3 năm (đến 02/2029), doanh thu bao nhiêu hưởng trọn bấy nhiêu.

🎁Chi phí lăn bánh cực hời: Giảm ngay 6% giá xe + Miễn 100% trước bạ.

🎁Ưu đãi tri ân: Giảm thêm 5% cho khách hàng khối Công an, Quân đội.

🌟 Xe đời mới 2026, vận hành bền bỉ, chi phí bảo trì cực thấp. Nhận xe là vào việc ngay!

🏠 Showroom: Lô 4A Đường 3 Tháng 4, Phường Xuân Hương, Đà Lạt.
📞 Liên hệ: *** (Tư vấn hồ sơ vay ngân hàng thủ tục nhanh gọn). SĐT liên hệ: 097943**** Hiện số"
otodien_B2C,VinFast VF MPV7  - Giá chỉ từ 674 triệu đồng,675 triệu,675000000,,,0,Đã sử dụng,,Thuê pin,"Mẫu MPV 7 Chỗ của VinFast – Không gian rộng rãi, phù hợp với nhiều gia đình 

💥 ƯU ĐÃI LỚN – GIẢM THẲNG VÀO GIÁ BÁN :
📍 Giảm ngay 6% giá xe cho tất cả khách hàng
📍 Công An / Quân Đội: Giảm thêm 5%
📍 Giảm thêm 3% KHI ĐẶT XE TRONG THÁNG 
📍 Tặng 02 năm BHTV xe hoặc giảm giá 15 Triệu đồng

🎁 QUYỀN LỢI NHẬN NGAY KHI MUA XE:
✅ Miễn phí sạc điện đến T2/2029
✅ Miễn 100% thuế trước bạ
✅ Bảo hành xe 7 năm
✅ Bảo hành pin 8 năm / 160.000 km
✅ Hỗ trợ trả góp lãi suất ưu đãi
✅ Dịch vụ bảo hành bảo dưỡng toàn quốc

🔥 Xe có sẵn – Thủ tục nhanh – Giao xe ngay trong ngày!
👉 Liên hệ ngay để nhận báo giá tốt nhất & ưu đãi riêng cho bạn!

📍 VINFAST HÀ ĐÔNG – UY TÍN, TẬN TÂM, NHIỆT TÌNH
☎️ *** (Call / Zalo / SMS) SĐT liên hệ: 085655**** Hiện số"
otodien_B2C,🚗⚡ VinFast VF5 Plus – CÓ SẴN GIAO NGAY TẠI HÀ NỘI,455 triệu,455000000,,2026.0,0,Đã sử dụng,,Thuê pin,"Khu vực Hà Nội – Em đang có sẵn:
🟢 VF5 Plus 2026 – Đủ màu theo yêu cầu

💥 ƯU ĐÃI CỰC MẠNH – GIẢM THẲNG VÀO GIÁ:
📍 Xăng → Điện + Công An / Quân Đội: Giảm thẳng 14%
📍 Khách lấy Vin 2025: Giảm thêm 15.000.000đ
📍 Chưa bán được xe xăng? Không sao!
→ Chỉ cần cam kết bán trong vòng 60 ngày là được ưu tiên

🎁 QUYỀN LỢI NHẬN NGAY KHI MUA XE:
✅ Miễn phí sạc điện
✅ Miễn 100% thuế trước bạ
✅ Hỗ trợ trả góp linh hoạt
✅ Bảo hành xe 7 năm
✅ Bảo hành pin 8 năm / 160.000 km
✅ Dịch vụ bao lăn bánh toàn quốc

🔥 Còn rất nhiều ưu đãi dành riêng cho từng khách hàng!
👉 Ace quan tâm liên hệ ngay để được tư vấn & báo giá tốt nhất!

📍 VINFAST HÀ ĐÔNG – UY TÍN, TẬN TÂM, NHIỆT TÌNH
☎️ *** (Call / Zalo / SMS) SĐT liên hệ: 085655**** Hiện số"
otodien_B2C,🔥 VF9 SẴN XE GIAO NGAY – MIỄN PHÍ SẠC ĐẾN 2029 🔥,1 tỷ 229 triệu,1229000000,0.0,2026.0,0,Mới,0.0,Thuê pin,"Chốt ngay ""ông vua"" SUV điện VinFast VF9 tại thành phố ngàn hoa với ưu đãi cực hời:
💥 Giảm ngay 10% giá bán + 5% cho CA/QĐ.
💥 0đ lệ phí trước bạ – Tiết kiệm chi phí lăn bánh tối đa.
💥 Miễn phí sạc pin tại trạm sạc công cộng đến tận 10/02/2029.
💥 Xe sẵn kho, đủ màu, hỗ trợ trả góp 80%, thủ tục nhanh gọn.

✅ Vận hành mạnh mẽ, nội thất xa hoa, bảo hành 10 năm cực kỳ an tâm.
📍 VinFast Đà Lạt - Lô 4A Đường 3 Tháng 4, P. Xuân Hương.
☎️ Alo chốt xe: *** SĐT liên hệ: 097943**** Hiện số"
otodien_B2C,"🚙✨ VinFast VF9 – CÓ SẴN KHO, GIAO XE NGAY!",1 tỷ 299 triệu,1299000000,,,0,Đã sử dụng,,Thuê pin,"Mẫu SUV 7 chỗ cao cấp nhất của VinFast – Sang trọng, rộng rãi, công nghệ đỉnh cao!

💥 ƯU ĐÃI THÁNG 4 – GIẢM THẲNG VÀO GIÁ:
📍 Giảm ngay 10% giá xe cho tất cả khách hàng
📍 Công An / Quân Đội: Giảm thêm 5% (tổng lên đến 15%)
📍 Khách có xe xăng: Giảm thêm 3% (áp dụng trong tháng 4)

🎁 QUYỀN LỢI NHẬN NGAY KHI MUA XE:
✅ Miễn phí sạc điện đến T2/2029
✅ Miễn 100% thuế trước bạ
✅ Bảo hành xe 7 năm
✅ Bảo hành pin 8 năm / 160.000 km
✅ Hỗ trợ trả góp lãi suất ưu đãi
✅ Dịch vụ bao lăn bánh toàn quốc

🔥 Xe có sẵn – Thủ tục nhanh – Giao xe ngay trong ngày!
👉 Liên hệ ngay để nhận báo giá tốt nhất & ưu đãi riêng cho bạn!

📍 VINFAST HÀ ĐÔNG – UY TÍN, TẬN TÂM, NHIỆT TÌNH
☎️ *** (Call / Zalo / SMS) SĐT liên hệ: 085655**** Hiện số"
otodien_B2C,🔥🚗 VINFAST VF8 PLUS 2026 XANH LÁ – XE MỚI 100% !,983 triệu,983000000,0.0,2026.0,0,Mới,0.0,Thuê pin,"✨ THÔNG TIN XE
	🚗 Dòng xe: VinFast VF8 Plus 2026
	🎨 Màu: Xanh lá độc đáo – nổi bật & hiện đại
	🆕 Tình trạng: Xe mới 100%
	⚡ SUV điện cao cấp – vận hành mạnh mẽ, êm ái

🌟 TRANG BỊ NỔI BẬT
	🧠 Hệ thống hỗ trợ lái ADAS thông minh
	📺 Màn hình trung tâm lớn – giải trí hiện đại
	🛋️ Nội thất da cao cấp – rộng rãi, thoải mái
	🔊 Âm thanh sống động – trải nghiệm cao cấp
	🔋 Quãng đường di chuyển dài – phù hợp đi phố & đường dài

💥 ƯU ĐÃI & QUYỀN LỢI
	🆓 Miễn 100% lệ phí trước bạ (xe điện)
	⚡ Sạc điện tiết kiệm – chi phí sử dụng cực thấp
	🎁 Hỗ trợ phụ kiện + quà tặng (tùy chương trình)
	📉 Giá tốt – hỗ trợ thương lượng trực tiếp

🏦 HỖ TRỢ MUA XE
	💳 Trả góp linh hoạt – hỗ trợ vay ngân hàng
	⚡ Thủ tục nhanh – nhận xe sớm

🚚 GIAO XE
	🏠 Giao xe tận nơi toàn quốc
	⏱️ Xe sẵn – nhận ngay không chờ

📞 LIÊN HỆ NGAY
☎️ *** (Hùng)
💬 Nhắn Zalo để nhận báo giá chi tiết & ưu đãi mới nhất SĐT liên hệ: 094141**** Hiện số"
otodien_B2C,🔥🚗 VINFAST VF8 ECO ĐEN NÓC ĐỒNG – XE MỚI 100%!,815 triệu,815000000,0.0,2026.0,0,Mới,0.0,Thuê pin,"✨ THÔNG TIN XE
	🚗 Dòng xe: VinFast VF8 Eco
	🎨 Màu: Đen phối nóc đồng độc đáo – nổi bật, cá tính
	🆕 Tình trạng: Xe mới 100%
	⚡ SUV điện hạng D – rộng rãi, mạnh mẽ, phù hợp gia đình & công việc

🌟 TRANG BỊ NỔI BẬT
	🧠 Hệ thống hỗ trợ lái thông minh (ADAS)
	📺 Màn hình trung tâm lớn – hiện đại
	🛋️ Nội thất tiện nghi – ghế êm ái, không gian rộng
	🔋 Vận hành êm – tiết kiệm chi phí sử dụng
	🛞 Khả năng vận hành ổn định – đi phố & đường dài thoải mái

💥 ƯU ĐÃI & QUYỀN LỢI
	🆓 Miễn 100% lệ phí trước bạ
	⚡ Chi phí sạc tiết kiệm – sử dụng lâu dài lợi hơn xe xăng
	🎁 Hỗ trợ phụ kiện: dán kính, camera hành trình, lót sàn…
	📉 Giá tốt – hỗ trợ thương lượng trực tiếp

🏦 HỖ TRỢ MUA XE
	💳 Trả góp linh hoạt – vay ngân hàng nhanh
	⚡ Thủ tục đơn giản – nhận xe sớm

🚚 GIAO XE
	🏠 Giao xe tận nơi toàn quốc
	⏱️ Xe sẵn – nhận ngay không chờ

📞 LIÊN HỆ NGAY
☎️ *** (Hùng)
💬 Nhắn Zalo nhận báo giá chi tiết & ưu đãi mới nhất SĐT liên hệ: 094141**** Hiện số"
otodien_B2C,🚗 VINFAST VF3 NHỎ XINH -  Giá chỉ từ 253 Triệu đồng🤛️,253 triệu,253000000,,,0,Đã sử dụng,,Thuê pin,"Bạn đang tìm chiếc xe:
✔️ Đi làm hằng ngày không lo chi phí xăng
✔️ Đưa đón con đi học an toàn, tiện lợi
✔️ Cuối tuần chở cả nhà đi chơi thoải mái
✔️ Nhỏ gọn, dễ đỗ xe, phù hợp phố phường
👉 VF3 sinh ra là để dành cho bạn!

🎁 CHƯƠNG TRÌNH ƯU ĐÃI HẤP DẪN:
🟢 Giảm 6% – Chương trình Vì Tương Lai Xanh
🔵 Giảm 5% – Công An, Quân Đội
🟡 Giảm 3% – Khi đặt xe trong tháng 

💰 HỖ TRỢ TÀI CHÍNH:
✅ Hỗ trợ vay trả góp lãi suất ưu đãi
✅ Miễn phí trước bạ

🛡️ BẢO HÀNH & CHÍNH SÁCH :
🔋 Bảo hành Pin : 8 năm hoặc 160.000 km
🚗 Bảo hành Xe : 7 năm
⚡ Sạc miễn phí 10 lần/tháng – Áp dụng đến T2/2029
🏙️ Dịch vụ bao lăn bánh: HN – HCM – Các tỉnh

📍 VINFAST HÀ ĐÔNG – UY TÍN, TẬN TÂM, NHIỆT TÌNH
☎️ *** (Call / Zalo / SMS) SĐT liên hệ: 085655**** Hiện số"
otodien_B2C,VinFast VF8 2023 Plus - 58000 km,665 triệu,665000000,58000.0,2023.0,3,Đã sử dụng,19333.0,Thuê pin,"VF8 Plus 2023 pin sdi sẵn hồ sơ
xanh rêu nội thất kem
odo 5v8🚗 sẵn hồ sơ xe đẹp muốt
giá giảm full chính sách còn 665tr🌾
địa chỉ: Xuân Phương, Hà Nội SĐT liên hệ: 082623**** Hiện số"
otodien_B2C,VinFast VF7 2024 Plus - 34000 km,690 triệu,690000000,34000.0,2024.0,2,Đã sử dụng,17000.0,Thuê pin,"Vf7 plus 2024 2 cầu full option
Odo 3,4v zin
Xe siêu đẹp Sơn zin 100%
Đã dán PDF cả xe,dán phim,thảm sàn
Free sạc ko giới hạn lần sạc SĐT liên hệ: 091171**** Hiện số"
otodien_B2C,"🔥 VinFast LIMO – XE SẴN KHO, CHỐT NGAY GIAO LUÔN",644 triệu,644000000,,,0,Đã sử dụng,,Thuê pin,"7 chỗ rộng rãi, vận hành điện tiết kiệm – Vừa chạy dịch vụ hái ra tiền, vừa chở cả gia đình đông người cực thoải mái!

💥 ƯU ĐÃI ĐANG CÓ – ĐỪNG ĐỂ LỠ:
📍 Giảm 6% – Chương trình Vì Tương Lai Xanh
📍 Công An / Quân Đội: Giảm thêm 5%
📍 Khách có xe xăng: Giảm thêm 3%

🎁 QUYỀN LỢI NHẬN NGAY KHI MUA XE:
✅ Tặng phụ kiện chính hãng
✅ Hỗ trợ đăng ký miễn phí app chạy dịch vụ
✅ Vay ngân hàng lên đến 85 – 90% giá trị xe
✅ Miễn 100% thuế trước bạ
✅ Miễn phí sạc điện đến T2/2029
✅ Bảo hành xe 7 năm
✅ Bảo hành pin 8 năm / 160.000 km
✅ Dịch vụ bao lăn bánh toàn quốc

⚡ Xe có sẵn tại Hà Nội – Chốt hôm nay, giao xe ngay hôm đó!
👉 Số lượng có hạn – Liên hệ ngay để giữ xe & nhận báo giá tốt nhất!

📍 VINFAST HÀ ĐÔNG – UY TÍN, TẬN TÂM, NHIỆT TÌNH
☎️ *** (Call / Zalo / SMS) SĐT liên hệ: 085655**** Hiện số"
otodien_B2C,🚗✨ LIMO GREEN ƯU ĐÃI SỐC: GIẢM NGAY 60 TRIỆU 🎁,549 triệu,549000000,,,0,Đã sử dụng,,Thuê pin,"💥 Chương trình ưu đãi cực tốt đầu năm – số lượng có hạn!

💸 ƯU ĐÃI ĐẶC BIỆT

🚗 Giảm trực tiếp 60 triệu vào giá xe
🎁 Tặng ghế da cao cấp trị giá 10 triệu
➖ Không lấy ghế da → giảm thêm 1.5%
📉 Hỗ trợ thêm 6% giá trị xe

⚡ QUYỀN LỢI XE ĐIỆN

🆓 Miễn 100% lệ phí trước bạ
🔋 Sạc điện FREE đến 2029

💳 HỖ TRỢ TÀI CHÍNH

🏦 Hỗ trợ trả góp linh hoạt
🔓 Nhận hồ sơ nợ xấu vẫn xử lý được

🎀 QUÀ TẶNG KÈM

🪟 Dán kính cách nhiệt 3M
🛋️ Trải thảm da cao cấp
📷 Camera hành trình

📱 HỖ TRỢ CHẠY DỊCH VỤ

🚕 Đăng ký nhanh: Xanh SM, Grab,…
⚙️ Hỗ trợ FULL từ A–Z

📞 LIÊN HỆ NGAY

☎️ *** (Hùng)
💬 Nhắn Zalo nhận báo giá chi tiết & ưu đãi mới nhất SĐT liên hệ: 094141**** Hiện số"
otodien_B2C,🚨 Limo Green – GIÁ CHẠM ĐÁY CHỈ TỪ 618 TRIỆU ĐỒNG🚨,618 triệu,618000000,,,0,Đã sử dụng,,Thuê pin,"Dòng xe dịch vụ quốc dân – Chi phí thấp, thu hồi vốn nhanh, lợi nhuận ổn định mỗi ngày !

💥 TẠI SAO PHẢI CHỐT NGAY THỜI ĐIỂM NÀY ?
🔥 Giá đang ở mức thấp nhất – Không còn thời điểm nào rẻ hơn !
🔥 Ưu đãi có hạn – Ai chốt trước, giữ xe trước !
🔥 Không cần mặc cả – Giá đã kịch sàn, minh bạch 100% !

✅ LIMOGREEN LỰA CHỌN SỐ 1 CHO CHẠY DỊCH VỤ ?
⚡ Chi phí vận hành siêu thấp – Chạy điện tiết kiệm tối đa
🚗 Nội thất rộng rãi, thoải mái – Khách hàng chấm 5 sao liên tục
💰 Thu hồi vốn nhanh – Lợi nhuận ổn định, bền vững
🔋 Bảo hành pin 8 năm / 160.000 km – Yên tâm chạy dài hạn
🛡️ Bảo hành xe 7 năm – Không lo chi phí sửa chữa

🎁 QUYỀN LỢI KÈM THEO :
✅ Miễn 100% thuế trước bạ
✅ Miễn phí sạc điện đến T2/2029
✅ Hỗ trợ vay ngân hàng lên đến 85 – 90%
✅ Hỗ trợ đăng ký app chạy dịch vụ miễn phí
✅ Dịch vụ bao lăn bánh toàn quốc

⏰ Chậm 1 bước là mất suất giá tốt!
👉 Liên hệ ngay để được tư vấn & giữ xe trước khi hết ưu đãi!

📍 VINFAST HÀ ĐÔNG – UY TÍN, TẬN TÂM, NHIỆT TÌNH
☎️*** (Call / Zalo / SMS) SĐT liên hệ: 085655**** Hiện số"
otodien_B2C,VinFast VF8 2023 Plus cũ - 60000 km,665 triệu,665000000,60000.0,2023.0,3,Đã sử dụng,20000.0,Thuê pin,"VF8 plus 2023 pin SDI 
trắng nt kem
odo 6v🚗 sẵn hs sang tên
giá áp chính sách còn 665tr
địa chỉ: Xuân Phương, Hà Nội SĐT liên hệ: 082623**** Hiện số"
otodien_B2C,VinFast VF7 2024 Plus - 14000 km,690 triệu,690000000,14000.0,2024.0,2,Đã sử dụng,7000.0,Thuê pin,"VF7 plus 2 cầu xe đky lần đầu 2025 vin 2024. 
Xe mua đứt pin sac thoải mái không giới hạn số lần sac. 
Xe siêu mới sơn zin 99,99% odo 1,4 vạn SĐT liên hệ: 091171**** Hiện số"
otodien_B2C,"💨 VinFast VF8 Eco Plus – CÓ SẴN KHO, GIAO XE NGAY",836 triệu,836000000,,,0,Đã sử dụng,,Thuê pin,"SUV điện 5 chỗ cỡ lớn – Sang trọng, mạnh mẽ, công nghệ hiện đại bậc nhất!

🎨 MÀU XE CÓ SẴN:
🔴 Đỏ
⚪ Bạc
🩶 Xám nóc Bạc

💰 GIÁ CHỈ TỪ 8XX TRIỆU
(Áp dụng đầy đủ chính sách ưu đãi hiện hành)

💥 ƯU ĐÃI ĐANG ÁP DỤNG:
🔥 Giảm ngay 10% giá trị xe
🔥 Công An / Quân Đội: Giảm thêm 5%
🔥 Khách có xe xăng: Giảm thêm 3%
✅ Miễn 100% thuế trước bạ
✅ Miễn phí sạc điện đến T2/2029
✅ Hỗ trợ vay ngân hàng lên đến 85 – 90%

🛡️ BẢO HÀNH & DỊCH VỤ:
✅ Bảo hành xe 7 năm
✅ Bảo hành pin 8 năm / 160.000 km
✅ Dịch vụ bao lăn bánh toàn quốc

👉 Các bác đang tìm xe alo ngay em – Tư vấn nhiệt tình, báo giá thấp nhất, giao xe nhanh nhất!

📍 VINFAST HÀ ĐÔNG – UY TÍN, TẬN TÂM, NHIỆT TÌNH
☎️ *** – Em Sơn (Call / Zalo / SMS) SĐT liên hệ: 085655**** Hiện số"
otodien_B2C,VinFast Limo Green 2025 - 18000 km,595 triệu,595000000,18000.0,2025.0,1,Đã sử dụng,18000.0,Thuê pin,"Limo Green màu đen sx cuối 2025 đăng ký 3/2026 odo 18.000 km
Miễn phí sạc 10 lần/tháng đến 2/2029
Xe đã dán phim + dán tabpi + thảm đúc + bảo hiểm thân vỏ SĐT liên hệ: 034568**** Hiện số"
otodien_B2C,🚗⚡ VinFast EC Van – GIAO XE NGAY!,245 triệu,245000000,,,0,Đã sử dụng,,Thuê pin,"Mẫu xe tải điện cửa trượt được mong chờ nhất – Chạy đô thị mọi khung giờ, tải trọng khủng, chi phí vận hành siêu thấp!

📦 THÔNG SỐ NỔI BẬT:
⚡ Phạm vi: 150 km / 1 lần sạc đầy
📐 Thể tích thùng: 2,6 m³ – Thùng dài 1,6 m
🏋️ Tải trọng: 600 kg – Lưu thông nội đô mọi khung giờ
🚪 Cửa trượt tiện lợi – Bốc dỡ hàng dễ dàng, chuyên nghiệp

💥 ƯU ĐÃI CỰC MẠNH – GIẢM THẲNG VÀO GIÁ:
🔥 Giảm ngay 6% giá trị xe
🔥 Khách biển vàng: Giảm thêm 1,5% (tổng lên đến 7,5%)
🔥 Miễn 100% thuế trước bạ
🔥 Sạc điện miễn phí đến T2/2029
🔥 Có nợ xấu? Không vấn đề – Liên hệ em xử lý được!

🎁 TẶNG FULL PHỤ KIỆN KHI LẤY XE NGAY:
✅ Dán kính 3M chống nóng, chống tia UV
✅ Trải thảm da toàn xe
✅ Camera hành trình

📋 HỖ TRỢ TRỌN GÓI GIẤY TỜ:
✅ Đăng ký kinh doanh
✅ Ra biển vàng
✅ Các giấy tờ liên quan đến công ty
✅ Hỗ trợ vận doanh chở hàng đầy đủ pháp lý

💰 Giá cam kết thấp nhất thị trường – Minh bạch, không phát sinh!
👉 Nhắn Zalo ngay để nhận báo giá chi tiết & giữ xe trước!

📍 VINFAST HÀ ĐÔNG – UY TÍN, TẬN TÂM, NHIỆT TÌNH
☎️ *** – Em Sơn (Call / Zalo) SĐT liên hệ: 085655**** Hiện số"
otodien_B2C,🔥 VF7 ECO 2026 MÀU XÁM – XE MỚI 100% | – GIÁ TỐT!,632 triệu,632000000,0.0,2026.0,0,Mới,0.0,Thuê pin,"✨ THÔNG TIN XE
	🚗 Dòng xe: VinFast VF7 Eco 2026
	🎨 Màu: Xám hiện đại – sang trọng, dễ giữ giá
	🆕 Tình trạng: Xe mới 100%
	⚡ SUV điện hạng C – thiết kế thể thao, trẻ trung

🌟 TRANG BỊ NỔI BẬT
	🧠 Hệ thống hỗ trợ lái thông minh (ADAS)
	📺 Màn hình trung tâm lớn – hiển thị sắc nét
	🛋️ Nội thất tiện nghi – không gian rộng rãi
	🔋 Tiết kiệm chi phí vận hành – phù hợp đi phố & đường dài
	🛞 Vận hành êm ái – tăng tốc mượt mà

💥 ƯU ĐÃI & QUYỀN LỢI
	🆓 Miễn 100% lệ phí trước bạ
	⚡ Sạc điện tiết kiệm – chi phí thấp
	🎁 Hỗ trợ phụ kiện: dán kính, camera, lót sàn…
	📉 Giá tốt – hỗ trợ thương lượng trực tiếp

🏦 HỖ TRỢ TÀI CHÍNH
	💳 Trả góp linh hoạt – vay ngân hàng nhanh chóng
	⚡ Thủ tục đơn giản – nhận xe sớm

🚚 GIAO XE
	🏠 Giao xe tận nơi toàn quốc
	⏱️ Xe sẵn – nhận ngay không chờ

📞 LIÊN HỆ NGAY
☎️ *** (Hùng)
💬 Nhắn Zalo để nhận báo giá chi tiết & ưu đãi mới nhất SĐT liên hệ: 094141**** Hiện số"
otodien_B2C,🔥 VF MPV 7 – XE SẴN – CHỐT NGAY KẺO LỠ!,612 triệu,612000000,,,0,Đã sử dụng,,Thuê pin,"✨ THÔNG TIN XE
	🚗 Dòng xe: VinFast MPV7
	🎨 Màu: Xám sang trọng, đẳng cấp
	📦 Xe sẵn – giao ngay, không chờ đợi
	🔢 Số khung đẹp – phù hợp khách chọn xe kỹ

💥 ƯU ĐÃI ĐANG ĐẾM NGƯỢC
	🎁 Tặng 2 năm bảo hiểm thân vỏ (~15 triệu)
	📉 Giảm thêm 3% cho khách đang sử dụng xe xăng
	⚡ Cơ hội chốt nhanh – ưu đãi có thể thay đổi bất cứ lúc nào

🚀 LÝ DO NÊN CHỐT NGAY
	✅ Xe sẵn – không phải chờ sản xuất
	⏳ Ưu đãi giới hạn theo xe có sẵn
	🏁 Giao xe sớm – kịp chạy dịch vụ / sử dụng ngay

📩 LIÊN HỆ NGAY
☎️ *** (Hùng)
💬 Nhắn Zalo để nhận báo giá chi tiết & giữ xe ngay hôm nay SĐT liên hệ: 094141**** Hiện số"
otodien_B2C,🔥🚗 VINFAST VF8 PLUS XÁM XI MĂNG – XE MỚI 100% !,949 triệu,949000000,0.0,2026.0,0,Mới,0.0,Thuê pin,"✨ THÔNG TIN XE
	🚗 Dòng xe: VinFast VF8 Plus
	🎨 Màu: Xám xi măng – cá tính, thời thượng, cực dễ giữ giá
	🆕 Tình trạng: Xe mới 100%
	⚡ SUV điện hạng D – mạnh mẽ, rộng rãi, tiện nghi cao cấp

🌟 TRANG BỊ NỔI BẬT
	🧠 Gói hỗ trợ lái nâng cao ADAS
	📺 Màn hình trung tâm lớn – trải nghiệm hiện đại
	🛋️ Nội thất da cao cấp – ghế chỉnh điện, thoải mái
	🔊 Âm thanh chất lượng – giải trí đỉnh cao
	🔋 Vận hành êm ái – tăng tốc mượt, tiết kiệm chi phí

💥 ƯU ĐÃI & QUYỀN LỢI
	🆓 Miễn 100% lệ phí trước bạ
	⚡ Chi phí sạc thấp – sử dụng lâu dài tiết kiệm hơn xe xăng
	🎁 Hỗ trợ phụ kiện: dán kính, camera hành trình, lót sàn…
	📉 Giá tốt – hỗ trợ thương lượng trực tiếp

🏦 HỖ TRỢ MUA XE
	💳 Trả góp linh hoạt – vay ngân hàng nhanh chóng
	⚡ Thủ tục đơn giản – nhận xe sớm

🚚 GIAO XE
	🏠 Giao xe tận nơi toàn quốc
	⏱️ Xe sẵn – nhận ngay không chờ

📞 LIÊN HỆ NGAY
☎️ *** (Hùng)
💬 Nhắn Zalo nhận báo giá chi tiết & ưu đãi mới nhất SĐT liên hệ: 094141**** Hiện số"
otodien_B2C,🔥 VF8 ECO 1 CẦU MÀU ĐỎ – XE MỚI 100% | GIÁ TỐT!,785 triệu,785000000,0.0,2026.0,0,Mới,0.0,Thuê pin,"✨ THÔNG TIN XE
	🚗 Dòng xe: VinFast VF8 Eco (1 cầu – FWD)
	🎨 Màu: Đỏ nổi bật – trẻ trung, cá tính
	🆕 Tình trạng: Xe mới 100%
	⚡ SUV điện hạng D – rộng rãi, phù hợp gia đình & đi dịch vụ

🌟 TRANG BỊ NỔI BẬT
	🧠 Hệ thống hỗ trợ lái thông minh (ADAS)
	📺 Màn hình trung tâm lớn – hiện đại
	🛋️ Nội thất tiện nghi – ghế êm ái, không gian rộng
	🔋 Vận hành êm ái – tiết kiệm chi phí sử dụng
	🛞 Dẫn động 1 cầu – tối ưu chi phí, dễ bảo dưỡng

💥 ƯU ĐÃI & QUYỀN LỢI
	🆓 Miễn 100% lệ phí trước bạ
	⚡ Chi phí sạc thấp – tiết kiệm lâu dài
	🎁 Hỗ trợ phụ kiện: dán kính, camera hành trình, lót sàn…
	📉 Giá tốt – hỗ trợ thương lượng trực tiếp

🏦 HỖ TRỢ MUA XE
	💳 Trả góp linh hoạt – vay ngân hàng nhanh
	⚡ Thủ tục đơn giản – nhận xe sớm

🚚 GIAO XE
	🏠 Giao xe tận nơi toàn quốc
	⏱️ Xe sẵn – nhận ngay không chờ

📞 LIÊN HỆ NGAY
☎️ *** (Hùng)
💬 Nhắn Zalo nhận báo giá chi tiết & ưu đãi mới nhất SĐT liên hệ: 094141**** Hiện số"
otodien_B2C,"🔥🚗 VF MPV7 – XE SẴN, GIÁ TỐT NHẤT HÀ NỘI!",689 triệu,689000000,,,0,Đã sử dụng,,Thuê pin,"✨ THÔNG TIN NỔI BẬT
	🚗 VinFast MPV7 – 7 chỗ rộng rãi
	🎨 Xe sẵn đủ màu – giao ngay không chờ
	🔋 Sạc đầy đi khoảng 450km
	🛞 Mâm hợp kim nhôm 19 inch
	🔄 Gương tích hợp đèn báo rẽ
	🛋️ Ghế da cao cấp + Cruise Control tiện nghi

💥 ƯU ĐÃI SIÊU HOT
	💰 Chỉ từ 70 triệu nhận xe (hỗ trợ tài chính)
	📉 Giá xe chỉ từ 6xx triệu
	🎁 Tặng thêm:
		🪟 Dán film cách nhiệt
		📷 Camera hành trình
		🧼 Lót sàn cao cấp
	🆓 Miễn 100% lệ phí trước bạ
	⚡ Sạc điện FREE đến 02/2029

🏦 HỖ TRỢ TÀI CHÍNH
	💳 Vay ngân hàng lên tới 90%
	📉 Lãi suất ưu đãi – thủ tục nhanh gọn

🚚 GIAO XE TOÀN QUỐC
	🏠 Giao xe tận nhà tại Hà Nội & các tỉnh
	🔄 Thu mua xe cũ giá cao – hỗ trợ lên đời dễ dàng

📞 LIÊN HỆ NGAY
☎️ *** (Mr. Hùng)
💬 Nhắn Zalo nhận báo giá chi tiết & giữ xe ngay hôm nay SĐT liên hệ: 094141**** Hiện số"
otodien_B2C,VinFast VF8 2023 Eco cũ - 63000 km,575 triệu,575000000,63000.0,2023.0,3,Đã sử dụng,21000.0,Thuê pin,"VF8 eco 2023 pin sdi
odo 6v3 sẵn hồ sơ xe đẹp muốt
lốp mới cả dàn
giá 695tr
ko có xe xăng giá 655tr
có xe xăng đổi qua 575 SĐT liên hệ: 082623**** Hiện số"
otodien_B2C,VinFast VF5 2024 Plus - 40000 km,335 triệu,335000000,40000.0,2024.0,2,Đã sử dụng,20000.0,Thuê pin,"Vf5 Plus 24 thuê pin ( đã có cọc 15tr )
Odo hơn 4v km, đã lên dán phim, thảm sàn, đèn bi cầu 3 chế độ, gói thuê pin 1,6tr/tháng. Xe ko dịch vụ, đẹp nét. SĐT liên hệ: 034568**** Hiện số"
otodien_B2C,VinFast VF8 2024 Plus - 20000 km,840 triệu,840000000,20000.0,2024.0,2,Đã sử dụng,10000.0,Thuê pin,"Vf8 Lux plus 2024 màu siêu đẹp trắng nóc xám
Odo siêu lướt 20.000km
Sơn zin 99%
Dán phim,thảm sàn,cam ht SĐT liên hệ: 091171**** Hiện số"
otodien_B2C,VinFast VF9 2024 Plus - 19000 km,1 tỷ 160 triệu,1160000000,19000.0,2024.0,2,Đã sử dụng,9500.0,Thuê pin,"Vinfast VF9 Plus 2024 mua pin CATL odo 1v9 km, Xanh Rêu nội thất Nâu, 7 chỗ trần thép SĐT liên hệ: 092962**** Hiện số"
otodien_B2C,VinFast VF8 2022 Plus cũ - 66000 km,635 triệu,635000000,66000.0,2022.0,4,Đã sử dụng,16500.0,Thuê pin,"VF8 Plus Vin2022 
odo 6v6 sẵn hs sang tên
Giá êm đổi full chính sách đổi xe còn 635tr
ko có xe xăng đổi qua còn 705tr SĐT liên hệ: 082623**** Hiện số"
otodien_B2C,VinFast VF6 2025 Plus - 41000 km,635 triệu,635000000,41000.0,2025.0,1,Đã sử dụng,41000.0,Thuê pin,"Vf6 plus sx 2025 
Odo 4v1 sơn zin còn nhiều 
Xe lên 70-80tr tiền đồ chơi 
Dán pin , sàn , trần sao , led nội thất , đuôi gió , bậc lên xuống , bệ tì tay phi thuyền , loa  , sup gầm ghế SĐT liên hệ: 091171**** Hiện số"
otodien_B2C,VinFast VF7 2025 Eco - lướt 10000 km,655 triệu,655000000,10000.0,2025.0,1,Đã sử dụng,10000.0,Thuê pin,"VF7 Eco 25 Odo 1v, Free sạc không giới hạn đến 30/6/27, Free 10 lần đến 2/2029. Đã lên đồ hud chìm hinakar, phuộc koni, dán phim, trải sàn, cam hành trình, tay nắm trần, ngả ghế về người, ốp bảo vệ pin. SĐT liên hệ: 082623**** Hiện số"
otodien_B2C,VinFast VF9 2025 Plus - 70000 km,1 tỷ 180 triệu,1180000000,70000.0,2025.0,1,Đã sử dụng,70000.0,Thuê pin,"VF9 plus trắng nâu 2025
Odo 7v
Xe 7 ghế trần thép
Giá 1tỷ 180 SĐT liên hệ: 034568**** Hiện số"
otodien_B2C,"⚡ VINFAST VF MPV 7 NEW 100% – KHÔNG GIAN RỘNG RÃI, SẴN SÀNG CHO MỌI HÀNH TRÌNH",718 triệu,718000000,0.0,2026.0,0,Mới,0.0,Thuê pin,"⚡ VinFast VF MPV 7 là mẫu MPV thuần điện 7 chỗ thế hệ mới, được phát triển dành cho gia đình và khách hàng kinh doanh dịch vụ. Với thiết kế hiện đại, khoang nội thất rộng rãi, vận hành êm ái cùng nhiều công nghệ thông minh, VF MPV 7 mang đến trải nghiệm di chuyển tiện nghi, an toàn và tiết kiệm chi phí.

🎁 XE NEW 100% CHÍNH HÃNG

✅ Xe mới 100%, đầy đủ giấy tờ chính hãng.
✅ Hỗ trợ trả góp lên đến 80% giá trị xe.
✅ Hỗ trợ đăng ký, đăng kiểm và giao xe trên toàn quốc.
✅ Bảo hành chính hãng theo tiêu chuẩn VinFast.
✅ Cập nhật báo giá và chính sách bán hàng mới nhất tại thời điểm mua xe.

✨ Điểm nổi bật của VinFast VF MPV 7

✔️ Thiết kế MPV 7 chỗ hiện đại, phù hợp cho gia đình và kinh doanh.
✔️ Không gian 3 hàng ghế rộng rãi, tối ưu sự thoải mái cho mọi hành khách.
✔️ Động cơ điện vận hành mạnh mẽ, êm ái, không phát thải.
✔️ Trang bị nhiều tiện nghi hiện đại và công nghệ hỗ trợ lái thông minh.
✔️ Chi phí vận hành và bảo dưỡng tiết kiệm so với xe sử dụng động cơ xăng.

📞 Liên hệ ngay để nhận báo giá VinFast VF MPV 7 mới nhất, tư vấn phiên bản phù hợp, tính chi phí lăn bánh và cập nhật các chương trình ưu đãi chính hãng hiện hành. SĐT liên hệ: 090394**** Hiện số"
otodien_B2C,VinFast VF3 2025 - lướt 6000 km,280 triệu,280000000,6000.0,2025.0,1,Đã sử dụng,6000.0,Thuê pin,"Vf3 2025 Mua pin
Odo: 6.000km siêu mới🚗
Pk: Phim xịn, camera 360 quanh xe, cảm biếp áp suất lốp tích hợp màn, cam hành trình trước sau, ghế da nappa xịn+vô lăng, gương điện+sấy gương
Tất cả PK lắp ở chung Auto SĐT liên hệ: 082623**** Hiện số"
otodien_B2C,"VINFAST LIMO GREEN NEW 100% – MPV ĐIỆN 7 CHỖ, GIẢI PHÁP DI CHUYỂN THÔNG MINH",652 triệu,652000000,0.0,2026.0,0,Mới,0.0,Thuê pin,"🚗 VINFAST LIMO GREEN NEW 100% – MPV ĐIỆN 7 CHỖ, GIẢI PHÁP DI CHUYỂN THÔNG MINH

⚡ VinFast Limo Green là mẫu MPV điện 7 chỗ được thiết kế dành cho cả gia đình và khách hàng kinh doanh dịch vụ. Với thiết kế hiện đại, khoang nội thất rộng rãi, khả năng vận hành êm ái cùng chi phí sử dụng tiết kiệm, Limo Green là lựa chọn lý tưởng cho những ai đang tìm kiếm một mẫu xe điện đa dụng và bền bỉ.

🎁 XE NEW 100% CHÍNH HÃNG

✅ Có sẵn xe, hỗ trợ tư vấn và đặt cọc nhanh.
✅ Hỗ trợ trả góp lên đến 80% giá trị xe.
✅ Hỗ trợ đăng ký, đăng kiểm và giao xe trên toàn quốc.
✅ Bảo hành chính hãng theo tiêu chuẩn VinFast.
✅ Cập nhật báo giá và chương trình ưu đãi mới nhất tại thời điểm mua xe.

✨ Điểm nổi bật của VinFast Limo Green

✔️ MPV điện 7 chỗ với không gian rộng rãi, phù hợp cho gia đình và kinh doanh vận tải.
✔️ Thiết kế hiện đại, tối ưu khí động học và nâng cao trải nghiệm người dùng.
✔️ Động cơ điện vận hành mạnh mẽ, tăng tốc mượt mà, không phát thải.
✔️ Quãng đường di chuyển lên đến khoảng 450 km/lần sạc (theo công bố của VinFast).
✔️ Trang bị nhiều tính năng an toàn và công nghệ hỗ trợ lái hiện đại.
✔️ Chi phí vận hành và bảo dưỡng tiết kiệm hơn so với xe sử dụng động cơ đốt trong.

📞 Liên hệ ngay để nhận báo giá VinFast Limo Green mới nhất, tư vấn phương án trả góp, tính chi phí lăn bánh và cập nhật các chương trình ưu đãi chính hãng hiện hành. SĐT liên hệ: 090394**** Hiện số"
otodien_B2C,VinFast VF8 2023 Plus cũ - 80000 km,750 triệu,750000000,80000.0,2023.0,3,Đã sử dụng,26667.0,Thuê pin,"VF8 Plus Pin CATL vin 23 nội thất đen odo 8v km
Giá 750tr không cần áp đổi xăng sang điện SĐT liên hệ: 034568**** Hiện số"
otodien_B2C,VinFast VF6 2025 Eco - 15000 km,580 triệu,580000000,15000.0,2025.0,1,Đã sử dụng,15000.0,Thuê pin,"Vf6 eco sx 2025 
Odo 1v5 sạc miễn phí k giới hạn 
Xe siêu mới SĐT liên hệ: 091171**** Hiện số"
otodien_B2C,VinFast VF6 2024 Plus - 27000 km,625 triệu,625000000,27000.0,2024.0,2,Đã sử dụng,13500.0,Thuê pin,"VF6 plus 2024 lên nhiều đồ 
✅ Film cách nhiệt, Thảm sàn, Cam hành trình
✅ Bệ tỳ tay phi thuyền sạc không dây
✅ Cốp điện 
✅ Bậc lên xuống 
Odo 2,7 vạn
Xe 1 chủ từ đâu, giữ gìn
Miễn sạc không giới hạn SĐT liên hệ: 091171**** Hiện số"
otodien_B2C,VinFast VF6 2025 Eco cũ - 110000 km,500 triệu,500000000,110000.0,2025.0,1,Đã sử dụng,110000.0,Thuê pin,"VF6 Eco 2025 odo 11v xe 1 chủ từ mới biển trắng . 1 chủ từ mới 
Xe mua đứt pin , sac thoải mái không giới hạn số lần sạc. 
Cam kết chất lượng bao check test toàn quốc . SĐT liên hệ: 091171**** Hiện số"
otodien_B2C,VinFast VFe34 2023 cũ - 130000 km,345 triệu,345000000,130000.0,2023.0,3,Đã sử dụng,43333.0,Thuê pin,"E34 cá nhân sử dụng lên đời
Sx 2023 thuê pin tiên phong
Odo 13v xe đi cực ổn
Màu xanh warp xám xi măng nóc đen,độ led nt chỉnh qua app,tẩu,dán phim thảm sàn.
Giá 345tr SĐT liên hệ: 091171**** Hiện số"
otodien_B2C,VinFast VFe34 2022 cũ - 49000 km,364 triệu,364000000,49000.0,2022.0,4,Đã sử dụng,12250.0,Thuê pin,"VFe34 màu ĐEN sản xuất 2022
Odo : 4,9V KM 
- Xe đã vào Gần 50T  phụ kiện . 
- Xe hưởng Chính sách mơi, miễn phí sạc đến hết 2/2029 . 
- Xe đã dán gói phim cách nhiệt hạng thương gia hơn 10T . 
- Xe trang bị : thảm sàn , phim cách nhiệt , chống ồn, cam 360 , vvv... 
Giá 364T 
Xem xe tại :273 Hoàng Quốc Việt , Cầu Giấy , Hà Nội. SĐT liên hệ: 097538**** Hiện số"
otodien_B2C,"🚗 VINFAST VF 8 NEW 100% – SUV ĐIỆN CAO CẤP, CÔNG NGHỆ HIỆN ĐẠI, SẴN SÀNG BÀN GIAO",899 triệu,899000000,0.0,2026.0,0,Mới,0.0,Thuê pin,"⚡ VinFast VF 8 là mẫu SUV điện hạng D được thiết kế dành cho những khách hàng yêu thích sự sang trọng, mạnh mẽ và công nghệ tiên tiến. Với không gian 5 chỗ rộng rãi, khả năng vận hành ấn tượng cùng nhiều tính năng hỗ trợ lái thông minh, VF 8 đáp ứng tốt nhu cầu di chuyển hằng ngày cũng như những chuyến đi đường dài.

🎁 XE NEW 100% CHÍNH HÃNG

✅ Có sẵn nhiều phiên bản và màu sắc để lựa chọn.
✅ Hỗ trợ trả góp lên đến 80% giá trị xe.
✅ Hỗ trợ đăng ký, đăng kiểm và giao xe trên toàn quốc.
✅ Bảo hành chính hãng theo tiêu chuẩn VinFast.
✅ Cập nhật báo giá và chương trình bán hàng mới nhất từ VinFast.

✨ Điểm nổi bật của VinFast VF 8

✔️ Thiết kế SUV hiện đại, sang trọng và đậm chất châu Âu.
✔️ Khoang nội thất rộng rãi với nhiều tiện nghi cao cấp.
✔️ Động cơ điện mạnh mẽ, vận hành êm ái và tăng tốc ấn tượng.
✔️ Trang bị hệ thống hỗ trợ lái ADAS cùng nhiều công nghệ an toàn hiện đại.
✔️ Phù hợp cho gia đình, doanh nhân và khách hàng thường xuyên di chuyển đường dài.

📞 Liên hệ ngay để nhận báo giá VinFast VF 8 mới nhất, tư vấn phiên bản phù hợp, tính chi phí lăn bánh và cập nhật chương trình bán hàng chính hãng. SĐT liên hệ: 097648**** Hiện số"
otodien_B2C,"🚐 VINFAST EC VAN NEW 100% – XE TẢI VAN ĐIỆN THẾ HỆ MỚI, SẴN XE TƯ VẤN",268 triệu,268000000,0.0,2026.0,0,Mới,0.0,Thuê pin,"⚡ VinFast EC Van là mẫu xe tải van thuần điện được phát triển dành cho khách hàng cá nhân, hộ kinh doanh và doanh nghiệp vận chuyển. Với thiết kế nhỏ gọn, khoang hàng rộng rãi cùng khả năng vận hành êm ái, EC Van là giải pháp tối ưu cho nhu cầu giao hàng trong đô thị, giúp tiết kiệm chi phí vận hành và nâng cao hiệu quả kinh doanh.

🎁 XE NEW 100% CHÍNH HÃNG

✅ Có sẵn tư vấn và hỗ trợ đặt xe nhanh chóng.
✅ Hỗ trợ trả góp lên đến 80% giá trị xe.
✅ Hỗ trợ đăng ký, đăng kiểm và giao xe trên toàn quốc.
✅ Bảo hành chính hãng theo tiêu chuẩn VinFast.
✅ Cập nhật báo giá và chương trình bán hàng mới nhất từ VinFast.

✨ Điểm nổi bật của VinFast EC Van

✔️ Thiết kế nhỏ gọn, linh hoạt khi di chuyển trong khu vực đô thị.
✔️ Khoang chở hàng rộng rãi, đáp ứng đa dạng nhu cầu vận chuyển.
✔️ Động cơ điện vận hành mạnh mẽ, êm ái và không phát thải.
✔️ Chi phí nhiên liệu và bảo dưỡng tiết kiệm hơn so với xe sử dụng động cơ xăng, dầu.
✔️ Phù hợp cho giao hàng, chuyển phát nhanh, thương mại điện tử, cửa hàng và doanh nghiệp.

📞 Liên hệ ngay để nhận báo giá VinFast EC Van mới nhất, tư vấn phương án SĐT liên hệ: 097648**** Hiện số"
otodien_B2C,🔥 VINFAST VF MPV 7 NEW 100% – LỰA CHỌN HOÀN HẢO CHO GIA ĐÌNH,750 triệu,750000000,0.0,2026.0,0,Mới,0.0,Thuê pin,"⚡ VinFast VF MPV 7 là mẫu MPV thuần điện 7 chỗ được phát triển dành cho gia đình và khách hàng kinh doanh dịch vụ. Với thiết kế hiện đại, khoang nội thất rộng rãi, khả năng vận hành êm ái cùng nhiều công nghệ thông minh, VF MPV 7 mang đến trải nghiệm di chuyển thoải mái, an toàn và tiết kiệm chi phí.

🎁 XE NEW 100% CHÍNH HÃNG

✅ Có sẵn xe, hỗ trợ tư vấn và đặt xe nhanh chóng.
✅ Hỗ trợ trả góp lên đến 80% giá trị xe.
✅ Hỗ trợ đăng ký, đăng kiểm và giao xe trên toàn quốc.
✅ Bảo hành chính hãng theo tiêu chuẩn VinFast.
✅ Cập nhật báo giá và chính sách bán hàng mới nhất tại thời điểm mua xe.

✨ Điểm nổi bật của VinFast VF MPV 7

✔️ Thiết kế MPV 7 chỗ hiện đại, phù hợp cho gia đình và kinh doanh.
✔️ Không gian 3 hàng ghế rộng rãi, tối ưu sự thoải mái cho mọi hành khách.
✔️ Động cơ điện vận hành mạnh mẽ, êm ái và tiết kiệm chi phí sử dụng.
✔️ Trang bị nhiều công nghệ an toàn và tiện nghi hiện đại.
✔️ Chi phí vận hành và bảo dưỡng tối ưu, thân thiện với môi trường.

📞 Liên hệ ngay để nhận báo giá VinFast VF MPV 7 mới nhất, tư vấn phiên bản phù hợp, tính chi phí lăn bánh và cập nhật chương trình bán hàng chính hãng. SĐT liên hệ: 097648**** Hiện số"
otodien_B2C,"🔥 VINFAST VF 9 NEW 100% – GIÁ TỐT, HỖ TRỢ TRẢ GÓP LINH HOẠT",1 tỷ 529 triệu,1529000000,0.0,2026.0,0,Mới,0.0,Kèm pin,"⚡ VinFast VF 9 là mẫu SUV điện cỡ lớn 6–7 chỗ thuộc phân khúc cao cấp của VinFast. Xe nổi bật với thiết kế sang trọng, khoang nội thất rộng rãi, trang bị nhiều công nghệ thông minh cùng khả năng vận hành mạnh mẽ, đáp ứng hoàn hảo nhu cầu di chuyển của gia đình, doanh nhân và khách hàng yêu thích xe điện hạng sang.

🎁 XE NEW 100% CHÍNH HÃNG

✅ Có sẵn xe với nhiều phiên bản và màu sắc lựa chọn.
✅ Hỗ trợ trả góp lên đến 80% giá trị xe.
✅ Hỗ trợ đăng ký, đăng kiểm và giao xe trên toàn quốc.
✅ Bảo hành chính hãng theo tiêu chuẩn VinFast.
✅ Cập nhật báo giá và chương trình bán hàng mới nhất tại thời điểm mua xe.

✨ Điểm nổi bật của VinFast VF 9

✔️ Thiết kế SUV cỡ lớn sang trọng, mạnh mẽ và đẳng cấp.
✔️ Khoang nội thất 6–7 chỗ rộng rãi, sử dụng nhiều trang bị tiện nghi cao cấp.
✔️ Động cơ điện mạnh mẽ, vận hành êm ái và tăng tốc ấn tượng.
✔️ Hệ thống hỗ trợ lái nâng cao (ADAS) cùng nhiều tính năng an toàn hiện đại.
✔️ Quãng đường di chuyển dài, phù hợp cho cả nhu cầu đi lại hằng ngày và những chuyến hành trình xa.

📞 Liên hệ ngay để nhận báo giá VinFast VF 9 mới nhất, tư vấn phiên bản phù hợp, tính chi phí lăn bánh và cập nhật chương trình bán hàng chính hãng. SĐT liên hệ: 097648**** Hiện số"
otodien_B2C,VinFast VF8 2022 Plus cũ - 68000 km,595 triệu,595000000,68000.0,2022.0,4,Đã sử dụng,17000.0,Thuê pin,"Vf8 plus sx 2022
Thuê pin tiên phong 2tr1 tháng k giới hạn km - odo 6v8 
Xe đẹp suất sắc 
Giá: 595tr SĐT liên hệ: 091171**** Hiện số"
otodien_B2C,VinFast VF5 2025 Plus - 47000 km,420 triệu,420000000,47000.0,2025.0,1,Đã sử dụng,47000.0,Thuê pin,"VF5 plus 2025, odo 4.7 vạn Km
Xe 1 chủ, sơn zin 98%
Đã lên đủ đồ cơ bản
Bhtv 1 năm
Giá:  420tr SĐT liên hệ: 091171**** Hiện số"
otodien_B2C,"🚗 VINFAST VF 9 NEW 100% – SUV ĐIỆN HẠNG SANG, SẴN XE GIAO NGAY",1 tỷ 348 triệu,1348000000,0.0,2026.0,0,Mới,0.0,Thuê pin,"⚡ VinFast VF 9 là mẫu SUV điện cỡ lớn 6–7 chỗ thuộc phân khúc cao cấp của VinFast. Xe nổi bật với thiết kế sang trọng, khoang nội thất rộng rãi, trang bị nhiều công nghệ thông minh cùng khả năng vận hành mạnh mẽ, đáp ứng hoàn hảo nhu cầu di chuyển của gia đình, doanh nhân và khách hàng yêu thích xe điện hạng sang.

🎁 XE NEW 100% CHÍNH HÃNG

✅ Có sẵn xe với nhiều phiên bản và màu sắc lựa chọn.
✅ Hỗ trợ trả góp lên đến 80% giá trị xe.
✅ Hỗ trợ đăng ký, đăng kiểm và giao xe trên toàn quốc.
✅ Bảo hành chính hãng theo tiêu chuẩn VinFast.
✅ Cập nhật báo giá và chương trình bán hàng mới nhất tại thời điểm mua xe.

✨ Điểm nổi bật của VinFast VF 9

✔️ Thiết kế SUV cỡ lớn sang trọng, mạnh mẽ và đẳng cấp.
✔️ Khoang nội thất 6–7 chỗ rộng rãi, sử dụng nhiều trang bị tiện nghi cao cấp.
✔️ Động cơ điện mạnh mẽ, vận hành êm ái và tăng tốc ấn tượng.
✔️ Hệ thống hỗ trợ lái nâng cao (ADAS) cùng nhiều tính năng an toàn hiện đại.
✔️ Quãng đường di chuyển dài, phù hợp cho cả nhu cầu đi lại hằng ngày và những chuyến hành trình xa.

📞 Liên hệ ngay để nhận báo giá VinFast VF 9 mới nhất, tư vấn phiên bản phù hợp, tính chi phí lăn bánh và cập nhật chương trình bán hàng chính hãng. SĐT liên hệ: 097648**** Hiện số"
otodien_B2C,"🚗 VINFAST VF 8 ALL NEW 100% – THIẾT KẾ MỚI, SẴN XE GIAO NGAY",1 tỷ 079 triệu,1079000000,0.0,2026.0,0,Mới,0.0,Kèm pin,"⚡ VinFast VF 8 All New là mẫu SUV điện hạng D nổi bật với thiết kế sang trọng, khoang nội thất rộng rãi và hàng loạt công nghệ thông minh thế hệ mới. Xe mang đến khả năng vận hành mạnh mẽ, trải nghiệm lái êm ái cùng nhiều tính năng an toàn tiên tiến, phù hợp cho gia đình, doanh nhân và khách hàng yêu thích xe điện cao cấp.

🎁 XE NEW 100% CHÍNH HÃNG

✅ Có sẵn xe với nhiều phiên bản và màu sắc để lựa chọn.
✅ Hỗ trợ trả góp lên đến 80% giá trị xe.
✅ Hỗ trợ đăng ký, đăng kiểm và giao xe trên toàn quốc.
✅ Bảo hành chính hãng theo tiêu chuẩn VinFast.
✅ Cập nhật báo giá và chương trình bán hàng mới nhất tại thời điểm mua xe.

✨ Điểm nổi bật của VinFast VF 8 All New

✔️ Thiết kế ngoại thất hiện đại, mạnh mẽ và đậm chất SUV cao cấp.
✔️ Nội thất sang trọng với màn hình cảm ứng lớn, ghế chỉnh điện và nhiều tiện nghi thông minh.
✔️ Động cơ điện mạnh mẽ, tăng tốc ấn tượng và vận hành êm ái.
✔️ Trang bị hệ thống hỗ trợ lái nâng cao (ADAS) cùng nhiều công nghệ an toàn hiện đại.
✔️ Không gian rộng rãi, phù hợp cho gia đình và những chuyến đi đường dài.

📞 Liên hệ ngay để nhận báo giá VinFast VF 8 All New mới nhất, tư vấn phiên bản phù hợp, tính chi phí lăn bánh và cập nhật chương trình bán hàng chính hãng. SĐT liên hệ: 097648**** Hiện số"
otodien_B2C,"🔥 VINFAST VF 8 ALL NEW 100% – GIÁ TỐT, HỖ TRỢ TRẢ GÓP",898 triệu,898000000,0.0,2026.0,0,Mới,0.0,Thuê pin,"⚡ VinFast VF 8 All New là mẫu SUV điện hạng D nổi bật với thiết kế sang trọng, khoang nội thất rộng rãi và hàng loạt công nghệ thông minh thế hệ mới. Xe mang đến khả năng vận hành mạnh mẽ, trải nghiệm lái êm ái cùng nhiều tính năng an toàn tiên tiến, phù hợp cho gia đình, doanh nhân và khách hàng yêu thích xe điện cao cấp.

🎁 XE NEW 100% CHÍNH HÃNG

✅ Có sẵn xe với nhiều phiên bản và màu sắc để lựa chọn.
✅ Hỗ trợ trả góp lên đến 80% giá trị xe.
✅ Hỗ trợ đăng ký, đăng kiểm và giao xe trên toàn quốc.
✅ Bảo hành chính hãng theo tiêu chuẩn VinFast.
✅ Cập nhật báo giá và chương trình bán hàng mới nhất tại thời điểm mua xe.

✨ Điểm nổi bật của VinFast VF 8 All New

✔️ Thiết kế ngoại thất hiện đại, mạnh mẽ và đậm chất SUV cao cấp.
✔️ Nội thất sang trọng với màn hình cảm ứng lớn, ghế chỉnh điện và nhiều tiện nghi thông minh.
✔️ Động cơ điện mạnh mẽ, tăng tốc ấn tượng và vận hành êm ái.
✔️ Trang bị hệ thống hỗ trợ lái nâng cao (ADAS) cùng nhiều công nghệ an toàn hiện đại.
✔️ Không gian rộng rãi, phù hợp cho gia đình và những chuyến đi đường dài.

📞 Liên hệ ngay để nhận báo giá VinFast VF 8 All New mới nhất, tư vấn phiên bản phù hợp, tính chi phí lăn bánh và cập nhật chương trình bán hàng chính hãng. SĐT liên hệ: 097648**** Hiện số"
otodien_B2C,"🚗 VINFAST VF 6 NEW 100% – SUV ĐIỆN HIỆN ĐẠI, SẴN XE GIAO NGAY 2026",646 triệu,646000000,0.0,2026.0,0,Mới,0.0,Thuê pin,"⚡ VinFast VF 6 là mẫu SUV điện hạng B được thiết kế dành cho khách hàng trẻ và gia đình hiện đại. Với kiểu dáng năng động, không gian nội thất rộng rãi, công nghệ thông minh cùng khả năng vận hành mạnh mẽ, VF 6 mang đến trải nghiệm lái tiện nghi, an toàn và tiết kiệm chi phí trong mọi hành trình.

🎁 XE NEW 100% CHÍNH HÃNG

✅ Có sẵn xe với nhiều phiên bản và màu sắc.
✅ Hỗ trợ trả góp lên đến 80% giá trị xe.
✅ Hỗ trợ đăng ký, đăng kiểm và giao xe trên toàn quốc.
✅ Bảo hành chính hãng theo tiêu chuẩn VinFast.
✅ Cập nhật báo giá và chương trình bán hàng mới nhất tại thời điểm mua xe.

✨ Điểm nổi bật của VinFast VF 6

✔️ Thiết kế SUV hiện đại, trẻ trung và đậm phong cách châu Âu.
✔️ Khoang nội thất rộng rãi với màn hình giải trí trung tâm lớn và nhiều tiện nghi thông minh.
✔️ Động cơ điện vận hành mạnh mẽ, tăng tốc mượt mà và tiết kiệm chi phí sử dụng.
✔️ Trang bị nhiều tính năng hỗ trợ lái và công nghệ an toàn tiên tiến.
✔️ Phù hợp cho nhu cầu đi làm, di chuyển trong đô thị và những chuyến du lịch cùng gia đình.

📞 Liên hệ ngay để nhận báo giá VinFast VF 6 mới nhất, tư vấn phiên bản phù hợp, tính chi phí lăn bánh và cập nhật chương trình bán hàng chính hãng. SĐT liên hệ: 097648**** Hiện số"
otodien_B2C,VinFast VF8 2023 Plus cũ - 50000 km,735 triệu,735000000,50000.0,2023.0,3,Đã sử dụng,16667.0,Thuê pin,"VF8 Plus Vin2023 pin catl 
odo 5v sẵn hs sang tên
đen nt kem 
giá áp full chính sách còn 735tr
ko có xe xăng giá 805tr SĐT liên hệ: 082623**** Hiện số"
otodien_B2C,"💥 VINFAST LIMO GREEN NEW 100% – HỖ TRỢ TRẢ GÓP, GIAO XE TOÀN QUỐC",699 triệu,699000000,0.0,2026.0,0,Mới,0.0,Thuê pin,"⚡ VinFast Limo Green là mẫu MPV điện 7 chỗ thế hệ mới được phát triển dành cho gia đình và khách hàng kinh doanh vận tải. Sở hữu thiết kế hiện đại, khoang nội thất rộng rãi, khả năng vận hành êm ái cùng nhiều công nghệ thông minh, Limo Green mang đến trải nghiệm di chuyển thoải mái, an toàn và tiết kiệm chi phí.

🎁 XE NEW 100% CHÍNH HÃNG

✅ Có sẵn tư vấn đặt xe và cập nhật lịch bàn giao mới nhất.
✅ Hỗ trợ trả góp lên đến 80% giá trị xe.
✅ Hỗ trợ đăng ký, đăng kiểm và giao xe trên toàn quốc.
✅ Bảo hành chính hãng theo tiêu chuẩn VinFast.
✅ Cập nhật báo giá và chính sách bán hàng mới nhất từ VinFast.

✨ Điểm nổi bật của VinFast Limo Green

✔️ Thiết kế MPV điện 7 chỗ hiện đại, phù hợp cho gia đình và kinh doanh dịch vụ.
✔️ Không gian nội thất 3 hàng ghế rộng rãi, tối ưu sự thoải mái trên mọi hành trình.
✔️ Động cơ điện vận hành mạnh mẽ, êm ái và tiết kiệm chi phí sử dụng.
✔️ Trang bị nhiều công nghệ an toàn và tiện nghi hiện đại.
✔️ Chi phí vận hành thấp, không phát thải, thân thiện với môi trường.

📞 Liên hệ ngay để nhận báo giá VinFast Limo Green mới nhất, tư vấn trả góp, tính chi phí lăn bánh và cập nhật chương trình bán hàng chính hãng. SĐT liên hệ: 097648**** Hiện số"
otodien_B2C,🎯 VINFAST VF 2 NEW 100% – NHẬN TƯ VẤN VÀ CẬP NHẬT CHÍNH SÁCH MỚI NHẤT,188 triệu,188000000,0.0,2026.0,0,Mới,0.0,Thuê pin,"⚡ VinFast VF 2 là mẫu mini SUV điện thế hệ mới hướng đến khách hàng trẻ, gia đình nhỏ và người thường xuyên di chuyển trong đô thị. Với thiết kế hiện đại, kích thước nhỏ gọn cùng nhiều công nghệ thông minh, VF 2 mang đến giải pháp di chuyển xanh, tiết kiệm và thuận tiện cho cuộc sống hằng ngày.

🎁 XE NEW 100% CHÍNH HÃNG

✅ Hỗ trợ tư vấn đặt xe và cập nhật lịch mở bán mới nhất.
✅ Hỗ trợ trả góp lên đến 80% giá trị xe.
✅ Hỗ trợ đăng ký, đăng kiểm và giao xe trên toàn quốc khi xe được bàn giao.
✅ Bảo hành chính hãng theo tiêu chuẩn VinFast.
✅ Cập nhật báo giá và chính sách bán hàng mới nhất từ VinFast.

✨ Điểm nổi bật của VinFast VF 2

✔️ Thiết kế mini SUV hiện đại, trẻ trung và cá tính.
✔️ Kích thước nhỏ gọn, linh hoạt khi di chuyển trong đô thị đông đúc.
✔️ Động cơ điện vận hành êm ái, tiết kiệm chi phí sử dụng.
✔️ Nội thất tối ưu không gian, đáp ứng tốt nhu cầu di chuyển hằng ngày.
✔️ Trang bị nhiều tiện ích và công nghệ an toàn theo định hướng xe điện thế hệ mới.

📞 Liên hệ ngay để đăng ký nhận thông tin VinFast VF 2, cập nhật thời gian mở bán, dự kiến giá bán, chính sách ưu đãi và tư vấn phương án sở hữu phù hợp ngay từ hôm nay. SĐT liên hệ: 097648**** Hiện số"
otodien_B2C,"🚗 VINFAST VF 7 NEW 100% – SUV ĐIỆN THỂ THAO, CÔNG NGHỆ DẪN ĐẦU, SẴN SÀNG BÀN GIAO",840 triệu,840000000,0.0,2026.0,0,Mới,0.0,Thuê pin,"⚡ VinFast VF 7 là mẫu SUV điện hạng C nổi bật với thiết kế Coupe thể thao, ngoại hình cá tính cùng hàng loạt công nghệ thông minh thế hệ mới. Xe mang đến trải nghiệm vận hành mạnh mẽ, khoang nội thất hiện đại và nhiều tính năng an toàn tiên tiến, phù hợp với khách hàng trẻ, gia đình và những người yêu thích xe điện công nghệ cao.

🎁 XE NEW 100% CHÍNH HÃNG

✅ Có sẵn xe với nhiều phiên bản và màu sắc lựa chọn.
✅ Hỗ trợ trả góp lên đến 80% giá trị xe.
✅ Hỗ trợ đăng ký, đăng kiểm và giao xe trên toàn quốc.
✅ Bảo hành chính hãng theo tiêu chuẩn VinFast.
✅ Cập nhật báo giá và chương trình bán hàng mới nhất từ VinFast.

✨ Điểm nổi bật của VinFast VF 7

✔️ Thiết kế SUV Coupe hiện đại, thể thao và khác biệt.
✔️ Nội thất cao cấp với màn hình trung tâm lớn và nhiều tiện nghi thông minh.
✔️ Động cơ điện vận hành mạnh mẽ, tăng tốc nhanh và êm ái.
✔️ Trang bị hệ thống hỗ trợ lái nâng cao (ADAS) cùng nhiều công nghệ an toàn hiện đại.
✔️ Phù hợp cho nhu cầu di chuyển hằng ngày, công tác và những chuyến đi xa.

📞 Liên hệ ngay để nhận báo giá VinFast VF 7 mới nhất, tư vấn trả góp, tính chi phí lăn bánh và cập nhật chương trình bán hàng chính hãng. SĐT liên hệ: 097648**** Hiện số"
otodien_B2C,"💥 VINFAST VF 3 NEW 100% – HỖ TRỢ TRẢ GÓP, THỦ TỤC NHANH",296 triệu,296000000,0.0,2026.0,0,Mới,0.0,Thuê pin,"⚡ VinFast VF 3 là mẫu mini SUV thuần điện nổi bật với thiết kế nhỏ gọn, cá tính và khả năng vận hành linh hoạt. Xe phù hợp cho khách hàng trẻ, gia đình nhỏ, người mua xe lần đầu hoặc nhu cầu di chuyển hằng ngày trong đô thị. Với chi phí vận hành tiết kiệm và nhiều công nghệ hiện đại, VF 3 đang là một trong những mẫu xe điện được quan tâm nhất hiện nay.

🎁 XE NEW 100% CHÍNH HÃNG

✅ Có sẵn xe với nhiều màu sắc lựa chọn.
✅ Hỗ trợ trả góp lên đến 80% giá trị xe.
✅ Hỗ trợ đăng ký, đăng kiểm và giao xe trên toàn quốc.
✅ Bảo hành chính hãng theo tiêu chuẩn VinFast.
✅ Cập nhật báo giá và chương trình bán hàng mới nhất từ VinFast.

✨ Điểm nổi bật của VinFast VF 3

✔️ Thiết kế mini SUV hiện đại, trẻ trung và đậm phong cách cá nhân.
✔️ Kích thước nhỏ gọn, dễ dàng di chuyển và đỗ xe trong đô thị.
✔️ Động cơ điện vận hành êm ái, tiết kiệm chi phí sử dụng.
✔️ Nội thất tối ưu không gian với nhiều tiện nghi phục vụ nhu cầu hằng ngày.
✔️ Phù hợp cho đi học, đi làm, đưa đón gia đình và kinh doanh dịch vụ.

📞 Liên hệ ngay để nhận báo giá VinFast VF 3 mới nhất, tư vấn trả góp, tính chi phí lăn bánh và cập nhật chương trình bán hàng chính hãng. SĐT liên hệ: 097648**** Hiện số"
otodien_B2C,🎯 VINFAST VF 5 NEW 100% – NHẬN BÁO GIÁ VÀ TƯ VẤN NGAY HÔM NAY,496 triệu,496000000,0.0,2026.0,0,Mới,0.0,Thuê pin,"⚡ VinFast VF 5 là mẫu SUV điện hạng A được nhiều khách hàng lựa chọn nhờ thiết kế hiện đại, kích thước nhỏ gọn, vận hành linh hoạt và chi phí sử dụng tiết kiệm. Với không gian 5 chỗ rộng rãi, nhiều tiện nghi thông minh cùng khả năng vận hành ổn định, VF 5 là lựa chọn phù hợp cho gia đình trẻ, người mua xe lần đầu và khách hàng kinh doanh dịch vụ.

🎁 XE NEW 100% CHÍNH HÃNG

✅ Có sẵn xe với nhiều màu sắc để lựa chọn.
✅ Hỗ trợ trả góp lên đến 80% giá trị xe.
✅ Hỗ trợ đăng ký, đăng kiểm và giao xe trên toàn quốc.
✅ Bảo hành chính hãng theo tiêu chuẩn VinFast.
✅ Cập nhật báo giá và chính sách bán hàng mới nhất từ VinFast.

✨ Điểm nổi bật của VinFast VF 5

✔️ Thiết kế SUV nhỏ gọn, trẻ trung và năng động.
✔️ Không gian nội thất tiện nghi, đáp ứng tốt nhu cầu sử dụng hằng ngày.
✔️ Động cơ điện vận hành mạnh mẽ, êm ái và tiết kiệm chi phí sử dụng.
✔️ Trang bị nhiều công nghệ an toàn và hỗ trợ lái hiện đại.
✔️ Phù hợp cho cả nhu cầu di chuyển cá nhân, gia đình và kinh doanh dịch vụ.

📞 Liên hệ ngay để nhận báo giá VinFast VF 5 mới nhất, tư vấn phiên bản phù hợp, tính chi phí lăn bánh và cập nhật chương trình bán hàng chính hãng. SĐT liên hệ: 097648**** Hiện số"
otodien_B2C,"🔥 VINFAST VF 3 NEW 100% – GIÁ TỐT, SẴN XE GIAO NGAY",278 triệu,278000000,0.0,2026.0,0,Mới,0.0,Thuê pin,"⚡ VinFast VF 3 là mẫu mini SUV thuần điện nổi bật với thiết kế nhỏ gọn, cá tính và khả năng vận hành linh hoạt. Xe phù hợp cho khách hàng trẻ, gia đình nhỏ, người mua xe lần đầu hoặc nhu cầu di chuyển hằng ngày trong đô thị. Với chi phí vận hành tiết kiệm và nhiều công nghệ hiện đại, VF 3 đang là một trong những mẫu xe điện được quan tâm nhất hiện nay.

🎁 XE NEW 100% CHÍNH HÃNG

✅ Có sẵn xe với nhiều màu sắc lựa chọn.
✅ Hỗ trợ trả góp lên đến 80% giá trị xe.
✅ Hỗ trợ đăng ký, đăng kiểm và giao xe trên toàn quốc.
✅ Bảo hành chính hãng theo tiêu chuẩn VinFast.
✅ Cập nhật báo giá và chương trình bán hàng mới nhất từ VinFast.

✨ Điểm nổi bật của VinFast VF 3

✔️ Thiết kế mini SUV hiện đại, trẻ trung và đậm phong cách cá nhân.
✔️ Kích thước nhỏ gọn, dễ dàng di chuyển và đỗ xe trong đô thị.
✔️ Động cơ điện vận hành êm ái, tiết kiệm chi phí sử dụng.
✔️ Nội thất tối ưu không gian với nhiều tiện nghi phục vụ nhu cầu hằng ngày.
✔️ Phù hợp cho đi học, đi làm, đưa đón gia đình và kinh doanh dịch vụ.

📞 Liên hệ ngay để nhận báo giá VinFast VF 3 mới nhất, tư vấn trả góp, tính chi phí lăn bánh và cập nhật chương trình bán hàng chính hãng. SĐT liên hệ: 097648**** Hiện số"
otodien_B2C,🚗 VINFAST MINIO GREEN NEW 100% – XE ĐIỆN ĐÔ THỊ GIÁ TỐT,269 triệu,269000000,0.0,2026.0,0,Mới,0.0,Thuê pin,"⚡ VinFast Minio Green là mẫu xe điện đô thị cỡ nhỏ được phát triển dành cho nhu cầu di chuyển hằng ngày và kinh doanh dịch vụ. Với thiết kế hiện đại, kích thước linh hoạt, chi phí vận hành tiết kiệm cùng khả năng di chuyển thuận tiện trong phố, Minio Green là lựa chọn phù hợp cho cá nhân, gia đình và khách hàng kinh doanh.

🎁 XE NEW 100% CHÍNH HÃNG

✅ Có sẵn tư vấn đặt xe và cập nhật lịch bàn giao mới nhất.
✅ Hỗ trợ trả góp lên đến 80% giá trị xe.
✅ Hỗ trợ đăng ký, đăng kiểm và giao xe trên toàn quốc.
✅ Bảo hành chính hãng theo tiêu chuẩn VinFast.
✅ Cập nhật báo giá và chương trình bán hàng mới nhất từ VinFast.

✨ Điểm nổi bật của VinFast Minio Green

✔️ Thiết kế nhỏ gọn, dễ dàng di chuyển trong đô thị.
✔️ Khoang nội thất tối ưu không gian, đáp ứng nhu cầu sử dụng hằng ngày.
✔️ Động cơ điện vận hành êm ái, tiết kiệm chi phí nhiên liệu và bảo dưỡng.
✔️ Phù hợp cho khách hàng cá nhân, gia đình và kinh doanh dịch vụ.
✔️ Không phát thải, góp phần xây dựng xu hướng giao thông xanh và bền vững.

📞 Liên hệ ngay để nhận báo giá VinFast Minio Green mới nhất, tư vấn trả góp, tính chi phí lăn bánh và cập nhật chính sách bán hàng chính hãng. SĐT liên hệ: 097648**** Hiện số"
otodien_B2C,"🔥 VINFAST VF8 PLUS NEW 100% – HỖ TRỢ TRẢ GÓP, THỦ TỤC NHANH GỌN",1 tỷ 079 triệu,1079000000,0.0,2026.0,0,Mới,0.0,Kèm pin,"⚡ VinFast VF 8 là mẫu SUV điện hạng D được thiết kế dành cho những khách hàng yêu thích sự sang trọng, mạnh mẽ và công nghệ tiên tiến. Với không gian 5 chỗ rộng rãi, khả năng vận hành ấn tượng cùng nhiều tính năng hỗ trợ lái thông minh, VF 8 đáp ứng tốt nhu cầu di chuyển hằng ngày cũng như những chuyến đi đường dài.

🎁 XE NEW 100% CHÍNH HÃNG

✅ Có sẵn nhiều phiên bản và màu sắc để lựa chọn.
✅ Hỗ trợ trả góp lên đến 80% giá trị xe.
✅ Hỗ trợ đăng ký, đăng kiểm và giao xe trên toàn quốc.
✅ Bảo hành chính hãng theo tiêu chuẩn VinFast.
✅ Cập nhật báo giá và chương trình bán hàng mới nhất từ VinFast.

✨ Điểm nổi bật của VinFast VF 8

✔️ Thiết kế SUV hiện đại, sang trọng và đậm chất châu Âu.
✔️ Khoang nội thất rộng rãi với nhiều tiện nghi cao cấp.
✔️ Động cơ điện mạnh mẽ, vận hành êm ái và tăng tốc ấn tượng.
✔️ Trang bị hệ thống hỗ trợ lái ADAS cùng nhiều công nghệ an toàn hiện đại.
✔️ Phù hợp cho gia đình, doanh nhân và khách hàng thường xuyên di chuyển đường dài.

📞 Liên hệ ngay để nhận báo giá VinFast VF 8 mới nhất, tư vấn phiên bản phù hợp, tính chi phí lăn bánh và cập nhật chương trình bán hàng chính hãng.
Ưu đãi hiện tại: Chính sách VF 85 tr.
Nếu kh công an bộ đội 5%
Nếu có vc xe xăng lux SA thêm 80 tr nữa. SĐT liên hệ: 097648**** Hiện số"
otodien_B2C,VinFast VF3 2024 thuê pin tiên phong - 20000 km,199 triệu,199000000,20000.0,2024.0,2,Đã sử dụng,10000.0,Thuê pin,"VF3 2024 thuê pin tiên phong 900k/1 tháng
Odo 20.000 km
Sạc free
Đã nâng cấp
1. Film
2. Sàn
3. Bọc ghế
4. Bọc vô lăng
5. Ốp lazang
6. Đèn led 
Giá 199 tr SĐT liên hệ: 098234**** Hiện số"
otodien_B2C,💥 VINFAST VF 6 NEW 100% – NHẬN BÁO GIÁ VÀ TƯ VẤN NGAY HÔM NAY,699 triệu,699000000,0.0,2026.0,0,Mới,0.0,Thuê pin,"⚡ VinFast VF 6 là mẫu SUV điện hạng B được thiết kế dành cho khách hàng trẻ và gia đình hiện đại. Với kiểu dáng năng động, không gian nội thất rộng rãi, công nghệ thông minh cùng khả năng vận hành mạnh mẽ, VF 6 mang đến trải nghiệm lái tiện nghi, an toàn và tiết kiệm chi phí trong mọi hành trình.

🎁 XE NEW 100% CHÍNH HÃNG

✅ Có sẵn xe với nhiều phiên bản và màu sắc.
✅ Hỗ trợ trả góp lên đến 80% giá trị xe.
✅ Hỗ trợ đăng ký, đăng kiểm và giao xe trên toàn quốc.
✅ Bảo hành chính hãng theo tiêu chuẩn VinFast.
✅ Cập nhật báo giá và chương trình bán hàng mới nhất tại thời điểm mua xe.

✨ Điểm nổi bật của VinFast VF 6

✔️ Thiết kế SUV hiện đại, trẻ trung và đậm phong cách châu Âu.
✔️ Khoang nội thất rộng rãi với màn hình giải trí trung tâm lớn và nhiều tiện nghi thông minh.
✔️ Động cơ điện vận hành mạnh mẽ, tăng tốc mượt mà và tiết kiệm chi phí sử dụng.
✔️ Trang bị nhiều tính năng hỗ trợ lái và công nghệ an toàn tiên tiến.
✔️ Phù hợp cho nhu cầu đi làm, di chuyển trong đô thị và những chuyến du lịch cùng gia đình.

📞 Liên hệ ngay để nhận báo giá VinFast VF 6 mới nhất, tư vấn phiên bản phù hợp, tính chi phí lăn bánh và cập nhật chương trình bán hàng chính hãng. SĐT liên hệ: 076321**** Hiện số"
otodien_B2C,VinFast VF9 2025 Plus - 17000 km,1 tỷ 279 triệu,1279000000,17000.0,2025.0,1,Đã sử dụng,17000.0,Thuê pin,"VF9 plus 2025
7 chỗ trần thép
Mua pin catl
Đen nt kem
Đã nâng cấp film, sàn
Sạc free không giới hạn đến T6/2027
Sau đó sạc 10 lần đến T4/2028
Odo 17.000 km
Giá 1.279 SĐT liên hệ: 098234**** Hiện số"
otodien_B2C,VinFast VF6 2025 Plus - 24000 km,630 triệu,630000000,24000.0,2025.0,1,Đã sử dụng,24000.0,Thuê pin,"VF6 Plus 2025
Xanh bộ đội - nội thất nâu.
Odo 2,4 vạn
Xe 1 chủ, giữ gìn, bhvt 7 tháng
Miễn sạc không giới hạn
Giá: 630tr SĐT liên hệ: 091171**** Hiện số"
otodien_B2C,VinFast VF9 2024 Plus - 41000 km,1 tỷ 145 triệu,1145000000,41000.0,2024.0,2,Đã sử dụng,20500.0,Thuê pin,"VF9 Plus sx 2024, 7 chỗ trần thép odo 4v1 km, Xe mua đứt pin ,Pin Calt không giới hạn số lần sạc. Xuất hóa đơn 1tỷ
Giá: 1,145Ttỷ SĐT liên hệ: 097538**** Hiện số"
otodien_B2C,"⚡ VINFAST VF 6 NEW 100% – THIẾT KẾ TRẺ TRUNG, CÔNG NGHỆ THÔNG MINH",646 triệu,646000000,0.0,2026.0,0,Mới,0.0,Thuê pin,"⚡ VinFast VF 6 là mẫu SUV điện hạng B được thiết kế dành cho khách hàng trẻ và gia đình hiện đại. Với kiểu dáng năng động, không gian nội thất rộng rãi, công nghệ thông minh cùng khả năng vận hành mạnh mẽ, VF 6 mang đến trải nghiệm lái tiện nghi, an toàn và tiết kiệm chi phí trong mọi hành trình.

🎁 XE NEW 100% CHÍNH HÃNG

✅ Có sẵn xe với nhiều phiên bản và màu sắc.
✅ Hỗ trợ trả góp lên đến 80% giá trị xe.
✅ Hỗ trợ đăng ký, đăng kiểm và giao xe trên toàn quốc.
✅ Bảo hành chính hãng theo tiêu chuẩn VinFast.
✅ Cập nhật báo giá và chương trình bán hàng mới nhất tại thời điểm mua xe.

✨ Điểm nổi bật của VinFast VF 6

✔️ Thiết kế SUV hiện đại, trẻ trung và đậm phong cách châu Âu.
✔️ Khoang nội thất rộng rãi với màn hình giải trí trung tâm lớn và nhiều tiện nghi thông minh.
✔️ Động cơ điện vận hành mạnh mẽ, tăng tốc mượt mà và tiết kiệm chi phí sử dụng.
✔️ Trang bị nhiều tính năng hỗ trợ lái và công nghệ an toàn tiên tiến.
✔️ Phù hợp cho nhu cầu đi làm, di chuyển trong đô thị và những chuyến du lịch cùng gia đình.

📞 Liên hệ ngay để nhận báo giá VinFast VF 6 mới nhất, tư vấn phiên bản phù hợp, tính chi phí lăn bánh và cập nhật chương trình bán hàng chính hãng. SĐT liên hệ: 076321**** Hiện số"
otodien_B2C,VinFast VF3 2024 - 20000 km,205 triệu,205000000,20000.0,2024.0,2,Đã sử dụng,10000.0,Thuê pin,"Vf3 vin 2024 thuê pin tiên phong odo 2v 
Xe lên flim , sàn , bọc ghế 
Giá 205 SĐT liên hệ: 098234**** Hiện số"
otodien_B2C,VinFast VF8 2025 Lux Plus - 16000 km,890 triệu,890000000,16000.0,2025.0,1,Đã sử dụng,16000.0,Thuê pin,"VF8 lux plus 2025 mua pin Catl odo 16.000km 
Chính sách sạc ko giới hạn 30/6/2027 
Giá 890 SĐT liên hệ: 098234**** Hiện số"
otodien_B2C,VinFast VF5 2025 Plus cũ - 40000 km,405 triệu,405000000,40000.0,2025.0,1,Đã sử dụng,40000.0,Thuê pin,"Vf5 plus 2025 odo 4v màu xám mới
Xe 1 chủ từ mới sơn zin 100% . Bao check test toàn quốc
Xe được sac thoải mái không giới hạn số lần sac
Xe đã trang bị : Phim cách nhiệt, thảm sàn, camera hành trình, bệ tì tay SĐT liên hệ: 091171**** Hiện số"
otodien_B2C,🎯 VINFAST VF 3 NEW 100% – NHẬN BÁO GIÁ VÀ TƯ VẤN NGAY HÔM NAY,296 triệu,296000000,0.0,2026.0,0,Mới,0.0,Thuê pin,"⚡ VinFast VF 3 là mẫu mini SUV thuần điện nổi bật với thiết kế nhỏ gọn, cá tính và khả năng vận hành linh hoạt. Xe phù hợp cho khách hàng trẻ, gia đình nhỏ, người mua xe lần đầu hoặc nhu cầu di chuyển hằng ngày trong đô thị. Với chi phí vận hành tiết kiệm và nhiều công nghệ hiện đại, VF 3 đang là một trong những mẫu xe điện được quan tâm nhất hiện nay.

🎁 XE NEW 100% CHÍNH HÃNG

✅ Có sẵn xe với nhiều màu sắc lựa chọn.
✅ Hỗ trợ trả góp lên đến 80% giá trị xe.
✅ Hỗ trợ đăng ký, đăng kiểm và giao xe trên toàn quốc.
✅ Bảo hành chính hãng theo tiêu chuẩn VinFast.
✅ Cập nhật báo giá và chương trình bán hàng mới nhất từ VinFast.

✨ Điểm nổi bật của VinFast VF 3

✔️ Thiết kế mini SUV hiện đại, trẻ trung và đậm phong cách cá nhân.
✔️ Kích thước nhỏ gọn, dễ dàng di chuyển và đỗ xe trong đô thị.
✔️ Động cơ điện vận hành êm ái, tiết kiệm chi phí sử dụng.
✔️ Nội thất tối ưu không gian với nhiều tiện nghi phục vụ nhu cầu hằng ngày.
✔️ Phù hợp cho đi học, đi làm, đưa đón gia đình và kinh doanh dịch vụ.

📞 Liên hệ ngay để nhận báo giá VinFast VF 3 mới nhất, tư vấn trả góp, tính chi phí lăn bánh và cập nhật chương trình bán hàng chính hãng. SĐT liên hệ: 076321**** Hiện số"
otodien_B2C,"🚗 VINFAST VF 2 NEW 100% – MINI SUV ĐIỆN THÔNG MINH, NHỎ GỌN, SẴN SÀNG ĐÓN ĐẦU",188 triệu,188000000,0.0,2026.0,0,Mới,0.0,Thuê pin,"⚡ VinFast VF 2 là mẫu mini SUV điện thế hệ mới hướng đến khách hàng trẻ, gia đình nhỏ và người thường xuyên di chuyển trong đô thị. Với thiết kế hiện đại, kích thước nhỏ gọn cùng nhiều công nghệ thông minh, VF 2 mang đến giải pháp di chuyển xanh, tiết kiệm và thuận tiện cho cuộc sống hằng ngày.

🎁 XE NEW 100% CHÍNH HÃNG

✅ Hỗ trợ tư vấn đặt xe và cập nhật lịch mở bán mới nhất.
✅ Hỗ trợ trả góp lên đến 80% giá trị xe.
✅ Hỗ trợ đăng ký, đăng kiểm và giao xe trên toàn quốc khi xe được bàn giao.
✅ Bảo hành chính hãng theo tiêu chuẩn VinFast.
✅ Cập nhật báo giá và chính sách bán hàng mới nhất từ VinFast.

✨ Điểm nổi bật của VinFast VF 2

✔️ Thiết kế mini SUV hiện đại, trẻ trung và cá tính.
✔️ Kích thước nhỏ gọn, linh hoạt khi di chuyển trong đô thị đông đúc.
✔️ Động cơ điện vận hành êm ái, tiết kiệm chi phí sử dụng.
✔️ Nội thất tối ưu không gian, đáp ứng tốt nhu cầu di chuyển hằng ngày.
✔️ Trang bị nhiều tiện ích và công nghệ an toàn theo định hướng xe điện thế hệ mới.

📞 Liên hệ ngay để đăng ký nhận thông tin VinFast VF 2, cập nhật thời gian mở bán, dự kiến giá bán, chính sách ưu đãi và tư vấn phương án sở hữu phù hợp ngay từ hôm nay. SĐT liên hệ: 039229**** Hiện số"
otodien_B2C,"💥 VINFAST VF 3 NEW 100% – HỖ TRỢ TRẢ GÓP, THỦ TỤC NHANH",285 triệu,285000000,0.0,2026.0,0,Mới,0.0,Thuê pin,"⚡ VinFast VF 3 là mẫu mini SUV thuần điện nổi bật với thiết kế nhỏ gọn, cá tính và khả năng vận hành linh hoạt. Xe phù hợp cho khách hàng trẻ, gia đình nhỏ, người mua xe lần đầu hoặc nhu cầu di chuyển hằng ngày trong đô thị. Với chi phí vận hành tiết kiệm và nhiều công nghệ hiện đại, VF 3 đang là một trong những mẫu xe điện được quan tâm nhất hiện nay.

🎁 XE NEW 100% CHÍNH HÃNG

✅ Có sẵn xe với nhiều màu sắc lựa chọn.
✅ Hỗ trợ trả góp lên đến 80% giá trị xe.
✅ Hỗ trợ đăng ký, đăng kiểm và giao xe trên toàn quốc.
✅ Bảo hành chính hãng theo tiêu chuẩn VinFast.
✅ Cập nhật báo giá và chương trình bán hàng mới nhất từ VinFast.

✨ Điểm nổi bật của VinFast VF 3

✔️ Thiết kế mini SUV hiện đại, trẻ trung và đậm phong cách cá nhân.
✔️ Kích thước nhỏ gọn, dễ dàng di chuyển và đỗ xe trong đô thị.
✔️ Động cơ điện vận hành êm ái, tiết kiệm chi phí sử dụng.
✔️ Nội thất tối ưu không gian với nhiều tiện nghi phục vụ nhu cầu hằng ngày.
✔️ Phù hợp cho đi học, đi làm, đưa đón gia đình và kinh doanh dịch vụ.

📞 Liên hệ ngay để nhận báo giá VinFast VF 3 mới nhất, tư vấn trả góp, tính chi phí lăn bánh và cập nhật chương trình bán hàng chính hãng. SĐT liên hệ: 076321**** Hiện số"
otodien_B2C,"VINFAST MINIO GREEN NEW 100% – XE ĐIỆN ĐÔ THỊ NHỎ GỌN, TIẾT KIỆM, SẴN SÀNG BÀN GIAO",188 triệu,188000000,0.0,2026.0,0,Mới,0.0,Thuê pin,"⚡ VinFast Minio Green là mẫu xe điện đô thị cỡ nhỏ được phát triển dành cho nhu cầu di chuyển hằng ngày và kinh doanh dịch vụ. Với thiết kế hiện đại, kích thước linh hoạt, chi phí vận hành tiết kiệm cùng khả năng di chuyển thuận tiện trong phố, Minio Green là lựa chọn phù hợp cho cá nhân, gia đình và khách hàng kinh doanh.

🎁 XE NEW 100% CHÍNH HÃNG

✅ Có sẵn tư vấn đặt xe và cập nhật lịch bàn giao mới nhất.
✅ Hỗ trợ trả góp lên đến 80% giá trị xe.
✅ Hỗ trợ đăng ký, đăng kiểm và giao xe trên toàn quốc.
✅ Bảo hành chính hãng theo tiêu chuẩn VinFast.
✅ Cập nhật báo giá và chương trình bán hàng mới nhất từ VinFast.

✨ Điểm nổi bật của VinFast Minio Green

✔️ Thiết kế nhỏ gọn, dễ dàng di chuyển trong đô thị.
✔️ Khoang nội thất tối ưu không gian, đáp ứng nhu cầu sử dụng hằng ngày.
✔️ Động cơ điện vận hành êm ái, tiết kiệm chi phí nhiên liệu và bảo dưỡng.
✔️ Phù hợp cho khách hàng cá nhân, gia đình và kinh doanh dịch vụ.
✔️ Không phát thải, góp phần xây dựng xu hướng giao thông xanh và bền vững.

📞 Liên hệ ngay để nhận báo giá VinFast Minio Green mới nhất, tư vấn trả góp, tính chi phí lăn bánh và cập nhật chính sách bán hàng chính hãng. SĐT liên hệ: 039229**** Hiện số"
otodien_B2C,🎯 VINFAST MINIO GREEN NEW 100% – NHẬN BÁO GIÁ VÀ TƯ VẤN NGAY HÔM NAY :::,188 triệu,188000000,0.0,2026.0,0,Mới,0.0,Thuê pin,"⚡ VinFast Minio Green là mẫu xe điện đô thị cỡ nhỏ được phát triển dành cho nhu cầu di chuyển hằng ngày và kinh doanh dịch vụ. Với thiết kế hiện đại, kích thước linh hoạt, chi phí vận hành tiết kiệm cùng khả năng di chuyển thuận tiện trong phố, Minio Green là lựa chọn phù hợp cho cá nhân, gia đình và khách hàng kinh doanh.

🎁 XE NEW 100% CHÍNH HÃNG

✅ Có sẵn tư vấn đặt xe và cập nhật lịch bàn giao mới nhất.
✅ Hỗ trợ trả góp lên đến 80% giá trị xe.
✅ Hỗ trợ đăng ký, đăng kiểm và giao xe trên toàn quốc.
✅ Bảo hành chính hãng theo tiêu chuẩn VinFast.
✅ Cập nhật báo giá và chương trình bán hàng mới nhất từ VinFast.

✨ Điểm nổi bật của VinFast Minio Green

✔️ Thiết kế nhỏ gọn, dễ dàng di chuyển trong đô thị.
✔️ Khoang nội thất tối ưu không gian, đáp ứng nhu cầu sử dụng hằng ngày.
✔️ Động cơ điện vận hành êm ái, tiết kiệm chi phí nhiên liệu và bảo dưỡng.
✔️ Phù hợp cho khách hàng cá nhân, gia đình và kinh doanh dịch vụ.
✔️ Không phát thải, góp phần xây dựng xu hướng giao thông xanh và bền vững.

📞 Liên hệ ngay để nhận báo giá VinFast Minio Green mới nhất, tư vấn trả góp, tính chi phí lăn bánh và cập nhật chính sách bán hàng chính hãng. SĐT liên hệ: 076321**** Hiện số"
otodien_B2C,"⚡ VINFAST VF 7 NEW 100% – THIẾT KẾ ĐẲNG CẤP, CÔNG NGHỆ THÔNG MINH",840 triệu,840000000,0.0,2026.0,0,Mới,0.0,Thuê pin,"⚡ VinFast VF 7 là mẫu SUV điện hạng C nổi bật với thiết kế Coupe thể thao, ngoại hình cá tính cùng hàng loạt công nghệ thông minh thế hệ mới. Xe mang đến trải nghiệm vận hành mạnh mẽ, khoang nội thất hiện đại và nhiều tính năng an toàn tiên tiến, phù hợp với khách hàng trẻ, gia đình và những người yêu thích xe điện công nghệ cao.

🎁 XE NEW 100% CHÍNH HÃNG

✅ Có sẵn xe với nhiều phiên bản và màu sắc lựa chọn.
✅ Hỗ trợ trả góp lên đến 80% giá trị xe.
✅ Hỗ trợ đăng ký, đăng kiểm và giao xe trên toàn quốc.
✅ Bảo hành chính hãng theo tiêu chuẩn VinFast.
✅ Cập nhật báo giá và chương trình bán hàng mới nhất từ VinFast.

✨ Điểm nổi bật của VinFast VF 7

✔️ Thiết kế SUV Coupe hiện đại, thể thao và khác biệt.
✔️ Nội thất cao cấp với màn hình trung tâm lớn và nhiều tiện nghi thông minh.
✔️ Động cơ điện vận hành mạnh mẽ, tăng tốc nhanh và êm ái.
✔️ Trang bị hệ thống hỗ trợ lái nâng cao (ADAS) cùng nhiều công nghệ an toàn hiện đại.
✔️ Phù hợp cho nhu cầu di chuyển hằng ngày, công tác và những chuyến đi xa.

📞 Liên hệ ngay để nhận báo giá VinFast VF 7 mới nhất, tư vấn trả góp, tính chi phí lăn bánh và cập nhật chương trình bán hàng chính hãng. SĐT liên hệ: 039229**** Hiện số"
otodien_B2C,VinFast Limo Green 2025 - 17000 km,675 triệu,675000000,17000.0,2025.0,1,Đã sử dụng,17000.0,Thuê pin,"Limo Green 2025 đen 1v7 km free sạc k giới hạn hết t6/2027

Xe lên ghế da

Giá: 675tr SĐT liên hệ: 092962**** Hiện số"
otodien_B2C,"🚗 VINFAST VF 7 NEW 100% – SUV ĐIỆN THỂ THAO, CÔNG NGHỆ DẪN ĐẦU, SẴN SÀNG BÀN GIAO",750 triệu,750000000,0.0,2026.0,0,Mới,0.0,Thuê pin,"⚡ VinFast VF 7 là mẫu SUV điện hạng C nổi bật với thiết kế Coupe thể thao, ngoại hình cá tính cùng hàng loạt công nghệ thông minh thế hệ mới. Xe mang đến trải nghiệm vận hành mạnh mẽ, khoang nội thất hiện đại và nhiều tính năng an toàn tiên tiến, phù hợp với khách hàng trẻ, gia đình và những người yêu thích xe điện công nghệ cao.

🎁 XE NEW 100% CHÍNH HÃNG

✅ Có sẵn xe với nhiều phiên bản và màu sắc lựa chọn.
✅ Hỗ trợ trả góp lên đến 80% giá trị xe.
✅ Hỗ trợ đăng ký, đăng kiểm và giao xe trên toàn quốc.
✅ Bảo hành chính hãng theo tiêu chuẩn VinFast.
✅ Cập nhật báo giá và chương trình bán hàng mới nhất từ VinFast.

✨ Điểm nổi bật của VinFast VF 7

✔️ Thiết kế SUV Coupe hiện đại, thể thao và khác biệt.
✔️ Nội thất cao cấp với màn hình trung tâm lớn và nhiều tiện nghi thông minh.
✔️ Động cơ điện vận hành mạnh mẽ, tăng tốc nhanh và êm ái.
✔️ Trang bị hệ thống hỗ trợ lái nâng cao (ADAS) cùng nhiều công nghệ an toàn hiện đại.
✔️ Phù hợp cho nhu cầu di chuyển hằng ngày, công tác và những chuyến đi xa.

📞 Liên hệ ngay để nhận báo giá VinFast VF 7 mới nhất, tư vấn trả góp, tính chi phí lăn bánh và cập nhật chương trình bán hàng chính hãng. SĐT liên hệ: 039229**** Hiện số"
otodien_B2C,🚗 VINFAST VF 3 NEW 100% – MINI SUV ĐIỆN HOT NHẤT HIỆN NAY,278 triệu,278000000,0.0,2026.0,0,Mới,0.0,Thuê pin,"⚡ VinFast VF 3 là mẫu mini SUV thuần điện nổi bật với thiết kế nhỏ gọn, cá tính và khả năng vận hành linh hoạt. Xe phù hợp cho khách hàng trẻ, gia đình nhỏ, người mua xe lần đầu hoặc nhu cầu di chuyển hằng ngày trong đô thị. Với chi phí vận hành tiết kiệm và nhiều công nghệ hiện đại, VF 3 đang là một trong những mẫu xe điện được quan tâm nhất hiện nay.

🎁 XE NEW 100% CHÍNH HÃNG

✅ Có sẵn xe với nhiều màu sắc lựa chọn.
✅ Hỗ trợ trả góp lên đến 80% giá trị xe.
✅ Hỗ trợ đăng ký, đăng kiểm và giao xe trên toàn quốc.
✅ Bảo hành chính hãng theo tiêu chuẩn VinFast.
✅ Cập nhật báo giá và chương trình bán hàng mới nhất từ VinFast.

✨ Điểm nổi bật của VinFast VF 3

✔️ Thiết kế mini SUV hiện đại, trẻ trung và đậm phong cách cá nhân.
✔️ Kích thước nhỏ gọn, dễ dàng di chuyển và đỗ xe trong đô thị.
✔️ Động cơ điện vận hành êm ái, tiết kiệm chi phí sử dụng.
✔️ Nội thất tối ưu không gian với nhiều tiện nghi phục vụ nhu cầu hằng ngày.
✔️ Phù hợp cho đi học, đi làm, đưa đón gia đình và kinh doanh dịch vụ.

📞 Liên hệ ngay để nhận báo giá VinFast VF 3 mới nhất, tư vấn trả góp, tính chi phí lăn bánh và cập nhật chương trình bán hàng chính hãng. SĐT liên hệ: 039229**** Hiện số"
otodien_B2C,VinFast VF5 2024 Plus cũ - 55000 km,395 triệu,395000000,55000.0,2024.0,2,Đã sử dụng,27500.0,Thuê pin,"Vinfast VF5 Plus 2024 Trắng 5v5 km mua pin, biển trắng k dịch vụ

Giá: 395tr SĐT liên hệ: 092962**** Hiện số"
otodien_B2C,VinFast VF8 2023 Plus - 79000 km,650 triệu,650000000,79000.0,2023.0,3,Đã sử dụng,26333.0,Thuê pin,"VF8 plus 2023 pin SDI 
xanh nt nâu da bò
odo 7v9🚗 sẵn hs sang tên
giá áp chính sách còn 650tr🌾
tặng 1 năm bhtv
địa chỉ: Xuân Phương, Hà Nội SĐT liên hệ: 082623**** Hiện số"
otodien_B2C,"💥 VINFAST LIMO GREEN NEW 100% – HỖ TRỢ TRẢ GÓP, GIAO XE TOÀN QUỐC",652 triệu,652000000,0.0,2026.0,0,Mới,0.0,Thuê pin,"⚡ VinFast Limo Green là mẫu MPV điện 7 chỗ thế hệ mới được phát triển dành cho gia đình và khách hàng kinh doanh vận tải. Sở hữu thiết kế hiện đại, khoang nội thất rộng rãi, khả năng vận hành êm ái cùng nhiều công nghệ thông minh, Limo Green mang đến trải nghiệm di chuyển thoải mái, an toàn và tiết kiệm chi phí.

🎁 XE NEW 100% CHÍNH HÃNG

✅ Có sẵn tư vấn đặt xe và cập nhật lịch bàn giao mới nhất.
✅ Hỗ trợ trả góp lên đến 80% giá trị xe.
✅ Hỗ trợ đăng ký, đăng kiểm và giao xe trên toàn quốc.
✅ Bảo hành chính hãng theo tiêu chuẩn VinFast.
✅ Cập nhật báo giá và chính sách bán hàng mới nhất từ VinFast.

✨ Điểm nổi bật của VinFast Limo Green

✔️ Thiết kế MPV điện 7 chỗ hiện đại, phù hợp cho gia đình và kinh doanh dịch vụ.
✔️ Không gian nội thất 3 hàng ghế rộng rãi, tối ưu sự thoải mái trên mọi hành trình.
✔️ Động cơ điện vận hành mạnh mẽ, êm ái và tiết kiệm chi phí sử dụng.
✔️ Trang bị nhiều công nghệ an toàn và tiện nghi hiện đại.
✔️ Chi phí vận hành thấp, không phát thải, thân thiện với môi trường.

📞 Liên hệ ngay để nhận báo giá VinFast Limo Green mới nhất, tư vấn trả góp, tính chi phí lăn bánh và cập nhật chương trình bán hàng chính hãng. SĐT liên hệ: 076321**** Hiện số"
otodien_B2C,"🚗 VINFAST VF MPV 7 NEW 100% – MPV ĐIỆN 7 CHỖ THẾ HỆ MỚI, RỘNG RÃI, SẴN SÀNG BÀN GIAO",750 triệu,750000000,0.0,2026.0,0,Mới,0.0,Thuê pin,"⚡ VinFast VF MPV 7 là mẫu MPV điện 7 chỗ thế hệ mới được VinFast phát triển dành cho gia đình và khách hàng kinh doanh dịch vụ vận tải. Sở hữu thiết kế hiện đại, khoang nội thất rộng rãi cùng nhiều công nghệ thông minh, VF MPV 7 mang đến trải nghiệm di chuyển tiện nghi, an toàn và tiết kiệm chi phí trên mọi hành trình.

🎁 XE NEW 100% CHÍNH HÃNG

✅ Có sẵn tư vấn đặt xe và cập nhật lịch bàn giao mới nhất.
✅ Hỗ trợ trả góp lên đến 80% giá trị xe.
✅ Hỗ trợ đăng ký, đăng kiểm và giao xe trên toàn quốc.
✅ Bảo hành chính hãng theo tiêu chuẩn VinFast.
✅ Cập nhật báo giá và chính sách bán hàng mới nhất từ VinFast.

✨ Điểm nổi bật của VinFast VF MPV 7

✔️ Thiết kế MPV điện 7 chỗ hiện đại, phù hợp cho gia đình và kinh doanh dịch vụ.
✔️ Không gian nội thất 3 hàng ghế rộng rãi, tối ưu sự thoải mái cho mọi hành khách.
✔️ Động cơ điện vận hành mạnh mẽ, êm ái và tiết kiệm chi phí sử dụng.
✔️ Trang bị nhiều công nghệ an toàn và tiện nghi hiện đại.
✔️ Chi phí vận hành thấp, thân thiện với môi trường và phù hợp cho những hành trình dài.

📞 Liên hệ ngay để nhận báo giá VinFast VF MPV 7 mới nhất, tư vấn trả góp, tính chi phí lăn bánh và cập nhật chương trình bán hàng chính hãng. SĐT liên hệ: 039229**** Hiện số"
otodien_B2C,VinFast VF9 2023 Plus - 48000 km,990 triệu,990000000,48000.0,2023.0,3,Đã sử dụng,16000.0,Thuê pin,"VF9 plus pin catl bản thuê pin 
7 chỗ trần kính odo 4v8🚗
giá êm 990tr🌾 đã bao gồm cọc pin SĐT liên hệ: 082623**** Hiện số"
otodien_B2C,"🔥 VINFAST VF 5 NEW 100% – NHỎ GỌN, TIẾT KIỆM, DỄ DÀNG SỞ HỮU",461 triệu,461000000,0.0,2026.0,0,Mới,0.0,Thuê pin,"⚡ VinFast VF 5 là mẫu SUV điện hạng A được nhiều khách hàng lựa chọn nhờ thiết kế hiện đại, kích thước nhỏ gọn, vận hành linh hoạt và chi phí sử dụng tiết kiệm. Với không gian 5 chỗ rộng rãi, nhiều tiện nghi thông minh cùng khả năng vận hành ổn định, VF 5 là lựa chọn phù hợp cho gia đình trẻ, người mua xe lần đầu và khách hàng kinh doanh dịch vụ.

🎁 XE NEW 100% CHÍNH HÃNG

✅ Có sẵn xe với nhiều màu sắc để lựa chọn.
✅ Hỗ trợ trả góp lên đến 80% giá trị xe.
✅ Hỗ trợ đăng ký, đăng kiểm và giao xe trên toàn quốc.
✅ Bảo hành chính hãng theo tiêu chuẩn VinFast.
✅ Cập nhật báo giá và chính sách bán hàng mới nhất từ VinFast.

✨ Điểm nổi bật của VinFast VF 5

✔️ Thiết kế SUV nhỏ gọn, trẻ trung và năng động.
✔️ Không gian nội thất tiện nghi, đáp ứng tốt nhu cầu sử dụng hằng ngày.
✔️ Động cơ điện vận hành mạnh mẽ, êm ái và tiết kiệm chi phí sử dụng.
✔️ Trang bị nhiều công nghệ an toàn và hỗ trợ lái hiện đại.
✔️ Phù hợp cho cả nhu cầu di chuyển cá nhân, gia đình và kinh doanh dịch vụ.

📞 Liên hệ ngay để nhận báo giá VinFast VF 5 mới nhất, tư vấn phiên bản phù hợp, tính chi phí lăn bánh và cập nhật chương trình bán hàng chính hãng. SĐT liên hệ: 076321**** Hiện số"
otodien_B2C,"💥 VINFAST VF MPV 7 NEW 100% – HỖ TRỢ TRẢ GÓP, THỦ TỤC NHANH GỌN",719 triệu,719000000,0.0,2026.0,0,Mới,0.0,Thuê pin,"⚡ VinFast VF MPV 7 là mẫu MPV thuần điện 7 chỗ được phát triển dành cho gia đình và khách hàng kinh doanh dịch vụ. Với thiết kế hiện đại, khoang nội thất rộng rãi, khả năng vận hành êm ái cùng nhiều công nghệ thông minh, VF MPV 7 mang đến trải nghiệm di chuyển thoải mái, an toàn và tiết kiệm chi phí.

🎁 XE NEW 100% CHÍNH HÃNG

✅ Có sẵn xe, hỗ trợ tư vấn và đặt xe nhanh chóng.
✅ Hỗ trợ trả góp lên đến 80% giá trị xe.
✅ Hỗ trợ đăng ký, đăng kiểm và giao xe trên toàn quốc.
✅ Bảo hành chính hãng theo tiêu chuẩn VinFast.
✅ Cập nhật báo giá và chính sách bán hàng mới nhất tại thời điểm mua xe.

✨ Điểm nổi bật của VinFast VF MPV 7

✔️ Thiết kế MPV 7 chỗ hiện đại, phù hợp cho gia đình và kinh doanh.
✔️ Không gian 3 hàng ghế rộng rãi, tối ưu sự thoải mái cho mọi hành khách.
✔️ Động cơ điện vận hành mạnh mẽ, êm ái và tiết kiệm chi phí sử dụng.
✔️ Trang bị nhiều công nghệ an toàn và tiện nghi hiện đại.
✔️ Chi phí vận hành và bảo dưỡng tối ưu, thân thiện với môi trường.

📞 Liên hệ ngay để nhận báo giá VinFast VF MPV 7 mới nhất, tư vấn phiên bản phù hợp, tính chi phí lăn bánh và cập nhật chương trình bán hàng chính hãng. SĐT liên hệ: 076321**** Hiện số"
otodien_B2C,"🚗 VINFAST VF 5 NEW 100% – SUV ĐIỆN QUỐC DÂN, TIẾT KIỆM, SẴN SÀNG BÀN GIAO",496 triệu,496000000,0.0,2026.0,0,Mới,0.0,Thuê pin,"⚡ VinFast VF 5 là mẫu SUV điện hạng A được nhiều khách hàng lựa chọn nhờ thiết kế hiện đại, kích thước nhỏ gọn, vận hành linh hoạt và chi phí sử dụng tiết kiệm. Với không gian 5 chỗ rộng rãi, nhiều tiện nghi thông minh cùng khả năng vận hành ổn định, VF 5 là lựa chọn phù hợp cho gia đình trẻ, người mua xe lần đầu và khách hàng kinh doanh dịch vụ.

🎁 XE NEW 100% CHÍNH HÃNG

✅ Có sẵn xe với nhiều màu sắc để lựa chọn.
✅ Hỗ trợ trả góp lên đến 80% giá trị xe.
✅ Hỗ trợ đăng ký, đăng kiểm và giao xe trên toàn quốc.
✅ Bảo hành chính hãng theo tiêu chuẩn VinFast.
✅ Cập nhật báo giá và chính sách bán hàng mới nhất từ VinFast.

✨ Điểm nổi bật của VinFast VF 5

✔️ Thiết kế SUV nhỏ gọn, trẻ trung và năng động.
✔️ Không gian nội thất tiện nghi, đáp ứng tốt nhu cầu sử dụng hằng ngày.
✔️ Động cơ điện vận hành mạnh mẽ, êm ái và tiết kiệm chi phí sử dụng.
✔️ Trang bị nhiều công nghệ an toàn và hỗ trợ lái hiện đại.
✔️ Phù hợp cho cả nhu cầu di chuyển cá nhân, gia đình và kinh doanh dịch vụ.

📞 Liên hệ ngay để nhận báo giá VinFast VF 5 mới nhất, tư vấn phiên bản phù hợp, tính chi phí lăn bánh và cập nhật chương trình bán hàng chính hãng. SĐT liên hệ: 039229**** Hiện số"
otodien_B2C,VinFast VF7 2024 Eco cũ - 36000 km,630 triệu,630000000,36000.0,2024.0,2,Đã sử dụng,18000.0,Thuê pin,"VF7 Eco 2024 mua Pin
Odo: 36.000 km
Giá: 630 tr SĐT liên hệ: 082623**** Hiện số"
otodien_B2C,🎯 VINFAST VF 7 NEW 100% – LỰA CHỌN HOÀN HẢO CHO NGƯỜI YÊU XE ĐIỆN,740 triệu,740000000,0.0,2026.0,0,Mới,0.0,Thuê pin,"⚡ VinFast VF 7 là mẫu SUV điện hạng C nổi bật với thiết kế thể thao, cá tính và khoang nội thất hiện đại. Xe được trang bị nhiều công nghệ thông minh, khả năng vận hành mạnh mẽ cùng hệ thống hỗ trợ lái tiên tiến, mang đến trải nghiệm lái hứng khởi cho cả nhu cầu di chuyển hằng ngày và những chuyến đi dài.

🎁 XE NEW 100% CHÍNH HÃNG

✅ Có sẵn xe, đa dạng phiên bản và màu sắc lựa chọn.
✅ Hỗ trợ trả góp lên đến 80% giá trị xe.
✅ Hỗ trợ đăng ký, đăng kiểm và giao xe trên toàn quốc.
✅ Bảo hành chính hãng theo tiêu chuẩn VinFast.
✅ Cập nhật báo giá và chương trình bán hàng mới nhất tại thời điểm mua xe.

✨ Điểm nổi bật của VinFast VF 7

✔️ Thiết kế SUV Coupe hiện đại, đậm chất thể thao và khác biệt.
✔️ Không gian nội thất cao cấp với màn hình trung tâm cỡ lớn và nhiều tiện nghi thông minh.
✔️ Động cơ điện mạnh mẽ, tăng tốc nhanh, vận hành êm ái.
✔️ Trang bị nhiều công nghệ hỗ trợ lái và hệ thống an toàn tiên tiến.
✔️ Phù hợp với khách hàng trẻ, gia đình và doanh nhân yêu thích công nghệ.

📞 Liên hệ ngay để nhận báo giá VinFast VF 7 mới nhất, tư vấn phiên bản phù hợp, tính chi phí lăn bánh và cập nhật chương trình bán hàng chính hãng. SĐT liên hệ: 076321**** Hiện số"
otodien_B2C,VinFast VF MPV 7 2026 - 18000 km,695 triệu,695000000,18000.0,2026.0,0,Đã sử dụng,18000.0,Thuê pin,"MPV7 2026 chạy 1,8v zin, xe lên 60tr tiền đồ gồm cam 360, màn hình, màn hình taplo, cam hành trình, dán fim, thảm sàn, loa sub
Xe còn bảo hiểm thân vỏ 2 năm 
Giá: 695tr SĐT liên hệ: 092962**** Hiện số"
otodien_B2C,VinFast VF9 2023 Plus cũ - 53000 km,799 triệu,799000000,53000.0,2023.0,3,Đã sử dụng,17667.0,Thuê pin,"Vinfast VF9 Plus 2023 thuê pin SDI gói không tiên phong, màu xanh dương nt nâu da bò 

Odo: 5v3 km SĐT liên hệ: 092962**** Hiện số"
otodien_B2C,BÁN NHANH MVP 7 - SẴN XE - GIÁ ĐẸP,612 triệu,612000000,,,0,Đã sử dụng,,Thuê pin,"✨ THÔNG TIN XE
	🚗 Dòng xe: VinFast MPV7
	🎨 Màu: Xám sang trọng, đẳng cấp
	📦 Xe sẵn – giao ngay, không chờ đợi
	🔢 Số khung đẹp – phù hợp khách chọn xe kỹ

💥 ƯU ĐÃI ĐANG ĐẾM NGƯỢC
	🎁 Tặng 2 năm bảo hiểm thân vỏ (~15 triệu)
	📉 Giảm thêm 3% cho khách đang sử dụng xe xăng
	⚡ Cơ hội chốt nhanh – ưu đãi có thể thay đổi bất cứ lúc nào

🚀 LÝ DO NÊN CHỐT NGAY
	✅ Xe sẵn – không phải chờ sản xuất
	⏳ Ưu đãi giới hạn theo xe có sẵn
	🏁 Giao xe sớm – kịp chạy dịch vụ / sử dụng ngay SĐT liên hệ: 094141**** Hiện số"
otodien_B2C,VinFast Limo Green 2025 - 27000 km,675 triệu,675000000,27000.0,2025.0,1,Đã sử dụng,27000.0,Thuê pin,"Limo green 2025 đăng ký 2026 
Odo 2v7 km sơn zin còn 99% 
Sạc thoải mái không giới hạn số lần sạc 
Xe đã lên 50tr tiền đồ : loa 4 cánh cửa , cốp trước , thêm đèn chợ sáng , cam hành trình trước sau , phim , sàn bọc nội thất 
Giá: 675tr SĐT liên hệ: 091171**** Hiện số"
otodien_B2C,"🚗 VINFAST LIMO GREEN NEW 100% – MPV ĐIỆN 7 CHỖ, RỘNG RÃI, SẴN SÀNG BÀN GIAO",699 triệu,699000000,0.0,2026.0,0,Mới,0.0,Thuê pin,"⚡ VinFast Limo Green là mẫu MPV điện 7 chỗ thế hệ mới được phát triển dành cho gia đình và khách hàng kinh doanh vận tải. Sở hữu thiết kế hiện đại, khoang nội thất rộng rãi, khả năng vận hành êm ái cùng nhiều công nghệ thông minh, Limo Green mang đến trải nghiệm di chuyển thoải mái, an toàn và tiết kiệm chi phí.

🎁 XE NEW 100% CHÍNH HÃNG

✅ Có sẵn tư vấn đặt xe và cập nhật lịch bàn giao mới nhất.
✅ Hỗ trợ trả góp lên đến 80% giá trị xe.
✅ Hỗ trợ đăng ký, đăng kiểm và giao xe trên toàn quốc.
✅ Bảo hành chính hãng theo tiêu chuẩn VinFast.
✅ Cập nhật báo giá và chính sách bán hàng mới nhất từ VinFast.

✨ Điểm nổi bật của VinFast Limo Green

✔️ Thiết kế MPV điện 7 chỗ hiện đại, phù hợp cho gia đình và kinh doanh dịch vụ.
✔️ Không gian nội thất 3 hàng ghế rộng rãi, tối ưu sự thoải mái trên mọi hành trình.
✔️ Động cơ điện vận hành mạnh mẽ, êm ái và tiết kiệm chi phí sử dụng.
✔️ Trang bị nhiều công nghệ an toàn và tiện nghi hiện đại.
✔️ Chi phí vận hành thấp, không phát thải, thân thiện với môi trường.

📞 Liên hệ ngay để nhận báo giá VinFast Limo Green mới nhất, tư vấn trả góp, tính chi phí lăn bánh và cập nhật chương trình bán hàng chính hãng. SĐT liên hệ: 039229**** Hiện số"
otodien_B2C,VinFast VF5 2025 Plus - 49000 km,380 triệu,380000000,49000.0,2025.0,1,Đã sử dụng,49000.0,Thuê pin,"Vf5 2025 plus
Xe đẹp không lỗi nhỏ, xe dc free sạc ko giới hạn đến t7/2027 sau đó dc 10lần/tháng đến hết t2/2029
Xe đã lên : thảm sàn, phim cách nhiệt, ốp vô lăng, bệ tì tay, camera hành trình
Xe chạy 4val9
Ace quan tâm lh:0985791087
Xem xe tai hà nội SĐT liên hệ: 098579**** Hiện số"
otodien_B2C,VinFast VF5 2024 Plus cũ - 49000 km,395 triệu,395000000,49000.0,2024.0,2,Đã sử dụng,24500.0,Thuê pin,"VF5 plus 24 mua pin. Đi 4v9 km. 
Giá 390tr SĐT liên hệ: 082623**** Hiện số"
otodien_B2C,VinFast VF5 2025 Plus - 70000 km,348 triệu,348000000,70000.0,2025.0,1,Đã sử dụng,70000.0,Thuê pin,"Vf5 2024 plus
Xe đẹp không lỗi nhỏ, xe dc free sạc ko giới hạn đến t7/2027 sau đó dc 10lần/tháng đến hết t2/2029
Xe đã lên : thảm sàn nhựa đúc xịn sò, nét cánh chim, yên ngựa cao cấp, bọc trống nóng khoang máy,bảo vệ pin cao cấp,vè tre mưa, phim cách nhiệt
Xe chạy hơn 7val 
Giá cực êm:3xx (x cực đẹp)
Ace quan tâm lh:0985791087
Xem xe tai hà nội SĐT liên hệ: 098579**** Hiện số"
otodien_B2C,🔥 VF8 Plus – Vin25 – Màu Đen – Sẵn Xe – Giao Ngay 🔥,918 triệu,918000000,,2025.0,1,Đã sử dụng,,Thuê pin,"✨ VF8 Plus - Điểm nhấn không thể rời mắt:
➡️ Màu đen: Cá tính, mạnh mẽ, nổi bật giữa đám đông
➡️ Thiết kế SUV chuẩn sang: Rộng rãi, bề thế, đậm chất tương lai
➡️ Vận hành êm ái – tăng tốc mạnh mẽ: Chuẩn xe điện thế hệ mới
➡️ Nội thất Plus cao cấp: Ghế chỉnh điện, màn hình lớn, công nghệ ngập tràn

🔥 Giảm trực tiếp 10% giá xe
🔥 Thêm 5% cho công an – quân đội
🔥 Thêm 2% mùa hè rực rỡ
Ai nhanh tay thì sở hữu – ai chậm tay chỉ còn tiếc nuối!
-----------------------------------------
📞 𝐓Ư 𝐕Ấ𝐍 – 𝐁Á𝐎 𝐆𝐈Á – 𝐋Á𝐈 𝐓𝐇Ử
-----------------------------------------
☎️ Tư Vấn: *** (Mr.Việt Anh)
-----------------------------------------
 𝗦𝗵𝗼𝘄𝗿𝗼𝗼𝗺 VINFAST AN KHÁNH:
▪️ Địa chỉ: Km 8+400 Đại lộ Thăng Long, Xã Sơn Đồng, Hà Nội SĐT liên hệ: 092635**** Hiện số"
otodien_B2C,VinFast VF9 2024 Plus - 40000 km,1 tỷ 150 triệu,1150000000,40000.0,2024.0,2,Đã sử dụng,20000.0,Thuê pin,"VF9 Plus sx 2024, 7 chỗ trần thép odo 4v km, Xe mua pin CATL, không giới hạn số lần sạc. Xuất hóa đơn 1tỷ
Giá 1,150 tỷ SĐT liên hệ: 082623**** Hiện số"
otodien_B2C,SẴN VF8 ECO PLUS - VIN 25 26 - ĐỦ MÀU 🔥🔥,780 triệu,780000000,0.0,2025.0,1,Mới,0.0,Thuê pin,"🔥VF8 ECO PLUS ĐỦ MÀU TIẾT KIỆM NGAY 220TRIỆU 🔥
⚡VF8 ECO Vin25: 780tr
⚡VF8 ECO Vin26: 815tr

Bạn đang tìm một chiếc SUV điện đẹp – sang – tiết kiệm – công nghệ đỉnh?
💰 ƯU ĐÃI KHỦNG CHƯA TỪNG CÓ – TỔNG GIẢM ĐẾN 220 TRIỆU
🔥 Giảm trực tiếp 10% giá xe
🔥 Thêm 5% cho công an – quân đội
🔥 Thêm 2% mùa hè rực rỡ
🔥 🎯 ĐẶC BIỆT: Ưu đãi cực sâu
🔥 🎁 Ưu đãi độc quyền Vin25: GIẢM thêm đến 35.000.000đ

⚡ Đi xe điện – tiết kiệm thấy rõ mỗi ngày
Chi phí sạc thấp hơn xăng rất nhiều
→ Đi càng nhiều – tiết kiệm càng lớn

☎️ Hotline/zalo: *** (Mr.Việt Anh)
🏠 VINFAST AN KHÁNH - Km 8+400 Đại lộ Thăng Long, Xã Sơn Đồng, Hà Nội SĐT liên hệ: 092635**** Hiện số"
otodien_B2C,🔥 VF7 ECO VIN26 – GIẢM THẲNG 122TR 🔥,695 triệu,695000000,,2026.0,0,Đã sử dụng,,Thuê pin,"VF7 Eco – Xe sẵn – giao liền – deal tháng 06 chạm đáy

💥 ÁP DỤNG FULL CHÍNH SÁCH 04/26
✔️ Giảm 6% – Tương Lai Xanh
✔️ Giảm 2% – mùa hè rực rỡ
✔️ Giảm 5% – công an, bộ đội
🎯 TỔNG ƯU ĐÃI LÊN ĐẾN 122TR

🎁 TẶNG FULL PHỤ KIỆN
✔️ Film cách nhiệt
✔️ Lót sàn cao cấp
✔️ Camera hành trình
✔️ + combo phụ kiện 4 món

⚡ Xe sẵn tại VinFast An Khánh – lấy ngay không chờ
⚡ Mua thời điểm này = tối ưu chi phí nhất
⏳ SỐ LƯỢNG RẤT ÍT – CHỐT NHANH KẺO HẾT
💰 Zá cực tốt trong tháng 06
📩 Inbox nhận báo giá lăn bánh + bảng vay chi tiết

🏢 Showroom: VinFast An Khánh
📍 Địa chỉ: Km 8+400 Đại lộ Thăng Long, Xã Sơn Đồng, Hà Nội
📞 Hotline  *** Mr Việt Anh SĐT liên hệ: 092635**** Hiện số"
otodien_B2C,Vinfast VF3 Plus 2026 màu xám xi măng mới,296 triệu,296000000,,2026.0,0,Đã sử dụng,,Thuê pin,"VINFAST VF3 PLUS – NHỎ GỌN CÁ TÍNH, TIỆN NGHI VƯỢT TẦM GIÁ!

Bạn đang tìm kiếm một chiếc xe di chuyển linh hoạt trong phố nhưng vẫn phải hiện đại, tiện nghi và kết nối thông minh? VinFast VF3 Plus chính là câu trả lời hoàn hảo!

TRANG BỊ NỔI BẬT TRÊN VF3 PLUS
Màn hình giải trí 10 inch cực xịn: Hỗ trợ kết nối Apple CarPlay và Android Auto không dây, giúp bạn dễ dàng xem bản đồ, nghe nhạc, nhận cuộc gọi trực tiếp từ điện thoại.

Gương chiếu hậu gập điện: Tự động gập/mở tiện lợi, giúp bạn tự tin di chuyển hay đỗ xe trong các ngõ ngách chật hẹp mà không lo va quẹt.

Vô-lăng tích hợp phím bấm: Thao tác tăng giảm âm lượng, đàm thoại rảnh tay hay điều khiển màn hình cực kỳ thuận tiện và an toàn ngay trên tay lái.

Thiết kế SUV gầm cao: Vuông vức, cá tính, dễ dàng leo vỉa hè và linh hoạt vượt qua những đoạn đường ngập nước nội đô.

Siêu tiết kiệm: Chi phí sạc điện và bảo dưỡng rẻ hơn xe xăng rất nhiều, tối ưu chi phí di chuyển hàng ngày.

MỨC GIÁ LĂN BÁNH CỰC HẤP DẪN
Giá lăn bánh trọn gói: Chỉ từ 28x triệu VNĐ

Chính sách: Hỗ trợ trả góp lãi suất ưu đãi, thủ tục nhanh gọn, giao xe sớm!

Inbox ngay để nhận báo giá chi tiết và đăng ký lái thử hôm nay! SĐT liên hệ: 098144**** Hiện số"
otodien_B2C,VinFast VF6 2026 Eco - 30000 km,565 triệu,565000000,30000.0,2026.0,0,Đã sử dụng,30000.0,Thuê pin,"Xe mới về: 
Vf6 Eco 2026
Màu sơn trắng 
Odo :3val
Xe được hưởng chính sách sạc ko giới hạn lần sạc đến t7/2027 sau đó được 10lần/tháng đến hết t2/2029
Xe nội ngoại thất như mới, sơn zin cả xe, dàn lốp theo xe còn dầy như mới
Xe chủ cũ đã trang bị : camera hành trình, thảm sàn, phim cách nhiệt loại cao cấp, ốp vô lăng, yên ngựa cao cấp tích hợp sạc ko giây, bảo vệ pin
Xe cam kết ko một lỗi dù to hay nhỏ
Xe bảo hiểm thân vỏ còn dài
Bao check test cả nước
Hỗ trợ bank tối đa 300t
Ace quan tâm lh:0985791087
Xem xe tại Hà nội SĐT liên hệ: 098579**** Hiện số"
otodien_B2C,🔥 VINFAST VF6 ECO - GIÁ CỰC ƯU ĐÃI 🔥,605 triệu,605000000,,,0,Đã sử dụng,,Thuê pin,"VF6 Ưu đãi:
💰Giảm 6% giá trị xe - Mãnh liệt vì tương lai xanh
💰Giảm 5% khách thuộc Công An & Bộ Đội
💰Giảm 2% mùa hè rực rỡ
💰Miễn phí sạc đến 10/2/2029
🎁Ưu đãi tốt - nhận xe nhanh - tư vấn nhiệt tình

🏢 Showroom: VinFast An Khánh
📍 Địa chỉ: Km 8+400 Đại lộ Thăng Long, Xã Sơn Đồng, Hà Nội
📞 Hotline  *** Mr Việt Anh SĐT liên hệ: 092635**** Hiện số"
otodien_B2C,🔥 VINFAST VF5 PLUS – GIÁ TỐT GIAO NGAY 🔥,440 triệu,440000000,,,0,Đã sử dụng,,Thuê pin,"🚗 VF5 Xe sẵn – nhận xe ngay trong ngày
📄 Đủ giấy tờ – thanh toán full mang xe về luôn

💰 Giá cực tốt chỉ từ ~4xx triệu (ưu đãi từng thời điểm)
√ Giảm ngay 6%- Vì tương lai xanh  
√ Giảm thêm 3% - Mùa hè rực rỡ
√ Giảm thêm 5% - Cán bộ Công An Quân Đội

🎁 Ưu đãi hấp dẫn:
✔️ Miễn 100% lệ phí trước bạ
✔️ Sạc miễn phí đến 10/02/2029
✔️ Hỗ trợ trả góp lên tới 90%
👉 Chốt nhanh – có xe ngay – giá đang cực tốt!

🏢 Showroom: VinFast An Khánh
📍 Địa chỉ: Km 8+400 Đại lộ Thăng Long, Xã Sơn Đồng, Hà Nội
📞 Hotline  *** Mr Việt Anh SĐT liên hệ: 092635**** Hiện số"
otodien_B2C,🛍️ 𝐕𝐅 𝟑 Eco - CHỈ HƠN 260 TRIỆU 🔥,262 triệu,262000000,,,0,Đã sử dụng,,Thuê pin,"Xuống phố cùng bộ đôi VinFast VF3 Eco – mẫu mini EV đang được săn đón nhất phân khúc đô thị.

🎯 ƯU ĐÃI NGAY 50 TRIỆU ĐỒNG
√ Giảm ngay 6%- Vì tương lai xanh  
√ Giảm thêm 2% - Mùa hè rực rỡ
√ Giảm thêm 5% - Cán bộ Công An Quân Đội

Áp dụng khi mua xe trong chương trình Xuân – số lượng có hạn.
⚙️ Thiết kế nhỏ gọn – linh hoạt phố đông
⚙️ Gầm cao – leo vỉa, qua ổ gà tự tin
⚙️ Vận hành thuần điện – tiết kiệm chi phí sử dụng
⚙️ Nội thất tối giản, hiện đại – đủ dùng, dễ làm quen

🌈 ĐỦ MÀU SẮC CÁ TÍNH
Từ tone trung tính thanh lịch đến màu nổi bật trẻ trung – chọn màu hợp mệnh, hợp gu, hợp phong cách riêng.
VF3 phù hợp di chuyển nội đô hằng ngày.
VF3 Plus nâng cấp thêm tiện nghi – tối ưu trải nghiệm.
Xuân này, thay đổi cách di chuyển bằng một chiếc mini EV đúng chất: gọn – tiết kiệm – cá tính.

Inbox để nhận báo giá chi tiết & giữ suất ưu đãi 50 triệu ngay hôm nay.
🏢 Showroom: VinFast An Khánh
📍 Địa chỉ: Km 8+400 Đại lộ Thăng Long, Xã Sơn Đồng, Hà Nội
📞 Hotline  *** Mr Việt Anh SĐT liên hệ: 092635**** Hiện số"
otodien_B2C,VinFast VF6 2025 Eco - 49000 km,378 triệu,378000000,49000.0,2025.0,1,Đã sử dụng,49000.0,Thuê pin,"Xe mới về: 
Vf6 Eco 2025
Màu sơn trắng 
Odo :4val9
Xe được hưởng chính sách sạc ko giới hạn lần sạc đến t7/2027 sau đó được 10lần/tháng đến hết t2/2029
Xe nội ngoại thất như mới, sơn zin cả xe, dàn lốp theo xe còn dầy
Xe chủ cũ đã trang bị : camera hành trình, thảm sàn, phim cách nhiệt, biển net taxi cho ae chạy dịch vụ, ốp vô lăng, thảm taplo
Xe cam kết ko một lỗi dù to hay nhỏ
Bao check test cả nước
Hỗ trợ bank tối đa 300t
Ace quan tâm lh:0985791087
Xem xe tại Hà nội SĐT liên hệ: 098579**** Hiện số"
otodien_B2C,🔥 VF MPV 7 – Đủ Màu – Sẵn Xe – Giao Ngay 🔥,704 triệu,704000000,,,0,Đã sử dụng,,Thuê pin,"Sẵn VF Mpv 7 xám giao ngay áp dụng giảm 15tr hoặc tặng 2 năm bhtv đến 30/06 🔥🔥
-------------------------------
VINFAST AN KHÁNH - UY TÍN, TẬN TÂM, NHIỆT TÌNH
📍 Địa chỉ: Km 8+400 Đại lộ Thăng Long, Xã Sơn Đồng, Hà Nội
☎ MR Việt Anh: *** (Call/Zalo/Sms) SĐT liên hệ: 092635**** Hiện số"
otodien_B2C,🔥 VF MPV 7 – Màu Trắng – Sẵn Xe – Giao Ngay 🔥,699 triệu,699000000,,,0,Đã sử dụng,,Thuê pin,"🚗⚡ MPV 7 GIA HẠN TẶNG 2 NĂM BHTV HOẶC QUY ĐỔI 15tr TIỀN MẶT
HỖ TRỢ TRẢ GÓP 😋😋

💥 GIẢM 3% MÙA HÈ RỰC RỠ
💥 GIẢM 6% GIÁ TRỊ XE !
💥 GIẢM THÊM 5% CHO CÔNG AN, QUÂN ĐỘI
💥 TẶNG 2 NĂM BHTV HOẶC QUY ĐỔI 15TR TIỀN MẶT
💥 NGOÀI RA EM Việt Anh HỖ TRỢ TRI ÂN-LỘC LÁ CHO KHÁCH HÀNG

🔥 Hỗ trợ tư vấn và lái thử tại nhà 24/7
🔥 Bảo hành lên đến 7 năm hoặc 160.000 Km
🔥 Xe điện: Miễn 100% thuế trước bạ + Sạc FREE đến Tháng 2/2029 ⚡

- Khách hàng nào có nhu cầu lấy ngay em Việt Anh tặng bộ phụ kiện:
+ DÁN KÍNH CÁCH NHIỆT
+ TRẢI THẢM DA
+ CAM HÀNH TRÌNH.

💥 Cam kết không chi phí phát sinh.
Xe sẵn, đủ màu, bàn giao ngay.
Giá em Việt Anh báo cam kết ưu đãi nhất cho anh chị.
-------------------------------
VINFAST AN KHÁNH - UY TÍN, TẬN TÂM, NHIỆT TÌNH
📍 Địa chỉ: Km 8+400 Đại lộ Thăng Long, Xã Sơn Đồng, Hà Nội
☎ MR Việt Anh: *** (Call/Zalo/Sms) SĐT liên hệ: 092635**** Hiện số"
otodien_B2C,VinFast VF5 2024 Plus - 90000 km,340 triệu,340000000,90000.0,2024.0,2,Đã sử dụng,45000.0,Thuê pin,"Vf5 2024plus
Màu sơn :vàng thể thao
Odo 9val
Xe đã lên: camera 360, camera lùi, gập gương, cốp điện,lazang độ, thảm sàn ,phim, đèn nét cánh chim trước sau, đèn nét pha siêu sáng, ốp vô lăng, thảm taplo
Xe dc sạc free ko giới hạn hết 2027 sau đó dc 10lần /tháng đến 2029
Lh:0985791087
Xem xe tại hà nội SĐT liên hệ: 098579**** Hiện số"
otodien_B2C,"🚗 VINFAST MINIO GREEN NEW 100% – XE ĐIỆN ĐÔ THỊ NHỎ GỌN, TIẾT KIỆM, SẴN XE TƯ VẤN",188 triệu,188000000,0.0,2026.0,0,Mới,0.0,Thuê pin,"⚡ VinFast Minio Green là mẫu xe điện cỡ nhỏ được thiết kế tối ưu cho nhu cầu di chuyển trong đô thị và kinh doanh dịch vụ. Với kiểu dáng nhỏ gọn, linh hoạt, chi phí vận hành thấp cùng khả năng sử dụng tiện lợi, Minio Green là lựa chọn phù hợp cho cá nhân, hộ gia đình và khách hàng kinh doanh.

🎁 XE NEW 100% CHÍNH HÃNG

✅ Có sẵn xe, nhiều màu sắc để lựa chọn.
✅ Hỗ trợ trả góp lên đến 80% giá trị xe.
✅ Hỗ trợ đăng ký, đăng kiểm và giao xe trên toàn quốc.
✅ Bảo hành chính hãng theo tiêu chuẩn VinFast.
✅ Cập nhật báo giá và chương trình bán hàng mới nhất tại thời điểm mua xe.

✨ Điểm nổi bật của VinFast Minio Green

✔️ Thiết kế nhỏ gọn, dễ dàng di chuyển trên mọi tuyến phố.
✔️ Không gian sử dụng tối ưu cho nhu cầu đi lại hằng ngày.
✔️ Động cơ điện vận hành êm ái, tiết kiệm chi phí sử dụng.
✔️ Phù hợp cho khách hàng cá nhân và kinh doanh dịch vụ.
✔️ Chi phí bảo dưỡng thấp, thân thiện với môi trường.

📞 Liên hệ ngay để nhận báo giá VinFast Minio Green mới nhất, tư vấn phiên bản phù hợp, tính chi phí lăn bánh và cập nhật chương trình bán hàng chính hãng. SĐT liên hệ: 036480**** Hiện số"
otodien_B2C,🤜🚐 VINFAST EC VAN – TRẢ TRƯỚC 36 TRIỆU NHẬN XE,245 triệu,245000000,,,0,Đã sử dụng,,Thuê pin,"✅ MIỄN PHÍ SẠC ĐẾN 2029
✅ Miễn 100% lệ phí trước bạ
✅ Sạc cực nhanh lên 70% chỉ 42 phút
✅ Sạc 1 lần đi 175km vi vu
✅ Chi phí sạc chỉ ~30.000đ / 100km
✅ Không mùi xăng – Không ồn – Không rung
✅ Ra vào nội thành 24/7 – Không lo cấm tải
✅ Thùng hàng rộng – Chở hàng thoải mái
✅ Phanh ABS chống trơn trượt cực an toàn
✅ Điều hoà mát rượi, cửa sổ điện hiện đại

💰 Chi phí vận hành thấp hơn xe xăng đến 70%

🎁 QUÁ TRỜI NHIỀU ƯU ĐÃI KHI MUA XE TRONG THÁNG 6 NÀY
🎁 Hỗ trợ vay ngân hàng đến 85%
🎁 Hỗ trợ giao xe tận nhà , chuyên nghiệp, tận tâm  
🎁 Xem xe, Lái thử miễn phí

📦 VINFAST EC VAN Cực kỳ phù hợp cho:
• Giao hàng, giao đồ ăn…
• Kinh doanh cafe, ăn uống lưu động…
• Ship hàng nội thành – logistic…

📍 Showroom VinFast An Khánh: Km 8+400 Đại lộ Thăng Long, Xã Sơn Đồng, Hà Nội
📲 Hotline/Zalo : *** (Mr.Việt Anh) SĐT liên hệ: 092635**** Hiện số"
otodien_B2C,VinFast Limo Green 2025 - 29000 km,635 triệu,635000000,29000.0,2025.0,1,Đã sử dụng,29000.0,Thuê pin,"E có Limogreen 2025 
Màu đỏ
Chạy 2val9
Free sạc ko giới hạn
Xe đã lên ghế da napal
thảm sàn
phim cách nhiệt loại cao cấp
cam hành trình
cam 360
Bảo hiểm thân vỏ
Giá:635t
Quan tâm lh:0985791087
Xem xe tại Hà Nội SĐT liên hệ: 098579**** Hiện số"
otodien_B2C,"🚗 VINFAST VF 8 NEW 100% – GIÁ TỐT, SẴN XE GIAO NGAY",1 tỷ 199 triệu,1199000000,0.0,2026.0,0,Mới,0.0,Kèm pin,"⚡ VinFast VF 8 là mẫu SUV điện hạng D sở hữu thiết kế sang trọng, không gian nội thất rộng rãi cùng nhiều công nghệ thông minh. Với khả năng vận hành mạnh mẽ, quãng đường di chuyển ấn tượng và hệ thống an toàn hiện đại, VF 8 là lựa chọn lý tưởng cho gia đình, doanh nhân và những khách hàng yêu thích xe điện cao cấp.

🎁 XE NEW 100% CHÍNH HÃNG

✅ Có sẵn xe, nhiều phiên bản và màu sắc để lựa chọn.
✅ Hỗ trợ trả góp lên đến 80% giá trị xe.
✅ Hỗ trợ đăng ký, đăng kiểm và giao xe trên toàn quốc.
✅ Bảo hành chính hãng theo tiêu chuẩn VinFast.
✅ Cập nhật báo giá và chính sách bán hàng mới nhất tại thời điểm mua xe.

✨ Điểm nổi bật của VinFast VF 8

✔️ Thiết kế SUV hiện đại, mạnh mẽ và đẳng cấp.
✔️ Khoang nội thất rộng rãi với nhiều tiện nghi cao cấp.
✔️ Động cơ điện mạnh mẽ, vận hành êm ái và tăng tốc ấn tượng.
✔️ Trang bị hệ thống hỗ trợ lái và công nghệ an toàn tiên tiến.
✔️ Phù hợp cho nhu cầu di chuyển hằng ngày, công tác và những chuyến đi dài.

📞 Liên hệ ngay để nhận báo giá VinFast VF 8 mới nhất, tư vấn phiên bản phù hợp, tính chi phí lăn bánh và cập nhật chương trình ưu đãi chính hãng hiện hành. SĐT liên hệ: 087946**** Hiện số"
otodien_B2C,🔥 VINFAST LIMO GREEN - HÀNG HÓT NÓNG HỔI 🔥,625 triệu,625000000,,2026.0,0,Đã sử dụng,,Thuê pin,"🚘 Sẵn Limo Green Vin 2026 đủ màu

💵 Giá tốt nhất miền Bắc, sẵn xe, hồ sơ giao ngay trong ngày
👉🏻 Miễn phí 100% thuế trước bạ
👉🏻 Giảm 6% trực tiếp giá xe
👉🏻 Giảm 3% mùa hè rực rỡ
👉🏻 Giảm 5% cho KH là công an / quân đội .
👍 Bán trả thẳng, trả góp. Ngân hàng liên kết ra bảo lãnh trong ngày

🏢 Showroom: VinFast An Khánh
📍 Địa chỉ: Km 8+400 Đại lộ Thăng Long, Xã Sơn Đồng, Hà Nội
📞 Hotline  *** Mr Việt Anh SĐT liên hệ: 092635**** Hiện số"
otodien_B2C,VinFast VF9 2025 Plus cũ - 70000 km,1 tỷ 170 triệu,1170000000,70000.0,2025.0,1,Đã sử dụng,70000.0,Thuê pin,"VF9 plus 2025 pin catl trắng
Mua đứt Pin 7 chỗ trần thép
odo 7v🚗 xe đẹp xuất sắc
1 tỉ 170
địa chỉ: Xuân Phương, Hà Nội SĐT liên hệ: 082623**** Hiện số"
otodien_B2C,"🔥 VINFAST VF 9 NEW 100% – GIÁ TỐT, HỖ TRỢ TRẢ GÓP LINH HOẠT",1 tỷ 529 triệu,1529000000,0.0,2026.0,0,Mới,0.0,Kèm pin,"⚡ VinFast VF 9 là mẫu SUV điện cỡ lớn 6–7 chỗ thuộc phân khúc cao cấp của VinFast. Xe nổi bật với thiết kế sang trọng, khoang nội thất rộng rãi, trang bị nhiều công nghệ thông minh cùng khả năng vận hành mạnh mẽ, đáp ứng hoàn hảo nhu cầu di chuyển của gia đình, doanh nhân và khách hàng yêu thích xe điện hạng sang.

🎁 XE NEW 100% CHÍNH HÃNG

✅ Có sẵn xe với nhiều phiên bản và màu sắc lựa chọn.
✅ Hỗ trợ trả góp lên đến 80% giá trị xe.
✅ Hỗ trợ đăng ký, đăng kiểm và giao xe trên toàn quốc.
✅ Bảo hành chính hãng theo tiêu chuẩn VinFast.
✅ Cập nhật báo giá và chương trình bán hàng mới nhất tại thời điểm mua xe.

✨ Điểm nổi bật của VinFast VF 9

✔️ Thiết kế SUV cỡ lớn sang trọng, mạnh mẽ và đẳng cấp.
✔️ Khoang nội thất 6–7 chỗ rộng rãi, sử dụng nhiều trang bị tiện nghi cao cấp.
✔️ Động cơ điện mạnh mẽ, vận hành êm ái và tăng tốc ấn tượng.
✔️ Hệ thống hỗ trợ lái nâng cao (ADAS) cùng nhiều tính năng an toàn hiện đại.
✔️ Quãng đường di chuyển dài, phù hợp cho cả nhu cầu đi lại hằng ngày và những chuyến hành trình xa.

📞 Liên hệ ngay để nhận báo giá VinFast VF 9 mới nhất, tư vấn phiên bản phù hợp, tính chi phí lăn bánh và cập nhật chương trình bán hàng chính hãng. SĐT liên hệ: 036480**** Hiện số"
otodien_B2C,"🚗 VINFAST VF 9 NEW 100% – SUV ĐIỆN HẠNG SANG, ĐẲNG CẤP DẪN ĐẦU, SẴN XE GIAO NGAY",1 tỷ 348 triệu,1348000000,0.0,2026.0,0,Mới,0.0,Thuê pin,"⚡ VinFast VF 9 là mẫu SUV điện cỡ lớn 6–7 chỗ thuộc phân khúc cao cấp của VinFast. Xe nổi bật với thiết kế sang trọng, khoang nội thất rộng rãi, trang bị nhiều công nghệ thông minh cùng khả năng vận hành mạnh mẽ, đáp ứng hoàn hảo nhu cầu di chuyển của gia đình, doanh nhân và khách hàng yêu thích xe điện hạng sang.

🎁 XE NEW 100% CHÍNH HÃNG

✅ Có sẵn xe với nhiều phiên bản và màu sắc lựa chọn.
✅ Hỗ trợ trả góp lên đến 80% giá trị xe.
✅ Hỗ trợ đăng ký, đăng kiểm và giao xe trên toàn quốc.
✅ Bảo hành chính hãng theo tiêu chuẩn VinFast.
✅ Cập nhật báo giá và chương trình bán hàng mới nhất tại thời điểm mua xe.

✨ Điểm nổi bật của VinFast VF 9

✔️ Thiết kế SUV cỡ lớn sang trọng, mạnh mẽ và đẳng cấp.
✔️ Khoang nội thất 6–7 chỗ rộng rãi, sử dụng nhiều trang bị tiện nghi cao cấp.
✔️ Động cơ điện mạnh mẽ, vận hành êm ái và tăng tốc ấn tượng.
✔️ Hệ thống hỗ trợ lái nâng cao (ADAS) cùng nhiều tính năng an toàn hiện đại.
✔️ Quãng đường di chuyển dài, phù hợp cho cả nhu cầu đi lại hằng ngày và những chuyến hành trình xa.

📞 Liên hệ ngay để nhận báo giá VinFast VF 9 mới nhất, tư vấn phiên bản phù hợp, tính chi phí lăn bánh và cập nhật chương trình bán hàng chính hãng. SĐT liên hệ: 036480**** Hiện số"
otodien_B2C,"🚗 VINFAST VF 8 ALL NEW 100% – SUV ĐIỆN CAO CẤP, THIẾT KẾ MỚI, SẴN XE GIAO NGAY",848 triệu,848000000,0.0,2026.0,0,Mới,0.0,Thuê pin,"⚡ VinFast VF 8 All New là mẫu SUV điện hạng D nổi bật với thiết kế sang trọng, khoang nội thất rộng rãi và hàng loạt công nghệ thông minh thế hệ mới. Xe mang đến khả năng vận hành mạnh mẽ, trải nghiệm lái êm ái cùng nhiều tính năng an toàn tiên tiến, phù hợp cho gia đình, doanh nhân và khách hàng yêu thích xe điện cao cấp.

🎁 XE NEW 100% CHÍNH HÃNG

✅ Có sẵn xe với nhiều phiên bản và màu sắc để lựa chọn.
✅ Hỗ trợ trả góp lên đến 80% giá trị xe.
✅ Hỗ trợ đăng ký, đăng kiểm và giao xe trên toàn quốc.
✅ Bảo hành chính hãng theo tiêu chuẩn VinFast.
✅ Cập nhật báo giá và chương trình bán hàng mới nhất tại thời điểm mua xe.

✨ Điểm nổi bật của VinFast VF 8 All New

✔️ Thiết kế ngoại thất hiện đại, mạnh mẽ và đậm chất SUV cao cấp.
✔️ Nội thất sang trọng với màn hình cảm ứng lớn, ghế chỉnh điện và nhiều tiện nghi thông minh.
✔️ Động cơ điện mạnh mẽ, tăng tốc ấn tượng và vận hành êm ái.
✔️ Trang bị hệ thống hỗ trợ lái nâng cao (ADAS) cùng nhiều công nghệ an toàn hiện đại.
✔️ Không gian rộng rãi, phù hợp cho gia đình và những chuyến đi đường dài.

📞 Liên hệ ngay để nhận báo giá VinFast VF 8 All New mới nhất, tư vấn phiên bản phù hợp, tính chi phí lăn bánh và cập nhật chương trình bán hàng chính hãng. SĐT liên hệ: 036480**** Hiện số"
otodien_B2C,"⚡ VINFAST VF 6 NEW 100% – THIẾT KẾ TRẺ TRUNG, CÔNG NGHỆ THÔNG MINH",614 triệu,614000000,0.0,2026.0,0,Mới,0.0,Thuê pin,"⚡ VinFast VF 6 là mẫu SUV điện hạng B được thiết kế dành cho khách hàng trẻ và gia đình hiện đại. Với kiểu dáng năng động, không gian nội thất rộng rãi, công nghệ thông minh cùng khả năng vận hành mạnh mẽ, VF 6 mang đến trải nghiệm lái tiện nghi, an toàn và tiết kiệm chi phí trong mọi hành trình.

🎁 XE NEW 100% CHÍNH HÃNG

✅ Có sẵn xe với nhiều phiên bản và màu sắc.
✅ Hỗ trợ trả góp lên đến 80% giá trị xe.
✅ Hỗ trợ đăng ký, đăng kiểm và giao xe trên toàn quốc.
✅ Bảo hành chính hãng theo tiêu chuẩn VinFast.
✅ Cập nhật báo giá và chương trình bán hàng mới nhất tại thời điểm mua xe.

✨ Điểm nổi bật của VinFast VF 6

✔️ Thiết kế SUV hiện đại, trẻ trung và đậm phong cách châu Âu.
✔️ Khoang nội thất rộng rãi với màn hình giải trí trung tâm lớn và nhiều tiện nghi thông minh.
✔️ Động cơ điện vận hành mạnh mẽ, tăng tốc mượt mà và tiết kiệm chi phí sử dụng.
✔️ Trang bị nhiều tính năng hỗ trợ lái và công nghệ an toàn tiên tiến.
✔️ Phù hợp cho nhu cầu đi làm, di chuyển trong đô thị và những chuyến du lịch cùng gia đình.

📞 Liên hệ ngay để nhận báo giá VinFast VF 6 mới nhất, tư vấn phiên bản phù hợp, tính chi phí lăn bánh và cập nhật chương trình bán hàng chính hãng. SĐT liên hệ: 036480**** Hiện số"
otodien_B2C,"🚗 VINFAST VF 6 NEW 100% – SUV ĐIỆN THÔNG MINH, THIẾT KẾ HIỆN ĐẠI, SẴN XE GIAO NGAY",646 triệu,646000000,0.0,2026.0,0,Mới,0.0,Thuê pin,"⚡ VinFast VF 6 là mẫu SUV điện hạng B được thiết kế dành cho khách hàng trẻ và gia đình hiện đại. Với kiểu dáng năng động, không gian nội thất rộng rãi, công nghệ thông minh cùng khả năng vận hành mạnh mẽ, VF 6 mang đến trải nghiệm lái tiện nghi, an toàn và tiết kiệm chi phí trong mọi hành trình.

🎁 XE NEW 100% CHÍNH HÃNG

✅ Có sẵn xe với nhiều phiên bản và màu sắc.
✅ Hỗ trợ trả góp lên đến 80% giá trị xe.
✅ Hỗ trợ đăng ký, đăng kiểm và giao xe trên toàn quốc.
✅ Bảo hành chính hãng theo tiêu chuẩn VinFast.
✅ Cập nhật báo giá và chương trình bán hàng mới nhất tại thời điểm mua xe.

✨ Điểm nổi bật của VinFast VF 6

✔️ Thiết kế SUV hiện đại, trẻ trung và đậm phong cách châu Âu.
✔️ Khoang nội thất rộng rãi với màn hình giải trí trung tâm lớn và nhiều tiện nghi thông minh.
✔️ Động cơ điện vận hành mạnh mẽ, tăng tốc mượt mà và tiết kiệm chi phí sử dụng.
✔️ Trang bị nhiều tính năng hỗ trợ lái và công nghệ an toàn tiên tiến.
✔️ Phù hợp cho nhu cầu đi làm, di chuyển trong đô thị và những chuyến du lịch cùng gia đình.

📞 Liên hệ ngay để nhận báo giá VinFast VF 6 mới nhất, tư vấn phiên bản phù hợp, tính chi phí lăn bánh và cập nhật chương trình bán hàng chính hãng. SĐT liên hệ: 036480**** Hiện số"
otodien_B2C,🚙 VF9 Plus – SUV điện cỡ lớn - Đẳng cấp 🔥,1 tỷ 367 triệu,1367000000,,2026.0,0,Đã sử dụng,,Thuê pin,"👉 VF9 Plus - Giảm 10% chính sách tháng 06/2026
👉 Giảm 5% chính sách quân đội
👉 Giảm 2% mùa hè rực rỡ
👉 Miễn phí sạc hết 02/2029

⚡ Xe điện vận hành êm ái, tiết kiệm chi phí
🌿 Thân thiện môi trường, hướng tới tương lai xanh
🛡️ Trang bị công nghệ an toàn hiện đại
👨‍👩‍👧‍👦 Không gian rộng rãi, phù hợp gia đình và công việc
📌 Sẵn xe – Sẵn hồ sơ – Bấm biển – Giao ngay

📩 Liên hệ ngay để nhận ưu đãi tốt nhất!
𝗠𝘂𝗮 𝗯𝗮́𝗻 𝗡𝗵𝗮𝗻𝗵 𝗴𝗼̣𝗻 - 𝗨𝘆 𝗧𝗶́𝗻
𝗟𝗵/𝘇𝗮𝗹𝗼: *** (Mr.Việt Anh) SĐT liên hệ: 092635**** Hiện số"
otodien_B2C,VinFast VF7 2024 Eco - 53000 km,625 triệu,625000000,53000.0,2024.0,2,Đã sử dụng,26500.0,Thuê pin,"VF7 Eco 2024 mua pin odo 5v3 km

Giá: 625tr SĐT liên hệ: 092962**** Hiện số"
otodien_B2C,"🚗 VINFAST VF 6 NEW 100% – SUV ĐIỆN HIỆN ĐẠI, SẴN XE GIAO NGAY",700 triệu,700000000,0.0,2026.0,0,Mới,0.0,Thuê pin,"⚡ VinFast VF 6 là mẫu SUV điện hạng B nổi bật với thiết kế trẻ trung, không gian nội thất rộng rãi cùng hàng loạt công nghệ thông minh. Xe phù hợp cho khách hàng cá nhân, gia đình trẻ và những ai đang tìm kiếm một mẫu SUV điện hiện đại, tiết kiệm chi phí vận hành.

🎁 XE NEW 100% CHÍNH HÃNG

✅ Có sẵn xe, nhiều phiên bản và màu sắc lựa chọn.
✅ Hỗ trợ trả góp lên đến 80% giá trị xe.
✅ Hỗ trợ đăng ký, đăng kiểm và giao xe trên toàn quốc.
✅ Bảo hành chính hãng theo tiêu chuẩn VinFast.
✅ Cập nhật báo giá và chương trình ưu đãi mới nhất tại thời điểm mua xe.

✨ Điểm nổi bật của VinFast VF 6

✔️ Thiết kế SUV hiện đại, năng động và đậm chất châu Âu.
✔️ Nội thất rộng rãi với màn hình cảm ứng trung tâm lớn, nhiều tiện nghi thông minh.
✔️ Động cơ điện mạnh mẽ, vận hành êm ái và tiết kiệm chi phí sử dụng.
✔️ Trang bị nhiều công nghệ hỗ trợ lái và hệ thống an toàn tiên tiến.
✔️ Quãng đường di chuyển đáp ứng tốt nhu cầu đi lại hằng ngày và những chuyến đi xa.

📞 Liên hệ ngay để nhận báo giá VinFast VF 6 mới nhất, tư vấn phiên bản phù hợp, tính chi phí lăn bánh và cập nhật chương trình ưu đãi chính hãng hiện hành. SĐT liên hệ: 090394**** Hiện số"
otodien_B2C,VinFast VF8 2022 Plus - 36000 km,645 triệu,645000000,36000.0,2022.0,4,Đã sử dụng,9000.0,Thuê pin,"VF8 plus 2022 odo 3v6 km siêu mới
dàn lốp date 2025
xe đẹp căng
ko có xe xăng giá 715tr
có xe xăng giá 645tr SĐT liên hệ: 082623**** Hiện số"
otodien_B2C,"🔥 VINFAST VF 7 NEW 100% – GIÁ TỐT, HỖ TRỢ TRẢ GÓP HẤP DẪN",703 triệu,703000000,0.0,2026.0,0,Mới,0.0,Thuê pin,"⚡ VinFast VF 7 là mẫu SUV điện hạng C nổi bật với thiết kế thể thao, cá tính và khoang nội thất hiện đại. Xe được trang bị nhiều công nghệ thông minh, khả năng vận hành mạnh mẽ cùng hệ thống hỗ trợ lái tiên tiến, mang đến trải nghiệm lái hứng khởi cho cả nhu cầu di chuyển hằng ngày và những chuyến đi dài.

🎁 XE NEW 100% CHÍNH HÃNG

✅ Có sẵn xe, đa dạng phiên bản và màu sắc lựa chọn.
✅ Hỗ trợ trả góp lên đến 80% giá trị xe.
✅ Hỗ trợ đăng ký, đăng kiểm và giao xe trên toàn quốc.
✅ Bảo hành chính hãng theo tiêu chuẩn VinFast.
✅ Cập nhật báo giá và chương trình bán hàng mới nhất tại thời điểm mua xe.

✨ Điểm nổi bật của VinFast VF 7

✔️ Thiết kế SUV Coupe hiện đại, đậm chất thể thao và khác biệt.
✔️ Không gian nội thất cao cấp với màn hình trung tâm cỡ lớn và nhiều tiện nghi thông minh.
✔️ Động cơ điện mạnh mẽ, tăng tốc nhanh, vận hành êm ái.
✔️ Trang bị nhiều công nghệ hỗ trợ lái và hệ thống an toàn tiên tiến.
✔️ Phù hợp với khách hàng trẻ, gia đình và doanh nhân yêu thích công nghệ.

📞 Liên hệ ngay để nhận báo giá VinFast VF 7 mới nhất, tư vấn phiên bản phù hợp, tính chi phí lăn bánh và cập nhật chương trình bán hàng chính hãng. SĐT liên hệ: 036480**** Hiện số"
otodien_B2C,✨ VINFAST VF9 PLUS ĐEN - ĐẲNG CẤP DẪN ĐẦU ✨,1 tỷ 393 triệu,1393000000,,,0,Đã sử dụng,,Thuê pin,"🚘 VinFast VF 9 SUV điện hạng sang
🚘 Vinfast VF9 Plus : 1 tỷ 393
✔️ Thiết kế bề thế – Sang Trọng, khẳng định vị thế
✔️ Nội thất rộng rãi 3 hàng ghế – tối ưu trải nghiệm lãnh đạo
✔️ Vận hành êm ái – công nghệ thông minh – tiết kiệm vượt trội
✔️ Lý tưởng cho đưa đón đối tác, lãnh đạo & hình ảnh doanh nghiệp

🎯 ƯU ĐÃI ĐẶC BIỆT THÁNG 6 NÀY:
💰 Giảm ngay 10% giá trị xe
🔄 Giảm 2% mùa hè rực rỡ
🎁 Nhiều quà tặng & chính sách hấp dẫn riêng cho quý KH

☎️ Hotline/zalo: *** (Mr.Việt Anh)
🏠 VINFAST AN KHÁNH
Km 8+400 Đại lộ Thăng Long, Xã Sơn Đồng, Hà Nội SĐT liên hệ: 092635**** Hiện số"
otodien_B2C,VinFast VF8 2023 Eco cũ - 60000 km,635 triệu,635000000,60000.0,2023.0,3,Đã sử dụng,20000.0,Thuê pin,"vf8 eco pin catl vin 2023 odo 6v 
có xe xăng đổi qua 635tr
ko có xe xăng 705tr
sẵn hs sang tên SĐT liên hệ: 082623**** Hiện số"
otodien_B2C,🔥 VF8 Plus  – Vin26 – Màu Trắng – Sẵn Xe – Giao Ngay 🔥,993 triệu,993000000,,2026.0,0,Đã sử dụng,,Thuê pin,"🚗✨ ĐẲNG CẤP DẪN ĐẦU – SỞ HỮU NGAY VinFast VF8
Không chỉ là một chiếc xe điện, VF8 là tuyên ngôn về phong cách sống hiện đại:
🔹 Thiết kế mạnh mẽ – sang trọng chuẩn SUV hạng D
🔹 Nội thất rộng rãi – tiện nghi cho cả gia đình
🔹 Công nghệ thông minh – hỗ trợ lái an toàn tối đa
🔹 Vận hành êm ái – tiết kiệm chi phí nhiên liệu

💡 Đi phố êm – đi xa khỏe – đi đâu cũng nổi bật!

🎁 Đặc biệt:
✔️ Nhiều ưu đãi hấp dẫn
✔️ Hỗ trợ trả góp linh hoạt
✔️ Chi phí sử dụng tối ưu hơn xe xăng

📍 Địa chỉ: Km 8+400 Đại lộ Thăng Long, Xã Sơn Đồng, Hà Nội
☎️ Tư Vấn: *** (Mr.Việt Anh)

👉 Sẵn xe – giao nhanh – hỗ trợ tận tâm
📩 Inbox ngay để nhận báo giá tốt nhất & lái thử miễn phí! SĐT liên hệ: 092635**** Hiện số"
otodien_B2C,"🚗 VINFAST VF MPV 7 NEW 100% – MPV ĐIỆN 7 CHỖ HIỆN ĐẠI, NHẬN TƯ VẤN NGAY",750 triệu,750000000,0.0,2026.0,0,Mới,0.0,Thuê pin,"⚡ VinFast VF MPV 7 là mẫu MPV thuần điện 7 chỗ thế hệ mới, được phát triển dành cho gia đình và khách hàng kinh doanh dịch vụ. Với thiết kế hiện đại, khoang nội thất rộng rãi, vận hành êm ái cùng nhiều công nghệ thông minh, VF MPV 7 mang đến trải nghiệm di chuyển tiện nghi, an toàn và tiết kiệm chi phí.

🎁 XE NEW 100% CHÍNH HÃNG

✅ Xe mới 100%, đầy đủ giấy tờ chính hãng.
✅ Hỗ trợ trả góp lên đến 80% giá trị xe.
✅ Hỗ trợ đăng ký, đăng kiểm và giao xe trên toàn quốc.
✅ Bảo hành chính hãng theo tiêu chuẩn VinFast.
✅ Cập nhật báo giá và chính sách bán hàng mới nhất tại thời điểm mua xe.

✨ Điểm nổi bật của VinFast VF MPV 7

✔️ Thiết kế MPV 7 chỗ hiện đại, phù hợp cho gia đình và kinh doanh.
✔️ Không gian 3 hàng ghế rộng rãi, tối ưu sự thoải mái cho mọi hành khách.
✔️ Động cơ điện vận hành mạnh mẽ, êm ái, không phát thải.
✔️ Trang bị nhiều tiện nghi hiện đại và công nghệ hỗ trợ lái thông minh.
✔️ Chi phí vận hành và bảo dưỡng tiết kiệm so với xe sử dụng động cơ xăng.

📞 Liên hệ ngay để nhận báo giá VinFast VF MPV 7 mới nhất, tư vấn phiên bản phù hợp, tính chi phí lăn bánh và cập nhật các chương trình ưu đãi chính hãng hiện hành. SĐT liên hệ: 090394**** Hiện số"
otodien_B2C,"🚗 VINFAST VF 3 NEW 100% – MINI SUV ĐIỆN CÁ TÍNH, SẴN XE GIAO NGAY",290 triệu,290000000,0.0,2026.0,0,Mới,0.0,Thuê pin,"⚡ VinFast VF 3 là mẫu mini SUV thuần điện nổi bật với thiết kế nhỏ gọn, cá tính và linh hoạt khi di chuyển trong đô thị. Xe phù hợp với khách hàng trẻ, gia đình nhỏ hoặc người mua xe lần đầu nhờ chi phí sở hữu hợp lý, vận hành êm ái và tiết kiệm.

🎁 XE NEW 100% CHÍNH HÃNG

✅ Có sẵn xe với nhiều màu sắc để lựa chọn.
✅ Hỗ trợ trả góp lên đến 80% giá trị xe.
✅ Hỗ trợ đăng ký, đăng kiểm và giao xe trên toàn quốc.
✅ Bảo hành chính hãng theo tiêu chuẩn VinFast.
✅ Cập nhật báo giá và chương trình ưu đãi mới nhất tại thời điểm mua xe.

✨ Điểm nổi bật của VinFast VF 3

✔️ Thiết kế mini SUV hiện đại, cá tính và năng động.
✔️ Kích thước nhỏ gọn, dễ dàng di chuyển và đỗ xe trong đô thị.
✔️ Động cơ điện vận hành êm ái, tiết kiệm chi phí sử dụng.
✔️ Nội thất tối ưu không gian với nhiều tiện ích đáp ứng nhu cầu hằng ngày.
✔️ Phù hợp cho cá nhân, gia đình trẻ và nhu cầu di chuyển trong thành phố.

📞 Liên hệ ngay để nhận báo giá VinFast VF 3 mới nhất, tư vấn phiên bản phù hợp, tính chi phí lăn bánh và cập nhật chương trình ưu đãi chính hãng hiện hành. SĐT liên hệ: 090394**** Hiện số"
otodien_B2C,VinFast VF8 2023 Plus cũ - 80000 km,755 triệu,755000000,80000.0,2023.0,3,Đã sử dụng,26667.0,Thuê pin,"VF8 Plus Pin CATL vin 23 model 24 đi 8v km
Giá: 755tr SĐT liên hệ: 082623**** Hiện số"
otodien_B2C,"🚗 VINFAST VF 5 NEW 100% – SUV ĐIỆN ĐÔ THỊ, GIÁ TỐT, SẴN XE GIAO NGAY",446 triệu,446000000,0.0,2026.0,0,Mới,0.0,Thuê pin,"⚡ VinFast VF 5 là mẫu SUV điện hạng A được nhiều khách hàng lựa chọn nhờ thiết kế trẻ trung, kích thước nhỏ gọn, dễ dàng di chuyển trong đô thị cùng chi phí vận hành tiết kiệm. Với không gian 5 chỗ rộng rãi, nhiều công nghệ hiện đại và khả năng vận hành ổn định, VF 5 phù hợp cho cả nhu cầu đi lại hằng ngày, gia đình nhỏ và kinh doanh dịch vụ.

🎁 XE NEW 100% CHÍNH HÃNG

✅ Có sẵn xe, nhiều màu sắc để lựa chọn.
✅ Hỗ trợ trả góp lên đến 80% giá trị xe.
✅ Hỗ trợ đăng ký, đăng kiểm và giao xe trên toàn quốc.
✅ Bảo hành chính hãng theo tiêu chuẩn VinFast.
✅ Cập nhật báo giá và chương trình ưu đãi mới nhất tại thời điểm mua xe.

✨ Điểm nổi bật của VinFast VF 5

✔️ Thiết kế SUV nhỏ gọn, năng động và hiện đại.
✔️ Không gian nội thất rộng rãi trong phân khúc.
✔️ Động cơ điện vận hành êm ái, tăng tốc mượt mà.
✔️ Trang bị nhiều tính năng an toàn và hỗ trợ lái hiện đại.
✔️ Chi phí sử dụng và bảo dưỡng tiết kiệm hơn so với xe xăng cùng phân khúc.

📞 Liên hệ ngay để nhận báo giá VinFast VF 5 mới nhất, tư vấn phiên bản phù hợp, tính chi phí lăn bánh và cập nhật chương trình ưu đãi chính hãng hiện hành. SĐT liên hệ: 090394**** Hiện số"
otodien_B2C,VinFast VF8 2023 Eco cũ - 61000 km,585 triệu,585000000,61000.0,2023.0,3,Đã sử dụng,20333.0,Thuê pin,"VF8 eco mua pin SDI 2023
Odo 6,1 vạn km
giá 585tr tặng 1 năm bhtv
xem xe: Xuân Phương Hà Nội SĐT liên hệ: 082623**** Hiện số"
otodien_B2C,VinFast VF6 2024 Plus - 30000 km,600 triệu,600000000,30000.0,2024.0,2,Đã sử dụng,15000.0,Thuê pin,"- Vf6 plus Sx 2024 odo 3V KM 
- Xe miễn phí sạc full k giới hạn số lần 
- Bản full option : 2 ghê chỉnh điện,hud kính, adas ,cam 360. Bản full kịch nóc limited ( 8 loa, mâm 19 logo, chỉnh điện và mát mông cả ghế lái, ghế phụ, kính hậu tràn viền chống chói tự động ...vv

Giá: 600 T 
LH : ***
Xem xe tại 273 Hoàng Quốc Việt , Cầu Giấy , HN SĐT liên hệ: 097538**** Hiện số"
otodien_B2C,VinFast VF5 2025 Plus - 29000 km,420 triệu,420000000,29000.0,2025.0,1,Đã sử dụng,29000.0,Thuê pin,"Em VF5 plus sx 2025
ODO 2,9 VKM 
- Xe mua pin chính sách miễn phí sạc full không giới hạn số lần 
- Xe đã trang bị hơn 50t phụ kiện 
- Dán gói phim cách nhiệt 3M, hạng thương gia 11T 
- Cam hành trình 3,5t 
- Thảm trải sàn 2 lớp 2,6tr
-Bộ loa SUB 8,5tr
- Đăng kiểm 2 năm , chống ồn vvv...

Giá: 420T 
Xem xe tại : 273 Hoàng Quốc Việt , Cầu Giấy , Hà Nội. SĐT liên hệ: 097538**** Hiện số"
otodien_B2C,"🔥 VINFAST VF 5 NEW 100% – HỖ TRỢ TRẢ GÓP, THỦ TỤC NHANH",450 triệu,450000000,0.0,2026.0,0,Mới,0.0,Thuê pin,"⚡ VinFast VF 5 là mẫu SUV điện hạng A được nhiều khách hàng lựa chọn nhờ thiết kế hiện đại, nhỏ gọn, dễ dàng di chuyển trong đô thị cùng chi phí vận hành tiết kiệm. Xe sở hữu không gian nội thất rộng rãi, trang bị nhiều tính năng thông minh và khả năng vận hành ổn định, phù hợp cho gia đình trẻ, người mua xe lần đầu và khách hàng kinh doanh dịch vụ.

🎁 XE NEW 100% CHÍNH HÃNG

✅ Có sẵn xe, nhiều màu sắc để lựa chọn.
✅ Hỗ trợ trả góp lên đến 80% giá trị xe.
✅ Hỗ trợ đăng ký, đăng kiểm và giao xe trên toàn quốc.
✅ Bảo hành chính hãng theo tiêu chuẩn VinFast.
✅ Cập nhật báo giá và chương trình bán hàng mới nhất tại thời điểm mua xe.

✨ Điểm nổi bật của VinFast VF 5

✔️ Thiết kế SUV nhỏ gọn, năng động và hiện đại.
✔️ Khoang nội thất tiện nghi, đáp ứng tốt nhu cầu sử dụng hằng ngày.
✔️ Động cơ điện vận hành mạnh mẽ, êm ái và tiết kiệm chi phí sử dụng.
✔️ Trang bị nhiều công nghệ an toàn và hỗ trợ lái hiện đại.
✔️ Phù hợp cho di chuyển trong thành phố cũng như những chuyến đi ngắn cuối tuần.

📞 Liên hệ ngay để nhận báo giá VinFast VF 5 mới nhất, tư vấn phiên bản phù hợp, tính chi phí lăn bánh và cập nhật chương trình ưu đãi chính hãng hiện hành. SĐT liên hệ: 036480**** Hiện số"
otodien_B2C,💥 GIÁ TỐT NHẤT PHÂN KHÚC - Nhận xe chỉ từ 95 TRIỆU,429 triệu,429000000,,,0,Đã sử dụng,,Cần xác minh,"🚗 VINFAST VF5 – SUV quốc dân bán chạy nhất hiện nay !
✨ Ưu đãi cực sốc khi chốt xe hôm nay :
🎁 Giảm trực tiếp 6% giá xe
🎁 Ưu đãi thêm 3% khi đặt xe trong tháng 06
🎁 Ưu đãi thêm 5% ngành Công An, Bộ Đội
🎁 Tặng 02 năm bảo hiểm thân vỏ xe 
🎁 Tặng combo phụ kiện chính hãng đầy đủ
🎁 Hỗ trợ 100% lệ phí trước bạ
🎁 Miễn phí đăng ký Platform
🎨 Đủ màu – giao xe nhanh tận nhà
📞 Liên hệ ngay để được tư vấn !
---------------------------------------------
☎ Hotline TBVH: ***
📍 948 Quang Trung – Hà Đông – Hà Nội
#VinfastHN #VinfastVF5 #HàĐông #XeĐiện SĐT liên hệ: 085655**** Hiện số"
otodien_B2C,"🚗 VINFAST VF 7 NEW 100% – SUV ĐIỆN THỂ THAO, CÔNG NGHỆ HIỆN ĐẠI, SẴN XE GIAO NGAY",830 triệu,830000000,0.0,2026.0,0,Mới,0.0,Thuê pin,"⚡ VinFast VF 7 là mẫu SUV điện hạng C nổi bật với thiết kế thể thao, cá tính và khoang nội thất hiện đại. Xe được trang bị nhiều công nghệ thông minh, khả năng vận hành mạnh mẽ cùng hệ thống hỗ trợ lái tiên tiến, mang đến trải nghiệm lái hứng khởi cho cả nhu cầu di chuyển hằng ngày và những chuyến đi dài.

🎁 XE NEW 100% CHÍNH HÃNG

✅ Có sẵn xe, đa dạng phiên bản và màu sắc lựa chọn.
✅ Hỗ trợ trả góp lên đến 80% giá trị xe.
✅ Hỗ trợ đăng ký, đăng kiểm và giao xe trên toàn quốc.
✅ Bảo hành chính hãng theo tiêu chuẩn VinFast.
✅ Cập nhật báo giá và chương trình bán hàng mới nhất tại thời điểm mua xe.

✨ Điểm nổi bật của VinFast VF 7

✔️ Thiết kế SUV Coupe hiện đại, đậm chất thể thao và khác biệt.
✔️ Không gian nội thất cao cấp với màn hình trung tâm cỡ lớn và nhiều tiện nghi thông minh.
✔️ Động cơ điện mạnh mẽ, tăng tốc nhanh, vận hành êm ái.
✔️ Trang bị nhiều công nghệ hỗ trợ lái và hệ thống an toàn tiên tiến.
✔️ Phù hợp với khách hàng trẻ, gia đình và doanh nhân yêu thích công nghệ.

📞 Liên hệ ngay để nhận báo giá VinFast VF 7 mới nhất, tư vấn phiên bản phù hợp, tính chi phí lăn bánh và cập nhật chương trình bán hàng chính hãng. SĐT liên hệ: 036480**** Hiện số"
otodien_B2C,🎯 VINFAST VF MPV 7 NEW 100% – NHẬN BÁO GIÁ VÀ TƯ VẤN NGAY HÔM NAY,692 triệu,692000000,0.0,2026.0,0,Mới,0.0,Thuê pin,"⚡ VinFast VF MPV 7 là mẫu MPV thuần điện 7 chỗ được phát triển dành cho gia đình và khách hàng kinh doanh dịch vụ. Với thiết kế hiện đại, khoang nội thất rộng rãi, khả năng vận hành êm ái cùng nhiều công nghệ thông minh, VF MPV 7 mang đến trải nghiệm di chuyển thoải mái, an toàn và tiết kiệm chi phí.

🎁 XE NEW 100% CHÍNH HÃNG

✅ Có sẵn xe, hỗ trợ tư vấn và đặt xe nhanh chóng.
✅ Hỗ trợ trả góp lên đến 80% giá trị xe.
✅ Hỗ trợ đăng ký, đăng kiểm và giao xe trên toàn quốc.
✅ Bảo hành chính hãng theo tiêu chuẩn VinFast.
✅ Cập nhật báo giá và chính sách bán hàng mới nhất tại thời điểm mua xe.

✨ Điểm nổi bật của VinFast VF MPV 7

✔️ Thiết kế MPV 7 chỗ hiện đại, phù hợp cho gia đình và kinh doanh.
✔️ Không gian 3 hàng ghế rộng rãi, tối ưu sự thoải mái cho mọi hành khách.
✔️ Động cơ điện vận hành mạnh mẽ, êm ái và tiết kiệm chi phí sử dụng.
✔️ Trang bị nhiều công nghệ an toàn và tiện nghi hiện đại.
✔️ Chi phí vận hành và bảo dưỡng tối ưu, thân thiện với môi trường.

📞 Liên hệ ngay để nhận báo giá VinFast VF MPV 7 mới nhất, tư vấn phiên bản phù hợp, tính chi phí lăn bánh và cập nhật chương trình bán hàng chính hãng. SĐT liên hệ: 036480**** Hiện số"
otodien_B2C,🔥 VINFAST VF6 PLUS - GIÁ CỰC ƯU ĐÃI 🔥,640 triệu,640000000,,,0,Đã sử dụng,,Thuê pin,"Bạn đang tìm kiếm một mẫu SUV điện phân khúc B với thiết kế thời thượng, công nghệ thông minh và khả năng vận hành mạnh mẽ? VinFast VF6 Plus chính là lựa chọn ""đáng tiền"" nhất tại thời điểm này.

🔥 ĐẶC QUYỀN ƯU ĐÃI CHƯƠNG TRÌNH ĐẶC BIỆT:
Nhận ngay combo ưu đãi cực hấp dẫn khi sở hữu VF6 Plus tại VinFast An Khánh:

💰 Giảm 6% giá trị xe – Đồng hành cùng tương lai xanh.

💰 Giảm 2% chương trình mùa hè rực rỡ.

💰 Giảm thêm 5% đặc quyền dành riêng cho khách hàng thuộc khối Công An & Quân Đội.

💰 ĐẶC BIỆT: Miễn phí sạc điện công cộng lên đến ngày 10/02/2029.

✨ Tại sao VF6 Plus là ""ngôi sao"" phân khúc SUV?

Thiết kế hiện đại: Kiểu dáng SUV đậm chất thời trang, nội thất tinh tế, sang trọng.

Vận hành mạnh mẽ: Công suất động cơ vượt trội, mang lại cảm giác lái phấn khích.

Công nghệ thông minh: Trang bị hàng loạt tính năng hỗ trợ lái hiện đại, đảm bảo an toàn tối đa.

Tiết kiệm tối đa: Chi phí vận hành thấp, xóa bỏ hoàn toàn nỗi lo biến động giá xăng dầu.

🚀 Cơ hội sở hữu xe với mức giá tốt nhất - Nhận xe nhanh chóng!
Chúng tôi cam kết tư vấn nhiệt tình, hỗ trợ thủ tục hồ sơ từ A-Z để quý khách sớm được cầm lái ""chiến mã"" đẳng cấp này.

👉 Liên hệ ngay hôm nay để nhận báo giá chi tiết và giữ suất ưu đãi!
🏢 VinFast An Khánh
📍 Địa chỉ: Km 8+400 Đại lộ Thăng Long, Xã Sơn Đồng, Hà Nội.
📞 Hotline hỗ trợ 24/7: *** – Mr. Việt Anh. SĐT liên hệ: 092635**** Hiện số"
otodien_B2C,VinFast VF8 2023 Eco - 40000 km,675 triệu,675000000,40000.0,2023.0,3,Đã sử dụng,13333.0,Thuê pin,"vf8 eco trắng 2023 pin catl sẵn hồ xe đẹp
odo 4v
giá 675tr đã giảm 120tr tặng 1 năm bhtv SĐT liên hệ: 082623**** Hiện số"
otodien_B2C,"🚗 VINFAST LIMO GREEN NEW 100% – MPV ĐIỆN 7 CHỖ, SẴN XE GIAO NGAY",630 triệu,630000000,0.0,2026.0,0,Mới,0.0,Thuê pin,"⚡ VinFast Limo Green là mẫu MPV điện 7 chỗ được phát triển dành cho nhu cầu gia đình và kinh doanh vận tải hành khách. Với thiết kế hiện đại, không gian rộng rãi, khả năng vận hành êm ái cùng chi phí sử dụng tối ưu, Limo Green mang đến giải pháp di chuyển thông minh và kinh tế cho mọi hành trình.

🎁 XE NEW 100% CHÍNH HÃNG

✅ Có sẵn xe, hỗ trợ tư vấn và đặt xe nhanh chóng.
✅ Hỗ trợ trả góp lên đến 80% giá trị xe.
✅ Hỗ trợ đăng ký, đăng kiểm và giao xe trên toàn quốc.
✅ Bảo hành chính hãng theo tiêu chuẩn VinFast.
✅ Cập nhật báo giá và chương trình bán hàng mới nhất tại thời điểm mua xe.

✨ Điểm nổi bật của VinFast Limo Green

✔️ Thiết kế MPV 7 chỗ hiện đại, tối ưu không gian cho cả gia đình và kinh doanh.
✔️ Khoang nội thất rộng rãi, 3 hàng ghế mang lại sự thoải mái trên những hành trình dài.
✔️ Động cơ điện vận hành mạnh mẽ, êm ái và không phát thải.
✔️ Trang bị nhiều công nghệ an toàn và tiện nghi hiện đại.
✔️ Chi phí vận hành và bảo dưỡng tiết kiệm hơn so với xe sử dụng động cơ xăng.

📞 Liên hệ ngay để nhận báo giá VinFast Limo Green mới nhất, tư vấn phiên bản phù hợp, tính chi phí lăn bánh và cập nhật chương trình bán hàng chính hãng. SĐT liên hệ: 036480**** Hiện số"
otodien_B2C,VinFast VF9 2023 Plus - 6000 km,1 tỷ 035 triệu,1035000000,6000.0,2023.0,3,Đã sử dụng,2000.0,Thuê pin,"VF9 Plus 2023 mua pin SDI 6 chỗ trần kính
Odo: 6000km

Giá: 1035tr
Xem xe: Long Biên, Hà Nội SĐT liên hệ: 092962**** Hiện số"
otodien_B2C,⚡ VF3 TC2 VIN25 MÀU VÀNG - GIÁ CHỈ 255 TRIỆU ⚡,255 triệu,255000000,0.0,2025.0,1,Mới,0.0,Thuê pin,"🔥 Xe mới 100%, VinFast VF3 TC2 VIN25 màu vàng nổi bật.

💰 Giá niêm yết sau ưu đãi chỉ từ 255 triệu đồng.

Ưu đãi hiện hành:
✅ Giảm 6% chương trình Vì Tương Lai Xanh
✅ Giảm 2% chương trình Mùa Hè Rực Rỡ
✅ Giảm 5% dành cho Cán bộ Quân đội (CAQĐ)

✔️ Thiết kế nhỏ gọn, hiện đại, phù hợp di chuyển trong đô thị
✔️ Chi phí sử dụng tiết kiệm
✔️ Nhiều công nghệ thông minh, vận hành êm ái

📞 Liên hệ ngay để nhận báo giá chi tiết, tư vấn trả góp và giao xe sớm.
🏢 Showroom: VinFast An Khánh
📍 Địa chỉ: Km 8+400 Đại lộ Thăng Long, Xã Sơn Đồng, Hà Nội
📞 Hotline  *** Mr Việt Anh SĐT liên hệ: 092635**** Hiện số"
otodien_B2C,🛍️ 𝐕𝐅 𝟑 PLUS - CHỈ TỪ 270 TRIỆU 🔥,270 triệu,270000000,,,0,Đã sử dụng,,Thuê pin,"Bạn tìm kiếm một chiếc xe nhỏ gọn, linh hoạt cho phố thị nhưng vẫn phải ""chất""? VinFast VF3 Plus chính là mảnh ghép hoàn hảo.

🔥 ĐẶC QUYỀN ƯU ĐÃI CHƯƠNG TRÌNH XUÂN:
Tổng giá trị ưu đãi lên đến 50 TRIỆU ĐỒNG, bao gồm:

√ 6% cho tương lai xanh bền vững.

√ 2% ưu đãi mùa hè rực rỡ.

√ 5% đặc quyền dành riêng cho cán bộ Công An & Quân Đội.
(Số lượng ưu đãi có hạn, áp dụng cho khách hàng chốt xe sớm nhất)

✨ Tại sao nên chọn VF3 Plus?

⚙️ Thiết kế cá tính: Gọn gàng, gầm cao, tự tin vượt mọi địa hình đô thị.

⚙️ Chi phí tối ưu: Vận hành thuần điện cực tiết kiệm.

⚙️ Trải nghiệm thông minh: Nội thất tối giản, tiện nghi nâng cấp vượt trội.

⚙️ Đa sắc màu: Bộ sưu tập màu sắc cực chất, tự tin thể hiện ""gu"" riêng.

👉 Đừng bỏ lỡ cơ hội sở hữu ""tiểu chiến binh"" này!
📩 Inbox ngay để nhận bảng giá lăn bánh chi tiết và giữ suất ưu đãi.
🏢 VinFast An Khánh
📍 Địa chỉ: Km 8+400 Đại lộ Thăng Long, Xã Sơn Đồng, Hà Nội.
📞 Hotline hỗ trợ 24/7: *** – Mr. Việt Anh. SĐT liên hệ: 092635**** Hiện số"
otodien_B2C,🔥 VF7 PLUS VIN26 – GIẢM THẲNG 125TR 🔥,764 triệu,764000000,0.0,2026.0,0,Mới,0.0,Thuê pin,"Bạn đang tìm kiếm một chiếc SUV cá tính, mạnh mẽ và công nghệ đỉnh cao? VinFast VF7 Plus đang có sẵn tại showroom, sẵn sàng trao tay ngay hôm nay với mức giá không thể tốt hơn!

🔥 CƠ HỘI SỞ HỮU XE VỚI ƯU ĐÃI KHỦNG LÊN ĐẾN 125 TRIỆU ĐỒNG 💸
🌟 Giảm trực tiếp 6% theo chương trình ""Tương Lai Xanh""
☀️ Giảm thêm 2% ưu đãi ""Mùa hè rực rỡ""
🎖️ Đặc quyền giảm thêm 5% cho khách hàng thuộc khối Công An & Bộ Đội
💎 Tổng ưu đãi cực lớn giúp bạn tối ưu chi phí lăn bánh tối đa!

🎁 QUÀ TẶNG KÈM THEO – FULL PHỤ KIỆN CAO CẤP 🎁
🎞️ Phim cách nhiệt cao cấp chống nóng vượt trội
🛡️ Lót sàn cao cấp thiết kế sang trọng
📹 Camera hành trình sắc nét bảo vệ mọi hành trình
🎁 Bộ phụ kiện 4 món tiện ích đi kèm theo xe

⚡ TẠI SAO NÊN CHỐT VF7 PLUS NGAY LÚC NÀY? ⚡
🏎️ Xe có sẵn tại showroom VinFast An Khánh – Không cần chờ đợi
✅ Cam kết giao xe ngay, thủ tục nhanh gọn
📊 Thời điểm ""vàng"" để sở hữu xe với mức chi phí tối ưu nhất
⏳ Số lượng xe có hạn – Cơ hội chỉ dành cho khách hàng quyết đoán!

📩 NHẬN BÁO GIÁ LĂN BÁNH & BẢNG VAY CHI TIẾT:
Chỉ cần Inbox hoặc để lại SĐT, Mr. Việt Anh sẽ tư vấn chi tiết từ A-Z về xe, trả góp và hỗ trợ hồ sơ duyệt nhanh nhất!

🏢 VinFast An Khánh
📍 Địa chỉ: Km 8+400 Đại lộ Thăng Long, Xã Sơn Đồng, Hà Nội
📞 Hotline hỗ trợ 24/7: *** – Mr. Việt Anh SĐT liên hệ: 092635**** Hiện số"
otodien_B2C,VinFast Limo Green 2025 - 17000 km,620 triệu,620000000,17000.0,2025.0,1,Đã sử dụng,17000.0,Thuê pin,"Limo Green màu đen sx cuối 2025 đăng ký 3/2026 odo 1v7 km
Xe đã dán phim + dán tabpi + thảm đúc + bảo hiểm thân vỏ
Giá: 620tr SĐT liên hệ: 034568**** Hiện số"
otodien_B2C,VinFast VF8 2022 Eco - 70000 km,555 triệu,555000000,70000.0,2022.0,4,Đã sử dụng,17500.0,Thuê pin,"📣 cs mới tặng 1 năm BHTV cho kh cọc xe t6 🔥
Vf8 Mua Pin   chỉ còn 555tr sau khi áp hết cs km t6
VF8 Eco pin SDI 2022  sẵn xe  sẵn hồ sơ
Xe chạy đc 70.000km
địa chỉ: Xuân Phương, Hà Nội SĐT liên hệ: 082623**** Hiện số"
otodien_B2C,VinFast VF8 2026 Eco - 3500 km,820 triệu,820000000,3500.0,2026.0,0,Đã sử dụng,3500.0,Thuê pin,"Vf8 eco 2026 bản xuất mỹ bản 2 máy, 2 cầu, full ADAS.
Odo 3500km 
Xe 1 chủ từ mới, còn nguyên seal
Sơn zin 100%
Giá: 820tr SĐT liên hệ: 091171**** Hiện số"
otodien_B2C,"🚗 VINFAST LIMO GREEN NEW 100% – MPV ĐIỆN 7 CHỖ, RỘNG RÃI, SẴN XE GIAO NGAY",660 triệu,660000000,0.0,2026.0,0,Mới,0.0,Thuê pin,"⚡ VinFast Limo Green là mẫu MPV điện 7 chỗ được phát triển dành cho gia đình và kinh doanh dịch vụ vận tải. Xe sở hữu thiết kế hiện đại, khoang nội thất rộng rãi, vận hành êm ái, tiết kiệm chi phí nhiên liệu và được trang bị nhiều công nghệ an toàn, mang đến trải nghiệm di chuyển thoải mái trên mọi hành trình.

🎁 XE NEW 100% CHÍNH HÃNG

✅ Có sẵn xe, giao nhanh trên toàn quốc.
✅ Hỗ trợ trả góp với thủ tục đơn giản, giải ngân nhanh.
✅ Hỗ trợ đăng ký, đăng kiểm và giao xe tận nơi.
✅ Bảo hành chính hãng theo tiêu chuẩn VinFast.
✅ Cập nhật báo giá và chương trình ưu đãi mới nhất theo từng thời điểm.

✨ Điểm nổi bật của VinFast Limo Green

✔️ Thiết kế MPV 7 chỗ hiện đại, tối ưu không gian cho cả gia đình.
✔️ Động cơ điện vận hành mạnh mẽ, không tiếng ồn, tiết kiệm chi phí sử dụng.
✔️ Nội thất rộng rãi, hàng ghế linh hoạt, phù hợp cho cả nhu cầu gia đình và kinh doanh.
✔️ Trang bị nhiều tính năng an toàn và tiện nghi hiện đại.
✔️ Chi phí vận hành và bảo dưỡng thấp hơn so với xe xăng cùng phân khúc.

📞 Liên hệ ngay để nhận báo giá VinFast Limo Green mới nhất, tư vấn trả góp, tính chi phí lăn bánh và cập nhật chương trình ưu đãi chính hãng. SĐT liên hệ: 076873**** Hiện số"
otodien_B2C,WULING BINGO Max – XE ĐIỆN THÔNG MINH - MỚI! 🔋🔋,499 triệu,499000000,,,0,Đã sử dụng,,Cần xác minh,"👉Nhiều người cứ nghĩ xe phải thật nhiều công nghệ mới là tốt.
👍Nhưng thực tế, xe càng đơn giản thì càng ít lỗi mốt và tuổi thọ lại lâu hơn.
👉Với một chiếc xe điện, điều quan trọng nhất không phải là màn hình to hay tính năng nhiều,
mà là vận hành ổn định, pin khỏe, đi bền bỉ mỗi ngày, ít hỏng vặt, ít lo lắng.
👍Một chiếc xe đi lâu dài, tiết kiệm và an tâm
mới là giá trị thật sự của người sử dụng. 🔋🚗
👉Wuling Bingo với 3 phiên bản để khách hàng dễ dàng lựa chọn theo nhu cầu và tài chính 🚗🔋
💰Bingo 333km Tiêu chuẩn: 399 triệu.
Phù hợp đi lại hằng ngày, tiết kiệm, dễ sở hữu.
💰Bingo 333km Plus: 469 triệu.
Trang bị đầy đủ hơn, trải nghiệm thoải mái hơn.
💰Bingo 410km Max: 499 triệu.
Quãng đường xa hơn, tiện nghi hơn, đi lại cực kỳ an tâm.
Đặc biệt, hiện tại kèm nhiều ưu đãi và quà tặng hấp dẫn 🎁
___________🌟______________
📍 Địa chỉ: Đ. Lý Thái Tổ, Phường Vĩnh Phúc, T. Phú Thọ (Định Trung - Vĩnh Yên cũ)
☎️𝐋𝐢𝐞̂𝐧 𝐡𝐞̣̂ 𝐄𝐦 𝐋𝐨𝐚𝐧: 𝟎𝟗𝟔𝟔 𝟐𝟒𝟏 𝟑𝟒𝟏 
👍XE TỐT - GIÁ TỐT - PHỤC VỤ TẬN TÂM SĐT liên hệ: 036257**** Hiện số"
otodien_B2C,"🚗 VINFAST VF 6 NEW 100% – GIÁ TỐT, SẴN XE GIAO NGAY, HỖ TRỢ TRẢ GÓP ĐẾN 80%",646 triệu,646000000,0.0,2026.0,0,Mới,0.0,Thuê pin,"⚡ VinFast VF 6 là mẫu SUV điện hạng B nổi bật với thiết kế trẻ trung, hiện đại, không gian nội thất rộng rãi cùng nhiều công nghệ thông minh. Xe sử dụng pin 59,6 kWh, có quãng đường di chuyển lên đến 485 km/lần sạc (theo tiêu chuẩn NEDC, phiên bản Eco), phù hợp cho cả nhu cầu đi lại hằng ngày và những chuyến đi xa.

🎁 XE NEW 100% CHÍNH HÃNG

✅ Có sẵn nhiều phiên bản và màu sắc.
✅ Hỗ trợ trả góp với thủ tục nhanh chóng.
✅ Hỗ trợ đăng ký, đăng kiểm và giao xe trên toàn quốc.
✅ Bảo hành chính hãng và dịch vụ hậu mãi theo chính sách hiện hành của VinFast.
✅ Cập nhật báo giá lăn bánh và chương trình ưu đãi mới nhất tại thời điểm nhận xe.

✨ Điểm nổi bật của VinFast VF 6

✔️ Thiết kế SUV hiện đại, cá tính, phù hợp di chuyển trong đô thị và đường trường.
✔️ Màn hình cảm ứng trung tâm cỡ lớn, nhiều tính năng kết nối thông minh.
✔️ Động cơ điện mạnh mẽ, vận hành êm ái và tiết kiệm chi phí sử dụng.
✔️ Trang bị nhiều công nghệ hỗ trợ lái và hệ thống an toàn tiên tiến.
✔️ Không gian nội thất rộng rãi, đáp ứng tốt nhu cầu của gia đình trẻ.

📞 Liên hệ ngay để nhận báo giá VinFast VF 6 mới nhất, tư vấn phiên bản phù hợp, tính chi phí lăn bánh và cập nhật chương trình ưu đãi chính hãng hiện hành. SĐT liên hệ: 076873**** Hiện số"
otodien_B2C,"🚗 VINFAST VF 6 NEW 100% – SUV ĐIỆN THỜI THƯỢNG, SẴN XE GIAO NGAY",646 triệu,646000000,0.0,2026.0,0,Mới,0.0,Thuê pin,"⚡ VinFast VF 6 là mẫu SUV điện hạng B nổi bật với thiết kế trẻ trung, hiện đại, không gian nội thất rộng rãi cùng nhiều công nghệ thông minh. Xe sử dụng pin 59,6 kWh, có quãng đường di chuyển lên đến 485 km/lần sạc (theo tiêu chuẩn NEDC, phiên bản Eco), phù hợp cho cả nhu cầu đi lại hằng ngày và những chuyến đi xa.

🎁 XE NEW 100% CHÍNH HÃNG

✅ Có sẵn nhiều phiên bản và màu sắc.
✅ Hỗ trợ trả góp với thủ tục nhanh chóng.
✅ Hỗ trợ đăng ký, đăng kiểm và giao xe trên toàn quốc.
✅ Bảo hành chính hãng và dịch vụ hậu mãi theo chính sách hiện hành của VinFast.
✅ Cập nhật báo giá lăn bánh và chương trình ưu đãi mới nhất tại thời điểm nhận xe.

✨ Điểm nổi bật của VinFast VF 6

✔️ Thiết kế SUV hiện đại, cá tính, phù hợp di chuyển trong đô thị và đường trường.
✔️ Màn hình cảm ứng trung tâm cỡ lớn, nhiều tính năng kết nối thông minh.
✔️ Động cơ điện mạnh mẽ, vận hành êm ái và tiết kiệm chi phí sử dụng.
✔️ Trang bị nhiều công nghệ hỗ trợ lái và hệ thống an toàn tiên tiến.
✔️ Không gian nội thất rộng rãi, đáp ứng tốt nhu cầu của gia đình trẻ.

📞 Liên hệ ngay để nhận báo giá VinFast VF 6 mới nhất, tư vấn phiên bản phù hợp, tính chi phí lăn bánh và cập nhật chương trình ưu đãi chính hãng hiện hành. SĐT liên hệ: 076873**** Hiện số"
otodien_B2C,VinFast VF6 2024 Eco - 20000 km,555 triệu,555000000,20000.0,2024.0,2,Đã sử dụng,10000.0,Thuê pin,"Vf6 eco 2024 odo hơn 2v km, xe không dịch vụ, sạc không giới hạn, lên đèn gầm. Xe sẵn cửa hàng.

Giá: 555tr SĐT liên hệ: 034568**** Hiện số"
